node_id,lon,lat,city
0,30.5642294,50.3994532,
1,30.4712052,50.5644254,
2,30.5513079,50.4013682,
3,30.5465881,50.4019705,
4,30.36652,50.4243965,
5,30.3674062,50.4246299,
6,30.460145,50.4255493,
7,35.5237052,50.1614564,
8,34.9961145,47.8915589,
9,34.9989708,47.8915062,
10,35.0069263,47.8898488,
11,34.9785147,47.8980638,
12,34.9773603,47.9012129,
13,34.9747571,47.9086856,
14,34.9742948,47.9100566,
15,34.974177,47.9104114,
16,34.973726,47.9117777,
17,34.9724033,47.9158281,
18,34.9715529,47.918867,
19,34.9714571,47.9192093,
20,34.9706122,47.9222408,
21,34.9699911,47.948678,
22,34.9702495,47.9495557,
23,34.970381,47.9500353,
24,34.9708288,47.9515465,
25,34.9733233,47.9601162,
26,34.9742407,47.9631882,
27,34.9764311,47.9705049,
28,34.9771824,47.9730144,
29,34.9773396,47.9735588,
30,34.9782524,47.9767193,
31,34.9799545,47.9939098,
32,34.976928,47.9972195,
33,34.9612507,48.014009,
34,34.9584373,48.0169771,
35,34.9536453,48.0220349,
36,34.9503054,48.0257482,
37,34.9444851,48.0331416,
38,34.9426344,48.0354742,
39,34.9298648,48.0550432,
40,34.9294523,48.0572423,
41,34.9290557,48.0592599,
42,34.9279143,48.0654746,
43,34.9285147,48.076032,
44,34.9288121,48.0788689,
45,35.0114181,47.8670588,
46,35.0119613,47.867301,
47,35.0360087,47.8166688,
48,35.1826802,47.7867319,
49,35.064406,48.4240319,
50,35.0643606,48.424198,
51,35.2788334,48.7806659,
52,35.2772536,48.7726068,
53,35.22327,48.6885793,
54,35.2257779,48.6917,
55,35.0341769,48.5269135,
56,30.6226951,46.4415102,
57,30.6140909,46.4861054,
58,30.7878056,46.5648439,
59,30.7906746,46.5653865,
60,30.7174703,46.4963939,
61,30.7241678,46.4737668,
62,30.7248044,46.473412,
63,30.7408978,46.4694581,
64,30.741119,46.4710755,
65,30.4580019,50.3700054,
66,30.4559896,50.3686937,
67,30.4589256,50.3705746,
68,30.1586685,49.8474585,
69,30.1952768,49.6969253,
70,30.256256,48.328706,
71,30.2574114,48.324356,
72,30.2583048,48.3210967,
73,30.2589719,48.3187388,
74,30.2591343,48.3180684,
75,30.2599093,48.3151629,
76,30.2753566,48.2586825,
77,30.2759065,48.2566423,
78,30.2760364,48.2561605,
79,30.2770431,48.2524564,
80,30.284008,48.2270223,
81,30.3026034,48.1418464,
82,30.3016734,48.1332945,
83,30.3016205,48.132606,
84,30.301209,48.1285391,
85,30.2996865,48.113751,
86,30.2994502,48.1098448,
87,30.296789,48.084179,
88,30.2967218,48.0835273,
89,30.2942989,48.0596415,
90,30.2792006,47.7421745,
91,30.2787015,47.7415433,
92,30.2638441,47.7812912,
93,30.2653389,47.777429,
94,30.2717358,47.7611247,
95,30.2732301,47.7571997,
96,30.8124479,46.6024669,
97,31.9761012,46.9780019,
98,32.7199243,46.6727638,
99,30.4522472,46.0633111,
100,30.3187824,46.1822667,
101,31.1561716,51.0650259,
102,31.1810754,51.1516071,
103,31.2142421,51.2097517,
104,31.2509701,51.5609353,
105,31.2829304,51.3581134,
106,31.2768683,51.3549265,
107,31.2757013,51.4870084,
108,31.2766933,51.4874111,
109,30.8308794,50.4898647,
110,30.8250419,50.482912,
111,30.8303499,50.4787171,
112,23.9907502,49.8346504,
113,24.0256044,49.8444049,
114,35.0236804,48.4246433,
115,30.6303924,50.4600957,
116,30.631721,50.4613008,
117,30.6070181,50.4951487,
118,30.6079965,50.4942841,
119,30.5900073,50.4940861,
120,30.5912899,50.4952227,
121,30.5873719,50.4952357,
122,30.5898996,50.4939899,
123,30.5716921,50.4242753,
124,30.5697984,50.4244532,
125,30.5645324,50.3995438,
126,30.5516646,50.4024467,
127,30.523154,50.4133527,
128,30.5248717,50.4140873,
129,30.5256657,50.4633504,
130,30.5210585,50.4428331,
131,30.520463,50.4425805,
132,30.4818218,50.4487302,
133,30.4826112,50.4483223,
134,30.4821261,50.4476475,
135,30.4825902,50.4486029,
136,30.5035931,50.488833,
137,30.5036441,50.4890167,
138,30.5000658,50.4899668,
139,30.4798727,50.4877718,
140,30.4632022,50.424147,
141,30.4598188,50.4257777,
142,30.4582021,50.4275464,
143,30.4580669,50.4275193,
144,30.459073,50.425442,
145,30.4588643,50.423612,
146,30.4596572,50.4247093,
147,30.4463725,50.4543741,
148,30.4448257,50.4517524,
149,30.472361,50.5668989,
150,30.4711977,50.5671385,
151,30.4707615,50.5663245,
152,30.4722476,50.5671861,
153,30.450135,50.5933982,
154,30.4499735,50.5950801,
155,30.4490974,50.5927189,
156,30.44964,50.5930396,
157,30.4497259,50.5212772,
158,30.4494509,50.5210519,
159,30.4203973,50.3989763,
160,30.4191376,50.3983153,
161,30.5236477,50.4094462,
162,30.6004659,50.4526569,
163,30.600099,50.4531247,
164,30.5960897,50.4520596,
165,30.5960558,50.4514342,
166,30.625082,50.4424862,
167,30.6251776,50.4419762,
168,30.6238847,50.4418697,
169,30.6285333,50.4402581,
170,30.6263326,50.4429593,
171,30.6003163,50.394251,
172,30.6006504,50.393709,
173,30.6003377,50.3945134,
174,30.6007642,50.3935439,
175,30.6037313,50.3941297,
176,30.4216633,50.3978007,
177,30.4211316,50.397017,
178,30.5934617,50.495228,
179,30.5934997,50.495521,
180,30.585983,50.4952432,
181,30.5859403,50.4955866,
182,30.5830414,50.4955675,
183,30.5831132,50.4953001,
184,30.5689962,50.4218149,
185,30.5702358,50.4232933,
186,30.6862467,50.4023444,
187,30.6847657,50.402828,
188,30.5441711,50.4228044,
189,30.5439453,50.422691,
190,30.525936,50.4123829,
191,30.5247802,50.4590972,
192,30.4815591,50.4464262,
193,31.2500275,51.5604662,
194,30.5261347,50.4597822,
195,30.4819627,50.4471922,
196,30.4833252,50.4482061,
197,30.4946321,50.4459628,
198,30.4950213,50.4462878,
199,30.4580516,50.4240172,
200,30.6337414,50.4549237,
201,30.7408402,46.4683343,
202,30.5597223,50.4414431,
203,30.560692,50.4402216,
204,30.5601153,50.4406629,
205,30.4397333,50.4432392,
206,30.4423975,50.443136,
207,30.4436857,50.4439739,
208,30.4435367,50.4415992,
209,30.4439265,50.4442871,
210,30.4432604,50.4440969,
211,30.4848373,50.4462936,
212,30.4817365,50.4465742,
213,30.4233726,50.3960132,
214,30.4202439,50.398427,
215,30.5570459,50.4433296,
216,36.2315674,47.9705743,
217,31.1634831,51.0673315,
218,22.3350827,48.576361,
219,22.3327997,48.6299953,
220,22.3324999,48.6306967,
221,22.3328745,48.6314079,
222,22.5765999,48.1658824,
223,26.5178171,50.6030428,
224,25.4009427,50.7462962,
225,25.4006981,50.7457732,
226,30.5183834,50.4054255,
227,30.5219963,50.4057465,
228,24.0633888,49.8747367,
229,24.0626485,49.8760813,
230,30.4925973,50.4452081,
231,30.4171885,50.396358,
232,30.4195668,50.3974467,
233,30.420904,50.3975303,
234,30.4207706,50.398399,
235,30.4223471,50.3980647,
236,30.5460304,50.4188641,
237,30.5456878,50.4190444,
238,30.5452326,50.4184508,
239,30.5475183,50.4199615,
240,30.548956,50.4209284,
241,30.5490859,50.4204536,
242,30.4861972,50.4461078,
243,30.4798963,50.4488657,
244,30.4820057,50.4476721,
245,30.4821488,50.4480532,
246,30.249804,48.7234419,
247,30.2584185,48.7220269,
248,30.2584559,48.7220874,
249,30.252764,48.7229957,
250,30.2524662,48.7192151,
251,30.2510734,48.7146427,
252,30.244169,48.6930544,
253,30.2547591,48.7227101,
254,30.6267535,50.4424606,
255,30.6254174,50.4427948,
256,30.6264137,50.4418565,
257,30.4436038,50.4443985,
258,30.4430605,50.4446268,
259,30.684954,50.4023908,
260,30.2734526,48.7192771,
261,32.3139861,48.5461556,
262,30.8337827,50.5664847,
263,30.8347105,50.5657609,
264,30.8273909,50.5712777,
265,30.8253033,50.5683881,
266,30.8306562,50.4810935,
267,30.8309849,50.4888285,
268,30.7409287,50.4913756,
269,32.3114631,48.5460736,
270,32.3102171,48.5462355,
271,32.3130943,48.5457789,
272,32.3070725,48.542891,
273,32.3086827,48.5435885,
274,32.3117569,48.5458833,
275,32.3095983,48.5441306,
276,32.308266,48.5441396,
277,32.3079315,48.5443584,
278,32.308139,48.5440937,
279,32.308602,48.5436659,
280,32.308139,48.5465556,
281,32.3082602,48.545323,
282,32.2517264,48.9807894,
283,22.2743612,48.5804552,
284,22.2742383,48.5797188,
285,22.6843724,48.4515326,
286,22.6858167,48.451155,
287,30.8970534,50.3673045,
288,30.9003042,50.3706865,
289,31.0177683,50.3226242,
290,28.0210759,49.3601074,
291,26.9616464,49.3612541,
292,26.9616744,49.3606248,
293,26.9605196,49.3609241,
294,30.4601518,50.4255317,
295,30.4528517,50.5202682,
296,30.4533625,50.5200119,
297,30.4732764,50.4888247,
298,30.3596107,50.4554851,
299,26.3522677,49.5147522,
300,26.3507243,49.5150335,
301,24.7688816,51.1950529,
302,24.7694929,51.1954799,
303,24.7654974,51.1942174,
304,24.7651006,51.1952687,
305,24.7635755,51.1948926,
306,24.7698876,51.1957636,
307,24.7686973,51.1957355,
308,24.7693253,51.1928978,
309,24.6110805,49.3983224,
310,24.6111368,49.398686,
311,24.0144877,49.7656302,
312,24.0195252,49.7687664,
313,24.0131568,49.7691616,
314,24.0141954,49.7697344,
315,24.0140993,49.7722564,
316,24.0099375,49.7693793,
317,24.0144112,49.7697337,
318,24.0155049,49.7690094,
319,24.014231,49.7685514,
320,24.0091605,49.769431,
321,24.0142844,49.7656615,
322,22.6857913,48.451486,
323,22.8874585,48.5322219,
324,24.6970922,51.2321781,
325,24.1383061,49.8964014,
326,25.2058991,50.1177775,
327,26.1529495,50.5850036,
328,26.1535217,50.5902118,
329,26.1451224,50.5856937,
330,33.8713556,49.6708867,
331,34.5255774,49.5599699,
332,30.480495,50.4883434,
333,30.4874639,50.489041,
334,30.2170749,50.5551492,
335,35.7539713,49.9050958,
336,36.1295268,49.9604881,
337,36.1344843,49.963753,
338,36.1296311,49.9667656,
339,36.1255678,49.9629274,
340,36.1292158,49.9634903,
341,36.1298904,49.9641155,
342,36.1306012,49.9636188,
343,36.1301608,49.9633872,
344,36.1298382,49.9629405,
345,36.1298127,49.9627209,
346,36.1287904,49.9632693,
347,36.4331775,49.9341865,
348,36.434068,49.9346093,
349,36.434472,49.9337601,
350,36.4347355,49.9336142,
351,36.4333442,49.9334634,
352,36.4378122,49.9326675,
353,36.4352678,49.9368551,
354,36.4352273,49.9367645,
355,36.4292341,49.935431,
356,36.525625,49.8940906,
357,36.5331979,49.8925617,
358,36.5364001,49.8918743,
359,36.6823448,49.8432228,
360,36.8217933,49.7320634,
361,37.2807071,49.1544125,
362,28.4760481,49.2848091,
363,28.4763263,49.2843345,
364,26.6219742,51.3169688,
365,26.6221372,51.316668,
366,30.5631451,50.4001633,
367,30.5596537,50.398949,
368,30.5639954,50.4032329,
369,30.5658717,50.4238238,
370,30.5672237,50.4231263,
371,30.6072331,50.4546031,
372,30.5645234,50.4035166,
373,30.5632246,50.3997291,
374,30.5518137,50.4024,
375,30.5240616,50.3409675,
376,30.5300198,50.3418265,
377,30.539598,50.3416932,
378,30.5419899,50.3388837,
379,30.5512952,50.3421275,
380,30.5537854,50.34086,
381,30.5473383,50.3430849,
382,30.5501273,50.3421489,
383,30.5556974,50.3366737,
384,30.554558,50.3386216,
385,30.530036,50.3422026,
386,30.5336106,50.3418031,
387,30.5336388,50.3421742,
388,30.3594978,50.4556204,
389,30.3568323,50.4576859,
390,30.3550992,50.4553325,
391,30.3568524,50.4561262,
392,30.3570895,50.456106,
393,30.357955,50.4555105,
394,30.3580034,50.4553656,
395,30.35735,50.45435,
396,30.3570544,50.454881,
397,30.3549774,50.4551785,
398,30.3537886,50.4550998,
399,30.357243,50.4533611,
400,30.3575186,50.4532163,
401,30.3535097,50.4552159,
402,30.3829903,50.4131173,
403,30.3825406,50.4129341,
404,30.3807187,50.4140384,
405,30.3811875,50.4142402,
406,30.3742712,50.4185782,
407,30.3738524,50.4183796,
408,30.3712662,50.4199705,
409,30.3716686,50.4201753,
410,30.3601639,50.4333992,
411,30.3607515,50.4334826,
412,30.4035576,50.4026309,
413,30.3954164,50.4057634,
414,30.3939635,50.4063472,
415,30.5487075,50.3418991,
416,30.822807,49.8657108,
417,30.8227439,49.8654394,
418,31.8522478,49.2276678,
419,31.8515712,49.2277897,
420,31.2359983,49.4258427,
421,24.0228514,49.8432638,
422,23.8956543,49.8722112,
423,23.8979129,49.8723872,
424,23.8978791,49.8731929,
425,23.898922,49.8702143,
426,23.9032128,49.8735366,
427,24.0353452,49.8388131,
428,25.9179897,48.3148284,
429,25.9187936,48.3143279,
430,25.9359935,48.2870076,
431,25.9377636,48.2968032,
432,25.9365391,48.2975317,
433,25.9368087,48.2945621,
434,25.9378733,48.2963554,
435,25.9384734,48.2962858,
436,25.9270474,48.2681704,
437,25.9275029,48.2686086,
438,25.9313112,48.2523748,
439,25.9309244,48.2524814,
440,23.9099327,49.9183746,
441,23.8911793,49.8738698,
442,23.8893353,49.8761855,
443,23.8900438,49.8741128,
444,23.8905484,49.8724933,
445,23.8941936,49.872517,
446,23.8988231,49.8691637,
447,35.1818628,47.8123869,
448,35.1449447,47.8358591,
449,35.0070565,47.8899574,
450,34.9989659,47.8916476,
451,34.9960708,47.8916999,
452,30.5226322,50.4407684,
453,30.5249245,50.4386302,
454,30.5254789,50.438591,
455,30.5247731,50.4386855,
456,35.0936039,47.8485447,
457,35.0999481,47.8508448,
458,35.1653881,47.8260765,
459,35.1836792,47.8031259,
460,35.1843921,47.803079,
461,35.1840768,47.8025923,
462,35.1851982,47.802285,
463,30.5225798,50.4409549,
464,25.956303,48.2883267,
465,25.9651256,48.2928118,
466,25.9637544,48.2943722,
467,25.9663961,48.2922923,
468,25.9663848,48.2919225,
469,25.9669381,48.2916901,
470,25.9670694,48.2919853,
471,25.9601823,48.3001599,
472,25.959286,48.3020758,
473,25.9635705,48.2943286,
474,25.959447,48.3163816,
475,25.958636,48.3044671,
476,25.9590793,48.3020455,
477,25.9603859,48.323227,
478,25.9603713,48.3227162,
479,25.9187697,48.3134039,
480,25.9195664,48.3142935,
481,25.9591663,48.3229981,
482,25.9358249,48.2958741,
483,25.9362483,48.2958525,
484,26.0145918,48.300856,
485,26.0150951,48.3003359,
486,26.0138353,48.2995713,
487,26.0153222,48.3000461,
488,26.0153796,48.3006187,
489,30.6806129,50.4025899,
490,30.6813813,50.4021821,
491,35.9911459,49.9723195,
492,35.9930744,49.9707869,
493,36.3536642,49.9594089,
494,36.3567582,49.9584735,
495,36.2627069,49.9907359,
496,36.2643226,49.990185,
497,36.3538845,49.9598071,
498,36.3007404,49.9727467,
499,36.3001139,49.9728746,
500,36.2382155,49.9837959,
501,36.2378276,49.9836529,
502,30.4763178,50.4877125,
503,30.4763473,50.4882739,
504,36.1977461,50.037801,
505,35.9942859,49.9714605,
506,35.8387043,49.7504606,
507,35.8377403,49.750593,
508,35.8433612,49.7514875,
509,35.8386938,49.7510767,
510,35.8366855,49.7509612,
511,35.8341261,49.7508349,
512,30.4410999,50.4437869,
513,36.3065454,49.9705045,
514,36.3069231,49.9698528,
515,36.2224873,50.0281546,
516,36.2700685,50.0021099,
517,36.2895515,49.8881458,
518,36.2900926,49.8871328,
519,36.2903722,49.8866155,
520,36.2146702,49.9837414,
521,36.1905847,49.9714624,
522,30.2320793,50.3903665,
523,36.3087969,49.9687192,
524,36.3079408,49.9691255,
525,36.3088365,49.9719135,
526,36.3079971,49.9716533,
527,34.9294383,48.0563555,
528,34.9259553,48.053832,
529,24.0627506,49.8780381,
530,24.06152,49.8743807,
531,36.1270928,49.9777933,
532,36.123003,49.9752413,
533,36.1222484,49.9753033,
534,36.122213,49.9747588,
535,24.3133801,50.8464733,
536,23.9591397,50.0561055,
537,24.0179984,49.8019212,
538,24.0527404,49.8652336,
539,24.0520363,49.865003,
540,24.0250626,49.8499912,
541,24.1052445,49.7696062,
542,24.0615955,49.8075276,
543,24.0615616,49.8069033,
544,24.0622002,49.8059267,
545,24.0622715,49.8064068,
546,36.2377945,49.9839929,
547,23.9843772,49.8123275,
548,23.9837999,49.8123993,
549,36.2725565,49.9983476,
550,25.9220039,48.3158902,
551,23.8905746,49.8739901,
552,23.8894823,49.8768678,
553,23.8851863,49.8750824,
554,36.2534735,49.9764548,
555,36.4080719,50.0100842,
556,36.234462,49.9884571,
557,25.9276053,48.269633,
558,25.9270954,48.2691559,
559,25.9303632,48.2530921,
560,25.9305632,48.2524398,
561,25.9309114,48.2523074,
562,26.1845018,48.2525372,
563,26.184449,48.2533725,
564,26.1822425,48.2536187,
565,26.1835589,48.2528882,
566,26.016071,48.2995272,
567,36.2786508,49.9862206,
568,36.2733416,50.1007751,
569,36.2695664,50.1043922,
570,30.4872649,50.4891647,
571,30.6253071,50.441883,
572,26.015099,48.3002786,
573,36.1616746,49.9740146,
574,36.1582684,49.9733166,
575,36.1363987,49.9735886,
576,36.132628,49.9744442,
577,36.1318019,49.9745062,
578,36.127649,49.9748693,
579,36.1265695,49.974949,
580,36.1188768,49.9749783,
581,36.1325484,49.9739105,
582,28.6737377,51.109292,
583,28.9845398,51.5159855,
584,25.8229793,48.3535668,
585,25.8224784,48.3535928,
586,26.8627813,48.8953058,
587,26.8626561,48.895802,
588,26.8248244,48.8713432,
589,26.4849158,48.5343287,
590,26.484472,48.534749,
591,25.7096218,48.7893286,
592,25.491859,48.675586,
593,25.7270173,48.8500171,
594,36.2582887,50.0265094,
595,24.1586128,49.8177014,
596,26.4519802,48.4463174,
597,30.4816248,50.4462914,
598,24.9357424,48.915413,
599,24.9368625,48.9149614,
600,30.86457,50.3777147,
601,30.8655638,50.3772408,
602,30.866179,50.377194,
603,31.156573,51.0658955,
604,31.1578269,51.0699839,
605,31.1545056,51.0663256,
606,26.8348826,48.4296748,
607,31.9559687,46.9912116,
608,31.9541692,46.9917514,
609,25.9177783,48.310863,
610,25.9176348,48.3103497,
611,25.9182587,48.3095629,
612,30.6152565,46.4866141,
613,30.6152677,46.4862941,
614,30.6153386,46.4864847,
615,25.9619696,48.3230891,
616,25.9628246,48.3236859,
617,30.7440586,46.560067,
618,30.7070934,46.4765841,
619,30.7072196,46.4758305,
620,30.7083857,46.4843849,
621,30.7056489,46.4771355,
622,30.7055603,46.4777054,
623,30.7041824,46.4773748,
624,30.7062116,46.4780806,
625,30.7073346,46.4788378,
626,30.7069598,46.4778433,
627,30.703626,46.4773714,
628,30.7047894,46.4767643,
629,30.7056868,46.4771263,
630,35.2503996,47.7383105,
631,35.0949895,47.8629918,
632,30.6068142,50.4556307,
633,30.6077262,50.4557791,
634,30.6159922,46.486201,
635,30.6830277,46.4669267,
636,30.614615,46.4863498,
637,30.6147381,46.4862407,
638,30.6221335,46.5147103,
639,30.6148859,46.5159443,
640,30.6212997,46.5152989,
641,30.6218994,46.5205667,
642,30.6161445,46.5208726,
643,30.6157513,46.5209905,
644,30.6150598,46.5162285,
645,30.6192599,46.5186717,
646,30.6190933,46.5178576,
647,30.6178748,46.5179854,
648,30.6180647,46.518647,
649,30.5157288,50.4025373,
650,30.5162931,50.4031754,
651,30.5192939,50.4070641,
652,30.6313809,50.4526273,
653,30.6319625,50.4520322,
654,30.6328966,50.4550611,
655,37.2900549,49.2079844,
656,30.618892,46.5177707,
657,30.618028,46.5179003,
658,24.9717982,48.559472,
659,24.9709181,48.5604588,
660,25.3004712,50.745594,
661,25.2996642,50.7441249,
662,25.2990485,50.7434633,
663,25.299426,50.7433995,
664,26.157461,50.5922586,
665,30.5528841,50.3459449,
666,30.5495283,50.3648462,
667,30.5495967,50.3666468,
668,30.5519177,50.3489965,
669,36.134197,49.9637279,
670,32.3097327,48.5451876,
671,25.9196313,48.3144068,
672,25.9192666,48.3147429,
673,25.9191463,48.3147451,
674,25.918832,48.3142838,
675,25.7683823,49.003063,
676,25.8242534,48.3529843,
677,30.8288582,50.5731478,
678,30.4685203,50.5670124,
679,28.5792584,49.89516,
680,28.5752857,49.8983683,
681,26.0383347,48.2860968,
682,26.0386221,48.2874206,
683,26.0038049,48.266377,
684,30.4943519,50.4466769,
685,30.4940507,50.4467355,
686,30.7240324,46.4258732,
687,30.7284421,46.4294639,
688,30.7282733,46.4293308,
689,35.0276756,48.3323333,
690,30.7229935,46.3989818,
691,30.7230493,46.3987382,
692,30.3766492,50.4166421,
693,30.4448898,50.379867,
694,30.4457244,50.3792465,
695,30.5227017,50.5859042,
696,30.6082617,50.4549993,
697,30.6075164,50.4552701,
698,30.6066099,50.4571371,
699,30.6056745,50.4567952,
700,30.8635786,50.37756,
701,30.862449,50.3767313,
702,28.4867413,49.2354071,
703,30.4808021,50.4882356,
704,30.4781481,50.4877749,
705,28.8138731,50.2865363,
706,30.4729703,50.5672169,
707,30.4501649,50.5933165,
708,30.4944939,50.5809702,
709,30.4940838,50.5807749,
710,29.901314,50.9196836,
711,29.8988404,50.9214348,
712,29.8815871,50.9510567,
713,29.8801711,50.9512622,
714,29.8810196,50.950547,
715,29.8819287,50.9500091,
716,29.8822568,50.950064,
717,29.8827334,50.9505743,
718,29.8827077,50.9506819,
719,29.8818958,50.9510883,
720,29.8812388,50.9501875,
721,29.8810346,50.9493535,
722,29.8834234,50.9499835,
723,29.8833197,50.9513629,
724,28.4651786,49.2386517,
725,35.051676,48.4700417,
726,30.4485882,46.0637261,
727,30.4493453,46.063423,
728,30.4569089,46.0671945,
729,30.475973,46.0838389,
730,30.4755347,46.0833722,
731,30.4756619,46.0833217,
732,30.4542345,46.2572583,
733,30.4548859,46.257227,
734,30.4549237,46.2579628,
735,35.0496626,48.4629054,
736,35.0524845,48.4650999,
737,35.0522183,48.4648443,
738,30.4589975,50.3697195,
739,30.4590989,50.3704466,
740,30.4580257,50.3706157,
741,30.4609304,50.3716512,
742,30.1845198,49.8160471,
743,30.1772757,49.8227299,
744,30.1583594,49.8435519,
745,30.4925434,50.3530574,
746,30.4610456,50.3719274,
747,30.4544589,50.3733491,
748,30.4560684,50.3685873,
749,30.4623995,50.3671733,
750,30.7085142,46.483224,
751,29.8815076,50.1073025,
752,29.9541299,50.0670551,
753,30.2378423,50.1421511,
754,30.2393769,50.1427067,
755,30.2366494,50.1419758,
756,35.0351979,48.374588,
757,35.0337131,48.3723561,
758,34.9960442,48.4386011,
759,24.0143163,49.7726143,
760,24.0144452,49.7685283,
761,24.0142554,49.7742168,
762,24.0152853,49.7410215,
763,35.0508889,48.4616681,
764,35.0513205,48.4620225,
765,23.0018826,47.9985613,
766,28.9193731,50.2893598,
767,28.927816,50.2908325,
768,34.9877275,48.4767813,
769,34.9953367,48.4753076,
770,35.0244124,48.4740453,
771,35.0242883,48.4737921,
772,30.863596,50.6175971,
773,30.8635018,50.6177531,
774,30.8596813,50.6127952,
775,30.8597436,50.6126204,
776,31.188735,51.4710951,
777,31.1893587,51.4713009,
778,30.365463,50.4268933,
779,30.367355,50.4237974,
780,30.3665753,50.4232568,
781,30.3675901,50.4246776,
782,30.3684796,50.4244253,
783,30.3684449,50.4244921,
784,30.367799,50.4247283,
785,30.3660868,50.4241642,
786,35.2401472,47.8490142,
787,35.2403198,47.8490193,
788,34.9612755,48.4918336,
789,34.9605045,48.4905369,
790,35.0882435,48.4080798,
791,35.1035554,48.4125152,
792,35.0882999,48.4084428,
793,35.0876563,48.4078913,
794,35.0858257,48.4079174,
795,35.0891106,48.4074103,
796,35.0863667,48.4100764,
797,35.0842437,48.4084189,
798,35.0823575,48.4114967,
799,30.7135362,46.4644445,
800,30.7132492,46.4643138,
801,30.7065881,46.4648479,
802,30.2779694,50.4500774,
803,30.4944579,50.4463717,
804,30.5498079,50.420828,
805,30.6287393,50.4619718,
806,30.4982184,50.4890867,
807,31.91783,49.3232223,
808,31.910504,49.2992073,
809,31.9105226,49.2972406,
810,33.7502852,48.4176156,
811,33.7509875,48.417108,
812,33.7527359,48.4158614,
813,34.8221686,48.397536,
814,34.8194166,48.3971825,
815,34.8127994,48.3994733,
816,34.9391864,48.4256032,
817,34.9396683,48.4265502,
818,33.8811148,51.7197957,
819,33.8816871,51.7197069,
820,33.8825735,51.7210328,
821,33.9099568,51.6783568,
822,34.445678,47.6218778,
823,34.4448984,47.6221549,
824,30.4631019,50.4240681,
825,27.0290058,49.4549087,
826,27.0302301,49.4548591,
827,27.0424286,49.4659955,
828,27.0517985,49.4714841,
829,30.166094,51.2772324,
830,30.1654892,51.277098,
831,30.1660359,51.2768084,
832,26.9623047,49.3622974,
833,26.9627372,49.3597967,
834,26.9621248,49.3604031,
835,26.9629232,49.3604138,
836,35.0609189,48.5378831,
837,35.0599279,48.5381067,
838,35.062719,48.5385692,
839,33.8807694,51.3428186,
840,33.8773755,51.3431872,
841,33.8743217,51.3431341,
842,33.869067,51.3430903,
843,33.8640731,51.3429545,
844,33.8809464,51.33349,
845,33.8809486,51.3333961,
846,33.8863423,51.3334522,
847,33.8778604,51.3334386,
848,33.8746827,51.3333622,
849,33.8745414,51.3333336,
850,34.8325258,50.9162494,
851,34.8274777,50.9140025,
852,34.8335283,50.9171743,
853,34.8330087,50.9167043,
854,34.826151,50.9131362,
855,34.8244138,50.9110728,
856,34.8256248,50.9119112,
857,34.826697,50.9129212,
858,34.8216409,50.9083954,
859,34.8205161,50.9076574,
860,34.8195048,50.9066826,
861,34.8189703,50.9057915,
862,34.7708181,50.9146085,
863,34.7720156,50.9144842,
864,33.5183858,50.7334062,
865,33.5182242,50.7340075,
866,33.5188329,50.7345432,
867,33.5179226,50.7343325,
868,33.516283,50.7344959,
869,33.5175222,50.7339949,
870,33.5177876,50.7343293,
871,33.5177653,50.7338623,
872,33.5182496,50.7340946,
873,35.0910404,48.369615,
874,35.0907953,48.3696928,
875,35.0905827,48.3691545,
876,34.7514826,50.9288051,
877,34.7348481,50.9372042,
878,32.1129907,49.6556308,
879,32.1132429,49.6555478,
880,30.5443578,50.2616667,
881,30.5431453,50.259039,
882,30.8487647,48.0512516,
883,31.3164705,47.6020417,
884,31.3436718,47.5569704,
885,36.1533323,49.8930359,
886,36.1529929,49.8937041,
887,24.5688074,48.6334592,
888,24.5685815,48.6333318,
889,24.7071758,48.8465603,
890,24.706241,48.8470432,
891,24.7059892,48.8464383,
892,24.7050206,48.8472525,
893,24.70397,48.847131,
894,24.7047861,48.8467056,
895,24.7061802,48.8471172,
896,24.7059674,48.8478996,
897,24.7051794,48.8473186,
898,24.8515464,48.8841909,
899,24.8516096,48.884131,
900,24.8522189,48.8840619,
901,24.8522825,48.88409,
902,24.8523411,48.8845105,
903,24.8517153,48.884579,
904,24.8507833,48.8847124,
905,24.8517638,48.8833281,
906,30.1990061,51.2894254,
907,24.2067928,48.0568438,
908,25.0238327,48.5265839,
909,25.0241732,48.5262322,
910,25.0244477,48.5264039,
911,25.4835593,48.6817931,
912,25.4837284,48.681388,
913,25.4842472,48.6816535,
914,25.4842997,48.6807584,
915,25.4926687,48.6758887,
916,25.4839821,48.682518,
917,25.4948812,48.6673027,
918,30.7108167,46.4056253,
919,30.7101633,46.4056548,
920,30.7100366,46.4049627,
921,30.7105857,46.4048858,
922,30.708621,46.3973663,
923,30.7081055,46.3977683,
924,30.6823107,46.4572152,
925,30.6550757,46.4508225,
926,30.6536536,46.4504781,
927,30.6535916,46.450949,
928,30.6550573,46.4509372,
929,30.6513244,46.4505882,
930,30.6526914,46.450441,
931,30.6483854,46.4495774,
932,30.6826553,46.4569486,
933,30.6495689,46.4486536,
934,30.6487476,46.4490522,
935,30.6476689,46.4490971,
936,30.7224633,46.4709096,
937,30.6886537,46.4663277,
938,30.6880588,46.4645443,
939,30.688658,46.4662484,
940,30.6875795,46.466282,
941,30.6879163,46.4647194,
942,30.6505264,46.4495219,
943,35.0703923,47.8784197,
944,30.7324964,46.4002626,
945,30.7319734,46.3999784,
946,36.3586812,49.9578792,
947,36.3580129,49.9582885,
948,36.3570177,49.9588538,
949,30.7378807,46.4517413,
950,26.0693855,48.2760501,
951,26.0673648,48.2762787,
952,26.0619675,48.2770633,
953,26.0512253,48.2823115,
954,26.0342205,48.2873866,
955,26.0356128,48.2866464,
956,26.0377207,48.2833806,
957,26.0383635,48.2840504,
958,26.0426281,48.2856204,
959,36.4230431,49.9374477,
960,36.4211138,49.9386924,
961,26.8427215,48.4142132,
962,27.4425165,48.3928428,
963,27.4489626,48.4121853,
964,35.0912335,47.8617714,
965,35.0926253,47.8616558,
966,35.094309,47.862713,
967,35.0935959,47.8624263,
968,35.0939291,47.8621025,
969,35.1107916,47.8342877,
970,35.1107206,47.8341835,
971,35.1069505,47.8354858,
972,35.1069047,47.8353881,
973,36.2068407,49.9987818,
974,36.2069814,49.9986846,
975,29.5643198,47.5853946,
976,30.2729702,47.7401632,
977,30.2793825,47.7390135,
978,30.2798248,47.7381976,
979,30.2841214,47.7438031,
980,30.2772022,47.7454981,
981,30.2717214,47.7398108,
982,30.2838908,47.7437925,
983,30.2776663,47.7445995,
984,30.2784956,47.7416132,
985,30.277918,47.7417658,
986,30.2778924,47.7418152,
987,30.2782492,47.7423001,
988,35.0885933,48.4081432,
989,35.0655064,48.4230958,
990,35.0243907,48.4246232,
991,35.024228,48.4249675,
992,36.1815989,50.0540265,
993,36.1851157,50.0557468,
994,36.1781905,50.0553106,
995,36.1606871,50.0474138,
996,35.158544,48.5925497,
997,35.150376,48.5938515,
998,35.5144302,49.3330447,
999,35.5173712,49.3340082,
1000,30.4819433,50.4474929,
1001,30.4797947,50.4474507,
1002,33.4656076,48.019212,
1003,33.4223674,47.9085502,
1004,33.4214714,47.9080069,
1005,33.4202835,47.90781,
1006,33.4209223,47.9075573,
1007,33.433888,47.948334,
1008,33.4354018,47.9484699,
1009,33.4039119,47.9370406,
1010,33.4041184,47.9367549,
1011,33.404734,47.937028,
1012,33.4045972,47.9372077,
1013,33.391422,47.9105963,
1014,33.3909464,47.910311,
1015,31.8522474,49.2277766,
1016,35.9565445,48.4996347,
1017,35.950739,48.498626,
1018,34.9954837,48.4750409,
1019,35.0089247,48.4701241,
1020,35.0109598,48.4692946,
1021,35.010348,48.473854,
1022,35.0632174,48.5396668,
1023,35.0563928,48.5408239,
1024,35.0576107,48.5374339,
1025,35.0595489,48.5370608,
1026,33.3430232,47.9094674,
1027,33.3430231,47.9090089,
1028,33.3435714,47.9090809,
1029,33.3227437,47.9262156,
1030,33.3217783,47.9277414,
1031,33.4350585,47.94936,
1032,35.0547775,48.5418689,
1033,35.0588987,48.5379055,
1034,35.0594514,48.5388634,
1035,35.0604233,48.5384225,
1036,35.0727203,48.5034997,
1037,35.072377,48.5038859,
1038,35.0735252,48.5035118,
1039,35.0735714,48.50311,
1040,35.0747971,48.5034938,
1041,35.073346,48.5031502,
1042,35.0720921,48.5033347,
1043,30.4466093,50.4562642,
1044,34.963503,48.4822941,
1045,34.9635297,48.482214,
1046,34.9608178,48.4899318,
1047,34.9615468,48.4917588,
1048,34.9648043,48.4908598,
1049,34.9652275,48.4911459,
1050,34.9645805,48.4909591,
1051,35.0261951,48.4801307,
1052,35.0214574,48.4828111,
1053,35.0211043,48.4827333,
1054,35.0218267,48.4823356,
1055,35.0220507,48.4825352,
1056,35.0255114,48.4809201,
1057,35.0251111,48.4807776,
1058,35.0275481,48.479341,
1059,35.0286382,48.4789963,
1060,35.0530872,48.4690725,
1061,35.0522324,48.468978,
1062,35.0155317,48.4753298,
1063,30.5655457,50.4240337,
1064,30.5646315,50.4242315,
1065,30.5677416,50.4264404,
1066,30.5674548,50.4244353,
1067,30.4422291,50.4448252,
1068,30.4430328,50.44492,
1069,30.4420151,50.4441819,
1070,27.3370155,49.754353,
1071,27.3371761,49.7546953,
1072,27.3370911,49.7547548,
1073,27.33658,49.7547091,
1074,30.3859512,50.4292268,
1075,24.0323958,49.8297155,
1076,24.0318061,49.8294582,
1077,25.6342859,49.5474577,
1078,25.6349914,49.5470561,
1079,25.6507896,49.5662683,
1080,25.6355621,49.548233,
1081,25.6354045,49.5476924,
1082,25.6352585,49.5475241,
1083,25.650635,49.5669615,
1084,25.5738045,49.5512136,
1085,25.5728343,49.5513084,
1086,25.5718357,49.5512292,
1087,25.5756662,49.5405282,
1088,30.5209689,50.4066169,
1089,30.5223899,50.4086683,
1090,30.5258777,50.4111499,
1091,35.236719,47.7861104,
1092,35.2368456,47.7856784,
1093,35.2370042,47.7854262,
1094,35.2372354,47.7849998,
1095,35.2161383,47.7892519,
1096,35.1887182,47.7820085,
1097,35.1874381,47.7837769,
1098,35.1840059,47.7863426,
1099,35.1941134,47.780451,
1100,25.5980295,49.5587739,
1101,25.5910063,49.5557991,
1102,25.5915686,49.5563203,
1103,35.0766139,48.4611523,
1104,35.076816,48.4613196,
1105,35.0764379,48.4615963,
1106,35.076114,48.4615437,
1107,25.6071749,49.53017,
1108,25.6114073,49.4596857,
1109,25.6116615,49.4602024,
1110,25.6273937,49.3799225,
1111,25.6279489,49.3795425,
1112,25.655093,49.3943701,
1113,25.6288276,49.3807918,
1114,30.545337,50.4183366,
1115,30.5463686,50.4185351,
1116,35.0115409,47.8681268,
1117,30.5544722,50.4009865,
1118,30.8850108,50.3745487,
1119,30.8855702,50.3735244,
1120,30.8894627,50.3727826,
1121,30.8956734,50.3496469,
1122,25.6057482,49.5308348,
1123,25.60463,49.5303332,
1124,25.6045118,49.5317116,
1125,25.6048088,49.5314154,
1126,25.6034826,49.5320353,
1127,25.6045408,49.5313085,
1128,25.6042238,49.5315452,
1129,25.6043378,49.5338,
1130,25.6015657,49.532914,
1131,25.6070516,49.5303429,
1132,25.6043665,49.5335005,
1133,25.6019318,49.5326133,
1134,25.6047065,49.5294776,
1135,33.4508979,47.8958465,
1136,30.9036967,50.3700559,
1137,30.9004651,50.370941,
1138,30.8873528,50.3746044,
1139,32.9040019,50.0504625,
1140,32.9032105,50.0509145,
1141,25.4999536,49.5720189,
1142,25.5001778,49.5722827,
1143,23.9811151,48.9768769,
1144,23.981067,48.976628,
1145,35.0243601,48.4245854,
1146,35.0514017,48.469307,
1147,33.4750519,48.0373616,
1148,33.4772382,48.0403016,
1149,33.4778193,48.0412133,
1150,30.4497583,50.5209904,
1151,35.0342744,48.4710366,
1152,35.0338608,48.4707505,
1153,35.0213477,48.4672396,
1154,35.0214349,48.4673869,
1155,35.0239232,48.4741323,
1156,35.0238556,48.4738693,
1157,36.2723446,49.9865585,
1158,36.2721227,49.9860686,
1159,30.7593976,50.393254,
1160,30.7582894,50.3963214,
1161,30.7576804,50.3962883,
1162,30.7560904,50.3939981,
1163,30.7576405,50.3908213,
1164,30.7596678,50.3929875,
1165,30.755934,50.3938339,
1166,30.7570206,50.3907881,
1167,34.9491321,48.2448794,
1168,34.9493068,48.244868,
1169,34.9599552,48.2689405,
1170,34.9600518,48.2688334,
1171,34.9625784,48.2702474,
1172,34.9624765,48.2703402,
1173,34.9809059,48.2824664,
1174,34.9810493,48.2823933,
1175,34.9831536,48.2843156,
1176,34.9830094,48.2843771,
1177,25.59906,49.5591852,
1178,30.1976168,49.7181532,
1179,30.2000343,49.7178153,
1180,30.1924335,49.7188547,
1181,30.1937397,49.7184424,
1182,30.1969632,49.717064,
1183,30.2046644,49.7172016,
1184,30.1969551,49.7195673,
1185,30.1910947,49.7190456,
1186,30.2031251,49.7174153,
1187,30.200152,49.7180702,
1188,35.173057,47.8128954,
1189,35.1765173,47.8084849,
1190,35.1752881,47.7933783,
1191,35.1750852,47.7933371,
1192,35.1749637,47.7936467,
1193,35.1751602,47.7937104,
1194,35.1788668,47.7874056,
1195,35.1790116,47.7875274,
1196,30.5438772,50.3403159,
1197,35.0207111,48.4499565,
1198,35.0210824,48.4498726,
1199,35.028862,48.4478138,
1200,35.0266523,48.4454382,
1201,35.0249908,48.4436391,
1202,35.0291026,48.4477512,
1203,35.0087116,48.4632158,
1204,35.0211599,48.4500183,
1205,35.0207913,48.4501079,
1206,30.2009762,49.7804926,
1207,30.2010509,49.78211,
1208,30.2540095,48.7232583,
1209,30.2550343,48.7264519,
1210,30.2526888,48.7191909,
1211,30.254125,48.3394124,
1212,30.3116467,47.9217437,
1213,30.3108107,47.9254951,
1214,35.1005405,48.5668695,
1215,35.1013322,48.5667021,
1216,35.102818,48.567616,
1217,30.4888914,50.4811143,
1218,30.4810181,50.4882666,
1219,24.0355061,49.8342644,
1220,24.0449105,49.8288644,
1221,30.6072893,50.4547353,
1222,30.5894714,50.4955592,
1223,30.5895343,50.4952032,
1224,30.457965,50.3697446,
1225,30.4962049,50.3509287,
1226,30.492743,50.3533218,
1227,30.3602909,50.4794015,
1228,30.3607063,50.4802748,
1229,30.3605352,50.4804268,
1230,30.3598669,50.4799964,
1231,30.3601455,50.4796247,
1232,30.361001,50.4797745,
1233,35.2393345,47.8488311,
1234,35.2401702,47.8485958,
1235,35.11371,47.833477,
1236,35.1136156,47.8333695,
1237,30.7262794,46.4187132,
1238,30.7256189,46.4185147,
1239,30.724922,46.4183278,
1240,28.8061719,50.286216,
1241,28.8014424,50.2823177,
1242,28.6741698,50.2352157,
1243,27.7222097,49.9292517,
1244,27.7226974,49.9305327,
1245,28.5279252,49.4162336,
1246,30.5481456,50.4194488,
1247,30.5498118,50.3738651,
1248,30.5315024,50.4045151,
1249,30.5265068,50.4114441,
1250,35.0277046,48.4734605,
1251,35.0276166,48.4732084,
1252,27.098391,49.4091871,
1253,27.4132913,49.4224598,
1254,35.0619092,48.4829495,
1255,35.0636478,48.4824697,
1256,35.0620501,48.4850675,
1257,35.0623326,48.4832764,
1258,35.0623934,48.485928,
1259,35.061397,48.4853075,
1260,35.0619099,48.4839064,
1261,35.0613646,48.4836978,
1262,35.0518185,48.4699981,
1263,30.4456344,50.4538085,
1264,30.4460763,50.4549361,
1265,35.2402633,47.8441753,
1266,26.5535202,48.6755812,
1267,26.539344,48.6587431,
1268,26.8626884,48.8958373,
1269,26.8626998,48.8959134,
1270,26.8626822,48.8959478,
1271,26.8623615,48.8959873,
1272,26.9373312,49.4123652,
1273,26.938424,49.4123558,
1274,26.955978,49.4156492,
1275,26.9574567,49.4158712,
1276,26.9642384,49.4173242,
1277,26.9660617,49.4177423,
1278,26.9639886,49.4175261,
1279,26.9571825,49.4160508,
1280,30.2784194,47.7423787,
1281,30.2791687,47.7422256,
1282,35.1024706,48.567226,
1283,35.3370655,48.5901789,
1284,35.3419955,48.5905424,
1285,35.3364927,48.5894602,
1286,35.3375444,48.5837673,
1287,35.3371754,48.5866314,
1288,35.3361895,48.59078,
1289,35.097237,48.5591564,
1290,35.1474277,48.5877564,
1291,35.1454223,48.5870582,
1292,35.1409725,48.5856472,
1293,35.4925043,49.4696704,
1294,35.4934915,49.470379,
1295,35.4937444,49.4692373,
1296,30.8898141,50.400874,
1297,30.8895863,50.4006251,
1298,26.9879801,49.4437452,
1299,30.4939243,50.4457906,
1300,33.2455366,52.3641246,
1301,31.4630395,51.5458967,
1302,31.4585781,51.5456017,
1303,31.3874524,51.5348079,
1304,31.3049385,51.4856216,
1305,31.305401,51.486334,
1306,31.3025318,51.4877451,
1307,30.7875458,50.3902012,
1308,30.7835064,50.3880597,
1309,31.2143807,51.2096548,
1310,30.7380766,50.4904081,
1311,30.7382765,50.4904686,
1312,24.1081241,49.7676303,
1313,30.5515862,50.4011639,
1314,30.5522592,50.4006039,
1315,30.5526225,50.4004723,
1316,30.5545597,50.4008511,
1317,31.1813186,51.1515799,
1318,31.0829486,50.9106581,
1319,31.0828055,50.9109317,
1320,23.9397029,49.825034,
1321,23.9393467,49.82529,
1322,23.9430219,49.8268183,
1323,23.9383959,49.8243825,
1324,23.9432679,49.826102,
1325,23.9440656,49.8257655,
1326,23.9325644,49.8240178,
1327,23.9332594,49.8238029,
1328,23.9348844,49.8245209,
1329,23.9343284,49.8251549,
1330,28.8007904,50.2861033,
1331,28.9343344,50.2981939,
1332,28.972465,50.3312926,
1333,28.9662775,50.3300341,
1334,31.6381695,50.2191771,
1335,31.6383174,50.2192689,
1336,30.8883873,50.4013614,
1337,30.8424234,50.4223627,
1338,30.8304032,50.4760581,
1339,30.8304141,50.4762403,
1340,30.8585296,50.3786367,
1341,30.8601106,50.3782673,
1342,30.8296705,50.4861509,
1343,36.2456711,50.014579,
1344,28.4754568,49.2852361,
1345,28.4760616,49.2855034,
1346,28.4731844,49.2850221,
1347,28.4743859,49.2844635,
1348,28.4754667,49.2835439,
1349,28.47601,49.2841856,
1350,28.475219,49.2846432,
1351,28.4745368,49.284367,
1352,28.4745394,49.2856399,
1353,28.4751977,49.2852754,
1354,28.4754189,49.2863205,
1355,28.4751581,49.2863168,
1356,34.8664047,48.5736768,
1357,34.8665926,48.5731223,
1358,34.8656395,48.5734372,
1359,35.1852044,48.595865,
1360,35.1819266,48.5987928,
1361,35.167071,48.5960457,
1362,35.1709756,48.5960589,
1363,35.1736441,48.5988468,
1364,35.1725494,48.5969363,
1365,35.1763881,48.5968708,
1366,35.1818572,48.5985833,
1367,35.1777958,48.5969182,
1368,35.1726177,48.597101,
1369,35.1711008,48.5981279,
1370,35.166456,48.5960021,
1371,34.8252963,48.5850171,
1372,34.8246746,48.5849134,
1373,35.1499647,48.588549,
1374,35.1524581,48.589395,
1375,35.1547229,48.5903971,
1376,35.1564003,48.5913143,
1377,35.1687271,48.6413289,
1378,35.1696921,48.6414851,
1379,36.2035618,49.99775,
1380,23.8154806,49.9553246,
1381,23.8157729,49.9561027,
1382,36.2781081,49.9197113,
1383,36.2668756,50.098985,
1384,36.2676801,50.1002462,
1385,34.8187506,48.396834,
1386,34.8628995,48.5740801,
1387,34.869018,48.5754081,
1388,34.8622257,48.5744446,
1389,34.8689098,48.5722462,
1390,34.8696438,48.5718085,
1391,34.8657845,48.5727239,
1392,34.8655978,48.5733128,
1393,34.8665482,48.5730023,
1394,34.8989518,48.5591801,
1395,34.9002804,48.5545933,
1396,34.8969344,48.5600506,
1397,34.8981568,48.5587974,
1398,34.9007759,48.5556661,
1399,34.9924832,48.5106344,
1400,34.992646,48.5104334,
1401,35.0633089,48.5395675,
1402,35.0617768,48.5388312,
1403,35.179317,48.5966206,
1404,35.182946,48.5961168,
1405,36.3077452,49.9691575,
1406,36.3076992,49.9690343,
1407,36.3072955,49.9680505,
1408,36.306359,49.9655365,
1409,36.3048468,49.9615292,
1410,26.2011214,50.6094936,
1411,26.2013043,50.6092188,
1412,26.2015565,50.6088803,
1413,26.317668,50.6126782,
1414,26.3171419,50.6127533,
1415,26.3171044,50.6124511,
1416,26.3176078,50.6124125,
1417,26.316337,50.6126568,
1418,26.3183664,50.612457,
1419,28.4731107,49.2527111,
1420,28.4728777,49.2533605,
1421,36.3149302,49.9987477,
1422,36.3152233,49.9985728,
1423,36.3158477,49.9983883,
1424,36.3156598,49.9982963,
1425,36.3154902,49.9980877,
1426,26.7919063,50.6025636,
1427,26.793005,50.6024526,
1428,26.7992922,50.6019611,
1429,26.7979111,50.6020955,
1430,35.832694,49.7506064,
1431,35.8413364,49.74814,
1432,30.7686372,50.4822129,
1433,30.7750169,50.4822035,
1434,35.3341176,48.5978062,
1435,35.3351196,48.5937259,
1436,35.3351939,48.593475,
1437,35.3358951,48.5907413,
1438,35.3361465,48.5896263,
1439,35.3368125,48.5867767,
1440,35.3302899,48.5899152,
1441,35.3302516,48.5897738,
1442,35.3351617,48.5900604,
1443,35.3370156,48.5903115,
1444,35.3351227,48.5901897,
1445,36.2285887,50.0079938,
1446,36.2284177,50.0085061,
1447,31.1954212,47.8139642,
1448,31.1957176,47.812271,
1449,31.1965555,47.8125113,
1450,30.8987162,46.6928953,
1451,30.9034874,46.6962606,
1452,30.7719356,46.55734,
1453,28.4744268,49.2849222,
1454,28.4032573,49.2379416,
1455,28.4046377,49.237057,
1456,28.3681859,49.2239099,
1457,28.3686113,49.2239673,
1458,35.3702218,48.3642203,
1459,33.3609254,47.8813816,
1460,33.3607633,47.8812876,
1461,34.4089547,48.3017333,
1462,34.4172104,48.300562,
1463,36.1824621,50.0544364,
1464,36.1823423,50.0539559,
1465,36.1815208,50.0543975,
1466,36.181407,50.0543059,
1467,36.1822258,50.0538713,
1468,36.1783975,50.055199,
1469,36.1779177,50.0528131,
1470,36.1852934,50.0515245,
1471,36.1836206,50.0530746,
1472,36.2685881,50.1017921,
1473,36.2681981,50.1011961,
1474,36.2728657,50.1008445,
1475,36.2695327,50.1049041,
1476,36.2626915,50.1020992,
1477,36.2664716,50.0983697,
1478,36.2637423,50.102096,
1479,36.2462414,50.093421,
1480,36.2459701,50.0936838,
1481,36.2591494,49.9855029,
1482,36.2594106,49.9854476,
1483,36.3075212,49.9680113,
1484,36.3067131,49.9693082,
1485,36.2614602,49.9362068,
1486,35.8336644,49.7505957,
1487,35.8397839,49.7507828,
1488,35.8345796,49.753924,
1489,35.8376473,49.7514795,
1490,35.8378134,49.7513228,
1491,31.9705361,47.0411961,
1492,31.1319521,46.6501128,
1493,31.1319079,46.6497546,
1494,30.903718,46.7015557,
1495,30.9040115,46.7021815,
1496,33.4316315,47.9188417,
1497,33.4336515,47.9180669,
1498,33.4328339,47.9176152,
1499,33.4315064,47.9169129,
1500,33.431385,47.9168094,
1501,33.4326861,47.9174863,
1502,33.4324545,47.9156671,
1503,33.4304029,47.9162661,
1504,33.4219377,47.9078908,
1505,33.4210507,47.9078653,
1506,33.3440715,47.9077393,
1507,31.9959018,47.0153811,
1508,31.9961869,47.0147441,
1509,31.9963281,47.0157962,
1510,31.1348345,46.6507673,
1511,31.9964806,47.0154569,
1512,31.9970226,47.0160106,
1513,31.9963655,47.0157802,
1514,33.4656886,50.7563326,
1515,30.636711,50.4275291,
1516,34.8246155,48.5847746,
1517,34.8246261,48.5844378,
1518,34.8252207,48.5845305,
1519,34.8253248,48.5846556,
1520,26.861739,49.2009521,
1521,26.8611942,49.2006484,
1522,36.3281025,49.1014538,
1523,26.8608444,49.1999266,
1524,26.8611802,49.2000494,
1525,27.7681347,49.9269149,
1526,27.7722519,49.9250353,
1527,27.7730991,49.9247466,
1528,28.5777122,49.2171516,
1529,28.5773693,49.2165455,
1530,28.5765329,49.2151375,
1531,28.5770595,49.2160597,
1532,32.1526011,48.5011938,
1533,32.1528575,48.500871,
1534,23.8531438,49.2450091,
1535,23.8543431,49.2456535,
1536,23.8526288,49.2447348,
1537,23.8518548,49.2449337,
1538,23.8537243,49.2444677,
1539,23.8564991,49.2473069,
1540,23.8549103,49.2469847,
1541,23.9785263,49.5508985,
1542,23.9818606,49.5512727,
1543,25.5453295,49.5475476,
1544,25.5465344,49.5475839,
1545,28.578469,49.215478,
1546,35.0640721,48.4232757,
1547,30.6847314,50.401673,
1548,30.6862468,50.4021804,
1549,36.2253256,50.0064275,
1550,36.2255707,50.006392,
1551,30.6815416,50.4029404,
1552,30.6806532,50.4027035,
1553,30.6814222,50.4026299,
1554,36.2313775,49.9932039,Kharkiv
1555,36.2318713,49.9926126,
1556,33.434823,47.9490849,
1557,33.4361929,47.9492979,
1558,30.3674012,50.4260025,
1559,30.368356,50.4229831,
1560,30.3844886,50.4295537,
1561,35.0681439,47.8157629,
1562,35.0638141,47.8157641,
1563,35.0543634,47.8216127,
1564,31.2983633,51.4915516,
1565,31.2982104,51.4914642,
1566,28.5716663,49.2582624,
1567,28.5727492,49.2590903,
1568,28.5682036,49.2580424,
1569,28.5703598,49.2578694,
1570,30.7242314,46.3987502,
1571,30.7320451,46.3996638,
1572,30.7240745,46.3992432,
1573,30.7883238,50.3868089,
1574,30.7875687,50.3880637,
1575,30.7832838,50.3869194,
1576,30.7824386,50.386751,
1577,30.7861228,50.3871006,
1578,29.1078168,50.322346,
1579,29.1070812,50.3222098,
1580,30.2224023,50.5487909,
1581,30.22889,50.541471,
1582,36.0173301,49.7707324,
1583,36.0689683,49.7527815,
1584,30.3161939,50.1757432,
1585,30.795908,50.5050295,
1586,30.7971177,50.504957,
1587,30.797255,50.5054017,
1588,30.8023545,50.5058435,
1589,30.8020487,50.5061351,
1590,30.8018697,50.5061242,
1591,30.8017067,50.505695,
1592,30.7701364,50.4989697,
1593,28.4050987,49.2372963,
1594,28.40469,49.2371336,
1595,29.0687186,49.2290183,
1596,29.0678971,49.2287965,
1597,30.8598312,50.5325643,
1598,30.867167,50.5297587,
1599,30.8675153,50.5294247,
1600,30.8740168,50.5310547,
1601,30.492568,50.4452359,
1602,27.2205309,50.6174613,
1603,27.2201688,50.6167902,
1604,27.2221196,50.6170788,
1605,26.7991636,50.6018587,
1606,26.3336723,50.6110888,
1607,26.3361658,50.6108267,
1608,26.7492051,50.6066355,
1609,27.2340323,50.6165635,
1610,28.5080693,50.3016564,
1611,30.5221961,50.4087212,
1612,30.5206024,50.4429803,
1613,30.7990552,50.4821286,
1614,30.7993736,50.4822515,
1615,30.7918266,50.4822668,
1616,30.7916556,50.482145,
1617,35.8648667,48.5245315,
1618,35.864483,48.5242834,
1619,35.2367077,47.7866891,
1620,30.4941295,50.4464185,
1621,31.2155398,47.7923355,
1622,31.2177479,47.7915099,
1623,30.9601416,49.6441,
1624,25.7687816,49.0035387,
1625,25.7696946,49.0033928,
1626,25.7692283,49.0038707,
1627,25.3901209,50.7256768,
1628,25.3897654,50.7262063,
1629,28.4747549,49.2848993,
1630,36.3024603,50.0294398,
1631,36.3025949,50.0293931,
1632,30.2222906,50.5490006,
1633,30.2222951,50.5490228,
1634,30.2221134,50.5490753,
1635,30.2225254,50.5492929,
1636,30.2221391,50.5489559,
1637,22.6860533,48.4507876,
1638,22.6864358,48.4510015,
1639,28.4027927,49.2404054,
1640,33.9085657,51.2344232,
1641,33.9062661,51.2335242,
1642,23.2728975,48.1804814,
1643,23.3094058,48.1987453,
1644,23.3092069,48.1984276,
1645,23.3101794,48.1981534,
1646,23.3103621,48.198521,
1647,23.3102377,48.1986999,
1648,23.3096503,48.1988297,
1649,23.3110967,48.1981962,
1650,23.3085062,48.1986972,
1651,23.3104599,48.1991777,
1652,23.3290516,48.1900743,
1653,33.8545127,51.3331823,
1654,33.8481966,51.337451,
1655,23.5783725,48.0106031,
1656,22.3352559,48.5771707,
1657,22.3326481,48.5764633,
1658,22.3345282,48.5762964,
1659,36.352533,49.9959527,
1660,36.3525748,49.9960611,
1661,33.1928985,51.2247054,
1662,33.2133365,51.2310111,
1663,33.2189058,51.2403867,
1664,33.19288,51.224949,
1665,30.1962594,50.4438831,
1666,30.2493253,50.4480161,
1667,30.1320351,50.4387665,
1668,30.1119789,50.4371547,
1669,30.0425116,50.4316475,
1670,29.9743781,50.4267773,
1671,29.8627446,50.4201675,
1672,29.75238,50.4166382,
1673,29.6145695,50.4134438,
1674,29.6268865,50.4158259,
1675,30.8396268,49.8611922,
1676,30.8402031,49.8613789,
1677,30.9616055,49.8996065,
1678,29.5680481,50.4045144,
1679,29.4377614,50.3797303,
1680,29.3731192,50.3673588,
1681,26.5622519,50.6036193,
1682,26.6164857,50.6040218,
1683,26.4930403,50.6016939,
1684,26.6468026,50.6117291,
1685,26.5622669,50.6037387,
1686,26.7260944,50.6088282,
1687,26.6667104,50.6145902,
1688,26.6590923,50.61529,
1689,26.7249914,50.6090677,
1690,26.8245578,50.5994284,
1691,26.8439622,50.5975727,
1692,26.792017,50.6026713,
1693,26.9511107,50.5986571,
1694,26.9514253,50.5986735,
1695,27.0774908,50.6092322,
1696,26.9862642,50.6004978,
1697,26.9794232,50.6002599,
1698,35.0996151,47.8513288,
1699,35.1051125,47.8362069,
1700,35.1049573,47.8361823,
1701,30.3881501,50.3187992,
1702,30.3879883,50.3182839,
1703,26.9681192,49.4075895,
1704,30.9521985,50.3508276,Boryspil
1705,22.1891216,48.4401617,
1706,22.1761119,48.4314205,
1707,36.1831949,49.9493756,
1708,36.1912969,49.9425223,
1709,30.5162519,50.4072075,
1710,30.5162625,50.406951,
1711,30.7905736,50.3903996,
1712,30.7890599,50.3904641,
1713,30.789175,50.3899709,
1714,30.7874492,50.3900889,
1715,30.7877344,50.389692,
1716,30.7878279,50.3896629,
1717,30.7886114,50.389742,
1718,30.7881571,50.3891887,
1719,30.7869313,50.3895682,
1720,25.3682023,50.737169,
1721,28.6730156,51.1108795,
1722,28.6709883,51.1095794,
1723,28.540458,51.0038219,
1724,30.7716666,50.4989385,
1725,30.7714333,50.4992101,
1726,31.3940143,50.0741935,
1727,31.3953934,50.0735373,
1728,31.3960428,50.0730258,
1729,31.4991682,50.0593869,
1730,31.4990271,50.0593664,
1731,31.4971983,50.0592832,
1732,31.4988535,50.0589201,
1733,31.5001659,50.0585006,
1734,31.5013642,50.0581555,
1735,31.5007343,50.0587458,
1736,28.5731218,49.2176655,
1737,28.5730644,49.2175774,
1738,28.5750031,49.2123264,
1739,28.5833719,49.2134152,
1740,33.3481817,47.8963434,
1741,31.27995,51.3504543,
1742,31.2206369,51.617828,
1743,31.2220255,51.6152926,
1744,26.9735312,49.4155724,
1745,26.971868,49.4162619,
1746,26.9724481,49.4157264,
1747,26.972686,49.4160887,
1748,26.9730611,49.4155286,
1749,26.97391,49.4161555,
1750,26.9741874,49.4165793,
1751,26.9739041,49.4157813,
1752,26.976164,49.4157818,
1753,26.9751692,49.4156951,
1754,26.9745736,49.4148479,
1755,26.9761497,49.4154458,
1756,26.9742686,49.4151562,
1757,26.9750739,49.4154795,
1758,28.4754748,49.2845894,
1759,28.4752931,49.2835267,
1760,28.4749468,49.2789102,
1761,28.5748452,49.211824,
1762,28.583331,49.2133784,
1763,30.6813869,50.4025101,
1764,35.0014071,48.5151951,
1765,35.0525874,48.4646594,
1766,35.0509474,48.46903,
1767,35.0496648,48.4685031,
1768,32.122153,49.6522883,
1769,27.0168136,49.4346216,
1770,27.0166193,49.4344029,
1771,27.0161217,49.4341159,
1772,33.3611326,47.901627,
1773,33.3586242,47.9031259,
1774,26.9931868,49.4207031,Khmelnytskyi
1775,33.3482786,47.8968537,
1776,33.3486466,47.8968951,
1777,33.3494636,47.8969561,
1778,33.3491987,47.8968255,
1779,33.3489707,47.896442,
1780,33.3487986,47.8960648,
1781,33.3478699,47.8962012,
1782,33.3691016,47.8797861,
1783,30.5908956,50.4909784,
1784,30.5903604,50.4907106,
1785,30.591377,50.4900485,
1786,30.5917865,50.4903564,
1787,30.8643684,50.5359372,
1788,30.8654443,50.5335595,
1789,30.8659041,50.5326161,
1790,30.8475616,50.5569051,
1791,30.8434044,50.5593843,
1792,30.3848203,50.428946,
1793,30.8499973,50.6000601,
1794,30.8498881,50.6002075,
1795,33.3495382,47.8953217,
1796,33.3508451,47.8976133,
1797,33.3470754,47.8975612,
1798,33.3468224,47.8957011,
1799,30.5239436,50.40943,
1800,30.5258191,50.4103267,
1801,34.9564017,48.4416121,
1802,30.5700605,50.4163416,
1803,30.5714718,50.4241103,
1804,30.422944,50.3960801,
1805,30.6827934,50.4033839,
1806,30.6812087,50.4036298,
1807,34.8004726,50.9068055,
1808,34.802956,50.906652,
1809,35.520191,50.159253,
1810,35.5205103,50.1593247,
1811,35.8762737,50.0533221,
1812,35.8759976,50.0532381,
1813,35.8642204,50.0530499,
1814,35.865103,50.0531509,
1815,36.1273081,49.9754468,
1816,35.9990847,49.9688621,
1817,36.0002063,49.9698338,
1818,25.9680954,48.2912327,
1819,36.243416,50.0927817,
1820,36.243483,50.092501,
1821,36.2691869,50.1014133,
1822,36.2683922,50.1011564,
1823,28.6500298,50.2626071,
1824,28.6495014,50.2621746,
1825,30.606916,50.4546157,
1826,29.3363537,50.3610587,
1827,29.3336855,50.3640948,
1828,29.331917,50.3601915,
1829,29.3334399,50.3595416,
1830,29.3335907,50.3604696,
1831,32.1126049,49.6558746,
1832,32.1122807,49.6552422,
1833,32.1124312,49.6556114,
1834,32.1118886,49.6555302,
1835,32.1120998,49.6562393,
1836,32.1117326,49.6565064,
1837,32.0822402,49.6721719,
1838,32.0819222,49.6720107,
1839,32.0825798,49.6715398,
1840,32.0828578,49.6717301,
1841,32.0227369,49.7006354,
1842,32.0229099,49.7006303,
1843,32.0233862,49.7006162,
1844,32.0224271,49.7007889,
1845,32.1315529,46.9923879,
1846,32.131293,46.9928588,
1847,32.130885,46.9926349,
1848,32.1307723,46.9932799,
1849,32.1301088,46.9935401,
1850,32.1304003,46.9930794,
1851,32.1313144,46.9929838,
1852,33.393866,47.888167,
1853,36.1785428,49.9474759,
1854,29.0695925,49.2292268,
1855,29.0694031,49.2286215,
1856,29.0691428,49.2289177,
1857,24.138025,49.8967283,
1858,24.1368173,49.8965258,
1859,24.1376985,49.8965419,
1860,25.5858308,49.6014379,
1861,25.541225,49.5459316,
1862,25.5492235,49.544377,
1863,25.1515976,49.4478428,
1864,25.768317,49.0036854,
1865,32.3076314,49.6776069,
1866,25.7709081,50.0538341,
1867,25.769965,50.0542023,
1868,26.1992605,50.6451497,
1869,26.1987828,50.6448742,
1870,26.1999685,50.6441604,
1871,26.2006594,50.6440169,
1872,27.4497997,48.4127667,
1873,27.4499659,48.4133546,
1874,27.4544346,48.4201728,
1875,27.4493945,48.4127722,
1876,27.4620936,48.4176839,
1877,24.2936269,49.6391787,
1878,23.8515056,49.2440897,
1879,35.0158455,48.4752057,
1880,35.0756664,48.4620917,
1881,30.5186253,50.4073039,
1882,30.4599048,50.4257533,
1883,30.4420083,50.4448793,
1884,30.4421418,50.4436178,
1885,30.4424944,50.4458726,
1886,32.0074632,49.428532,
1887,32.0210757,49.4584615,
1888,32.0222883,49.4582073,
1889,32.0323697,49.4593285,
1890,32.0203064,49.4592592,
1891,32.0212821,49.4593865,
1892,32.0202595,49.4209,
1893,32.0198527,49.4215381,
1894,32.0179608,49.4221638,
1895,32.0182796,49.4215745,
1896,32.0299155,49.4151509,
1897,32.0297001,49.4144968,
1898,32.0247287,49.4642813,
1899,32.0215657,49.4590208,
1900,32.0202729,49.4578021,
1901,32.0205002,49.4564906,
1902,32.0073965,49.4274968,
1903,32.0089426,49.4270889,
1904,32.0207922,49.4555751,
1905,32.0211017,49.456522,
1906,32.0306068,49.4147622,
1907,32.0202696,49.4581094,
1908,32.0196309,49.4580048,
1909,31.9994205,49.3906362,
1910,32.0303084,49.4459217,Cherkasy
1911,31.9556054,49.4069956,
1912,32.0001739,49.3903592,
1913,32.0080715,49.4280348,
1914,32.0296253,49.4157845,
1915,32.0299089,49.4152718,
1916,32.0080317,49.4281836,
1917,32.0316286,49.4146983,
1918,32.018484,49.4581638,
1919,32.0182727,49.4584058,
1920,32.0303274,49.4156526,
1921,32.0213736,49.457932,
1922,32.0313132,49.4151001,
1923,32.0192866,49.4210505,
1924,32.0190351,49.4587166,
1925,32.0333641,49.4586989,
1926,30.6240025,50.0721462,
1927,26.9776677,49.4159106,
1928,30.4524564,50.5271913,
1929,34.5982824,49.9353274,
1930,26.5544237,48.6775726,
1931,28.4060257,49.2369648,
1932,22.7225,48.449493,
1933,22.7228148,48.4496397,
1934,23.2733616,48.1805408,
1935,26.2003711,50.6092923,
1936,26.2014193,50.6092726,
1937,26.2019391,50.6097132,
1938,35.0268734,48.4453506,
1939,26.2057532,50.6106957,
1940,26.2012829,50.6095374,
1941,26.944104,49.4314302,
1942,26.9438059,49.4309856,
1943,26.9537175,49.4444774,
1944,26.9435829,49.4306157,
1945,26.9444612,49.4310538,
1946,26.9438266,49.4321036,
1947,33.3188689,49.7816903,
1948,36.2625216,49.9309029,
1949,36.2628088,49.9309755,
1950,33.4061336,49.1099536,
1951,33.4085404,49.1077892,
1952,33.4102206,49.1064151,
1953,33.4126739,49.1043893,
1954,34.9827275,48.5086346,
1955,34.9828331,48.508409,
1956,35.0009956,48.5139509,
1957,34.9994896,48.5133733,
1958,35.0310583,48.5257739,
1959,35.0266552,48.5240331,
1960,35.0210331,48.5218354,
1961,35.0178232,48.5205796,
1962,35.0002003,48.5133723,
1963,35.0042164,48.515262,
1964,35.0020627,48.5145623,
1965,35.0002912,48.5138109,
1966,35.0036538,48.5146051,
1967,34.9996541,48.516019,
1968,34.9997479,48.5159755,
1969,35.0001459,48.5158011,
1970,35.005086,48.5133872,
1971,35.0054526,48.5154395,
1972,34.9999941,48.5136922,
1973,32.2918501,50.6352093,
1974,32.2914865,50.6356971,
1975,26.9397912,49.4127848,
1976,31.8226099,49.223081,
1977,28.8222895,48.9755745,
1978,28.8401146,48.9572656,
1979,28.8217384,48.9538518,
1980,28.8216663,48.9543526,
1981,28.8192386,48.9554526,
1982,28.819852,48.9543348,
1983,28.8197404,48.9541372,
1984,28.8201469,48.9535954,
1985,34.9957715,48.4752131,
1986,33.8401826,48.0371875,
1987,33.8462725,48.0407572,
1988,33.8432014,48.0404828,
1989,33.4452278,47.9016541,
1990,33.4414421,47.9030374,
1991,33.4330871,47.9132219,
1992,33.4342745,47.9184111,
1993,33.4450467,47.9014777,
1994,33.4445503,47.9006882,
1995,33.4410121,47.9033713,
1996,33.44276,47.901267,
1997,35.0071302,48.4714958,
1998,35.0082523,48.4729797,
1999,34.9684059,48.4596847,
2000,24.0364012,49.8403074,
2001,35.1566273,48.4793855,
2002,32.1116888,49.6561597,
2003,30.8478311,48.0450837,
2004,30.8434652,48.0420259,
2005,28.4847304,49.2358417,
2006,28.4847599,49.2353392,
2007,33.2133164,51.2308487,
2008,33.2137341,51.228289,
2009,33.4034934,47.9367032,
2010,33.5592349,47.9435866,
2011,26.5767088,49.1808374,
2012,26.5761878,49.1808486,
2013,30.6265192,50.110187,
2014,32.8915296,51.3274242,
2015,28.5494628,50.9000698,
2016,28.5497493,50.9016085,
2017,28.5449879,50.9048001,
2018,28.5481569,50.9015176,
2019,28.5484831,50.9012878,
2020,28.5488929,50.9022814,
2021,25.3172986,50.7483926,
2022,25.317173,50.7480613,
2023,35.4910345,49.4654547,
2024,35.494257,49.4652206,
2025,35.1500818,48.5936785,
2026,30.5472749,50.3428876,
2027,30.6251898,50.0757953,
2028,30.6274291,50.0760275,
2029,34.9613403,48.4924988,
2030,34.1095971,48.1642671,
2031,34.9470152,48.433105,
2032,34.8934919,48.4180255,
2033,34.8505813,48.4035634,
2034,34.8434894,48.402094,
2035,34.8133179,48.3989061,
2036,34.811747,48.3955981,
2037,33.4971377,47.9348266,
2038,33.4761091,47.9321015,
2039,33.6038429,47.9519704,
2040,33.6068289,47.952451,
2041,33.6100473,47.9529753,
2042,33.619439,47.9545116,
2043,33.6626472,47.9694012,
2044,33.6427074,47.9630347,
2045,31.4636673,49.7537186,
2046,31.4625858,49.7547078,
2047,31.4619448,49.756982,
2048,31.4607309,49.7556243,
2049,31.4575945,49.7518025,
2050,31.4570435,49.7516881,
2051,31.4620467,49.755414,
2052,24.0310326,49.8442839,Lviv
2053,24.8532292,48.8841913,
2054,24.8819522,48.9050233,
2055,24.8824134,48.9051022,
2056,24.8824592,48.9051602,
2057,24.882013,48.9054676,
2058,24.8833467,48.9059705,
2059,31.4611194,49.7544902,
2060,35.1695003,48.6420135,
2061,35.171932,48.6404992,
2062,35.1723472,48.6403358,
2063,35.2538574,48.728507,
2064,35.2537597,48.7313936,
2065,35.2774765,48.7723224,
2066,35.2816163,48.7714539,
2067,31.0256688,50.3216198,
2068,31.0261273,50.3210901,
2069,30.4497512,50.520677,
2070,33.2503852,48.0445615,
2071,33.2497802,48.0472674,
2072,33.2495646,48.0481913,
2073,24.0348505,49.8320202,
2074,33.4310126,47.9213293,
2075,33.4299681,47.9160283,
2076,33.4317628,47.9307624,
2077,33.4309202,47.931257,
2078,31.7898555,52.0823168,
2079,31.7896292,52.0827197,
2080,31.7790856,52.0956007,
2081,31.7788681,52.0960189,
2082,31.7787278,52.0988678,
2083,30.1262625,49.8070975,
2084,30.1664471,51.2774631,
2085,30.1662729,51.2765148,
2086,30.1671721,51.2763676,
2087,30.1673171,51.2774505,
2088,30.127193,49.8067844,
2089,30.1548052,49.8387325,
2090,30.1595552,49.8396208,
2091,30.1550348,49.8392935,
2092,30.1600345,49.8439036,
2093,30.1231378,49.8017262,
2094,30.1239635,49.8020662,
2095,30.1239773,49.8029208,
2096,30.1235551,49.8031231,Bila Tserkva
2097,30.1235189,49.8024285,
2098,27.4630289,48.4383541,
2099,27.4602589,48.4385559,
2100,33.4334849,47.9327671,
2101,33.4313493,47.9316125,
2102,27.7663849,48.4618145,
2103,27.7970649,48.4514333,
2104,26.4830057,48.4890954,
2105,26.4526365,48.4464682,
2106,26.4844565,48.5342651,
2107,31.2844702,51.5011345,
2108,31.2950372,51.4939677,
2109,31.2950866,51.4941501,
2110,31.294678,51.4937742,
2111,31.2979768,51.4913509,
2112,27.0169127,49.4342476,
2113,32.0215202,49.4655707,
2114,31.3921432,49.7364452,
2115,31.3927077,49.7364545,
2116,31.3672682,49.70458,
2117,31.3674734,49.7050617,
2118,31.4580964,49.7517308,
2119,30.5591009,50.3985825,
2120,30.5524772,50.4003884,
2121,32.3086815,49.6776145,
2122,25.4767389,48.6700303,
2123,25.4778524,48.6699225,
2124,25.5455942,48.4556358,
2125,25.5458227,48.455446,
2126,25.5459269,48.4554431,
2127,25.546161,48.4555673,
2128,25.5461796,48.4556353,
2129,25.5459794,48.4558196,
2130,25.5457066,48.4557883,
2131,25.5456934,48.4557814,
2132,25.4774886,48.6703632,
2133,24.9754351,48.5788319,
2134,31.8732935,49.2652495,
2135,31.873681,49.2652402,
2136,31.8740844,49.2658412,
2137,31.8734666,49.2660685,
2138,30.6277066,50.4603257,
2139,30.5688239,50.4217981,
2140,30.5679052,50.4086757,
2141,29.6730426,48.8011092,
2142,34.8355977,50.8952338,
2143,34.8461559,50.9047452,
2144,36.769218,49.7920594,
2145,36.7688307,49.7921316,
2146,32.2436352,51.777182,
2147,31.9673756,51.7822327,
2148,32.0203729,49.4605868,
2149,36.2872396,50.3382726,
2150,32.6091374,46.6488093,
2151,35.2816255,48.7724366,
2152,30.8667788,50.5325022,
2153,30.8663265,50.5321159,
2154,33.8817753,51.7200863,
2155,33.8811734,51.7202153,
2156,30.6673322,50.4034353,
2157,30.6662806,50.4037066,
2158,29.874932,46.4874235,
2159,29.9721362,46.397835,
2160,29.9784794,46.3892335,
2161,32.0037577,46.9657501,
2162,32.0339233,46.9641237,
2163,32.0346719,46.9634655,
2164,32.034494,46.963867,
2165,32.0342236,46.9636338,
2166,24.1460508,49.3786812,
2167,24.1472489,49.3790523,
2168,30.7801266,50.3884405,
2169,30.7809361,50.3878318,
2170,30.7821722,50.3866433,
2171,24.9348471,48.9156744,
2172,28.7368188,50.2124502,
2173,28.7331795,50.2123478,
2174,28.7450955,50.2082923,
2175,28.7434803,50.2089107,
2176,28.7399177,50.2101299,
2177,28.7385544,50.210596,
2178,28.740351,50.2132754,
2179,25.0595309,48.5513759,
2180,25.0580736,48.5520267,
2181,24.9709055,48.5605096,
2182,24.9705152,48.5606517,
2183,24.9704165,48.5603087,
2184,24.9712045,48.5614259,
2185,25.1068291,48.5199163,
2186,25.1068198,48.520019,
2187,25.1061687,48.5202149,
2188,25.1062598,48.5196613,
2189,25.1065818,48.5209595,
2190,22.9470418,49.7998389,
2191,22.9464863,49.8002367,
2192,22.9448911,49.8005779,
2193,22.9440096,49.8000399,
2194,26.2448368,49.2548163,
2195,28.4865794,49.2359442,
2196,23.9733329,50.0561543,
2197,32.0040311,46.9680773,
2198,30.5686134,50.4094513,
2199,30.602442,50.4199218,
2200,30.5160244,50.4359495,
2201,30.5136163,50.4359616,
2202,26.2521187,50.6191617,Rivne
2203,30.3384321,50.4739633,
2204,35.0594281,48.535718,
2205,35.043867,48.4580785,
2206,30.1585158,49.8464112,
2207,30.3658672,50.4241257,
2208,30.3660932,50.4238415,
2209,22.178007,48.4336889,
2210,22.1765248,48.4307054,
2211,22.1762931,48.4313622,
2212,22.1757691,48.4303867,
2213,22.2760804,48.5805211,
2214,22.274921,48.5806696,
2215,22.2748338,48.5802941,
2216,30.298884,48.1360484,
2217,30.2996672,48.1361268,
2218,30.2997219,48.136204,
2219,30.299609,48.1364343,
2220,30.2994175,48.1364811,
2221,30.2988059,48.1362738,
2222,30.3046294,48.1372808,
2223,30.3000102,48.1363926,
2224,30.3050515,48.137257,
2225,30.3052871,48.1371322,
2226,30.3050468,48.1375882,
2227,30.3049777,48.1374321,
2228,30.3017833,48.1353787,
2229,30.3020336,48.1376269,
2230,30.3022022,48.1360395,
2231,30.3024798,48.1383135,
2232,30.3033239,48.1473028,
2233,30.3035029,48.1489831,
2234,30.3035751,48.14984,
2235,30.3036328,48.1512462,
2236,30.3027714,48.1593252,
2237,30.3023925,48.1609109,
2238,30.3021657,48.1617451,
2239,30.3016272,48.1637256,
2240,30.2891567,48.2090351,
2241,30.2880801,48.2129697,
2242,30.2853667,48.2228547,
2243,25.0230122,49.9584669,
2244,25.0232794,49.9579799,
2245,24.0360133,49.8398145,
2246,37.2771675,49.1839886,
2247,37.2766267,49.1840824,
2248,28.8419977,48.9522521,
2249,28.5716723,49.8965331,
2250,28.5711442,49.8964045,
2251,24.5731266,48.3412219,
2252,30.9522309,48.6462526,
2253,31.0794327,48.007666,
2254,30.221519,50.5501843,
2255,30.3459204,50.4547733,
2256,30.1169896,49.393217,
2257,30.1085994,49.3622448,
2258,30.1082015,49.35723,
2259,30.1053977,49.3236516,
2260,30.1052836,49.3230047,
2261,30.1292455,49.4187476,
2262,30.1295235,49.4184511,
2263,30.1542677,49.4542799,
2264,30.1567381,49.4619126,
2265,30.157458,49.4645544,
2266,30.1653863,49.4936305,
2267,30.1665149,49.4977683,
2268,30.1692217,49.5076974,
2269,30.1695342,49.5088225,
2270,30.1698687,49.5100502,
2271,30.1700105,49.5105714,
2272,30.1730892,49.5626096,
2273,30.1731545,49.5646059,
2274,30.1732112,49.566233,
2275,30.1737808,49.5843816,
2276,30.1738778,49.5869766,
2277,30.1283004,49.4186545,
2278,30.1289398,49.4190612,
2279,30.1288605,49.4194155,
2280,30.1300393,49.4190453,
2281,30.127037,49.4210671,
2282,30.1301269,49.4177948,
2283,30.1122313,49.7924863,
2284,30.1248848,49.7845727,
2285,30.1207228,49.778916,
2286,30.1197906,49.7784176,
2287,30.1127764,49.7931018,
2288,30.1122348,49.7930169,
2289,30.1125649,49.7928194,
2290,30.1117392,49.7926771,
2291,30.1114852,49.7923666,
2292,30.1120444,49.7924869,
2293,30.1249608,49.7846757,
2294,30.1164192,49.7902989,
2295,30.1125725,49.7927548,
2296,30.1242275,49.8033296,
2297,30.2018358,49.7826823,
2298,30.1899233,49.7837254,
2299,30.1908311,49.7834718,
2300,30.190859,49.7839411,
2301,30.1967374,49.7828194,
2302,30.2007359,49.7802201,
2303,30.2045248,49.7827148,
2304,30.2010475,49.7855057,
2305,30.2011039,49.7831917,
2306,30.2033356,49.7826647,
2307,30.2094511,49.7834667,
2308,30.2011629,49.7842112,
2309,30.2004439,49.7827351,
2310,30.200948,49.7839355,
2311,30.2008033,49.7814015,
2312,30.1919002,49.7837268,
2313,30.1927426,49.7832748,
2314,30.1917478,49.7833797,
2315,30.3759458,50.4165632,
2316,30.1270398,49.8062546,
2317,30.1280773,49.8069149,
2318,30.1282066,49.8074684,
2319,30.1274342,49.8071433,
2320,32.6055011,46.655814,
2321,32.6056646,46.6560993,
2322,32.5944089,46.6511688,
2323,32.594625,46.6515371,
2324,30.1272305,49.8067217,
2325,30.1275944,49.8065645,
2326,30.1275556,49.8071602,
2327,31.2743795,51.486751,
2328,31.2744436,51.4861812,
2329,31.2625858,51.541124,
2330,30.9677147,52.0945655,
2331,29.4745957,48.1829413,
2332,29.4743791,48.1827556,
2333,29.4742235,48.1829187,
2334,32.5873452,46.6724181,
2335,32.5862939,46.6732812,
2336,30.0901653,49.2547902,
2337,30.090377,49.2555991,
2338,30.0907216,49.2581847,
2339,30.090811,49.2600432,
2340,30.0908188,49.2602811,
2341,30.0916212,49.2727417,
2342,28.8357931,45.3518245,
2343,28.8436077,45.3731046,
2344,28.8440489,45.3736189,
2345,28.8106859,45.3761001,
2346,28.8096193,45.3753787,
2347,28.8099952,45.375649,
2348,28.8097564,45.3758762,
2349,28.8103206,45.3758561,
2350,28.8101309,45.3760344,
2351,28.8581474,45.397703,
2352,28.8581959,45.3976793,
2353,28.8584992,45.3976938,
2354,28.8585473,45.3977258,
2355,28.8583595,45.3980481,
2356,28.8580807,45.3979407,
2357,30.7148043,46.4183538,
2358,30.7158395,46.418826,
2359,31.8835446,51.0328335,
2360,31.8836083,51.0335563,
2361,30.5177256,50.4070102,
2362,30.5174628,50.406033,
2363,27.0253301,50.1946821,
2364,27.0278901,50.1953106,
2365,31.8912213,51.0658189,
2366,31.8914341,51.0662828,
2367,31.8799169,51.0469402,
2368,31.8798414,51.0468169,
2369,31.8799317,51.0460708,
2370,31.8845536,51.0199395,
2371,31.8803343,51.0461173,
2372,30.6626213,50.1728629,
2373,30.3582332,50.4443979,
2374,30.3585505,50.4425006,
2375,28.2972149,48.2396616,
2376,30.183287,49.9399237,
2377,30.1889272,49.9284849,
2378,30.1906126,49.9205164,
2379,30.1896066,49.9174065,
2380,30.1795818,49.9500395,
2381,30.180191,49.9487182,
2382,26.2835302,50.6366053,
2383,26.2828901,50.6362721,
2384,26.2832906,50.6359672,
2385,26.2838806,50.6364181,
2386,26.2839989,50.6367482,
2387,30.7386247,50.4896255,
2388,28.7800044,50.2857897,
2389,28.7799739,50.2856644,
2390,29.9184595,50.639821,
2391,29.9183204,50.6400448,
2392,29.9171838,50.640653,
2393,29.9174834,50.6403202,
2394,23.5888127,50.2762341,
2395,25.3885166,50.7268697,
2396,25.3888146,50.7264518,
2397,25.3892515,50.7266717,
2398,25.3893957,50.7260275,
2399,25.3898145,50.7263761,
2400,25.3901811,50.7268092,
2401,25.2990678,50.7438062,
2402,25.2984312,50.7436355,
2403,25.2990167,50.7434872,
2404,25.2992132,50.7438578,
2405,25.3183925,50.7482937,
2406,25.317983,50.7485599,
2407,25.3176014,50.7482673,
2408,22.1702369,48.419049,
2409,22.1731236,48.426231,
2410,22.1732918,48.4262172,
2411,22.1970016,48.4434282,
2412,22.195648,48.4429895,
2413,22.1881038,48.4401384,
2414,22.1887074,48.440358,
2415,22.1956203,48.4428768,
2416,22.1932567,48.4402246,
2417,22.1932814,48.4420134,
2418,30.5403908,50.4023954,
2419,30.5408299,50.4021743,
2420,30.5461991,50.2603252,
2421,30.5464426,50.2614262,
2422,31.9542439,46.9908723,
2423,26.6290247,48.266415,
2424,34.413454,48.3043054,
2425,34.4127761,48.3052167,
2426,30.8070436,46.5916238,
2427,30.8059694,46.5901446,
2428,30.8038313,46.5871521,
2429,34.417708,48.3066672,
2430,35.0999151,48.5633215,
2431,30.4772918,50.4876926,
2432,30.4753663,50.488416,
2433,30.4752807,50.4874912,
2434,31.8517636,51.0052041,
2435,31.8779853,50.989192,
2436,33.442728,47.9020469,
2437,33.4437976,47.9015077,
2438,31.9304545,50.9529081,
2439,34.8486713,48.4029879,
2440,34.8083185,48.3947947,
2441,34.7809016,48.386608,
2442,34.7683703,48.3839547,
2443,23.1991487,49.5163819,
2444,23.2010041,49.5162198,
2445,23.1978905,49.5162526,
2446,23.1954205,49.5157449,
2447,34.8065605,50.9223183,
2448,34.802016,50.907328,
2449,31.8924661,51.0665626,
2450,30.862264,50.3778023,
2451,36.2683071,49.9880486,
2452,36.2685367,49.9882384,
2453,30.3271118,47.1419872,
2454,30.3269495,47.1419971,
2455,28.3801102,49.2281005,
2456,28.3801842,49.2280057,
2457,22.6866978,48.4515584,
2458,24.3299324,50.8754548,
2459,24.3289539,50.874722,
2460,24.260843,50.865255,
2461,24.2607389,50.865255,
2462,24.2604992,50.8647053,
2463,24.261246,50.8648144,
2464,24.2612782,50.864877,
2465,24.2620034,50.8642454,
2466,24.2626221,50.8652879,
2467,24.2589436,50.8652068,
2468,24.3277848,50.8743789,
2469,24.3288767,50.8742407,
2470,24.3289453,50.8742154,
2471,24.329302,50.8738061,
2472,24.3192017,50.844991,
2473,28.5714884,49.258826,
2474,28.571187,49.258807,
2475,28.5754921,49.2596463,
2476,28.5704474,49.2607481,
2477,30.7129463,46.41224,
2478,30.7115937,46.408931,
2479,30.7256588,46.4183151,
2480,30.7113589,46.4051032,
2481,30.7117404,46.4089016,
2482,30.6487136,46.4495907,
2483,30.661329,46.4505046,
2484,30.7143776,46.4196616,
2485,30.618221,46.5187341,
2486,30.6191175,46.518762,
2487,35.0619661,48.4851948,
2488,35.0616336,48.4833379,
2489,35.062482,48.4837988,
2490,35.0620218,48.4841108,
2491,35.0257744,48.4799927,
2492,35.0523018,48.4684176,
2493,35.0630807,48.4869786,
2494,35.0626533,48.486135,
2495,35.0693586,48.4967204,
2496,30.7250796,46.4737071,
2497,30.8027491,46.5952406,
2498,30.8054616,46.5938907,
2499,30.4531369,50.5273906,
2500,30.4498345,46.0638927,
2501,28.2933107,45.469,
2502,28.2233085,45.4805888,
2503,25.5527695,49.5492256,
2504,25.5520587,49.5491026,
2505,25.5498034,49.5484815,
2506,35.1459096,47.8244683,
2507,35.1455564,47.8247232,
2508,35.1357157,47.8274456,
2509,35.1355391,47.8274861,
2510,35.1341843,47.8278598,
2511,35.1334348,47.8280659,
2512,35.1292796,47.8291976,
2513,35.1287695,47.8293379,
2514,35.1242533,47.8305921,
2515,35.1240139,47.8306574,
2516,35.1134497,47.8335524,
2517,35.1105797,47.8343498,
2518,35.1065171,47.8356295,
2519,35.1051443,47.8361073,
2520,35.1032122,47.836746,
2521,35.1010783,47.8375542,
2522,35.1008139,47.8376836,
2523,35.0998783,47.8382337,
2524,35.0996437,47.8384056,
2525,35.0979077,47.8401621,
2526,35.0963943,47.8417451,
2527,35.1518539,47.82177,
2528,35.1460285,47.8245914,
2529,35.1044097,47.8580326,
2530,35.4722802,47.9466996,
2531,35.4736799,47.9471691,
2532,35.4869877,47.9486446,
2533,35.4883095,47.9487767,
2534,35.5668398,47.9562817,
2535,35.1767215,47.8084236,
2536,35.1736774,47.8132019,
2537,30.8999405,46.6953348,
2538,28.8576554,45.3976734,
2539,28.858297,45.3974846,
2540,28.8593689,45.3982293,
2541,34.2760082,48.6521622,
2542,36.2061173,49.9987782,
2543,27.788747,48.4430175,
2544,34.5303914,49.5992066,
2545,34.5303081,49.5996212,
2546,34.5426487,49.5935978,
2547,34.5601704,49.5829051,
2548,24.0292517,49.8447575,
2549,27.769326,48.462677,
2550,27.7697293,48.462786,
2551,27.7913357,48.4447145,
2552,27.0797878,50.0004155,
2553,27.0802927,50.0001877,
2554,30.8223123,49.8652121,
2555,27.0807917,50.0001404,
2556,27.0812842,50.0001779,
2557,27.7219917,49.9305583,
2558,26.4342574,49.9657165,
2559,27.0808718,50.0003883,
2560,30.8236104,49.8651022,
2561,30.82319,49.8653491,
2562,27.0803507,50.0004551,
2563,31.0620799,49.8938194,
2564,30.8403022,49.8607689,
2565,26.8612265,49.2000404,
2566,26.861326,49.1996825,
2567,26.8628877,48.8963373,
2568,26.8616652,49.2001213,
2569,26.8608553,49.200306,
2570,26.8617572,49.2004937,
2571,26.8509278,49.1722617,
2572,26.8510313,49.1727143,
2573,30.6634609,50.1366269,
2574,30.6609943,50.1363478,
2575,30.6627724,50.1362258,
2576,30.6649989,50.1366048,
2577,30.662835,50.1383893,
2578,30.6634966,50.1342961,
2579,30.6636581,50.1101762,
2580,30.6659982,50.1116414,
2581,30.6625498,50.1363708,
2582,30.6610518,50.1357907,
2583,31.0440683,49.971472,
2584,31.0402604,49.9665441,
2585,30.679365,48.8828946,
2586,30.6800237,48.8829326,
2587,30.6801367,48.8837624,
2588,30.6796276,48.8835453,
2589,30.6795879,48.8831936,
2590,31.8271506,49.2244641,
2591,31.8283659,49.2245829,
2592,22.1752303,48.4310388,
2593,22.1767078,48.433796,
2594,22.1755529,48.4304262,
2595,22.3330325,48.5798071,
2596,22.3331592,48.5791148,
2597,22.3334131,48.5791334,
2598,22.333179,48.5788438,
2599,22.332944,48.5787056,
2600,22.3338935,48.5769346,
2601,22.3101452,48.5792938,
2602,22.3340034,48.57712,
2603,26.2548779,49.2541822,
2604,26.2557119,49.2541754,
2605,35.1008868,48.5676398,
2606,35.0896949,48.5559975,
2607,35.0897142,48.5561902,
2608,35.1037704,48.5688775,
2609,35.0733599,48.5027497,
2610,35.0737519,48.5034509,
2611,35.0742998,48.5035963,
2612,29.6144248,47.9374662,
2613,29.6113272,47.9375645,
2614,31.120101,50.9420829,
2615,31.0864073,50.9134292,
2616,31.0830612,50.9087742,
2617,24.1382856,49.8971211,
2618,24.1376782,49.8968862,
2619,24.1623602,50.7128897,
2620,24.1628014,50.7130581,
2621,25.2996306,50.7437651,
2622,28.8221525,48.9757572,
2623,30.250765,50.4951142,
2624,30.2521376,50.4947515,
2625,31.3156132,47.6028684,
2626,31.3101972,47.603386,
2627,30.8489511,48.0458681,
2628,30.8489208,48.0457198,
2629,30.8494282,48.0454996,
2630,30.8496145,48.0459423,
2631,31.3157194,47.6024956,
2632,31.2170237,47.7930434,
2633,30.8473919,48.0515559,
2634,30.8476454,48.0511104,
2635,31.3158629,47.6024342,
2636,30.8460939,48.0496978,
2637,30.8462664,48.0493734,
2638,30.8463337,48.0493431,
2639,30.8469058,48.0496251,
2640,30.8468941,48.0497324,
2641,30.8461161,48.049756,
2642,31.3164613,47.6025815,
2643,30.8469278,48.051319,
2644,30.8477447,48.0512189,
2645,32.1503373,46.9648493,
2646,32.1511755,46.9652022,
2647,32.1481248,46.9621034,
2648,30.2593281,48.7557184,
2649,30.2587593,48.7544125,
2650,30.2581764,48.7545939,
2651,30.2590418,48.7523411,
2652,30.2601058,48.7543083,
2653,30.2600045,48.7777737,
2654,30.2579975,48.7778712,
2655,30.2556347,48.7748701,
2656,30.2581586,48.7749172,
2657,30.2573673,48.7837071,
2658,30.258382,48.7743178,
2659,30.2606811,48.7774528,
2660,30.2578417,48.7776662,
2661,30.2550023,48.7752858,
2662,30.2590243,48.7537303,
2663,35.0277831,48.4797336,
2664,34.9496663,48.4807556,
2665,35.0277231,48.4799274,
2666,35.2393369,47.84984,
2667,35.2396761,47.8497572,
2668,27.7701033,48.4617361,
2669,27.7701259,48.4619308,
2670,27.7701462,48.4621863,
2671,35.3568093,47.910939,
2672,35.3565324,47.9095498,
2673,35.0212253,48.5216249,
2674,35.0180291,48.5203681,
2675,31.0852456,48.0151516,
2676,31.043681,49.9707515,
2677,31.0440672,49.971,
2678,34.8835591,48.5651626,
2679,34.9044015,48.5572238,
2680,26.9640565,49.3612127,
2681,26.9632755,49.3613733,
2682,26.9634816,49.3608022,
2683,26.9292057,49.3761954,
2684,26.9277639,49.3769262,
2685,26.9283665,49.3764424,
2686,30.4545186,46.2568212,
2687,30.4550117,46.2564894,
2688,30.6260837,46.4429624,
2689,30.6238234,46.4434291,
2690,30.6243509,46.4427239,
2691,30.6236246,46.4416004,
2692,30.6231601,46.4421257,
2693,30.454924,46.2570211,
2694,33.441449,47.9012991,
2695,34.4941081,48.3374707,
2696,34.4979944,48.3380178,
2697,34.4980977,48.3418807,
2698,34.4977092,48.3389994,
2699,34.5927176,49.5819871,
2700,34.5517057,49.5872337,
2701,34.5521898,49.5870067,
2702,34.5515543,49.5881893,Poltava
2703,28.4775342,49.2846897,
2704,28.584276,49.2130188,
2705,30.1201498,49.7774084,
2706,30.1197504,49.7779453,
2707,30.120138,49.778,
2708,30.1202076,49.7782877,
2709,31.4269897,49.2896869,
2710,31.2376169,49.4235183,
2711,33.4458404,47.8997062,
2712,25.4010713,50.7447677,
2713,25.3998209,50.7454394,
2714,25.4006067,50.7452697,
2715,25.4024801,50.7455957,
2716,25.4014559,50.7456655,
2717,25.401446,50.745334,
2718,26.1351236,50.6840979,
2719,26.1335789,50.6847861,
2720,26.1341266,50.6841312,
2721,23.8579623,49.2404757,
2722,23.8581557,49.2408854,
2723,23.8581091,49.2411437,
2724,23.8576888,49.2410703,
2725,23.8575782,49.2414896,
2726,23.8574415,49.2413938,
2727,30.8647635,50.5329018,
2728,23.0007006,49.4522939,
2729,23.0007359,49.4519272,
2730,32.2653998,48.4550426,
2731,28.4734425,49.2751185,
2732,28.47325,49.2742993,
2733,28.4730333,49.2702997,
2734,28.4751418,49.2788916,
2735,30.8901449,50.4007849,
2736,23.8533338,49.1850968,
2737,23.8532011,49.1842161,
2738,28.4643762,49.2369192,Vinnytsia
2739,28.4630845,49.2371914,
2740,34.825127,50.9121388,
2741,34.8210362,50.9074719,
2742,34.833335,50.9163437,
2743,34.8200275,50.906483,
2744,30.6247866,46.5223791,
2745,24.3336735,49.010639,
2746,24.3333722,49.0105782,
2747,30.3037884,47.9370826,
2748,28.6480285,49.1830297,
2749,28.6474729,49.1837779,
2750,28.5125582,49.3283736,
2751,28.5127129,49.3283488,
2752,28.4749122,49.2951894,
2753,28.4736369,49.2750925,
2754,28.5002618,49.4639414,
2755,30.6316766,50.4613778,
2756,33.3817436,48.9934263,
2757,33.3823919,48.9934321,
2758,26.9630457,49.3614868,
2759,26.0033923,48.2661431,
2760,25.9833936,48.2202583,
2761,28.5146008,49.3792609,
2762,28.5150521,49.3787275,
2763,28.5236871,49.482586,
2764,28.5127725,49.4322335,
2765,28.5172459,49.4278264,
2766,31.1842078,51.4708448,
2767,31.1893693,51.4676427,
2768,24.6773257,51.2013603,
2769,28.5725395,49.2570329,
2770,28.5716189,49.2581263,
2771,25.7919411,48.5292956,
2772,25.7955764,48.5304871,
2773,29.9288018,49.5232852,
2774,23.7015467,49.7876763,
2775,23.696987,49.7863067,
2776,27.0285014,50.1937167,
2777,35.2504433,48.578957,
2778,35.2676032,48.5755017,
2779,35.2687825,48.5754067,
2780,29.9421896,49.5295593,
2781,29.9422463,49.5297397,
2782,29.9422269,49.5297885,
2783,29.9420797,49.5299136,
2784,29.9415533,49.5298805,
2785,29.9414502,49.5297545,
2786,29.9417711,49.5294404,
2787,29.9419974,49.5294549,
2788,23.8535804,49.2443962,
2789,28.5233433,49.4232929,
2790,34.5294272,49.5996813,
2791,30.3102404,47.2633662,
2792,30.3103644,47.2625072,
2793,34.8940969,50.3091441,
2794,30.3087442,47.2625841,
2795,30.309204,47.2634244,
2796,34.5832398,49.556965,
2797,34.5839595,49.557487,
2798,34.5836148,49.5588168,
2799,34.5805801,49.5567812,
2800,34.5886973,49.5573689,
2801,34.5875236,49.5590763,
2802,23.9496235,49.8272969,
2803,23.9448841,49.8264006,
2804,24.0176963,49.8424572,
2805,35.4833467,49.131096,
2806,35.4792927,49.130842,
2807,28.6715501,50.4956951,
2808,28.6707111,50.4954176,
2809,28.6707852,50.4944794,
2810,28.6714283,50.4953712,
2811,30.2977899,47.8438269,
2812,30.2973429,47.8436278,
2813,30.2220874,50.1895923,
2814,30.2222426,50.1895365,
2815,30.2178247,50.1832028,
2816,23.1428841,48.1953487,
2817,23.1433326,48.1956357,
2818,27.0805884,49.9997904,
2819,27.0807098,50.0001061,
2820,27.0808129,50.0004441,
2821,27.0805755,50.0008336,
2822,27.0804253,50.0001096,
2823,27.0804358,50.0004913,
2824,35.2499856,48.579472,
2825,35.2501876,48.5800807,
2826,26.5925502,48.6900326,
2827,24.0620962,49.4522909,
2828,24.0627253,49.4515864,
2829,23.9495106,49.5271789,
2830,23.9490836,49.527281,
2831,30.2532637,50.2162978,
2832,30.2533089,50.2165129,
2833,28.3109386,49.7999117,
2834,28.5746984,49.8985586,
2835,28.575157,49.898832,
2836,22.722187,48.4498896,
2837,22.7195853,48.4543238,
2838,22.7225029,48.4496517,
2839,31.8943986,46.9823513,
2840,31.8880541,46.983997,
2841,31.8911183,46.9832782,
2842,35.2633341,48.7573362,
2843,35.2798139,48.7753018,
2844,35.2801254,48.776057,
2845,35.2806882,48.7752221,
2846,35.415333,48.9991517,
2847,35.4154178,48.9987743,
2848,31.2356312,47.3554661,
2849,31.2354333,47.3552066,
2850,30.295185,47.8328517,
2851,30.2930489,47.8299207,
2852,30.297657,47.8433573,
2853,30.2929788,47.8304351,
2854,30.2923461,47.8296218,
2855,30.4419752,50.4145276,
2856,30.443353,50.4141165,
2857,31.3410387,47.5623819,
2858,31.3386852,47.5614756,Voznesensk
2859,30.9062499,46.6994858,
2860,30.9015784,46.6968431,
2861,30.3564327,50.4709842,
2862,30.3566574,50.47095,
2863,30.3576482,50.4740156,
2864,30.3575155,50.4736964,
2865,31.8881488,46.9820906,
2866,30.3045106,47.3967355,
2867,30.3001227,47.3968102,
2868,30.357106,50.4739358,
2869,29.9758126,46.737051,
2870,29.9790594,46.736601,
2871,29.3933473,48.8105153,
2872,29.3948667,48.7993121,
2873,29.0491478,49.2271417,
2874,22.4458872,48.2458136,
2875,26.4642836,50.8408264,
2876,26.463502,50.8407339,
2877,26.4635303,50.8405159,
2878,26.3776684,50.7394459,
2879,26.3776202,50.7393363,
2880,22.2652505,48.6545523,
2881,23.0028792,47.9931365,
2882,23.0027285,47.9927007,
2883,30.2469418,50.2110547,
2884,30.2469856,50.2108766,
2885,36.3255449,49.965335,
2886,36.3253583,49.9649713,
2887,36.3273341,49.9649893,
2888,36.3271634,49.9646188,
2889,23.8531834,49.1841739,
2890,23.8530915,49.1838416,
2891,34.7698444,48.42321,
2892,34.7692366,48.4273462,
2893,34.7690161,48.4263707,
2894,28.3614579,49.2517339,
2895,28.368431,49.2504239,
2896,28.3799628,49.245138,
2897,28.3966789,49.2403658,
2898,28.3800778,49.2452399,
2899,32.5250674,46.6916708,
2900,32.7012696,46.7270403,
2901,32.704104,46.7262007,
2902,32.7136177,46.7220351,
2903,32.7162959,46.7179638,
2904,32.7215544,46.705629,
2905,32.7265065,46.692619,
2906,32.7236036,46.6870683,
2907,25.7795625,50.4429869,
2908,25.7788127,50.4427907,
2909,25.4013053,50.7452193,
2910,25.3895747,50.7266238,
2911,25.4007802,50.7451801,
2912,25.6280146,49.3800217,
2913,25.9182347,48.3101344,
2914,25.6084578,49.5296834,
2915,29.9540081,50.0672445,
2916,29.9535912,50.067052,
2917,29.9539303,50.0669226,
2918,29.9532945,50.0665192,
2919,28.6157906,49.9587198,
2920,28.6155589,49.9579263,
2921,25.3179548,50.7486066,
2922,25.3179977,50.748876,
2923,25.3679943,50.7428088,
2924,25.3701975,50.7435351,
2925,35.0594691,48.4495514,
2926,35.021199,48.467274,
2927,35.0211415,48.4669123,
2928,35.0472813,48.4560139,
2929,35.0475832,48.4561018,
2930,30.4976887,50.4461131,
2931,30.6306534,50.3979117,
2932,30.318371,47.5413942,
2933,30.3186631,47.5416576,
2934,30.3181406,47.5419006,
2935,25.5438616,49.5497054,
2936,25.5411146,49.5460959,
2937,35.0312593,48.5255681,
2938,35.0479531,48.4638091,
2939,35.0475374,48.4634567,
2940,28.400143,49.2394013,
2941,28.3999107,49.2393076,
2942,28.4046785,49.2366836,
2943,28.4051406,49.2369015,
2944,28.4052608,49.2372392,
2945,35.0166187,48.4327565,
2946,24.6807767,48.9059061,
2947,24.6805811,48.9055521,
2948,36.5218729,49.8948231,
2949,32.335658,48.4968914,
2950,32.3355752,48.4976035,
2951,30.2319986,48.9309762,
2952,30.235526,48.9276792,
2953,30.2387795,48.9246446,
2954,36.484171,49.9125642,
2955,36.4839373,49.9124503,
2956,36.4610331,49.9232593,
2957,36.4608986,49.9230427,
2958,36.4391754,49.932222,
2959,36.6530049,49.8555208,
2960,36.6284234,49.8714749,
2961,36.6279289,49.8717494,
2962,36.6270345,49.8721744,
2963,36.6263574,49.8724541,
2964,36.4358018,49.932594,
2965,36.4362532,49.9331844,
2966,36.4355111,49.9322414,
2967,36.4333667,49.9323135,
2968,36.4343148,49.9320445,
2969,36.4329696,49.9328662,
2970,36.4325067,49.932156,
2971,25.9826201,48.220357,
2972,25.9824457,48.220428,
2973,25.9820235,48.2203898,
2974,25.9820976,48.2198407,
2975,25.9825647,48.2198708,
2976,25.9826833,48.219951,
2977,25.9823991,48.21948,
2978,28.530861,49.2295629,
2979,35.0861001,48.4105459,
2980,35.0855082,48.4103909,
2981,35.1738587,48.5994118,
2982,35.173163,48.5990933,
2983,34.8902904,50.3000124,
2984,34.8907715,50.3002309,
2985,34.8904521,50.3004542,
2986,34.8901572,50.3003864,
2987,34.8909647,50.3006097,
2988,34.8892202,50.3001115,
2989,36.5365786,49.8920583,
2990,36.5333585,49.8927312,
2991,36.5257031,49.8942704,
2992,36.607989,49.8763884,
2993,36.6097002,49.8764456,
2994,36.5847706,49.8789305,
2995,36.5854406,49.8792492,
2996,36.6094401,49.8767268,
2997,35.0184988,48.4748218,
2998,35.0200829,48.4745356,
2999,26.4837773,48.5336878,
3000,26.4845417,48.5337431,
3001,26.4826415,48.489649,
3002,26.4842944,48.5340671,
3003,29.9279179,50.0493077,
3004,24.0238328,51.2018019,
3005,24.0215785,51.2018779,
3006,24.0584703,51.2025565,
3007,24.0585666,51.2026831,
3008,24.1225601,51.2061636,
3009,23.9031033,51.2033911,
3010,23.8970201,51.2025926,
3011,23.8577356,51.1974334,
3012,23.8431953,51.195522,
3013,23.8408772,51.1952222,
3014,23.8398878,51.1951276,
3015,23.8393246,51.1950794,
3016,23.8339865,51.1947707,
3017,23.8331346,51.1946953,
3018,23.8324314,51.1946584,
3019,23.8258411,51.1942787,
3020,23.8250759,51.1942437,
3021,25.2990545,50.7431099,
3022,25.4005651,50.7456899,
3023,31.2357872,47.3553084,
3024,31.2359331,47.3553305,
3025,31.2370024,47.3554646,
3026,35.0770971,48.4534404,
3027,35.0774833,48.453355,
3028,35.0780225,48.4545607,
3029,35.0776352,48.454629,
3030,30.7064226,46.4648614,
3031,30.705655,46.4762456,
3032,30.7050418,46.4764043,
3033,24.1581477,50.8622922,
3034,24.146596,50.8575155,
3035,30.6138587,46.4865382,
3036,30.6146,46.4863799,
3037,30.6249099,46.4423259,
3038,30.625417,46.4426103,
3039,30.6400224,46.4466832,
3040,30.6413744,46.4470624,
3041,31.8309403,49.2249601,
3042,31.8271378,49.2249904,
3043,31.4200991,49.02497,
3044,31.4196344,49.0248833,
3045,31.419521,49.0246681,
3046,31.4204281,49.0247053,
3047,31.4190355,49.0248099,
3048,28.5945526,49.8866706,
3049,28.5941365,49.886827,
3050,25.2922312,50.7173771,
3051,25.2917697,50.7175777,
3052,25.2914616,50.7177484,
3053,35.1302896,51.1691455,
3054,25.3862805,50.8061498,
3055,25.3904517,50.8042882,
3056,25.3849436,50.8053696,
3057,24.765945,51.1929906,
3058,23.8034701,51.1824117,
3059,23.8015093,51.1807253,
3060,23.8003161,51.179098,
3061,23.8046626,51.1829133,
3062,23.8032633,51.1823506,
3063,23.8014754,51.1808547,
3064,23.8037323,51.182155,
3065,23.8012062,51.1799171,
3066,23.8027673,51.1799994,
3067,23.800621,51.1790666,
3068,23.8408127,51.1949425,
3069,23.8436227,51.1954517,
3070,23.8406344,51.1954034,
3071,23.8564397,51.1971382,
3072,23.8399812,51.1953069,
3073,23.8399106,51.1950289,
3074,23.8400243,51.1949061,
3075,23.8409024,51.195117,
3076,35.0201937,48.4747917,
3077,35.0186048,48.4750759,
3078,30.5904768,46.5502268,
3079,30.5905604,46.5507637,
3080,30.516218,50.4033064,
3081,30.5189863,50.4066194,
3082,30.5178111,50.4061931,
3083,30.5179138,50.4052766,
3084,30.5170969,50.4054463,
3085,24.142368,50.8563028,
3086,24.1423819,50.8562935,
3087,28.6195019,49.8538663,
3088,25.0236687,48.5260335,
3089,25.0244136,48.5260152,
3090,24.1460485,50.8573946,
3091,36.4203123,49.9382945,
3092,35.0339711,48.5270948,
3093,28.8206055,48.9745175,
3094,28.8219306,48.9753783,
3095,34.9621452,48.4868572,
3096,34.962451,48.4869692,
3097,32.2880768,48.5286264,
3098,32.2869139,48.5288683,
3099,32.2883667,48.5281036,
3100,32.2889868,48.5280827,
3101,36.3382553,49.9878737,
3102,36.3720025,49.9945962,
3103,36.3688238,49.9930367,
3104,36.3639498,49.9913009,
3105,36.3622947,49.9910709,
3106,36.3617418,49.9909989,
3107,36.3552987,49.9901757,
3108,36.3553554,49.9899762,
3109,36.2956991,49.9743618,
3110,36.2960156,49.9747032,
3111,30.5247126,50.4121058,
3112,24.024867,49.8497595,
3113,24.0257652,49.8455636,
3114,24.0253089,49.8452866,
3115,28.3955312,49.2334902,
3116,28.3956276,49.2333772,
3117,24.3295577,50.8744511,
3118,36.1974412,50.0635077,
3119,36.196747,50.0636475,
3120,36.3156898,49.9980594,
3121,36.3162282,49.9983419,
3122,36.3162626,49.9984291,
3123,36.3154459,49.9985799,
3124,36.2394745,49.9885577,
3125,36.3142282,49.9941982,
3126,36.3119879,49.9881656,
3127,36.315603,49.9984363,
3128,23.0256357,48.1401155,
3129,23.0254478,48.1405205,
3130,30.5253362,50.4133276,
3131,30.5237102,50.4129194,
3132,36.3454487,49.9484792,
3133,36.348431,49.9492707,
3134,29.3428663,48.781086,
3135,29.3428663,48.7801512,
3136,28.0843427,49.1257244,
3137,28.0815225,49.1259278,
3138,28.0813944,49.1216646,
3139,28.0871338,49.1266177,
3140,28.0796096,49.1242288,
3141,28.0814305,49.1228674,
3142,28.083427,49.1254255,
3143,28.0814501,49.1235174,
3144,35.0090562,48.4631397,
3145,35.0252063,48.4435542,
3146,34.9382795,48.4257345,
3147,34.9390986,48.4257683,
3148,29.3941362,48.7992602,
3149,29.3848099,48.798211,
3150,36.3689519,49.9929354,
3151,36.3640465,49.9911181,
3152,36.2756094,50.0437793,
3153,36.2756243,50.0439999,
3154,24.03979,49.8535443,
3155,36.2780991,49.9839357,
3156,36.2777087,49.9836571,
3157,36.3121782,49.9881382,
3158,23.9571055,49.5204404,
3159,26.9386314,49.4130253,
3160,22.689383,48.4361241,
3161,32.0035225,46.9680975,
3162,22.8366897,48.1107517,
3163,30.7064547,46.4607858,
3164,22.6454069,48.2061243,
3165,28.6468611,50.2755405,
3166,28.6469047,50.2755666,
3167,28.6476804,50.2760902,
3168,23.8322847,51.1951455,
3169,28.783965,50.2449389,
3170,28.784062,50.2442519,
3171,28.784472,50.2449181,
3172,28.784472,50.2461432,
3173,28.7839869,50.2453707,
3174,28.7845623,50.2453308,
3175,24.681109,48.9055929,
3176,24.6812942,48.9062294,
3177,24.680885,48.9064045,
3178,24.6812711,48.9055741,
3179,24.6818797,48.9054012,
3180,24.6817449,48.9057914,
3181,24.6808095,48.9060187,
3182,24.7141081,48.9406911,
3183,25.9599929,48.300114,
3184,25.9588043,48.3044664,
3185,25.9609392,48.3206041,
3186,25.9606506,48.3206545,
3187,25.9597682,48.3175567,
3188,25.959508,48.3175992,
3189,25.9606229,48.3197893,
3190,25.960316,48.3198352,
3191,25.9615809,48.3221696,
3192,25.9609941,48.3221399,
3193,36.1576716,49.9733245,
3194,36.1582042,49.9731634,
3195,36.1582778,49.9722714,
3196,28.8222389,49.696449,
3197,28.823647,49.6966312,
3198,35.0102859,48.4305017,
3199,35.0107607,48.4303853,
3200,36.2001149,49.9747123,
3201,35.0136691,48.4690244,
3202,35.0134994,48.4687036,
3203,30.8655923,50.5327501,
3204,30.8660032,50.5328153,
3205,30.8664476,50.5325729,
3206,36.2304871,49.9835632,
3207,36.2297572,49.9835247,
3208,36.2183279,50.0034414,
3209,36.2181397,50.0033939,
3210,34.6026062,49.5582578,
3211,34.5813061,49.5567084,
3212,34.5828755,49.5563495,
3213,34.584534,49.5591573,
3214,34.3559726,49.5976185,
3215,34.5845136,49.5569493,
3216,34.5842801,49.557373,
3217,34.5847857,49.5570825,
3218,34.4916893,49.562625,
3219,34.4924599,49.5625976,
3220,34.58609,49.5570581,
3221,36.1547106,49.8935489,
3222,36.1537925,49.8934729,
3223,36.0475931,49.9600544,
3224,36.0486477,49.9603035,
3225,35.95943,49.8824147,
3226,35.957057,49.8798355,
3227,35.9607128,49.8618016,
3228,35.9603217,49.882862,
3229,35.9600206,49.8821608,
3230,35.98138,49.9421705,
3231,30.5702349,50.4165826,
3232,36.3612215,50.0550696,
3233,36.3602655,50.0550146,
3234,24.656287,51.203136,
3235,36.2611508,49.9361909,
3236,36.3085406,49.9711437,
3237,36.3001697,49.9426144,
3238,36.3003724,49.9425439,
3239,36.3108516,49.9789941,
3240,36.3106719,49.9789986,
3241,36.270663,49.9280593,
3242,36.2709225,49.9279947,
3243,36.3068163,49.9714235,
3244,36.3016564,49.9514359,
3245,36.3018878,49.9514364,
3246,36.3065601,49.9655057,
3247,36.3077212,49.9701331,
3248,36.3016677,49.9507713,
3249,36.3018758,49.9507737,
3250,36.3072885,49.9707236,
3251,36.3050581,49.961501,
3252,36.3050625,49.9713804,
3253,36.2902963,49.9381503,
3254,36.2904068,49.9380163,
3255,36.3025693,49.9554752,
3256,36.3027929,49.9554436,
3257,36.3090534,49.9692234,
3258,36.309943,49.9694321,
3259,36.2824695,49.9355969,
3260,36.282577,49.9354685,
3261,35.0646799,48.4240458,
3262,35.0642279,48.4245732,
3263,35.0234839,48.4551747,
3264,35.0238178,48.4550857,
3265,35.0238621,48.4551684,
3266,35.0235268,48.4552565,
3267,35.0234963,48.4544694,
3268,35.0231889,48.4546045,
3269,35.0285875,48.4647365,
3270,35.0289224,48.4646527,
3271,30.602339,50.4200836,
3272,35.1103765,48.4115907,
3273,36.3028429,50.0300844,
3274,30.2548073,48.7264966,
3275,30.2538072,48.7232429,
3276,30.2535176,48.7224659,
3277,22.696479,48.4154863,
3278,30.480157,50.3822095,
3279,31.1868191,51.5505078,
3280,31.1866797,51.5498556,
3281,31.2222455,51.6152771,
3282,31.2208691,51.6177904,
3283,31.2141262,51.5552934,
3284,31.1867916,51.5497531,
3285,31.1892814,51.5498661,
3286,31.2141683,51.5551867,
3287,31.2506153,51.5624699,
3288,31.2504142,51.5625485,
3289,31.2496367,51.5602311,
3290,31.2497638,51.5600852,
3291,31.2606682,51.5447224,
3292,31.2599613,51.5436706,
3293,31.2505794,51.561911,
3294,31.1858012,51.5494216,
3295,31.1858127,51.5492712,
3296,31.1900269,51.5508283,
3297,31.190071,51.5509635,
3298,31.1886645,51.5505895,
3299,31.1888724,51.5505232,
3300,30.573898,50.4129567,
3301,31.0854914,51.8115169,
3302,31.2771948,51.3525066,
3303,31.2786223,51.3474381,
3304,31.2793587,51.3523667,
3305,31.177806,51.4445715,
3306,31.1774194,51.4453628,
3307,31.1895662,51.4676395,
3308,31.189623,51.4709305,
3309,30.1843505,49.8159855,
3310,30.1771407,49.8226644,
3311,30.2015013,49.7981682,
3312,30.2017674,49.7979411,
3313,31.2190444,51.4674871,
3314,31.2244003,51.4671725,
3315,31.1894068,51.4709053,
3316,31.2212119,51.4671034,
3317,31.1895822,51.4713099,
3318,31.1901443,51.4712063,
3319,31.1962651,51.4713673,
3320,31.189227,51.4744874,
3321,31.1890402,51.4744782,
3322,31.1944728,51.4715092,
3323,30.2569931,48.8366883,
3324,30.2568461,48.8366975,
3325,30.2566981,48.8339277,
3326,30.2568789,48.8339236,
3327,30.3077473,47.9390312,
3328,30.3070368,47.9388184,
3329,30.3031587,47.9363531,
3330,24.920047,48.1733861,
3331,24.9201223,48.1735816,
3332,29.0791648,51.6315952,
3333,25.1660768,50.0695422,
3334,26.3386914,50.6095532,
3335,22.3313335,48.6311656,
3336,29.0796563,51.6364267,
3337,29.0783357,51.6353512,
3338,36.2683488,49.9243649,
3339,36.2736098,49.9320715,
3340,36.2923167,49.9386375,
3341,36.2926612,49.9387494,
3342,31.9177371,49.3227895,
3343,31.242282,51.470835,
3344,30.131647,49.7832519,
3345,30.1998269,49.8015562,
3346,30.2006751,49.8003432,
3347,30.2009605,49.7997681,
3348,33.3681483,47.891001,
3349,33.3609275,47.8812489,
3350,29.2305941,49.2563144,
3351,29.2305322,49.2557772,
3352,29.2305145,49.2557605,
3353,29.2305098,49.2554772,
3354,29.23108,49.2553913,
3355,29.231266,49.2556479,
3356,29.2309931,49.255869,
3357,33.1138224,48.6841861,
3358,36.3926581,49.8911681,
3359,36.4083116,49.9176957,
3360,36.4078678,49.9177792,
3361,35.0221654,48.47417,
3362,35.022285,48.4744253,
3363,23.8535492,49.1842152,
3364,23.8533436,49.1840383,
3365,30.2003534,49.7999185,
3366,30.2013161,49.7994228,
3367,30.2016888,49.7998469,
3368,30.2009493,49.8002565,
3369,24.5464565,48.4368194,
3370,24.5455071,48.4404561,
3371,33.2224815,49.1851152,
3372,33.2237932,49.1844416,
3373,33.2220686,49.185939,
3374,33.2180879,49.1873859,
3375,22.7535174,48.4703069,
3376,22.7539433,48.4706231,
3377,22.7537932,48.4722984,
3378,22.7528678,48.4720984,
3379,22.7535961,48.4714693,
3380,22.7545817,48.4709471,
3381,22.7557049,48.4717412,
3382,22.7523511,48.4720261,
3383,22.753822,48.4715285,
3384,22.7532464,48.4708748,
3385,30.5109153,50.3982836,
3386,30.5315186,50.412608,
3387,30.4628044,50.3672206,
3388,22.98829,48.5457849,
3389,30.1506752,49.7855937,
3390,30.1959886,47.3740695,
3391,30.1966287,47.3742511,
3392,35.0533,47.8216135,
3393,35.0478142,47.817085,
3394,35.048321,47.8174213,
3395,35.0539347,47.8212994,
3396,26.1740765,50.5997898,
3397,26.2824835,50.635887,
3398,26.2562366,50.6244045,
3399,30.8613212,50.532923,
3400,30.8645051,50.5361306,
3401,26.1482125,50.5886657,
3402,26.145106,50.5858506,
3403,33.3494948,47.895072,
3404,33.3513416,47.8978083,
3405,33.3471465,47.8976414,
3406,22.2648199,48.6565179,
3407,22.2646876,48.6573143,
3408,22.2657526,48.6572473,
3409,35.9458115,49.8118391,
3410,35.9456815,49.812161,
3411,35.9467585,49.8133823,
3412,35.9457649,49.813103,
3413,35.8916496,49.762283,
3414,35.9451957,49.8117695,
3415,36.3495652,49.9892265,
3416,36.349508,49.9894609,
3417,36.3467772,49.9891145,
3418,36.3468148,49.9888851,
3419,35.8686118,49.9667715,
3420,35.8665489,49.9663786,
3421,35.8660002,49.9662706,
3422,35.8618105,49.9654946,
3423,35.9458357,49.81261,
3424,30.7087642,46.4831763,
3425,30.7081794,46.4832046,
3426,32.2925757,48.5283127,
3427,32.2928475,48.5265862,
3428,32.295225,48.5237138,
3429,32.1949562,48.5080926,
3430,30.7254913,46.4727605,
3431,30.6296285,46.3484492,
3432,24.1629466,50.7132095,
3433,24.1625825,50.7137657,
3434,24.1626218,50.7132213,
3435,23.832596,51.1949512,
3436,23.8254272,51.1956161,
3437,23.8341576,51.1946635,
3438,32.0331717,49.4588118,
3439,34.9383929,48.1314599,
3440,34.9384639,48.1312899,
3441,34.931356,48.0556869,
3442,34.9416321,48.1348943,
3443,34.9415482,48.1350213,
3444,34.949795,48.2474651,
3445,34.9496233,48.2474758,
3446,34.966996,48.1778125,
3447,34.967136,48.1777568,
3448,34.9841865,47.8887857,
3449,34.9834156,47.8893257,
3450,34.9830475,47.8888812,
3451,34.9827114,47.8899504,
3452,34.9817819,47.8892132,
3453,34.9283381,48.0760367,
3454,34.927744,48.0654715,
3455,34.9315935,48.102252,
3456,34.9314285,48.1023201,
3457,34.928665,48.0788749,
3458,34.9288981,48.059274,
3459,30.8508117,48.0228784,
3460,24.0442853,51.2019616,
3461,24.328798,50.8746522,
3462,24.3295222,50.8743582,
3463,24.0457348,51.2019178,
3464,34.9603502,48.2049232,
3465,34.960371,48.2021525,
3466,34.9611148,48.2026882,
3467,34.962273,48.199006,
3468,34.96216,48.2023706,
3469,34.9615954,48.2017521,
3470,34.9667273,48.2027845,
3471,34.9607165,48.2045168,
3472,34.9393994,48.1323544,
3473,34.9398767,48.1324166,
3474,35.0236562,48.4247058,
3475,35.0241249,48.4249967,
3476,36.2846291,49.9893943,
3477,36.2854277,49.9891922,
3478,35.077094,48.4781157,
3479,25.5462605,49.5465762,
3480,25.544753,49.54691,
3481,25.5446516,49.547076,
3482,25.5451464,49.5477386,
3483,25.5494752,49.5442686,
3484,25.5498479,49.5483186,
3485,25.546799,49.5474827,
3486,25.5436933,49.5501932,
3487,25.5583466,49.5419284,
3488,25.5392949,49.5454523,
3489,25.5406333,49.545777,
3490,25.6047231,49.5292151,
3491,25.6003626,49.5334685,
3492,30.6461353,51.3957577,
3493,25.5996261,49.5594447,
3494,25.6370877,49.5468638,
3495,25.6367669,49.546962,
3496,25.6362165,49.5472503,
3497,25.6359346,49.5468316,
3498,25.5990284,49.560209,
3499,25.635098,49.5469241,
3500,25.6350522,49.546046,
3501,25.6351317,49.5474559,
3502,25.6348158,49.5474191,
3503,25.6357628,49.5467821,
3504,25.5914266,49.5564805,
3505,25.597955,49.5589403,
3506,25.5988751,49.5589986,
3507,25.6359502,49.5475161,
3508,25.6356874,49.5477941,
3509,25.6133199,49.5520118,
3510,25.6122677,49.5521292,
3511,26.2587385,50.5700887,
3512,26.2577999,50.569943,
3513,26.2556116,50.5696176,
3514,26.2228099,50.564151,
3515,26.2228988,50.5642493,
3516,26.2046455,50.5621149,
3517,26.2245651,50.5644225,
3518,26.207419,50.5623871,
3519,26.2136612,50.559819,
3520,26.2207146,50.5639432,
3521,35.0007405,48.5135795,
3522,35.0268289,48.5238177,
3523,35.0027437,48.5142366,
3524,31.2081737,51.4697436,
3525,30.7715316,50.4827131,
3526,31.2634933,51.5410951,
3527,31.2627701,51.5407735,
3528,31.2640804,51.5412767,
3529,31.2651076,51.5413095,
3530,31.2630835,51.5401733,
3531,31.284811,51.5014269,
3532,30.7377716,51.3991331,
3533,36.3356561,50.0242276,
3534,31.2391066,51.4703191,
3535,31.2413991,51.4706022,
3536,31.2412398,51.4710772,
3537,31.2408099,51.4705158,
3538,31.2405179,51.4708712,
3539,31.2756845,51.4874435,
3540,31.3038036,51.4889296,
3541,31.3034203,51.4890674,
3542,31.3043795,51.4862406,
3543,31.304977,51.4861842,
3544,31.3056718,51.4865444,
3545,31.9870609,46.976024,
3546,36.1594814,50.0463548,
3547,35.8334268,49.7508192,
3548,30.55791,50.4424257,
3549,33.369043,47.8796565,
3550,31.2940071,51.4937755,
3551,30.3855902,50.4298038,
3552,31.3066468,51.5007341,
3553,31.3087922,51.5019305,
3554,31.285831,51.4889915,
3555,30.5155438,50.4027077,
3556,26.539639,48.6569133,
3557,33.3572983,47.8467532,
3558,33.2710128,47.7168169,
3559,33.3536237,47.8500571,
3560,33.3549286,47.8494941,
3561,33.4459744,47.9015551,
3562,33.4410349,47.9011093,
3563,33.4609916,47.8881797,
3564,33.4608749,47.8896301,
3565,33.4397887,47.9011376,
3566,33.2607952,47.889631,
3567,33.2602662,47.8898504,
3568,34.4146801,48.3051209,
3569,34.5006376,48.3392759,
3570,34.5011466,48.3399082,
3571,34.4170404,48.3012361,
3572,34.4182072,48.3067296,
3573,34.4346792,48.314711,
3574,34.4379812,48.3163415,
3575,34.4418005,48.3181785,
3576,34.4447763,48.319644,
3577,34.4541036,48.3241686,
3578,34.4573803,48.3257565,
3579,34.4767366,48.3320468,
3580,34.480684,48.3332843,
3581,34.4977919,48.3388767,
3582,34.5028531,48.341512,
3583,33.5545847,47.9440135,
3584,34.4136828,48.304908,
3585,33.5595193,47.9446691,
3586,34.3887908,48.2900993,
3587,34.3857035,48.2882918,
3588,34.3675424,48.2777147,
3589,34.364658,48.2757331,
3590,34.3160304,48.2440476,
3591,34.1471607,48.1697192,
3592,34.4097777,48.3060665,
3593,34.4107024,48.302897,
3594,33.5616214,47.9452086,
3595,33.5572951,47.9472312,
3596,34.4133253,48.3043828,
3597,34.4148111,48.3050353,
3598,34.4148604,48.3042325,
3599,33.5080417,47.936582,
3600,33.5159094,47.9378572,
3601,33.5198527,47.9384903,
3602,33.5330417,47.940544,
3603,33.4970773,47.9349971,
3604,33.4342066,47.9319626,
3605,33.4337228,47.9332132,
3606,34.405802,48.3072318,
3607,25.9592596,48.3163933,
3608,23.8534937,49.2445455,
3609,36.3503388,49.9963968,
3610,36.3469925,49.9966086,
3611,36.3456497,49.9965895,
3612,36.3451823,49.9965619,
3613,36.2975822,49.9740186,
3614,36.317884,49.9982646,
3615,36.3604298,49.9919428,
3616,36.3611445,49.9912989,
3617,36.2997365,49.9727187,
3618,36.3000149,49.9726267,
3619,23.9835753,49.811258,
3620,35.1512069,48.4812067,
3621,35.9698471,50.0316317,
3622,35.9695278,50.0312999,
3623,28.643873,50.2774844,
3624,28.6437424,50.2771512,
3625,30.4541964,50.373106,
3626,33.4381157,47.9852969,
3627,33.4356398,47.9570194,
3628,30.9825509,50.7704737,
3629,30.9768045,50.7630676,
3630,30.9737038,50.759088,
3631,30.9625389,50.744912,
3632,30.9895326,50.7793459,
3633,30.9892053,50.7789264,
3634,30.9879531,50.7773713,
3635,30.9876132,50.776959,
3636,30.9857285,50.7746093,
3637,30.9853014,50.7740735,
3638,30.9826116,50.7705594,
3639,30.9846272,50.7730195,
3640,30.9862782,50.7751151,
3641,30.9894601,50.7790392,
3642,30.9898236,50.7794981,
3643,35.7893991,47.5805069,
3644,35.7915059,47.5811259,
3645,35.0113947,47.8674233,
3646,35.0113925,47.8676432,
3647,30.4578601,50.3705445,
3648,30.4591088,50.369828,
3649,30.4746912,50.3572687,
3650,28.6151075,49.9533939,
3651,28.6150584,49.9537151,
3652,28.6119776,49.9462378,
3653,28.6111551,49.9435058,
3654,32.0211912,47.0458348,
3655,34.5518144,49.5866528,
3656,28.5022253,49.3208053,
3657,28.5145237,49.3462967,
3658,28.5143857,49.357448,
3659,32.0202209,47.0461085,
3660,32.0238566,47.0469437,
3661,32.0233086,47.0477937,
3662,31.9725292,47.0405928,
3663,34.492575,49.597445,
3664,34.4936932,49.5981503,
3665,34.4955206,49.5992044,
3666,34.4965557,49.5998176,
3667,34.5398301,49.595133,
3668,34.5393671,49.5953536,
3669,34.5298418,49.5996553,
3670,32.5929169,52.1719661,
3671,32.6385133,52.1583495,
3672,34.5308438,49.5993996,
3673,34.5305494,49.5991297,
3674,33.424335,49.0454733,
3675,36.8339014,49.4277455,
3676,33.4326943,47.9310693,
3677,28.8014666,50.2855814,
3678,28.8002444,50.2862595,
3679,28.8011145,50.2870261,
3680,28.5703193,49.2587387,
3681,28.5701431,49.2586129,
3682,28.5708295,49.260237,
3683,33.2500192,48.046678,
3684,33.251431,48.0459218,
3685,33.2462096,48.0454004,
3686,33.2506059,48.043513,
3687,33.3928377,47.9316263,
3688,33.3922977,47.9318621,
3689,35.5097279,49.2627031,
3690,34.4445591,47.62184,
3691,34.4446575,47.6218429,
3692,36.0696347,49.7521078,
3693,36.0697376,49.7525762,
3694,30.2284493,50.12856,
3695,30.2282113,50.1288966,
3696,31.2947736,51.4939497,
3697,31.294386,51.4937361,
3698,34.4447759,47.6228857,
3699,32.8102738,46.7439575,
3700,34.4443299,47.6222002,
3701,35.1452208,47.8361204,
3702,35.1442414,47.835652,
3703,35.1449431,47.835682,
3704,22.5064306,48.5288847,
3705,22.5052378,48.5319423,
3706,22.5047135,48.5316565,
3707,35.1837809,47.7861244,
3708,35.1872587,47.7837055,
3709,35.188519,47.7819367,
3710,31.9460034,47.0652437,
3711,31.9451952,47.0674107,
3712,31.9678089,47.0429588,
3713,31.9459368,47.0672874,
3714,31.9461709,47.067708,
3715,33.5046792,48.0285417,
3716,33.3926287,47.8847692,
3717,31.1567399,51.0668913,
3718,32.4953411,51.5369043,
3719,31.8620514,51.1393564,
3720,31.3055314,51.4138757,
3721,31.8512658,51.0050682,
3722,31.8393733,51.0153421,
3723,31.8383391,51.016687,
3724,31.8139811,51.037944,
3725,31.8127899,51.0388697,
3726,31.8037318,51.0457217,
3727,32.3933132,50.5840471,
3728,32.3939005,50.5839718,
3729,32.3931997,50.5846517,
3730,31.6686241,51.1375128,
3731,32.292114,50.6362532,
3732,32.291076,50.6361714,
3733,32.2909731,50.6361802,
3734,32.2900671,50.6363965,
3735,32.3937031,50.5834859,
3736,32.2915182,50.6357943,
3737,32.2903868,50.6358858,
3738,31.3068925,51.4451393,
3739,32.2897518,50.6353779,
3740,32.2908206,50.6354654,
3741,32.2908802,50.6354604,
3742,32.2903783,50.6358379,
3743,32.3921392,50.58465,
3744,32.3676802,50.5975352,
3745,32.368538,50.5904579,
3746,32.4542801,50.2470985,
3747,32.454185,50.2470137,
3748,30.5160519,50.4339459,
3749,28.8019766,50.2861284,
3750,28.8015922,50.2855732,
3751,28.7973101,50.2919331,
3752,33.4264095,49.0679092,
3753,33.4279039,49.0695445,
3754,33.4288002,49.0704228,
3755,33.4283896,49.0697306,
3756,30.4397026,50.4434299,
3757,30.4463551,50.4545178,
3758,31.6480703,51.909397,
3759,30.6293506,50.0931948,
3760,31.8514654,51.0048828,
3761,32.6400201,52.2847511,
3762,30.8107308,48.001989,
3763,30.679435,48.884198,
3764,30.6627967,50.1390175,
3765,26.2538845,50.5693574,
3766,23.9814513,49.5521587,
3767,31.001486,47.6345173,
3768,31.001218,47.6348555,
3769,32.2672625,48.4560663,
3770,32.2662046,48.4563849,
3771,32.3173153,48.5384096,
3772,32.2878059,48.5282638,
3773,29.0359564,45.6933993,
3774,32.3357322,48.4962087,
3775,32.3366873,48.4967616,
3776,32.3158507,48.5397257,
3777,32.2658883,48.4573788,
3778,32.2652492,48.4564922,
3779,32.2902793,48.5276315,
3780,32.2651535,48.4558526,
3781,32.2660536,48.4557933,
3782,32.2661216,48.4558328,
3783,32.2661499,48.4564328,
3784,32.2651812,48.4564525,
3785,32.2650986,48.4559003,
3786,32.26379,48.4561864,
3787,32.3173036,48.5391911,
3788,32.3175937,48.5391979,
3789,31.3420685,48.5696403,
3790,29.732144,48.1262235,
3791,30.7360115,46.5567441,
3792,33.1142961,48.6828543,
3793,33.1141055,48.6828388,
3794,33.0739113,48.6738117,
3795,25.540501,49.545899,
3796,25.5521377,49.5489546,
3797,37.4762347,49.3388922,
3798,34.5361047,49.5969111,
3799,34.5357825,49.5966294,
3800,35.0121106,48.4693908,
3801,35.0116906,48.4691204,
3802,35.0279456,48.4731424,
3803,35.011927,48.469065,
3804,34.9958013,48.4386625,
3805,28.4991912,50.3031588,
3806,28.5124501,50.3047762,
3807,28.4982306,50.3034628,
3808,28.5137582,50.3055802,
3809,28.5078848,50.301562,
3810,28.5027558,50.3030501,
3811,25.2116111,50.1217317,
3812,33.878058,51.3292727,
3813,33.8778671,51.3333395,
3814,33.8746843,51.3333005,
3815,24.6980649,48.903435,
3816,30.1972405,51.288947,
3817,30.1673369,51.2778998,
3818,30.1669462,51.2758476,
3819,30.5315629,50.4047606,
3820,33.4300697,47.9304602,
3821,34.9053575,48.5570642,
3822,28.524887,49.4873168,
3823,28.4750875,49.2951863,
3824,34.7776923,48.4210558,
3825,34.7765973,48.421693,
3826,34.7700743,48.4245504,
3827,34.7227846,48.4657273,
3828,34.7106748,48.4700386,
3829,34.7030059,48.4727488,
3830,34.7106472,48.4699137,
3831,34.7226583,48.4656002,
3832,34.7700166,48.424435,
3833,34.7743886,48.4226195,
3834,34.7764948,48.4216038,
3835,34.7774675,48.4209982,
3836,26.3461284,50.6100447,
3837,26.3411841,50.6110728,
3838,26.3418158,50.6104318,
3839,26.3433991,50.6120023,
3840,26.1483277,50.5876677,
3841,26.34091,50.609841,
3842,26.3405133,50.6104043,
3843,26.3419865,50.610284,
3844,26.3411114,50.6097369,
3845,32.720055,46.6727686,
3846,32.6050828,46.6559053,
3847,32.6984121,46.7248181,
3848,32.7001345,46.7274975,
3849,32.7010383,46.7277095,
3850,32.6977938,46.7281575,
3851,32.7154162,46.7202251,
3852,32.7063339,46.7327646,
3853,32.6849333,46.6769961,
3854,32.6845028,46.6767655,
3855,32.7193584,46.6797289,
3856,32.7178076,46.6762492,
3857,32.7170633,46.675786,
3858,32.7228545,46.6765139,
3859,32.7217654,46.6769622,
3860,32.7195048,46.679724,
3861,32.6863356,46.6769512,
3862,32.7003348,46.726789,
3863,32.7001872,46.726847,
3864,32.6996033,46.7275541,
3865,32.6850894,46.6767558,
3866,32.7013739,46.7278464,
3867,32.7017569,46.727017,
3868,32.6853858,46.6767909,
3869,32.7230809,46.7496399,
3870,32.7676711,46.7566464,
3871,32.7197683,46.676866,
3872,32.7236479,46.6869311,
3873,32.7266768,46.6925318,
3874,32.721711,46.7056593,
3875,32.7164685,46.7179336,
3876,32.7137901,46.7221253,
3877,32.7071896,46.7338877,
3878,32.7062941,46.732957,
3879,32.705635,46.7322984,
3880,32.7025724,46.7292187,
3881,32.6850772,46.7115908,
3882,32.7189932,46.6760331,
3883,32.7178284,46.6764924,
3884,32.7195721,46.6767046,
3885,32.6944058,46.7288864,
3886,30.2180278,50.1832083,
3887,35.5203681,50.1590265,
3888,35.4161255,48.9989873,
3889,35.4184618,48.9969878,
3890,35.4125481,48.998521,
3891,35.4148783,48.9989341,
3892,27.0469268,48.3762506,
3893,35.8650884,48.5239459,
3894,35.8649499,48.524203,
3895,34.5390474,49.5950687,
3896,34.5395025,49.5948512,
3897,35.8567558,48.5262717,
3898,32.1497163,46.9669544,
3899,32.1481154,46.9717354,
3900,32.1493562,46.9675096,
3901,30.3660587,50.424137,
3902,30.3686924,50.4249775,
3903,30.3659798,50.4242923,
3904,30.3685418,50.4235862,
3905,30.3678218,50.4236342,
3906,30.3686798,50.4239028,
3907,30.3681521,50.4227623,
3908,36.2058933,49.9868394,
3909,36.207641,49.9870039,
3910,26.1267425,50.5765874,
3911,26.1222733,50.5743665,
3912,26.1009314,50.5617899,
3913,34.8798348,48.5668245,
3914,34.8531585,48.5761332,
3915,35.0511782,48.4682195,
3916,35.052012,48.4682957,
3917,35.083706,48.5269061,
3918,26.3153739,50.6510166,
3919,26.3157477,50.6508781,
3920,26.3160119,50.6511076,
3921,26.3156266,50.6512813,
3922,30.475077,50.3574957,
3923,22.444623,48.8637537,
3924,36.2907337,49.887361,
3925,36.2913255,49.8869906,
3926,30.7412981,46.4686113,
3927,30.740603,46.4683549,
3928,30.7263018,46.4377632,
3929,30.7264923,46.4377879,
3930,30.7261676,46.4383883,
3931,30.7260632,46.4382467,
3932,30.7254338,46.4379422,
3933,30.7384208,46.4516957,
3934,30.7286898,46.4301975,
3935,30.7294169,46.4304211,
3936,30.7296205,46.4621179,
3937,30.7321472,46.4616867,
3938,30.7293234,46.4621762,
3939,22.8872045,48.5318842,
3940,22.888319,48.5321006,
3941,34.5807566,49.5775504,
3942,25.5466115,48.4553517,
3943,30.6667957,50.1125109,
3944,30.6659002,50.1122708,
3945,30.6655415,50.1119231,
3946,30.6655317,50.1117022,
3947,22.5676629,48.1633532,
3948,34.4926161,49.5982892,
3949,33.6193811,47.9546692,
3950,33.6099811,47.9531384,
3951,33.6067681,47.9526122,
3952,33.603796,47.9521135,
3953,33.6428555,47.9628995,
3954,33.7446191,48.4210363,
3955,33.75203,48.4165052,
3956,33.7520663,48.4182747,
3957,33.7510875,48.4182672,
3958,33.7506188,48.4175459,
3959,24.697025,48.903685,
3960,24.6970155,48.9034941,
3961,34.1441054,48.1683205,
3962,30.362185,50.5152273,
3963,30.3627602,50.5155691,
3964,34.9278599,48.0774296,
3965,34.9284476,48.0770142,
3966,26.1755678,50.704667,
3967,26.1762775,50.7041685,
3968,26.1776794,50.7043457,
3969,26.1772321,50.7043653,
3970,26.1621757,50.6671469,
3971,26.1624578,50.6673535,
3972,30.7284229,46.4301349,
3973,33.1157854,48.6755518,
3974,33.1200939,48.6548061,
3975,33.1198161,48.6566347,
3976,33.1195084,48.6582245,
3977,33.119149,48.6600809,
3978,33.1186428,48.6626953,
3979,33.118571,48.6630662,
3980,33.1184428,48.6637662,
3981,33.1174812,48.6686842,
3982,33.1173467,48.6686684,
3983,33.1182968,48.6637534,
3984,33.1184347,48.6630539,
3985,33.1185092,48.6626851,
3986,33.119024,48.6600709,
3987,33.1193938,48.6582176,
3988,33.119702,48.6566249,
3989,35.1715664,48.6403209,
3990,35.1654092,48.6420387,
3991,30.2542681,48.3286731,
3992,30.2560107,48.3265986,
3993,35.0798879,48.369915,
3994,29.3347405,47.4067222,
3995,32.4494251,46.701138,
3996,32.4490482,46.7011826,
3997,32.417574,46.7130361,
3998,32.5206874,46.6921684,
3999,32.5179008,46.6926523,
4000,32.5137202,46.693044,
4001,32.49797,46.6950804,
4002,32.4981748,46.6951582,
4003,32.4920253,46.6961437,
4004,32.4918347,46.6960498,
4005,32.3916278,46.7412691,
4006,32.3919334,46.7412606,
4007,32.3855922,46.7465457,
4008,32.3852689,46.7464924,
4009,32.1512501,46.9577624,
4010,32.1517804,46.954189,
4011,32.3929698,46.7393888,
4012,32.3933546,46.7387993,
4013,32.3736273,46.7528152,
4014,32.3728764,46.7531887,
4015,32.3443368,46.7662916,
4016,32.7216299,46.676934,
4017,32.7205682,46.6762249,
4018,26.3407757,50.6069165,
4019,25.1205904,48.3108843,
4020,33.4351613,47.918889,
4021,33.4311513,47.920778,
4022,31.9708841,47.0414516,
4023,31.807626,47.2645845,
4024,31.9608037,47.0481522,
4025,31.9453923,47.0678775,
4026,31.9457812,47.0672527,
4027,31.9455493,47.0679186,
4028,24.632904,48.8812794,
4029,34.0900438,47.5841863,
4030,34.0899124,47.583885,
4031,34.0895136,47.5837302,
4032,34.0901148,47.5837322,
4033,34.4431415,47.6217868,
4034,30.6465017,48.1821313,
4035,30.646888,48.1816378,
4036,30.5440448,48.3108354,
4037,30.2370377,48.4352457,
4038,30.2368684,48.4353479,
4039,30.234535,48.4542766,
4040,30.2347026,48.4541737,
4041,30.2341531,48.4586273,
4042,30.233987,48.4587218,
4043,30.2329668,48.4669935,
4044,30.2331358,48.4668722,
4045,30.2325757,48.471413,
4046,30.2324141,48.4714875,
4047,30.2275933,48.5243632,
4048,30.2308932,48.4832849,
4049,30.2314129,48.4791887,
4050,30.2535462,48.3416184,
4051,30.2528856,48.3413417,
4052,30.2287854,48.5444044,
4053,30.2294681,48.5463109,
4054,30.2288667,48.5411608,
4055,30.2281199,48.5326863,
4056,30.2353521,48.6205054,
4057,30.2368682,48.6224604,
4058,30.2364479,48.6227305,
4059,30.252523,48.7160121,
4060,30.2519767,48.7168732,
4061,30.2517169,48.7160718,
4062,33.2504099,48.0448459,
4063,34.2766146,48.650966,
4064,34.2770434,48.6505971,
4065,34.2770657,48.6510113,
4066,34.2770088,48.6514233,
4067,34.2763979,48.6512951,
4068,33.3925476,47.9103877,
4069,33.392116,47.9105592,
4070,33.3916041,47.911042,
4071,33.3915248,47.9106566,
4072,33.391921,47.9106757,
4073,33.3921109,47.9102654,
4074,33.3913374,47.9103468,
4075,33.3915743,47.9101559,
4076,33.3918569,47.9097924,
4077,33.3919671,47.9101706,
4078,30.1954429,49.6968722,
4079,30.1947488,49.6914135,
4080,30.1948978,49.6912686,
4081,30.2389481,48.9246255,
4082,30.242852,48.9207194,
4083,30.2430218,48.920728,
4084,30.2571549,48.7838512,
4085,30.2595013,48.7557112,
4086,30.2579205,48.7461793,Uman
4087,30.2944399,48.0595523,
4088,30.2942218,48.055807,
4089,30.294391,48.0556994,
4090,30.2961306,48.0838518,
4091,30.2975289,48.0837652,
4092,30.2969632,48.0842353,
4093,30.2968709,48.0833991,
4094,30.2996249,48.1097446,
4095,30.299839,48.1136541,
4096,30.3031677,48.147426,
4097,30.3034512,48.1513245,
4098,30.3026044,48.1593786,
4099,30.3014534,48.1638018,
4100,30.2889353,48.2091054,
4101,30.2878537,48.2130412,
4102,28.5784301,49.2156305,
4103,31.4630376,49.7551593,
4104,30.5335186,50.297237,
4105,30.5335312,50.2965635,
4106,36.2363949,50.0057352,
4107,30.3091671,47.9394269,
4108,30.3084968,47.9391345,
4109,30.3083181,47.9393151,
4110,30.308612,47.9367143,
4111,30.3141123,47.940844,
4112,30.3085233,47.9356817,
4113,30.3083328,47.9384326,
4114,30.3085096,47.9396424,
4115,30.3093129,47.9394702,
4116,30.3085884,47.9419417,
4117,30.7463955,51.5220882,
4118,30.7465034,51.5219629,
4119,30.7471385,51.5218998,
4120,30.7465242,51.5223904,
4121,30.8506449,48.0222183,
4122,30.8503454,48.0217761,
4123,30.8513893,48.0219196,
4124,30.8512475,48.0221338,
4125,30.8511384,48.0223149,
4126,30.8507261,48.0223121,
4127,30.850901,48.0219429,
4128,30.8509452,48.0219421,
4129,31.0761897,48.0131764,
4130,30.8111794,48.0016636,
4131,34.3485067,48.616361,
4132,34.3473183,48.6190179,
4133,28.8187599,48.9533719,
4134,28.8238688,48.954195,
4135,30.4349185,48.3708396,
4136,32.5747318,46.6797387,
4137,32.5317626,46.6911796,
4138,32.5507812,46.6910906,
4139,30.4292253,48.374116,
4140,30.4504427,50.4171111,
4141,36.268669,49.9250892,
4142,25.9595092,48.2530518,
4143,25.9615368,48.323431,
4144,25.9308591,48.2525194,
4145,25.9270134,48.2686545,
4146,25.92768,48.2690694,
4147,23.3917903,48.2453789,
4148,32.1573722,46.9346178,
4149,31.3337526,47.5595063,
4150,31.333086,47.5593323,
4151,32.2805503,46.7971913,
4152,24.7396683,48.9152483,
4153,24.7411129,48.9161366,
4154,24.7427633,48.9147611,
4155,24.7425373,48.9156268,
4156,30.5462159,50.418803,
4157,35.8640732,48.5240912,
4158,35.8646338,48.524014,
4159,35.1778404,47.8158687,
4160,35.1776875,47.8158024,
4161,35.1731989,47.8136973,
4162,31.2985941,51.4914337,
4163,31.0196185,50.8175881,
4164,31.0195092,50.8176567,
4165,31.0128799,50.8091901,
4166,31.0222096,50.820877,
4167,31.0230282,50.8219233,
4168,31.0325778,50.8340559,
4169,35.1641774,47.816915,
4170,35.1640877,47.8167733,
4171,23.9843523,50.0555061,
4172,23.9909872,50.0515896,
4173,25.3680256,50.7372524,
4174,25.3673968,50.7367235,
4175,25.2912759,50.7171709,
4176,25.2965457,50.7326438,
4177,25.2916374,50.7172011,
4178,25.3705756,50.7435565,
4179,30.4758908,50.487604,
4180,35.8578062,48.5253236,
4181,35.8586561,48.5249517,
4182,35.8635363,48.5241743,
4183,26.8874597,49.4018278,
4184,26.8883604,49.4015027,
4185,26.8882922,49.4020672,
4186,26.8881741,49.4019374,
4187,26.8511805,49.1728896,
4188,26.8516324,49.173125,
4189,26.8504875,49.1726533,
4190,26.8510407,49.1731873,
4191,26.8508235,49.1732696,
4192,26.8504678,49.1736414,
4193,27.0158428,49.4347941,
4194,27.0166108,49.4344295,
4195,27.0178602,49.4340961,
4196,27.0171569,49.4345392,
4197,27.0174099,49.4349989,
4198,33.4684017,47.9659789,
4199,33.469604,47.9669667,
4200,33.4687792,47.96628,
4201,33.4695678,47.9652443,
4202,33.4704946,47.9659121,
4203,33.4699908,47.9672849,
4204,36.2861506,49.989202,
4205,36.2860079,49.9894209,
4206,36.2848582,49.9889306,
4207,26.0154094,48.3000168,
4208,26.016065,48.3002476,
4209,26.0468418,48.2845719,
4210,25.9313952,48.2800642,
4211,26.8503419,49.1731907,
4212,27.0168227,49.4342552,
4213,26.9618994,49.3614304,
4214,36.2620908,49.9877533,
4215,36.2644335,49.9896704,
4216,36.2646219,49.9897587,
4217,36.1884432,49.9846726,
4218,36.2078403,49.9875724,
4219,36.207202,49.987038,
4220,35.1241478,47.8304794,
4221,35.1719207,47.8144567,
4222,35.1717212,47.8143743,
4223,35.1736114,47.8037865,
4224,35.1738139,47.8037286,
4225,35.1239822,47.8305193,
4226,35.1287989,47.8291867,
4227,35.0976921,47.8401571,
4228,35.1503719,47.8232225,
4229,35.1498248,47.8227812,
4230,35.1523769,47.822168,
4231,35.1714794,47.8145346,
4232,35.1716548,47.8146318,
4233,35.1736634,47.8035027,
4234,35.1734639,47.8035543,
4235,29.3410766,48.7810375,
4236,36.3013109,49.9439242,
4237,36.3010778,49.9439356,
4238,36.2603678,49.9466369,
4239,36.2919383,49.93869,
4240,36.273466,49.9322235,
4241,35.8399921,49.7493128,
4242,35.8400924,49.7498947,
4243,35.839199,49.7500155,
4244,35.8404329,49.7504414,
4245,24.2191314,50.3662408,
4246,24.2304493,50.3921692,
4247,24.2300591,50.391672,
4248,24.2273144,50.3891377,
4249,24.2305565,50.3915973,
4250,34.0783373,49.5325624,
4251,34.0777523,49.5324988,
4252,25.7916685,48.5315711,
4253,25.7928784,48.5319468,
4254,35.1356722,47.8273051,
4255,35.1341312,47.8277247,
4256,26.954609,49.4455252,
4257,24.144855,50.8568661,
4258,28.5197648,48.5342031,
4259,28.5147301,48.5367505,
4260,28.514765,48.5369359,
4261,28.5147826,48.5357669,
4262,28.7999818,48.9906638,
4263,28.777808,48.9997785,
4264,28.7668451,49.0081172,
4265,28.7776726,48.9996921,
4266,27.8046929,48.4481212,
4267,27.8048265,48.448053,
4268,27.8048569,48.4481255,
4269,27.8048337,48.4481459,
4270,27.8051197,48.4480593,
4271,27.7971996,48.4513521,
4272,30.4976461,50.4458761,
4273,28.7859886,50.2859191,
4274,28.7987904,50.2904093,
4275,28.8121991,50.2863317,
4276,28.7992632,50.2898956,
4277,28.7964066,50.2861595,
4278,28.7973177,50.2860328,
4279,28.8011045,50.2816253,
4280,28.8013509,50.2865896,
4281,28.8019244,50.2862903,
4282,34.3465556,48.6185103,
4283,32.6051494,46.655013,
4284,32.6057324,46.6546813,
4285,32.6057608,46.6549108,
4286,32.6049682,46.6558716,
4287,32.6047746,46.6478619,
4288,32.6039022,46.6479867,
4289,32.5954761,46.6512072,
4290,32.5943204,46.6516682,
4291,28.6894816,50.319963,
4292,28.6811261,50.3216012,
4293,28.6839346,50.3184063,
4294,28.7378165,50.2127002,
4295,28.7320334,50.2127683,
4296,28.6865372,50.3205336,
4297,28.68532,50.3201716,
4298,28.6848875,50.3197802,
4299,28.6843854,50.3209797,
4300,28.6858063,50.321301,
4301,28.6838849,50.3181753,
4302,28.6865164,50.3231701,
4303,28.6856233,50.3212198,
4304,30.2778497,50.4499312,
4305,30.179271,50.4426498,
4306,30.1790458,50.4425139,
4307,30.1321565,50.4389031,
4308,29.9831074,50.4272608,
4309,29.9821811,50.4272085,
4310,26.9479164,49.4375296,
4311,32.5935105,46.6516449,
4312,33.0757123,48.6738486,
4313,33.4289156,47.9154525,
4314,33.4329381,47.9137902,
4315,31.8686597,51.1394145,
4316,31.1380539,51.0043137,
4317,31.1377577,51.0033247,
4318,31.119986,50.9421324,
4319,31.137656,51.0024162,
4320,31.1382413,51.0043645,
4321,31.0628948,50.8732974,
4322,31.0617617,50.8715874,
4323,31.0832356,50.9087314,
4324,31.0866651,50.9134611,
4325,31.0537662,50.8613796,
4326,31.0567998,50.8652809,
4327,31.0584146,50.8673322,
4328,31.0572159,50.8660241,
4329,31.0557811,50.864198,
4330,31.054269,50.8622348,
4331,31.0509574,50.8579884,
4332,31.0491118,50.8556098,
4333,31.0497537,50.856173,
4334,31.0338079,50.8359263,
4335,31.0330461,50.8349197,
4336,31.0231433,50.8223429,
4337,31.0355943,50.8380782,
4338,31.042544,50.8469662,
4339,31.0436613,50.8484035,
4340,31.0480942,50.8540356,
4341,31.0482681,50.8545036,
4342,31.0480119,50.8541665,
4343,31.046905,50.8527614,
4344,31.0413067,50.8456128,
4345,31.0393276,50.8430531,
4346,30.9157732,50.6849504,
4347,30.8835904,50.6433858,
4348,30.8431341,50.5593963,
4349,30.8472923,50.5568801,
4350,30.8299249,50.5699665,
4351,30.8290337,50.573219,
4352,30.8462382,50.5952314,
4353,31.3960797,50.0735876,
4354,30.8506664,50.5129577,
4355,30.8360326,50.4994357,
4356,31.0260448,50.3210199,
4357,31.0265931,50.3205572,
4358,32.5939952,46.6561554,
4359,32.5934781,46.6588017,
4360,32.592991,46.6592565,
4361,32.5930351,46.6584477,
4362,32.5931748,46.6573085,
4363,32.5931908,46.6569988,
4364,32.5944915,46.6574176,
4365,33.5672464,48.1026994,
4366,33.566773,48.1033879,
4367,33.5680329,48.10239,
4368,33.4896612,48.0576217,
4369,30.2836972,50.4503713,
4370,30.2840274,50.4505274,
4371,30.3063698,50.4519646,
4372,30.3158332,50.452767,
4373,34.3219575,51.8743364,
4374,34.3331808,51.8786563,
4375,34.3420064,51.882042,
4376,30.7953941,50.5297277,
4377,30.8215966,50.56362,
4378,31.2381638,49.4212555,
4379,31.2387037,49.4222907,
4380,27.5497388,50.5949183,
4381,30.0767917,50.4343319,
4382,30.0769135,50.4344558,
4383,30.0640387,50.4334549,
4384,30.0637982,50.4333169,
4385,30.0376731,50.4314562,
4386,30.0374926,50.4312981,
4387,30.042668,50.4317757,
4388,30.0031009,50.4283317,
4389,30.0036077,50.4286204,
4390,37.6152698,49.7099556,
4391,37.6135246,49.7136559,
4392,37.6020068,49.7272856,
4393,37.6048868,49.7281126,
4394,27.6116496,50.6191575,
4395,27.5596941,50.5957812,
4396,27.5364803,50.5966576,
4397,30.2011542,50.4443161,
4398,30.2012638,50.444444,
4399,30.2492479,50.4478893,
4400,30.1045492,50.4365744,
4401,30.104665,50.4366985,
4402,28.6580357,50.2741816,
4403,30.543413,50.2586475,
4404,30.5476339,50.2589357,
4405,30.5442215,50.2619519,
4406,28.1128327,50.0527386,
4407,28.1117928,50.0530044,
4408,32.0194394,49.4540514,
4409,32.2050679,50.7015162,
4410,32.2051101,50.7013045,
4411,32.2057896,50.6979684,
4412,32.2058192,50.6978142,
4413,31.3957367,50.0740089,
4414,32.0309084,49.4147992,
4415,31.8215526,49.2245921,
4416,31.2383598,49.4236989,
4417,30.9614238,49.6440531,
4418,30.9625073,49.644018,
4419,30.8230019,49.8651544,
4420,30.82302,49.8654786,
4421,30.8226668,49.8653333,
4422,30.8228373,49.8651589,
4423,30.7859993,46.5825849,
4424,32.0188715,49.4220523,
4425,31.4676886,51.5461379,
4426,31.2945775,51.4938442,
4427,31.2993934,51.4909694,
4428,31.2986942,51.4904883,
4429,30.2309046,48.557835,
4430,30.2309154,48.5606639,
4431,32.6274948,49.1194627,
4432,31.8622309,51.13858,
4433,31.8651092,51.1391954,
4434,31.8617601,51.1389777,
4435,31.8560889,51.1386171,
4436,31.8561006,51.1385227,
4437,31.8651069,51.139095,
4438,31.8534217,51.1383824,
4439,26.1886915,50.6512096,
4440,26.1344945,50.6844212,
4441,25.7191419,50.78224,
4442,26.1352423,50.6849971,
4443,26.1618746,50.6673355,
4444,26.1346353,50.6844352,
4445,26.1350806,50.6842511,
4446,26.1771663,50.7041377,
4447,26.1766597,50.7046094,
4448,37.612637,49.7097292,
4449,33.9102981,51.2350765,
4450,32.5216746,50.2190648,
4451,31.9658773,49.3627371,
4452,31.9593208,49.3574928,
4453,31.9461962,49.3470542,
4454,31.9394722,49.3417565,
4455,31.9397756,49.3415806,
4456,31.9464706,49.3469048,
4457,31.9595983,49.3573325,
4458,31.966144,49.3625944,
4459,31.9858126,49.3786562,
4460,31.9230156,49.3282874,
4461,31.923224,49.3280923,
4462,31.9211673,49.3266967,
4463,31.9213944,49.3265419,
4464,32.0225234,47.0471286,
4465,32.0217247,47.0464413,
4466,32.237592,48.5928599,
4467,32.2366823,48.5924579,
4468,32.2380278,48.592298,
4469,32.2383692,48.5931794,
4470,32.2373088,48.593409,
4471,32.3165029,48.5391671,
4472,31.8734964,49.2649781,
4473,26.0113439,48.0441896,
4474,26.4526919,48.4462966,
4475,26.6211693,51.3165106,
4476,34.4856928,49.5893277,
4477,34.4856521,49.5894843,
4478,28.8207487,48.9546676,
4479,34.1907306,51.6432356,
4480,34.1419954,51.6477389,
4481,30.4021946,46.8282177,
4482,30.4027482,46.8268982,
4483,30.4125707,46.8023699,
4484,30.4139833,46.7988766,
4485,30.3344181,46.9593493,
4486,30.3345808,46.9593035,
4487,30.3273568,46.9866335,
4488,30.3271873,46.9866836,
4489,30.6466203,46.4961188,
4490,30.6440606,46.4964605,
4491,30.6443579,46.4974458,
4492,30.6462444,46.4963762,
4493,30.64422,46.4958106,
4494,30.6487113,46.4955196,
4495,30.648639,46.4956834,
4496,30.644958,46.4980768,
4497,30.6146537,46.4865974,
4498,30.6146182,46.4865537,
4499,28.839058,48.9566388,
4500,24.0320725,51.2012201,
4501,24.0441125,51.2018332,
4502,28.7396153,50.2100971,
4503,30.6233155,46.521292,
4504,34.8342914,50.9164435,
4505,36.2678845,50.1016206,
4506,36.2691657,50.1028132,
4507,25.9177747,48.3100586,
4508,24.0267995,49.8446818,
4509,24.0268735,49.8447781,
4510,30.6112579,46.5131597,
4511,30.6107734,46.5131667,
4512,37.5972538,49.7342992,
4513,35.0071175,47.8370816,
4514,30.5076546,50.4887424,
4515,31.3619742,51.5213793,
4516,31.2574863,51.5428677,
4517,35.5151808,49.3390598,
4518,35.5108338,49.3350262,
4519,35.5199329,49.5957678,
4520,35.5224238,49.5975189,
4521,35.4933927,49.4677513,
4522,35.492564,49.4675931,
4523,35.4926915,49.4685597,
4524,35.4919885,49.4668162,
4525,35.4945346,49.4703358,
4526,35.4910963,49.4721588,
4527,35.4903727,49.4645319,
4528,35.5143466,49.3336814,
4529,35.5154815,49.3374699,
4530,30.6058302,50.4209444,
4531,22.2651885,48.6549294,
4532,22.2653197,48.6554753,
4533,32.5393512,47.7123714,
4534,32.5388421,47.7121919,
4535,32.5417088,47.7134168,
4536,32.5398789,47.7125745,
4537,32.5394992,47.711712,
4538,32.5399504,47.7120054,
4539,32.54034,47.7123085,
4540,32.539343,47.7121172,
4541,34.9501252,48.2367981,
4542,34.9539669,48.2253166,
4543,34.8562236,48.4018209,
4544,35.0068204,48.3061485,
4545,34.9969629,48.3039772,
4546,34.9689571,48.3467337,
4547,34.969213,48.3449541,
4548,34.9693708,48.3443462,
4549,34.9967264,48.3038311,
4550,34.9991163,48.2991397,
4551,34.9726744,48.3333305,
4552,34.9748837,48.3293115,
4553,34.8556228,48.4024379,
4554,35.0041119,48.3034554,
4555,34.8455298,50.9056294,
4556,34.8459677,50.904782,
4557,24.9198128,48.1734712,
4558,25.172284,48.2477608,
4559,34.7759285,50.9463989,
4560,35.1730588,47.8137023,
4561,35.1639193,47.8169828,
4562,35.1631527,47.8171684,
4563,24.0526768,49.8648191,
4564,30.0530786,46.1746281,
4565,30.0515834,46.1761332,
4566,30.6877047,46.4669817,
4567,30.7380931,46.452128,
4568,30.7381583,46.4519282,
4569,30.7388582,46.4525105,
4570,30.7383898,46.4526294,
4571,30.7135389,46.4641057,
4572,30.6816549,46.4568647,
4573,30.4030175,46.4651445,
4574,30.4030406,46.4650018,
4575,30.57219,50.4122202,
4576,26.271219,50.626144,
4577,26.2737654,50.6165514,
4578,30.3156785,50.4526349,
4579,30.4789317,50.4878344,
4580,30.3587966,50.444449,
4581,30.3591061,50.44255,
4582,25.5725254,49.5511246,
4583,25.7056365,50.4132582,
4584,24.0139331,49.7776317,
4585,24.0141533,49.777632,
4586,30.5393933,50.4270948,
4587,30.5396368,50.4272124,
4588,30.5403301,50.4266411,
4589,30.5400649,50.4265287,
4590,30.5262889,50.437584,
4591,30.526565,50.4377357,
4592,30.531412,50.433937,
4593,30.5311024,50.4337799,
4594,34.9604007,48.4900143,
4595,34.9582594,48.492601,
4596,35.949552,49.8131062,
4597,23.5899272,50.27633,
4598,23.5853554,50.2777119,
4599,29.8975597,50.9210665,
4600,29.898096,50.9209543,
4601,29.8986975,50.9215327,
4602,29.8972713,50.9217368,
4603,29.8971409,50.9217155,
4604,29.8973771,50.9225218,
4605,30.0858834,49.2466739,
4606,30.0861028,49.2471569,
4607,30.0777162,49.1949084,
4608,30.0785539,49.1905781,
4609,32.971749,50.0594427,
4610,32.9710823,50.0573946,
4611,32.9732941,50.0582106,
4612,32.9727634,50.0584098,
4613,32.972011,50.0599553,
4614,32.9708625,50.059426,
4615,32.9711529,50.0594626,
4616,32.9711461,50.058521,
4617,30.2551814,50.4931226,
4618,30.2513847,50.4954517,
4619,30.2505345,50.4960816,
4620,30.250482,50.495685,
4621,30.2509979,50.4957743,
4622,32.9677298,50.058338,
4623,30.909428,49.0792997,
4624,30.8281905,49.2515288,
4625,30.8279798,49.2520014,
4626,35.0705096,48.379013,
4627,35.0705082,48.3805365,
4628,35.0303231,48.3670736,
4629,35.0735564,48.3787652,
4630,35.0740819,48.3787989,
4631,35.0702306,48.3810878,
4632,35.0704354,48.3805956,
4633,35.0735196,48.3791899,
4634,35.0734928,48.3788041,
4635,35.0712414,48.3805148,
4636,35.0102588,48.4739934,
4637,35.0166796,48.4334458,
4638,35.0168922,48.4331936,
4639,35.0280627,48.4733959,
4640,35.0425214,48.4592645,
4641,35.0421848,48.4589868,
4642,35.047403,48.4562708,
4643,35.0290077,48.4654034,
4644,35.0287929,48.4651224,
4645,35.0292289,48.4653399,
4646,35.031628,48.4071839,
4647,35.0318293,48.4072621,
4648,35.0757468,48.4503215,
4649,35.0748593,48.4484048,
4650,35.0742181,48.4470153,
4651,35.0724258,48.4431416,
4652,35.0718593,48.4419249,
4653,35.0595585,48.4496201,
4654,35.064982,48.4542793,
4655,34.8564779,48.4050629,
4656,30.1989035,48.7241152,
4657,30.197981,48.7244866,
4658,29.0646832,50.3441453,
4659,29.0617458,50.3454089,
4660,33.2962614,48.0333231,
4661,33.4770426,48.0403629,
4662,33.4748482,48.0374279,
4663,33.4878138,48.0545866,
4664,33.4888832,48.0565221,
4665,34.8065424,48.5945199,
4666,34.7949731,48.6013956,
4667,30.1240506,49.1263521,
4668,30.1236711,49.1264485,
4669,30.0941409,49.1350072,
4670,29.7080936,50.4236371,
4671,29.6335187,50.4171084,
4672,29.6336191,50.4172503,
4673,29.6269355,50.4159573,
4674,29.3731383,50.367484,
4675,29.3328217,50.3604586,
4676,28.5231327,49.4232552,
4677,28.5188372,49.4265133,
4678,28.5185893,49.4265202,
4679,28.5175169,49.4278106,
4680,28.5130021,49.4322278,
4681,28.5018776,49.4683577,
4682,28.5017405,49.4684906,
4683,28.500111,49.4640777,
4684,28.5138304,49.4766274,
4685,28.5137499,49.4764716,
4686,28.5235656,49.4827477,
4687,28.5156539,49.377376,
4688,28.5158372,49.377361,
4689,28.5152121,49.3802719,
4690,28.5150329,49.3803075,
4691,28.5144691,49.3615528,
4692,28.5146318,49.361501,
4693,34.7688917,48.4256719,
4694,34.7695714,48.4264896,
4695,34.7762588,48.4212446,
4696,30.3760244,50.4170431,
4697,28.737672,50.2108835,
4698,28.7309323,50.2132037,
4699,28.74321,50.2088612,
4700,28.6742736,50.2342004,
4701,28.6740361,50.2347915,
4702,28.673798,50.2343125,
4703,24.1673383,49.8402415,
4704,30.0495506,46.1745872,
4705,26.6588966,50.6151762,
4706,26.6534044,50.6147824,
4707,26.6534285,50.614606,
4708,26.6166562,50.6039254,
4709,26.6176275,50.6040183,
4710,26.6466983,50.6118454,
4711,26.6458086,50.6114111,
4712,26.5551828,50.6036894,
4713,26.5549211,50.6035584,
4714,26.5561742,50.6035688,
4715,26.4929857,50.601565,
4716,26.4802361,50.6008378,
4717,26.4802056,50.6009575,
4718,26.472841,50.6005361,
4719,26.4727125,50.6004048,
4720,26.4741756,50.6004888,
4721,26.4049557,50.6045484,
4722,26.404837,50.6044376,
4723,26.3546076,50.609279,
4724,26.3407289,50.6071937,
4725,26.3463272,50.6099093,
4726,26.3375702,50.6108476,
4727,26.3409163,50.6075478,
4728,26.3410328,50.6125308,
4729,28.514613,49.3786069,
4730,28.515375,49.3787621,
4731,28.5149228,49.3802011,
4732,28.5146224,49.3797519,
4733,28.5158096,49.3641226,
4734,28.5156605,49.3641853,
4735,36.3469175,49.9494932,
4736,36.3466471,49.9495761,
4737,36.3464989,49.9492646,
4738,36.3608135,49.990881,
4739,28.478468,49.2436152,
4740,25.4124025,49.0844877,
4741,25.4121798,49.0844519,
4742,25.4119374,49.0840774,
4743,25.4128861,49.0841244,
4744,25.6899308,49.3001876,
4745,25.6287752,49.4391959,
4746,25.6158087,49.4952099,
4747,25.6265579,49.4433553,
4748,25.6282532,49.4400001,
4749,25.6257077,49.4442176,
4750,25.6264005,49.4419411,
4751,25.6268643,49.4417666,
4752,25.6282601,49.4415584,
4753,25.6280628,49.4416136,
4754,24.02843,49.8447604,
4755,24.0268985,49.8450345,
4756,24.0272246,49.8448132,
4757,24.0527987,49.8644318,
4758,36.3464602,49.961361,
4759,36.3462651,49.9609826,
4760,36.3513059,49.9603877,
4761,36.3511367,49.960019,
4762,35.8353683,49.7532044,
4763,22.9552257,48.561817,
4764,24.0008638,49.6001981,
4765,24.0010617,49.6001927,
4766,35.5149204,50.1745881,
4767,35.5140621,50.1749561,
4768,24.1052867,49.7684633,
4769,24.1052847,49.7692725,
4770,24.1074446,49.7688025,
4771,24.1058018,49.7695565,
4772,24.1078749,49.7679946,
4773,22.6257828,48.2528654,
4774,34.8183271,48.5878724,
4775,34.8184787,48.5879793,
4776,34.814149,48.590328,
4777,34.8139028,48.5902865,
4778,34.7655432,48.6120316,
4779,34.7653275,48.6120323,
4780,34.7699155,48.6093167,
4781,34.7702043,48.6093148,
4782,34.8067212,48.5945903,
4783,34.8494841,48.5769293,
4784,34.8492654,48.5768733,
4785,34.794664,48.6012603,
4786,34.8112348,48.5917196,
4787,34.8114634,48.5918075,
4788,34.8530152,48.5760428,
4789,23.9797383,51.2017676,
4790,23.9790247,51.2017337,
4791,23.9744817,51.2014313,
4792,24.0037851,51.2023284,
4793,24.0014484,51.202157,
4794,24.0338153,51.2013907,
4795,24.0062571,51.2022641,
4796,24.0078494,51.2024203,
4797,36.2642941,49.9899117,
4798,36.2641658,49.9898115,
4799,36.2618507,49.9878695,
4800,36.2648421,49.9898554,
4801,36.2651276,49.9899675,
4802,23.9331661,49.8242657,
4803,23.6213402,50.2333707,
4804,36.3618576,49.9908176,
4805,36.3615015,49.9909684,
4806,36.3615765,49.9907793,
4807,36.3585939,49.9903953,
4808,36.3585393,49.9905753,
4809,36.3605549,49.9920112,
4810,36.3613801,49.9913069,
4811,24.0255568,49.8444989,
4812,24.0250541,49.8443294,
4813,36.2682097,49.9242273,
4814,36.2684339,49.9239821,
4815,36.2688111,49.9236365,
4816,26.9470277,49.4372541,
4817,26.946077,49.4354336,
4818,25.5990947,49.559293,
4819,25.5991519,49.55909,
4820,23.384001,49.9448393,
4821,23.3840486,49.9445971,
4822,23.384163,49.9448018,
4823,23.3612817,49.9341511,
4824,23.3564295,49.9345816,
4825,23.3900941,49.9480717,
4826,24.3430019,49.0449226,
4827,24.3481519,49.0210799,
4828,24.333371,49.0109293,
4829,24.3432464,49.0446079,
4830,24.4320287,49.0324274,
4831,24.4290232,49.0315106,
4832,24.3661333,49.0433592,
4833,24.365882,49.0431441,
4834,24.3657221,49.0432556,
4835,24.365929,49.0432611,
4836,24.366004,49.0432895,
4837,24.4295792,49.0323051,
4838,24.4308818,49.0326359,
4839,24.4302438,49.0328922,
4840,24.4301834,49.0329484,
4841,24.4297956,49.0329927,
4842,24.429651,49.0326882,
4843,24.4299904,49.032578,
4844,24.4300905,49.0325982,
4845,23.9875511,49.5559701,
4846,23.9557657,49.518168,
4847,24.7061431,48.9367159,
4848,24.7063991,48.9365551,
4849,24.7057121,48.9356914,
4850,24.7054015,48.9355276,
4851,24.7065383,48.9369351,
4852,24.7058687,48.936699,
4853,35.3847675,48.610495,
4854,35.3847934,48.6103895,
4855,35.3869978,48.6109145,
4856,35.3865717,48.6110257,
4857,34.8830679,48.5659577,
4858,34.8817131,48.5660243,
4859,30.8455099,48.0492765,
4860,30.1958657,47.3750251,
4861,30.1941256,47.3719521,
4862,30.1942532,47.3723137,
4863,36.2728948,49.9985238,
4864,36.2688806,50.1019402,
4865,30.1171993,49.7903025,
4866,26.2109045,50.5627707,
4867,25.6787645,50.1191039,
4868,25.7480041,50.0801913,
4869,25.6778882,50.1187013,
4870,30.5684333,50.4228607,
4871,24.69396,48.9447413,
4872,24.6937574,48.9459718,
4873,24.6931926,48.9452449,
4874,30.5202862,50.4422001,
4875,30.5202725,50.4425259,
4876,27.7699553,48.4621469,
4877,27.7700756,48.4622948,
4878,27.7700224,48.4623011,
4879,27.7699252,48.4622672,
4880,27.7699046,48.4621938,
4881,30.5692384,50.4228982,
4882,30.5683919,50.424898,
4883,30.5668275,50.4238584,
4884,30.2878658,47.7449996,
4885,30.2704329,47.739352,
4886,24.7422503,48.9171632,
4887,30.2580768,48.7542049,
4888,30.2580843,48.7541012,
4889,30.2603573,48.7545528,
4890,30.0311258,46.432803,
4891,30.6076562,50.4951781,
4892,30.3613964,50.5159006,
4893,32.0228928,49.4656719,
4894,32.022794,49.4657519,
4895,36.3607779,50.054468,
4896,36.1988992,49.936142,
4897,36.1647082,49.9500947,
4898,36.1649895,49.9503829,
4899,36.1774498,49.9810133,
4900,36.1916744,49.9720873,
4901,30.1938421,49.7186552,
4902,28.4041104,49.2376692,
4903,31.8610723,50.2338642,
4904,31.8082139,50.2168524,
4905,36.4554581,49.9255847,
4906,36.4593697,49.923778,
4907,32.5869225,46.6722134,
4908,35.0477621,47.8174336,
4909,35.0364519,47.8161709,
4910,35.0365251,47.8158627,
4911,35.0537442,47.8212975,
4912,35.0363541,47.8162211,
4913,35.0358889,47.8161863,
4914,31.237936,49.4222756,
4915,31.8944861,46.9833215,
4916,29.6699523,49.73844,
4917,29.6635468,49.7340329,
4918,34.4921476,49.5904868,
4919,34.4951813,49.5996865,
4920,25.7689608,49.0035735,
4921,34.9673526,48.3464855,
4922,34.9688514,48.3445784,
4923,34.9721754,48.3469908,
4924,34.9692759,48.3471147,
4925,23.9812986,50.068691,
4926,23.9927531,50.0547606,
4927,30.5896327,50.4955587,
4928,30.5897061,50.4952032,
4929,30.5668336,50.423617,
4930,30.5703269,50.4239979,
4931,30.5687744,50.4245855,
4932,30.5703879,50.423622,
4933,30.5611189,50.4395196,
4934,24.0349061,49.8318682,
4935,27.2212702,49.7612696,
4936,27.2214619,49.7615788,
4937,27.2212114,49.7607929,
4938,27.2212325,49.7612001,
4939,27.221031,49.7611685,
4940,27.2210763,49.761378,
4941,36.4129731,49.9406079,
4942,36.4216545,49.937747,
4943,36.4236786,49.9371125,
4944,36.4212457,49.9372957,
4945,24.0617201,49.8162276,
4946,24.0616256,49.8161066,
4947,24.1816922,50.540752,
4948,24.1777196,50.4889283,
4949,35.3825617,48.8620025,
4950,35.3791518,48.8638877,
4951,35.3792738,48.8644771,
4952,35.3742027,48.8647867,
4953,35.3773693,48.8615668,
4954,35.382097,48.8611582,
4955,35.373872,48.8638542,
4956,35.3773117,48.8619122,
4957,35.2758308,48.7710879,
4958,35.27765,48.7725099,
4959,35.2790982,48.7794567,
4960,35.2809985,48.7760742,
4961,35.282349,48.778041,
4962,35.2832073,48.7783994,
4963,35.5165461,49.2626086,
4964,35.5174529,49.2630377,
4965,35.5119381,49.2623285,
4966,35.5147811,49.2592409,
4967,35.5119904,49.2644561,
4968,35.8413985,49.7509821,
4969,36.005749,49.9683003,
4970,36.0731015,49.9549552,
4971,36.0682706,49.9555496,
4972,36.0518734,49.9596647,
4973,36.0453726,49.9608726,
4974,36.0117989,49.966675,
4975,36.0089049,49.9674359,
4976,35.9611441,49.8611517,
4977,35.9472349,49.8153579,
4978,30.8273455,49.2524286,
4979,30.6541012,48.8550563,
4980,35.8152626,47.5538359,
4981,35.8149629,47.553565,
4982,35.7913563,47.5827454,
4983,35.7910454,47.5815881,
4984,35.7918018,47.5815627,
4985,24.0616351,49.8063976,
4986,27.3368175,49.7551825,
4987,24.037728,49.8336712,
4988,24.062205,49.8069607,
4989,24.0352437,49.8333202,
4990,36.228114,49.9900459,
4991,23.9758516,49.7780153,
4992,23.9761098,49.7779141,
4993,34.8935911,48.4178575,
4994,30.6148207,46.4862085,
4995,23.9743271,51.2012921,
4996,23.9804742,51.2016591,
4997,24.0150931,49.7883815,
4998,28.3991157,49.2394809,
4999,28.3998527,49.2391961,
5000,28.3994512,49.2393555,
5001,28.4731911,49.2682174,
5002,28.4733352,49.2689098,
5003,28.4732321,49.270298,
5004,28.4734454,49.2742843,
5005,35.0413794,48.3959642,
5006,35.0402255,48.3961489,
5007,35.0406957,48.3939886,
5008,35.0411542,48.3920089,
5009,35.041269,48.3915169,
5010,35.041444,48.3907207,
5011,32.2605001,48.5036264,
5012,35.0119048,47.8677868,
5013,34.4442898,47.6221549,
5014,35.2000291,47.7833921,
5015,25.3256578,50.7471641,Lutsk
5016,28.8348645,45.3521648,
5017,28.8358352,45.3520818,
5018,28.8338912,45.3400043,
5019,26.3410458,50.614554,
5020,25.0811334,48.5439407,
5021,25.1077538,48.5193674,
5022,33.3826387,48.9929425,
5023,33.3827353,48.9935306,
5024,25.8225491,48.3541305,
5025,25.8230264,48.3535124,
5026,25.8213834,48.3534131,
5027,25.8225516,48.353221,
5028,25.8227047,48.3531909,
5029,33.1805377,52.0123292,
5030,33.1796536,52.0106266,
5031,33.1805582,52.0123503,
5032,33.4719923,51.8644868,
5033,34.9395841,50.834189,
5034,34.9399689,50.8333705,
5035,35.1425288,50.811629,
5036,35.1417312,50.8115769,
5037,24.0349446,49.8361532,
5038,29.3907772,51.2943245,
5039,24.521675,48.7857621,
5040,23.3803912,49.9384249,
5041,26.4527628,49.9564657,
5042,31.9609441,47.0482234,
5043,30.7885568,49.3291261,
5044,29.6829945,46.0271056,
5045,29.6833618,46.0268844,
5046,29.6844509,46.0278327,
5047,29.6838667,46.0280072,
5048,31.4207932,49.0250329,
5049,22.3331724,48.5786868,
5050,31.8625323,51.1390299,
5051,31.663555,51.1378453,
5052,31.5135874,51.1170737,
5053,31.5125271,51.1169223,
5054,31.0859292,50.9108097,
5055,31.0865668,50.9112438,
5056,31.3052925,51.4527834,
5057,31.3037643,51.4545034,
5058,30.6377906,50.3988599,
5059,30.6356711,50.3984292,
5060,30.662819,46.4506586,
5061,30.6594354,46.4507405,
5062,30.6245531,46.4426544,
5063,36.1531865,49.8925927,
5064,29.0497708,49.2272904,
5065,29.0497215,49.2272993,
5066,29.0495906,49.2272719,
5067,29.0495464,49.2271539,
5068,29.049609,49.2271018,
5069,29.0498541,49.2271478,
5070,29.0504223,49.2272512,
5071,29.0494238,49.2272179,
5072,29.049122,49.227489,
5073,34.9708343,47.949602,
5074,34.9698374,47.948704,
5075,34.9704398,47.9222202,
5076,34.9712768,47.9191895,
5077,34.9713698,47.9188482,
5078,34.9722331,47.9158072,
5079,34.9735628,47.9117496,
5080,34.9745863,47.9086618,
5081,34.977173,47.9011898,
5082,34.9775951,47.9000209,
5083,34.9778548,47.8993197,
5084,34.9783405,47.8980405,
5085,34.970647,47.9515676,
5086,34.9703675,47.9505904,
5087,34.9701386,47.9497255,
5088,34.9696755,47.9504557,
5089,35.1291326,47.8290925,
5090,35.140849,47.8379383,
5091,35.1409603,47.8380193,
5092,35.1387174,47.8392315,
5093,35.1388044,47.8390703,
5094,35.1334037,47.8279227,
5095,35.1354295,47.8273691,
5096,35.1638418,47.8168354,
5097,35.1736949,47.8132945,
5098,35.1772671,47.8154544,
5099,35.1777755,47.8157268,
5100,35.1039166,47.8580827,
5101,35.0994755,47.8542891,
5102,35.0994255,47.8512423,
5103,35.0997305,47.854182,
5104,35.1064194,47.8355524,
5105,35.1134422,47.8334201,
5106,35.1105236,47.8342405,
5107,35.104054,47.8581979,
5108,35.2360312,47.7861108,
5109,35.2371989,47.7857256,
5110,35.2378656,47.7861214,
5111,35.2370631,47.78613,
5112,35.2133591,47.7907377,
5113,35.2121426,47.7912911,
5114,35.2142384,47.7902203,
5115,35.2132375,47.7906493,
5116,35.2530455,47.7372832,
5117,35.2515086,47.7387025,
5118,35.104238,47.8579002,
5119,35.1654967,47.8261327,
5120,35.1637667,47.8275829,
5121,35.1636487,47.8275163,
5122,30.7383426,46.4527507,
5123,37.2766917,49.1837608,
5124,30.1797236,49.3875875,
5125,30.1906835,49.3844179,
5126,30.1907957,49.3845299,
5127,30.1908641,49.3843878,
5128,29.9416604,49.530225,
5129,29.9427455,49.5293396,
5130,30.2001277,49.801482,
5131,28.4035135,49.2381529,
5132,30.1085184,49.3591274,
5133,30.1090237,49.3596508,
5134,30.1087729,49.3621328,
5135,35.022147,47.8876498,
5136,35.0221405,47.8877861,
5137,23.913335,49.8204978,
5138,25.1530762,50.065135,
5139,25.1523012,50.0638198,
5140,25.1541293,50.065366,
5141,25.1534204,50.0656593,
5142,25.1685121,50.0747453,
5143,25.1694156,50.0759341,
5144,30.5260064,50.4605697,
5145,34.5884178,49.5590892,
5146,33.4329749,47.9316891,
5147,34.768462,48.3838477,
5148,34.8084363,48.3946533,
5149,34.7809861,48.386506,
5150,24.0612337,49.8744472,
5151,23.9815292,49.8062579,
5152,24.0140771,49.7742157,
5153,35.0536689,48.4696767,
5154,34.7740301,48.422644,
5155,34.8799353,48.566906,
5156,35.1581319,48.4790415,
5157,35.2491528,48.5794297,
5158,34.7044471,50.863014,
5159,34.7060512,50.8634629,
5160,34.7462572,50.8861547,
5161,34.7064641,50.864212,
5162,34.7070512,50.8638694,
5163,34.7060865,50.8640425,
5164,34.7064088,50.8635796,
5165,34.7065592,50.8635691,
5166,34.7070045,50.8637556,
5167,22.193156,48.4401399,
5168,22.1887887,48.440535,
5169,30.5581174,50.4424631,
5170,30.5606346,50.4395619,
5171,22.996644,48.2877874,
5172,34.8801844,50.8247047,
5173,34.8808836,50.8240556,
5174,34.7712106,50.9014793,
5175,22.4861275,48.5375034,
5176,30.8259538,50.5692353,
5177,30.5484166,50.3419905,
5178,26.5679587,51.6045498,
5179,26.5680434,51.6039309,
5180,26.5677105,51.6033657,
5181,26.5681863,51.6030421,
5182,26.5691431,51.6041281,
5183,26.5685783,51.6042742,
5184,26.5685438,51.6042686,
5185,26.5692296,51.6049456,
5186,26.5674315,51.602772,
5187,34.4783022,49.5880917,
5188,34.4835576,49.5889438,
5189,34.4910612,49.5902607,
5190,34.4531353,49.571135,
5191,30.6277662,50.4602303,
5192,30.6300517,50.4599968,
5193,26.6234736,51.3171955,
5194,26.6228123,51.3172572,
5195,30.5498679,50.3660562,
5196,30.5502062,50.3729769,
5197,30.5500049,50.373856,
5198,30.5496283,50.3682532,
5199,30.5499678,50.3689448,
5200,33.5672441,48.1024236,
5201,31.8057038,50.2159024,
5202,34.5590574,49.5837193,
5203,34.5590931,49.5835595,
5204,33.1826317,52.0105114,
5205,22.3338548,48.6328335,
5206,22.332022,48.6305948,
5207,22.3323019,48.6303785,
5208,34.5600413,49.5542923,
5209,34.5602489,49.5543963,
5210,27.2203561,49.755454,
5211,27.2206501,49.7558547,
5212,27.2203839,49.7558283,
5213,27.2208149,49.7560737,
5214,27.2204649,49.7559855,
5215,30.4474786,50.4149795,
5216,30.4460161,50.4145862,
5217,30.443515,50.4145552,
5218,30.4464306,50.4142434,
5219,34.7958203,50.9083457,
5220,33.0556699,50.0037224,
5221,31.6510261,51.3512712,
5222,25.5393805,49.5616331,
5223,32.8368258,50.7459916,
5224,26.238661,50.497647,
5225,27.1663043,50.6005658,
5226,27.1740747,50.6011448,
5227,27.174018,50.6012707,
5228,27.1662883,50.6006929,
5229,32.4307983,50.2502978,
5230,23.640785,49.7634237,
5231,23.6419661,49.763232,
5232,23.6392509,49.7827147,
5233,23.6966189,49.7870949,
5234,23.6460029,49.7639126,
5235,23.6424245,49.7659426,
5236,23.6433116,49.7612676,
5237,23.6459233,49.7636825,
5238,28.660455,50.9890843,
5239,23.1159369,49.9549721,
5240,23.1154555,49.954812,
5241,23.1219114,49.9560529,
5242,23.121872,49.9564769,
5243,23.1214583,49.9559405,
5244,24.4153169,49.7755942,
5245,24.4370317,49.9794044,
5246,28.6702327,50.4966917,
5247,34.53797,49.5761867,
5248,29.8938789,50.9212572,
5249,34.4925447,49.5716918,
5250,34.4924552,49.5706145,
5251,34.4925167,49.5702805,
5252,34.4925908,49.5705561,
5253,34.5289599,49.5996904,
5254,32.5024444,50.2278965,
5255,32.5001825,50.2283314,
5256,30.8633916,50.3797185,
5257,30.8612233,50.3783674,
5258,30.8961189,50.35432,
5259,30.8946837,50.3516679,
5260,30.8945883,50.3509357,
5261,30.894694,50.3518085,
5262,30.8959863,50.3543844,
5263,30.894843,50.3542744,
5264,24.0608504,49.8739902,
5265,24.0613043,49.8741929,
5266,36.0117186,49.9665727,
5267,36.0126447,49.9663198,
5268,36.0451938,49.9607535,
5269,36.0460457,49.960658,
5270,36.0471065,49.9605331,
5271,36.0516402,49.9595906,
5272,36.0680255,49.9554838,
5273,36.0730046,49.95483,
5274,35.7562942,49.9081059,
5275,35.7575075,49.9100503,
5276,34.9400789,50.8328315,
5277,34.9404235,50.8331501,
5278,30.3106762,50.2578902,
5279,30.3106862,50.2580583,
5280,30.281775,50.24688,
5281,30.2822355,50.2472907,
5282,30.2785928,50.2438299,
5283,30.2786411,50.2435998,
5284,30.3020778,50.2545576,
5285,30.3020506,50.2544075,
5286,30.6259742,50.1103108,
5287,30.6475446,50.0887523,
5288,30.6477992,50.0894665,
5289,30.6662117,50.1130331,
5290,30.6467896,50.0891178,
5291,30.5688726,50.4224354,
5292,30.4413887,50.4553443,
5293,30.4469009,50.4577601,
5294,25.8552035,50.7695468,
5295,25.8598734,50.7684919,
5296,25.9263721,50.7533802,
5297,25.8596915,50.7683864,
5298,25.8549932,50.7694699,
5299,30.4530615,50.5272563,
5300,30.4534616,50.5201917,
5301,36.0451618,49.9605736,
5302,36.0873087,49.957249,
5303,26.8624333,48.8957609,
5304,26.854934,48.8857641,
5305,26.2074604,50.5624701,
5306,36.0113583,49.9660731,
5307,23.6432546,49.7639362,
5308,23.6423193,49.7638544,
5309,23.6418223,49.7637628,
5310,23.6425768,49.7632215,
5311,23.6433109,49.7632832,
5312,23.6438131,49.7633342,
5313,23.6436582,49.7639567,
5314,23.7559695,49.9021896,
5315,23.6477068,49.7640064,
5316,23.6716776,49.7868877,
5317,24.1472507,50.8604043,
5318,26.863209,48.911482,
5319,26.862719,48.9113354,
5320,26.86345,48.9116512,
5321,26.8632128,48.9111904,
5322,26.863496,48.9110126,
5323,26.8639158,48.9110161,
5324,26.8639462,48.9116522,
5325,26.8637102,48.9120587,
5326,26.8636925,48.9106828,
5327,25.5830836,49.5502996,
5328,25.5827949,49.5505864,
5329,25.5891442,49.5505666,
5330,25.5833197,49.5505448,
5331,25.5820333,49.5506351,
5332,30.0015981,50.4284605,
5333,30.0018309,50.4282432,
5334,30.0015342,50.4282282,
5335,22.7306611,48.4417822,
5336,23.9879924,49.5558757,
5337,22.70988,48.4585421,
5338,22.7092718,48.4583937,
5339,22.7085135,48.4581534,
5340,36.628062,49.8713427,
5341,24.72475,49.122225,
5342,24.7244184,49.1223211,
5343,24.7241917,49.1220606,
5344,24.7245929,49.1220378,
5345,24.7300363,49.1369036,
5346,24.725103,49.122791,
5347,23.3949553,49.9112912,
5348,26.0290284,48.807713,
5349,26.0291657,48.8081086,
5350,26.0275143,48.8153666,
5351,26.0641606,48.8053116,
5352,24.0017701,49.8368484,
5353,24.0020061,49.8366331,
5354,25.3687169,49.3091209,
5355,24.0026821,49.8367607,
5356,29.0294704,50.3417176,
5357,24.0007736,49.6537649,
5358,24.0009259,49.6536559,
5359,32.6301729,49.1187711,
5360,28.75599,50.285198,
5361,28.7859015,50.2857933,
5362,24.0147009,49.7876849,
5363,24.0143418,49.7859533,
5364,23.9792176,49.7938862,
5365,23.9783972,49.7875322,
5366,25.564595,51.9654644,
5367,23.7374158,49.9142965,
5368,24.1375958,49.8968541,
5369,25.780232,50.4431791,
5370,25.3862619,50.8053547,
5371,25.5329642,51.2610169,
5372,25.7792773,50.4435969,
5373,25.7793926,50.4431959,
5374,25.7794353,50.4433498,
5375,23.9818358,48.9767951,
5376,23.9823851,48.9766852,
5377,23.981524,48.9769883,
5378,23.9812121,48.9770728,
5379,23.981091,48.976943,
5380,23.9813818,48.9768045,
5381,23.9814146,48.9768135,
5382,35.8617534,49.9653891,
5383,35.8660435,49.9662003,
5384,35.8665884,49.966321,
5385,23.5777613,48.0112495,
5386,23.5777563,48.0111322,
5387,23.5777874,48.0111148,
5388,23.5779797,48.0111639,
5389,23.5772614,48.011169,
5390,32.4736305,50.2391995,
5391,32.5014053,50.2275741,
5392,32.5023576,50.2273606,
5393,28.6561672,50.1885772,
5394,23.6730706,49.7746802,
5395,23.6740533,49.7743714,
5396,28.6929961,50.2682388,
5397,25.5467198,48.4537083,
5398,25.5471264,48.4536927,
5399,25.8224366,48.3535552,
5400,25.7935385,48.5332954,
5401,25.7898587,48.5321187,
5402,25.7892655,48.5322752,
5403,25.7917988,48.5289275,
5404,25.7959612,48.5304168,
5405,25.7937024,48.5337167,
5406,25.7923991,48.530754,
5407,25.79373,48.5310145,
5408,25.7925582,48.5306582,
5409,25.79304,48.5318634,
5410,25.7934577,48.5310865,
5411,34.3883403,48.5509546,
5412,34.3869836,48.5503749,
5413,34.1328412,51.6481931,
5414,33.2441563,52.3660117,
5415,33.0573382,49.9899694,
5416,33.0552217,49.9925165,
5417,33.0572258,49.9898943,
5418,33.065039,49.9970065,
5419,33.0652533,49.9973677,
5420,33.0644425,49.9972216,
5421,33.0647039,49.9969632,
5422,33.066012,49.9970174,
5423,30.9735366,49.0521709,
5424,30.9740182,49.0515351,
5425,30.9741659,49.0528364,
5426,30.9730255,49.0528216,
5427,30.972597,49.0508962,
5428,30.9734247,49.0513601,
5429,30.9721619,49.0556988,
5430,33.0629758,49.9963889,
5431,23.3019988,48.894134,
5432,23.3012015,48.8937046,
5433,23.3019559,48.893876,
5434,23.3021595,48.8938917,
5435,24.2722378,49.2636549,
5436,24.2728262,49.263498,
5437,30.9050668,49.0766746,
5438,30.906879,49.0784906,
5439,30.931717,49.0797369,
5440,30.9344855,49.0804531,
5441,30.9344937,49.0791125,
5442,30.93445,49.0777526,
5443,30.9066403,49.0790848,
5444,30.9061201,49.0788333,
5445,30.934569,49.0801866,
5446,34.0413755,49.9543717,
5447,34.0412016,49.9547139,
5448,34.0403638,49.9546414,
5449,34.0409847,49.9542954,
5450,36.1613407,49.9737759,
5451,30.078689,49.1904919,
5452,30.0778657,49.1949218,
5453,23.9960072,49.5815205,
5454,23.9958378,49.5815558,
5455,33.9234529,50.0175917,
5456,33.922748,50.0180807,
5457,33.92055,50.0186598,
5458,34.4178421,49.5749464,
5459,34.10906,49.5814484,
5460,34.1080713,49.5814111,
5461,34.1643643,49.5828589,
5462,34.1134086,49.5814501,
5463,24.0627496,49.4515266,
5464,24.0631566,49.4506918,
5465,24.2725337,49.2640689,
5466,24.097489,49.3834174,
5467,24.0982776,49.383629,
5468,24.0983815,49.3838513,
5469,24.0632634,49.4518743,
5470,24.0624619,49.4521502,
5471,24.0634319,49.4514464,
5472,35.0236216,48.3507192,
5473,35.0234079,48.3503883,
5474,35.0237346,48.3501815,
5475,35.0230901,48.3529215,
5476,35.0234696,48.3525681,
5477,35.0235239,48.3533128,
5478,23.6538913,49.7146741,
5479,25.9181945,48.3103378,
5480,28.5150642,48.5372673,
5481,28.5148439,48.5372083,
5482,28.5149751,48.5371321,
5483,28.5150402,48.5371471,
5484,28.5156639,48.5371903,
5485,28.5972068,48.5395265,
5486,28.5957531,48.5393962,
5487,35.8437688,49.9601066,
5488,35.833271,49.957474,
5489,35.8270803,49.9569334,
5490,32.9717764,50.0583694,
5491,32.9710223,50.0575156,
5492,23.1210853,49.9563776,
5493,30.6406979,46.4462936,
5494,30.8460939,50.5953299,
5495,23.8972007,49.8733228,
5496,30.6295378,46.3486841,
5497,30.6287187,46.3486189,
5498,24.3384746,50.1062387,
5499,35.7698282,49.9345863,
5500,35.7696387,49.936129,
5501,35.7726014,49.9409435,
5502,35.7735449,49.9419457,
5503,35.7894061,49.9502208,
5504,35.7946491,49.9513361,
5505,35.3377658,47.5747534,
5506,35.3415799,47.577928,
5507,35.3396329,47.575128,
5508,35.339107,47.5759396,
5509,34.3877004,48.5516146,
5510,30.5683489,46.5966763,
5511,30.5632236,46.5953428,
5512,30.5644355,46.5931768,
5513,30.5686827,46.59634,
5514,30.5595586,46.5923011,
5515,30.5642549,46.5931279,
5516,30.5630347,46.5953042,
5517,30.5592573,46.592623,
5518,34.8303494,49.6066882,
5519,34.8277793,49.607446,
5520,30.3619914,50.5157435,
5521,30.5384448,50.341993,
5522,34.7071786,50.86357,
5523,34.7073894,50.8640066,
5524,34.7066716,50.8633955,
5525,33.4322683,49.0975027,
5526,34.7073275,50.8630651,
5527,29.942476,49.5294944,
5528,29.9423404,49.5296365,
5529,33.0546081,49.9952207,
5530,33.0547973,49.9952096,
5531,26.6665521,50.614477,
5532,26.6557669,50.6152442,
5533,26.6537283,50.6146832,
5534,26.6547216,50.614899,
5535,23.8144113,49.9553619,
5536,32.9592955,51.5692928,
5537,32.9570681,51.5698271,
5538,27.0538892,49.4752048,
5539,27.0537522,49.4753248,
5540,27.0422929,49.466079,
5541,27.056204,49.4800998,
5542,27.0563369,49.4799724,
5543,27.0516922,49.4716447,
5544,27.0302159,49.4549697,
5545,24.0703043,49.8359485,
5546,32.9570337,51.5660283,
5547,33.0296739,51.5948926,
5548,30.7460613,51.5222754,
5549,36.0319507,48.2069027,
5550,34.451508,49.5695486,
5551,34.4467662,49.5687483,
5552,29.8856663,50.4214107,
5553,29.885804,50.4215368,
5554,28.615714,49.9579174,
5555,28.62288,49.9812579,
5556,28.6251536,49.988431,
5557,28.6267785,49.9942979,
5558,28.6398564,50.0369034,
5559,28.6798058,49.7373801,
5560,28.6795301,49.7377926,
5561,28.6646046,49.7063905,
5562,28.6504176,49.6723511,
5563,28.6548447,49.6870174,
5564,30.231193,48.5574843,
5565,30.230565,48.5587361,
5566,30.2305411,48.5584599,
5567,30.2313127,48.5650255,
5568,28.6335417,49.6160412,
5569,28.625029,49.6093914,
5570,28.5698092,49.5787613,
5571,28.5672685,49.5768565,
5572,28.5634962,49.571037,
5573,28.5605327,49.5657341,
5574,28.5492355,49.5462499,
5575,28.560659,49.565604,
5576,28.5636518,49.5708726,
5577,28.5673859,49.5767329,
5578,28.5698839,49.5785839,
5579,28.6250504,49.6092291,
5580,35.0277264,48.4123362,
5581,35.0275238,48.4122565,
5582,35.0292918,48.4103925,
5583,35.0290986,48.4103237,
5584,30.6110066,46.5127609,
5585,30.6113691,46.5130125,
5586,30.6121206,46.5131616,
5587,30.4407411,50.4434709,
5588,23.9960205,49.8492681,
5589,23.9944825,49.8498082,
5590,29.7151894,48.7955992,
5591,29.7155438,48.7955646,
5592,29.7161447,48.7955297,
5593,29.3835578,48.7971072,
5594,29.3830707,48.7963365,
5595,29.3840555,48.7978569,
5596,29.3841046,48.7978929,
5597,29.3840625,48.7981233,
5598,29.3836329,48.7979998,
5599,29.3947799,48.7992853,
5600,29.3946816,48.7989831,
5601,29.3837309,48.7970294,
5602,29.383696,48.797201,
5603,35.1634528,48.6347746,
5604,35.2773388,48.7726666,
5605,33.227792,48.0436123,
5606,33.2941977,48.0362168,
5607,33.2929315,48.0353013,
5608,33.2161831,48.0453387,
5609,33.286639,48.0380345,
5610,28.1133307,50.052628,
5611,32.2227207,46.8537141,
5612,32.2399988,46.8303845,
5613,32.2392048,46.8309451,
5614,32.2965456,46.7857027,
5615,32.2971337,46.7854609,
5616,32.3177887,46.7769042,
5617,32.3184234,46.7766416,
5618,32.3185304,46.7767277,
5619,32.3179467,46.776969,
5620,32.2975502,46.7854041,
5621,32.296989,46.7856532,
5622,32.3385527,46.7684029,
5623,25.8101343,50.4512458,
5624,25.8104588,50.4517241,
5625,25.8106141,50.4519022,
5626,25.8099897,50.4520691,
5627,23.9482379,49.8270695,
5628,23.9480572,49.8269081,
5629,22.7162024,48.4601657,
5630,30.6105541,50.1896568,
5631,30.6107794,50.1897014,
5632,28.8405244,48.9562434,
5633,28.8402955,48.9568028,
5634,35.2688191,48.5755351,
5635,35.2676418,48.5756293,
5636,28.5037017,49.2317684,
5637,28.5033678,49.2313296,
5638,28.5044932,49.2316686,
5639,28.5051875,49.2314174,
5640,28.5031214,49.2317223,
5641,28.5032228,49.2312237,
5642,28.5029048,49.2317754,
5643,36.2448793,50.0930639,
5644,28.5887671,49.2363471,
5645,28.5894806,49.2367348,
5646,28.5897614,49.2369005,
5647,28.5893739,49.2374416,
5648,28.5883541,49.2356547,
5649,24.1607992,49.9204508,
5650,24.160848,49.9200723,
5651,33.9954416,49.6353787,
5652,33.9641771,49.6560824,
5653,34.3138513,49.6074911,
5654,34.2447214,49.5979013,
5655,34.2197366,49.592485,
5656,34.8617859,49.616205,
5657,34.3608748,49.5936118,
5658,35.8231674,49.9565064,
5659,35.8277852,49.9568782,
5660,35.8486828,49.9616234,
5661,33.7108527,49.6711821,
5662,33.5718972,49.6703199,
5663,33.5842286,49.6685472,
5664,34.7769435,49.5952526,
5665,33.2733943,49.8015268,
5666,33.2906331,49.796129,
5667,34.2820969,49.6016393,
5668,31.9964535,47.0154263,
5669,31.9958822,47.0157524,
5670,36.3503184,49.996291,
5671,34.8939282,50.3080369,
5672,34.8945733,50.3082423,
5673,31.985476,46.9737522,
5674,34.7229442,49.5835979,
5675,34.7061331,49.5799353,
5676,34.7061949,49.5798155,
5677,34.7191288,49.582774,
5678,34.7189761,49.5825927,
5679,34.7227815,49.5834187,
5680,34.4903904,49.5626751,
5681,25.8876403,50.477828,
5682,25.8877009,50.4779833,
5683,25.8979169,50.4806498,
5684,25.8442638,50.4630827,
5685,25.8288884,50.4577153,
5686,25.871764,50.4725249,
5687,25.8716522,50.4723398,
5688,25.8770285,50.4742482,
5689,25.8770407,50.4743927,
5690,25.8517664,50.4657342,
5691,25.8226644,50.4554923,
5692,25.8180888,50.4538532,
5693,25.8355666,50.4601786,
5694,25.8356085,50.4603417,
5695,25.9143006,50.4850835,
5696,25.7906271,50.4462427,
5697,25.8073939,50.4508628,
5698,31.9923028,46.9716,Mykolaiv
5699,31.9293722,46.9904669,
5700,32.2886109,48.5284239,
5701,32.1971336,48.5077439,
5702,32.1964069,48.5080887,
5703,32.1962021,48.5076785,
5704,31.6504041,51.3512266,
5705,28.6736484,50.2343303,
5706,28.6737323,50.2341351,
5707,28.6742787,50.2341007,
5708,30.7093957,46.4750883,
5709,34.8943092,50.3085595,
5710,34.8953235,50.3087449,
5711,34.894288,50.30846,
5712,30.6875967,46.4663748,
5713,30.6889623,46.4662813,
5714,30.7262925,46.437802,
5715,30.726069,46.4378183,
5716,30.7260866,46.437745,
5717,25.8097992,50.4516722,
5718,32.0560907,46.9674385,
5719,32.0926844,46.9728028,
5720,30.6358489,50.4288247,
5721,32.152897,46.9501415,
5722,32.1531283,46.950022,
5723,32.1519923,46.9540916,
5724,28.5044448,49.2315766,
5725,31.9676422,47.0432087,
5726,36.2596054,50.088301,
5727,36.260042,50.0881286,
5728,30.8336921,46.6247201,
5729,30.8340179,46.6247367,
5730,30.8838579,46.6790928,
5731,32.0037992,46.9660746,
5732,31.6037699,51.8254419,
5733,33.4373674,49.1068402,
5734,33.4364959,49.10696,
5735,33.4364386,49.106662,
5736,31.9292798,46.9898331,
5737,31.8931986,46.9829679,
5738,31.8912464,46.9827184,
5739,29.6074799,47.9302913,
5740,31.9957652,47.0183007,
5741,32.0032696,46.9661078,
5742,28.8398136,48.9569743,
5743,36.2502007,49.9778471,
5744,31.8883605,46.9821251,
5745,36.3078961,49.969003,
5746,36.2063087,49.9985738,
5747,30.6304711,50.3977289,
5748,26.5769164,49.1807551,
5749,26.5765686,49.1806827,
5750,26.5773262,49.1813249,
5751,30.681582,50.4029687,
5752,27.7698265,48.4624479,
5753,27.7970972,48.4513412,
5754,27.7972273,48.4514015,
5755,27.794364,48.4481366,
5756,27.8092024,48.4490575,
5757,27.8168681,48.4508073,
5758,27.8171084,48.4506946,
5759,27.8170263,48.4509668,
5760,30.4840689,50.5315574,
5761,30.4804465,50.5293187,
5762,30.4796119,50.5291541,
5763,30.4838158,50.5273186,
5764,35.3893571,48.6112316,
5765,35.3893024,48.6113541,
5766,24.6531792,49.4046391,
5767,24.6534127,49.4043609,
5768,24.6107716,49.3833071,
5769,23.9464456,49.8266789,
5770,23.9476096,49.8268264,
5771,23.9473247,49.8268943,
5772,23.9478371,49.8269926,
5773,30.4194375,50.3970636,
5774,27.002578,50.121972,
5775,27.0046143,50.121004,
5776,27.7219613,50.5756537,
5777,27.7217484,50.5755625,
5778,30.6849429,50.4022303,
5779,26.6227037,51.3172817,
5780,26.6220769,51.3177363,
5781,26.6220376,51.3170962,
5782,26.6231385,51.3168593,
5783,26.6220414,51.3150343,
5784,35.185651,47.8088159,
5785,26.9599599,50.5992392,
5786,26.9585068,50.5991638,
5787,26.951275,50.5987884,
5788,26.922709,50.5971584,
5789,26.9239619,50.5972232,
5790,26.9296887,50.5976388,
5791,26.9284469,50.5975754,
5792,26.8727502,50.5948003,
5793,26.8741328,50.5947087,
5794,26.8873359,50.595425,
5795,26.8859909,50.595357,
5796,36.2183229,50.0032027,
5797,32.1520327,48.5007528,
5798,24.6068681,51.2073529,
5799,24.7702021,51.1925843,
5800,27.1014888,49.3874142,
5801,27.1016064,49.3880313,
5802,27.1017701,49.3900763,
5803,27.1011177,49.3907187,
5804,27.1004002,49.3903076,
5805,27.1004631,49.3879562,
5806,27.1010227,49.3899307,
5807,27.1010077,49.3897941,
5808,27.09916,49.3884594,
5809,32.2503559,51.7743542,
5810,30.8308867,46.5626846,
5811,30.8309556,46.5625694,
5812,30.8312244,46.5625997,
5813,30.8310435,46.5627958,
5814,23.9844032,49.8127695,
5815,36.2600178,49.9466435,
5816,29.6750178,49.3728682,
5817,29.674403,49.37286,
5818,34.9583271,50.470362,
5819,36.2315799,49.982694,
5820,36.2377993,49.9836051,
5821,36.2373501,49.9833025,
5822,36.2379125,49.9833354,
5823,36.2326157,49.988354,
5824,36.2379702,49.9833098,
5825,36.2385526,49.9834268,
5826,34.9653171,50.4801475,
5827,31.3661124,49.704559,
5828,31.3666807,49.7045086,
5829,31.3668287,49.7047544,
5830,31.3666687,49.7040826,
5831,31.3671796,49.7044418,
5832,31.366752,49.7047183,
5833,31.3667352,49.7044345,
5834,35.0795613,47.8736965,
5835,23.5307821,49.0525106,
5836,23.5308753,49.0523232,
5837,30.4427876,50.4442164,
5838,30.6078752,50.4951996,
5839,34.9654843,50.4810737,
5840,35.2565302,48.748988,
5841,35.140898,48.5854283,
5842,35.1455233,48.5868777,
5843,35.1885936,47.8013305,
5844,35.2359945,47.7859192,
5845,34.9688242,48.3472872,
5846,36.2044008,49.3937545,
5847,35.2402855,47.8510854,
5848,22.8373793,48.0942942,
5849,31.951794,50.2331844,
5850,31.9211335,50.2339784,
5851,30.7970242,46.5772567,
5852,30.7973818,46.5771366,
5853,30.8039959,46.5870971,
5854,30.8061525,46.5900767,
5855,30.8071986,46.5915717,
5856,30.7914191,46.5693598,
5857,30.7942886,46.5734257,
5858,30.7956158,46.5753199,
5859,30.7967771,46.5769109,
5860,30.7887216,46.5659609,
5861,30.7858619,46.5639615,
5862,30.7755755,46.5589876,
5863,30.7721945,46.5574213,
5864,30.7968041,46.5773501,
5865,30.7953926,46.5753935,
5866,30.794076,46.5734903,
5867,30.3064311,50.4520903,
5868,25.565335,49.5507354,
5869,25.5651545,49.550377,
5870,25.0241164,49.9584913,
5871,25.0240274,49.958206,
5872,25.565352,49.5511051,
5873,30.8849514,46.6795848,
5874,31.2359857,47.3555078,
5875,34.9285357,48.0778116,
5876,35.5197529,49.5981863,
5877,35.5201882,49.5962899,
5878,35.5225394,49.5955909,
5879,35.5215093,49.5951316,
5880,24.7131564,48.9047726,
5881,24.7131307,48.9009029,
5882,24.7139543,48.9050972,
5883,24.7141489,48.9054687,
5884,24.7131567,48.9041729,
5885,24.7135608,48.9045533,
5886,24.7135888,48.9052887,
5887,35.5224334,49.597839,
5888,35.841842,49.7510785,
5889,35.8887511,49.7622163,
5890,35.4256577,49.0454235,
5891,35.4278346,49.0455587,
5892,36.3071113,48.8912284,
5893,36.4136958,48.4248789,
5894,36.4140909,48.4255382,
5895,36.4147473,48.4253759,
5896,30.4103812,46.7942301,
5897,30.4187209,46.7954061,
5898,30.4139305,46.7994585,
5899,30.4118379,46.7943083,
5900,30.4167139,46.7920051,
5901,30.4170299,46.7917599,
5902,30.4194873,46.7955657,
5903,35.8176527,48.5356407,
5904,35.7851121,48.5453657,
5905,35.7793182,48.5466349,
5906,35.7578239,48.5513425,
5907,35.7259611,48.5583238,
5908,36.2177033,47.9810229,
5909,36.0316263,48.2060896,
5910,36.0319205,48.2063515,
5911,36.0207043,48.2183511,
5912,36.0215963,48.2173117,
5913,36.0210473,48.2178047,
5914,35.7783549,48.5467159,
5915,26.2294223,50.6229628,
5916,22.9986682,48.2862417,
5917,30.40132,46.8299356,
5918,30.4015468,46.8276248,
5919,30.4005425,46.8328056,
5920,30.4031366,46.82641,
5921,30.4053246,46.8306992,
5922,30.3084061,47.9422318,
5923,30.3099039,47.9691855,
5924,32.1625175,46.9158574,
5925,27.9345528,50.7897755,
5926,30.1143674,49.3958194,
5927,30.1178377,49.3958396,
5928,30.1192627,49.3965974,
5929,30.1181664,49.3977468,
5930,30.1060645,49.3233214,
5931,30.1572718,49.4646968,
5932,30.1198946,49.4037579,
5933,30.1197427,49.4038139,
5934,30.1083605,49.3571181,
5935,30.1187523,49.4000023,
5936,30.118898,49.3999213,
5937,30.1663493,49.4979024,
5938,30.191289,49.6735721,
5939,30.1911235,49.6736914,
5940,30.1922198,49.6790679,
5941,30.1923508,49.6788946,
5942,30.1927698,49.6809673,
5943,30.192627,49.6810709,
5944,30.1698535,49.5106877,
5945,30.1787081,49.6138263,
5946,30.1902726,49.6696419,
5947,30.1904429,49.6694138,
5948,30.1783077,49.6108286,
5949,30.1730526,49.5663132,
5950,30.1183237,49.3977105,
5951,30.0918493,49.2766864,
5952,30.0915882,49.2748468,
5953,30.0915394,49.2741829,
5954,30.0914844,49.2730062,
5955,30.0906341,49.2602849,
5956,30.0906261,49.2600482,
5957,30.0874746,49.2502272,
5958,30.1054568,49.3230345,
5959,30.1055779,49.3236541,
5960,30.1086262,49.3602809,
5961,30.1540953,49.4542801,
5962,30.1883717,49.6594174,
5963,30.1861205,49.64855,
5964,30.1859293,49.6486927,
5965,30.188797,49.6625256,
5966,30.1849148,49.6437981,
5967,30.1851108,49.6436747,
5968,30.192458,49.6802349,
5969,30.1923304,49.679617,
5970,30.1881806,49.6595527,
5971,30.1781232,49.6109569,
5972,30.1738294,49.5898057,
5973,30.1729999,49.564763,
5974,30.1725129,49.5645648,
5975,34.9502889,48.2368579,
5976,34.9541256,48.2253421,
5977,32.0209106,49.4571174,
5978,32.0211755,49.4578061,
5979,25.2570445,50.8018142,
5980,22.5061076,48.5291216,
5981,22.5013279,48.532945,
5982,26.4693639,50.8859826,
5983,26.4691234,50.8857937,
5984,23.1446484,48.1951876,
5985,23.1422842,48.1954242,
5986,23.1420994,48.1954318,
5987,23.1426858,48.1959803,
5988,30.1642986,48.994563,
5989,30.1634385,48.9969024,
5990,30.1629779,48.9958634,
5991,30.163837,48.9933686,
5992,30.1625205,48.9955148,
5993,30.1630488,48.9982109,
5994,30.1625757,48.9960038,
5995,30.1703032,48.9787839,
5996,30.1642381,48.9922911,
5997,30.7757039,46.5588544,
5998,30.6676937,50.159052,
5999,30.6628574,50.1357432,
6000,30.605162,50.1916738,
6001,30.5820445,50.2383714,
6002,30.6620995,50.1724834,
6003,30.661979,50.1724249,
6004,30.6053875,50.1917193,
6005,36.2303566,50.0079902,
6006,29.4027721,51.2415144,
6007,30.1193419,49.4022715,
6008,30.118666,49.4019346,
6009,32.628521,49.1187478,
6010,32.6288811,49.1185128,
6011,32.6293081,49.1182622,
6012,32.6293675,49.1190178,
6013,32.62878,49.1191046,
6014,32.6293144,49.1185862,
6015,32.6294396,49.1187046,
6016,25.704478,50.4135567,
6017,25.7431134,50.4286621,
6018,26.6222159,51.3166257,
6019,26.6230542,51.3167256,
6020,25.4042986,50.1824335,
6021,25.2925126,50.1552355,
6022,25.2923945,50.1551084,
6023,25.3739654,50.1656478,
6024,25.3602067,50.1617683,
6025,25.3677077,50.1625516,
6026,25.3692227,50.1626037,
6027,32.1601414,48.5129836,
6028,32.16108,48.5133,
6029,32.1602808,48.5138967,
6030,32.1595561,48.5135343,
6031,23.9030669,51.2032567,
6032,23.696758,49.6251722,
6033,29.0798762,51.6363452,
6034,29.0825213,51.635453,
6035,29.0926724,51.6351292,
6036,35.4778653,48.6034208,
6037,35.4297497,48.6106408,
6038,34.9331742,50.7889422,
6039,37.6916202,49.5270678,
6040,33.0736175,51.4059191,
6041,32.7199124,48.7105604,
6042,32.7204829,48.7104752,
6043,26.7934008,48.442801,
6044,26.7928163,48.442886,
6045,26.7924837,48.4431179,
6046,26.7924176,48.4435113,
6047,32.1878232,47.0414863,
6048,30.313603,47.9073069,
6049,30.3132342,47.9070807,
6050,30.1517785,49.0737757,
6051,30.1517422,49.0740657,
6052,30.1490856,49.0979591,
6053,30.1491112,49.0976876,
6054,36.2972388,49.9736917,
6055,30.149299,49.0976922,
6056,30.1492717,49.0979648,
6057,30.1515578,49.0740583,
6058,30.1515953,49.0737682,
6059,30.2883178,48.2114071,
6060,30.2877992,48.2109775,
6061,26.5212228,50.3289571,
6062,33.8835273,51.7201856,
6063,35.2335216,51.2049372,
6064,33.2235313,49.1851324,
6065,33.2242707,49.185378,
6066,33.2217151,49.1855047,
6067,33.2233351,49.1856035,
6068,33.3830237,48.9946583,
6069,33.3823309,48.9937112,
6070,33.3823115,48.9936992,
6071,33.2098756,49.0402615,
6072,34.5797483,49.5772727,
6073,34.5800532,49.5771798,
6074,34.5801681,49.5772866,
6075,36.2414587,49.9817955,
6076,36.2412281,49.9818959,
6077,35.386287,48.6107779,
6078,35.4340207,48.6101373,
6079,31.0438247,49.9711683,
6080,36.3048402,50.0291592,
6081,30.3097312,47.2627735,
6082,30.3095529,47.2627836,
6083,30.3071087,47.2435626,
6084,30.3066633,47.2400358,
6085,30.3066223,47.2397106,
6086,30.3052891,47.2286362,
6087,30.3122004,47.1986165,
6088,30.3123093,47.1982212,
6089,30.3263813,47.1281548,
6090,30.3255683,47.1240725,
6091,30.3130788,47.0400039,
6092,30.3131958,47.039533,
6093,30.3074612,47.3321406,
6094,30.3073193,47.3342662,
6095,30.3072824,47.33476,
6096,30.3071665,47.3367265,
6097,30.3115661,47.2752092,
6098,30.311678,47.2756727,
6099,30.311408,47.2752804,
6100,30.3113006,47.2747998,
6101,30.3064041,47.2363815,
6102,30.3067761,47.2366178,
6103,30.3063676,47.2398882,
6104,30.3067839,47.2396269,
6105,30.3071247,47.2398361,
6106,33.3827472,48.9935655,
6107,24.7969939,48.8358333,
6108,24.7978687,48.8356018,
6109,24.7986526,48.8357214,
6110,24.7986074,48.8357995,
6111,24.798132,48.8359189,
6112,24.7980213,48.8358814,
6113,24.7980013,48.8354638,
6114,24.798272,48.8354027,
6115,24.7985074,48.8354593,
6116,34.9301102,48.0528931,
6117,30.4795118,46.6938473,
6118,30.4812222,46.6916907,
6119,30.5241284,46.6525461,
6120,30.4260566,46.7692385,
6121,30.4254664,46.7707174,
6122,30.3160477,47.0288645,
6123,30.5135914,50.4339919,
6124,30.3566047,50.4573053,
6125,30.3422436,50.4545353,
6126,30.4810634,50.4488036,
6127,35.8651199,50.0529046,
6128,29.7429601,48.1311676,
6129,23.5808686,49.784423,
6130,35.0707569,48.439546,
6131,35.0709599,48.4395061,
6132,31.3621279,51.5215118,
6133,30.553461,50.3434317,
6134,30.5543123,50.3385824,
6135,27.583353,50.591698,
6136,22.2583391,48.6548526,
6137,32.9669124,51.569932,
6138,32.966431,51.569733,
6139,23.825434,51.1944808,
6140,23.8393473,51.1949875,
6141,23.8969728,51.2024582,
6142,24.0061442,49.6803197,
6143,24.0053223,49.681239,
6144,34.5055568,48.3426788,
6145,34.5030863,48.3417768,
6146,34.4806246,48.3333866,
6147,34.4766468,48.3321608,
6148,34.457285,48.3258532,
6149,34.4540076,48.324248,
6150,34.4446838,48.3197249,
6151,34.4416914,48.318277,
6152,34.4378782,48.3164286,
6153,34.4345684,48.3147939,
6154,32.5658256,46.7188537,
6155,32.5675114,46.7192137,
6156,32.5649934,46.719117,
6157,32.5631735,46.7187378,
6158,32.5651583,46.7187213,
6159,29.7004467,50.4236178,
6160,28.2060183,50.4244739,
6161,28.1258603,50.456102,
6162,28.114382,50.4595431,
6163,27.7848028,50.5591917,
6164,27.7856694,50.5587943,
6165,28.0442471,50.4804074,
6166,28.0440549,50.4803253,
6167,28.0581169,50.4761464,
6168,28.2855298,50.375446,
6169,28.2862646,50.3751716,
6170,28.4889543,50.3050365,
6171,28.48919,50.3051263,
6172,28.4032015,50.3211037,
6173,28.4030156,50.3210086,
6174,28.2278917,50.4110131,
6175,27.7097289,50.5776713,
6176,27.7108752,50.5774752,
6177,28.2063103,50.4244733,
6178,27.7936966,50.5550448,
6179,28.3920414,50.3230578,
6180,28.3922542,50.3231531,
6181,27.7296563,50.5742969,
6182,27.763575,50.5683007,
6183,27.7633369,50.5682156,
6184,27.8876055,50.5266641,
6185,27.8873883,50.5265945,
6186,28.2135949,50.4198118,
6187,28.2138349,50.4198391,
6188,27.7849088,50.5592861,
6189,27.7846517,50.5592611,
6190,28.0121376,50.4897986,
6191,28.0123654,50.4898677,
6192,27.7708879,50.5656722,
6193,27.7711034,50.5657165,
6194,27.8931677,50.52489,
6195,27.8933933,50.5249509,
6196,28.1803356,50.4396712,
6197,28.1805585,50.4397414,
6198,28.299574,50.3667854,
6199,28.1141502,50.4594762,
6200,28.0517851,50.4780359,
6201,28.0519409,50.4781254,
6202,27.7548281,50.5697246,
6203,27.7550407,50.5698151,
6204,28.2682327,50.3861269,
6205,27.7395971,50.5724157,
6206,27.7398053,50.5725074,
6207,28.007255,50.4913775,
6208,28.007011,50.4913188,
6209,28.3255271,50.3507546,
6210,28.3261932,50.350518,
6211,27.7466503,50.5712879,
6212,27.7464674,50.5711943,
6213,27.8610644,50.5344717,
6214,27.8608229,50.5344073,
6215,28.4548946,50.3113179,
6216,28.4551255,50.3114079,
6217,27.9380473,50.5116931,
6218,27.9382808,50.5117654,
6219,28.1502126,50.4486893,
6220,28.1503943,50.4487786,
6221,28.1009734,50.4633949,
6222,28.101251,50.4634466,
6223,28.0961149,50.4649761,
6224,28.0958914,50.4649047,
6225,27.8101103,50.549428,
6226,27.8747729,50.5304382,
6227,27.8745798,50.5303655,
6228,27.879554,50.5288944,
6229,27.8797429,50.5289755,
6230,28.3461065,50.3381992,
6231,28.3458633,50.3381785,
6232,28.1458813,50.4501232,
6233,28.1457408,50.4500228,
6234,27.9995717,50.4935219,
6235,27.9997776,50.4935978,
6236,27.9286972,50.5145914,
6237,27.9284802,50.5145184,
6238,28.0648543,50.4742876,
6239,28.1751074,50.4413922,
6240,28.174819,50.4413416,
6241,28.125607,50.4560497,
6242,27.8660514,50.532869,
6243,27.8662991,50.5329305,
6244,28.1310118,50.4545657,
6245,28.1095597,50.4609734,
6246,28.109307,50.4609162,
6247,36.2768346,50.0440008,
6248,33.2047716,49.0434863,
6249,23.042084,48.1397181,
6250,23.0409158,48.1398656,
6251,37.2896987,49.2071269,
6252,37.2886145,49.2046509,
6253,30.0329467,46.3359426,
6254,30.033043,46.3357255,
6255,30.0332381,46.3357801,
6256,30.0335991,46.3353428,
6257,30.0333647,46.3356649,
6258,30.0331907,46.3355459,
6259,30.4826767,50.4862636,
6260,33.2055794,49.0438781,
6261,25.1083143,48.3234654,
6262,26.9390747,49.3604242,
6263,23.0938936,48.7551545,
6264,23.0941636,48.7561858,
6265,22.8279882,48.0922102,
6266,32.2443532,51.7770161,
6267,29.4788279,48.1846516,
6268,25.5952637,49.5510525,Ternopil
6269,23.955387,49.5198775,
6270,26.1100095,50.1240508,
6271,26.1105367,50.1244133,
6272,26.1104156,50.124763,
6273,26.032634,50.0658029,
6274,26.0327242,50.0662588,
6275,26.0319147,50.0658205,
6276,26.0322756,50.0656361,
6277,26.1104099,50.1241816,
6278,26.1074235,50.1297151,
6279,26.107934,50.1291098,
6280,26.1081077,50.1296532,
6281,26.1081778,50.1299719,
6282,26.1085878,50.1307918,
6283,26.1102056,50.1244533,
6284,26.1101074,50.1243067,
6285,26.0323254,50.065851,
6286,26.032294,50.0658359,
6287,25.7154691,50.7824088,
6288,25.7155372,50.7819604,
6289,25.7098665,50.3810888,
6290,25.3367588,50.7624993,
6291,25.336339,50.7628397,
6292,32.249509,51.7652837,
6293,35.7577024,48.5512496,
6294,34.9245304,50.3441604,
6295,33.4055552,51.5310264,
6296,33.4057041,51.5309778,
6297,33.4062905,51.5307866,
6298,23.1324434,48.9121145,
6299,23.1321294,48.9109903,
6300,25.5660802,48.5337224,
6301,25.5660055,48.533442,
6302,25.5661538,48.5337216,
6303,32.2439457,51.7775662,
6304,30.849943,50.5124371,
6305,30.8366671,50.5000794,
6306,30.8394387,50.502898,
6307,28.8769044,50.9114982,
6308,28.8813199,50.9098147,
6309,35.0988239,47.8388662,
6310,35.0994888,47.8382688,
6311,35.0997185,47.8381223,
6312,35.1007199,47.8375667,
6313,35.1009325,47.8374694,
6314,35.103142,47.83664,
6315,35.1455044,47.8245848,
6316,29.7079854,50.4235142,
6317,29.9740829,50.4266422,
6318,32.6118255,48.72142,
6319,32.6139719,48.7213889,
6320,30.7261028,46.4376732,
6321,30.7258066,46.4378709,
6322,30.7246969,46.4379406,
6323,26.9468761,49.4349314,
6324,26.9481805,49.4369962,
6325,22.2859092,48.6550213,
6326,22.2884014,48.65514,
6327,22.272826,48.6536515,
6328,22.2859491,48.6552171,
6329,22.2853123,48.6556629,
6330,22.2857318,48.6552735,
6331,22.285322,48.6549547,
6332,22.2878632,48.6551224,
6333,22.2655492,48.652711,
6334,23.9806379,51.2017942,
6335,30.5022961,48.6945446,
6336,30.5034304,48.6946474,
6337,35.3354162,48.5937327,
6338,35.4002841,48.6132501,
6339,35.4003333,48.6131524,
6340,35.4822198,48.6029077,
6341,35.7922377,48.5431651,
6342,35.8027106,48.5391686,
6343,35.8577368,48.5256233,
6344,35.9581352,48.4985791,
6345,35.9557326,48.5010074,
6346,35.9561647,48.4990037,
6347,35.958248,48.4985072,
6348,35.5477928,48.5928706,
6349,35.5699009,48.5897024,
6350,35.559905,48.5912064,
6351,35.5035934,48.5995412,
6352,35.5077257,48.599096,
6353,35.4154319,48.6129069,
6354,35.4089903,48.6138407,
6355,35.3704574,48.6084365,
6356,25.6279987,49.3807464,
6357,25.62827,49.3803762,
6358,33.8589453,51.3466191,
6359,31.2950478,51.4943244,
6360,31.2953624,51.4942936,
6361,31.3088382,51.5021332,
6362,31.3086144,51.5020192,
6363,22.3582446,48.562239,
6364,22.3583732,48.5623292,
6365,22.3819032,48.5498569,
6366,22.3819823,48.5499519,
6367,22.3774003,48.5514722,
6368,22.37733,48.5513566,
6369,23.9977063,49.6399993,
6370,23.9975255,49.6400199,
6371,32.5520919,46.6910555,
6372,32.5603919,46.6871713,
6373,30.5681725,50.4245682,
6374,31.2750849,51.4866479,
6375,26.9311097,51.281339,
6376,29.7521788,50.4165444,
6377,33.8783839,50.8357521,
6378,25.5117959,50.7735545,
6379,25.5102416,50.7728378,
6380,25.5001313,50.768138,
6381,25.4978533,50.7670713,
6382,25.490365,50.7635806,
6383,25.4808043,50.7591114,
6384,25.4809368,50.7590093,
6385,25.49049,50.7634816,
6386,25.4979715,50.7669829,
6387,25.5002499,50.7680444,
6388,25.5118951,50.7734676,
6389,25.6068223,50.7794722,
6390,25.6068686,50.7800358,
6391,25.7854261,50.7794252,
6392,25.7854425,50.7795484,
6393,25.7805342,50.7797604,
6394,25.7805203,50.7796329,
6395,30.7467259,51.521483,
6396,33.7448523,49.6711222,
6397,33.7369527,49.671368,
6398,23.9790307,49.7939214,
6399,30.4127366,46.8024184,
6400,30.3801881,46.8741502,
6401,35.0271148,48.4795178,
6402,32.565711,46.7192206,
6403,35.1410097,51.1741361,
6404,35.1335853,51.1708341,
6405,33.4725554,51.8638528,
6406,33.4726622,51.8644364,
6407,33.4726324,51.864296,
6408,33.4726753,51.8642529,
6409,33.4729255,51.8642111,
6410,33.4984085,51.8568074,
6411,33.4993222,51.8567368,
6412,33.4989712,51.8567639,
6413,33.4982237,51.8564919,
6414,33.4980644,51.8562525,
6415,33.4990941,51.8566213,
6416,26.0627626,47.9866177,
6417,26.0613954,47.9877499,
6418,26.0621977,47.986525,
6419,26.0587737,47.9906681,
6420,26.0559976,47.9937222,
6421,26.0551683,47.9946178,
6422,22.1703336,48.4211979,
6423,32.6222809,49.0584075,
6424,23.8023767,51.1802961,
6425,23.8552144,49.2464189,
6426,23.8544925,49.2464016,
6427,33.216219,48.0454387,
6428,22.9440586,49.7998738,
6429,22.9445384,49.7996582,
6430,22.9466772,49.7995536,
6431,22.9471759,49.7996709,
6432,22.9448425,49.7994503,
6433,22.9450643,49.799335,
6434,22.9464747,49.7994519,
6435,22.9465967,49.7994873,
6436,22.9422291,49.799999,
6437,23.8031074,51.1823071,
6438,23.8027961,51.1821693,
6439,23.8013622,51.1810483,
6440,23.8014054,51.1809863,
6441,23.8014397,51.1809373,
6442,31.6831754,51.137643,
6443,30.6442863,46.4753973,
6444,30.6638492,46.471498,
6445,31.2838887,51.5021984,
6446,31.2940852,51.4935603,
6447,25.1416897,50.0462482,
6448,25.1418568,50.0461749,
6449,25.1231124,50.0156116,
6450,25.1232774,50.0155552,
6451,25.1302565,50.0274096,
6452,25.1303797,50.0272884,
6453,25.1261059,50.0202335,
6454,25.1259794,50.020365,
6455,25.1489664,50.0579592,
6456,25.1487932,50.0580071,
6457,25.1341714,50.0335333,
6458,25.1340182,50.0336131,
6459,28.2279598,45.4817726,
6460,28.2257557,45.4813441,
6461,26.4564772,48.7667155,
6462,26.3773615,48.8962172,
6463,26.3767903,48.895925,
6464,26.5401493,48.6570257,
6465,32.1950147,46.8843217,
6466,32.3097446,49.6773443,
6467,32.3085022,49.6778616,
6468,25.3178358,50.7483082,
6469,30.5680287,50.4266658,
6470,28.9998122,51.6477902,
6471,29.0786131,51.6369188,
6472,31.8805031,51.0441129,
6473,31.8810294,51.0421098,
6474,31.8832608,51.0336885,
6475,31.8800217,51.0468266,
6476,30.5242217,46.6526706,
6477,30.5028396,46.6664131,
6478,30.5024747,46.6667171,
6479,30.4941095,46.6757763,
6480,30.4938,46.6761606,
6481,26.5507048,49.185984,
6482,22.3287459,48.5919016,
6483,29.6265684,47.9356763,
6484,29.6204751,47.9366551,
6485,35.8554144,49.134277,
6486,28.0276214,49.3585522,
6487,28.0269336,49.3587987,
6488,28.0228509,49.3596432,
6489,23.201622,49.9558458,
6490,23.216471,49.9550145,
6491,23.1941736,49.9533196,
6492,23.1870644,49.9492703,
6493,27.2392253,49.3853625,
6494,27.2719868,49.38984,
6495,33.608678,49.1223602,
6496,33.6081751,49.1223266,
6497,33.6072693,49.1222276,
6498,33.608795,49.1217857,
6499,30.8055589,46.5939935,
6500,25.1422997,49.2696451,
6501,25.1420719,49.269752,
6502,30.6898185,49.4733274,
6503,30.6913681,49.4726896,
6504,30.6919389,49.4731338,
6505,36.1258456,49.9629761,
6506,31.4993558,50.0598186,
6507,32.1993194,50.227199,
6508,32.1993964,50.2270778,
6509,28.6510344,50.2619587,
6510,28.6504445,50.2617549,
6511,29.9883253,46.7845457,
6512,29.9881061,46.784545,
6513,30.6151988,46.4862451,
6514,30.3170383,47.0258369,
6515,30.3157496,47.0299776,
6516,30.3168361,47.025921,
6517,30.3171137,47.0248845,
6518,30.3195907,47.0154135,
6519,30.3217471,47.0072368,
6520,30.3257341,47.1240139,
6521,30.3260656,47.1256841,
6522,30.3261968,47.1263447,
6523,30.3265503,47.1281239,
6524,30.3153558,47.1872219,
6525,30.3152326,47.1876898,
6526,30.3125156,47.1981161,
6527,30.3123533,47.1986931,
6528,30.3054541,47.2285524,
6529,30.3064599,47.2368292,
6530,30.3068362,47.2400267,
6531,30.307275,47.2435063,
6532,35.370543,48.6083338,
6533,29.2738583,47.8791428,
6534,32.8007401,50.0635851,
6535,32.8008449,50.0636914,
6536,36.1543528,49.8933408,
6537,36.153453,49.8927698,
6538,24.8818107,48.9044791,
6539,24.3326059,49.0101104,
6540,23.5343149,49.0534836,
6541,30.3281949,46.1700611,
6542,30.3262252,46.1758686,
6543,27.5359296,48.7133833,
6544,31.0023229,49.6692818,
6545,31.0022011,49.6694751,
6546,31.0021382,49.669477,
6547,31.0019891,49.669292,
6548,24.7040586,48.9361472,
6549,24.7045101,48.9362928,
6550,24.936383,48.9155556,
6551,24.9373492,48.9160595,
6552,33.4924665,51.307333,
6553,23.9966022,49.6361806,
6554,23.9967589,49.6360468,
6555,24.0845698,51.2039734,
6556,24.0918173,51.2043658,
6557,24.1108774,51.2054003,
6558,35.790988,47.58149,
6559,34.7448989,50.8852998,
6560,34.7459501,50.8851645,
6561,31.1832643,51.4991213,
6562,31.1836751,51.4994121,
6563,25.3353341,49.8658199,
6564,25.3354048,49.8654238,
6565,29.8952131,50.4219634,
6566,30.4828409,50.5293538,
6567,28.5973289,48.5393153,
6568,28.5979941,48.5388571,
6569,24.2193893,50.3656906,
6570,24.2198496,50.3655271,
6571,25.6164737,50.2968447,
6572,29.6629649,49.7339457,
6573,29.6624637,49.7339605,
6574,25.578319,50.2822546,
6575,25.5822112,50.2872191,
6576,25.5694138,50.2780269,
6577,25.5858461,50.2906161,
6578,25.5510008,50.2749446,
6579,25.6127103,50.2949776,
6580,25.6125894,50.2948111,
6581,25.5695267,50.2781827,
6582,25.5821075,50.2873777,
6583,25.5726841,50.2791629,
6584,25.5725482,50.2789877,
6585,25.5858042,50.2907535,
6586,25.5782894,50.2824131,
6587,25.5511267,50.2750898,
6588,25.7092262,50.3815982,
6589,25.7090787,50.3813614,
6590,25.7088748,50.3809775,
6591,25.7094028,50.3814312,
6592,25.7092894,50.3814286,
6593,25.7097412,50.3812901,
6594,25.7092947,50.3811866,
6595,25.7094748,50.3819777,
6596,25.7096992,50.3811845,
6597,25.7093704,50.381366,
6598,25.7404795,50.4278718,
6599,25.8096978,50.4515047,
6600,25.8122428,50.4523554,
6601,27.4494289,48.412796,
6602,27.4495846,48.4125851,
6603,23.1932654,49.9526251,
6604,29.646998,47.4230284,
6605,29.6791917,47.3951994,
6606,29.6888842,47.3869571,
6607,26.9488406,49.3605133,
6608,26.9542642,49.3607233,
6609,26.9488579,49.36112,
6610,24.6481302,51.2037046,
6611,24.6545768,51.2033013,
6612,24.599952,51.2080304,
6613,24.6545512,51.2031837,
6614,24.6481366,51.203838,
6615,30.5227399,50.5862712,
6616,30.3264708,46.1732902,
6617,34.8815112,50.8242271,
6618,34.8813656,50.8246756,
6619,34.9323604,50.7901921,
6620,25.5647854,49.5507193,
6621,25.5661504,49.5508029,
6622,25.5657465,49.5507636,
6623,25.5725405,49.5512864,
6624,25.572881,49.5511211,
6625,30.7408619,46.4625383,
6626,31.7785682,52.0957157,
6627,31.7782626,52.0954646,
6628,31.7893218,52.0824382,
6629,31.7887995,52.0824901,
6630,36.307361,50.0290356,
6631,31.7385157,48.5628557,
6632,31.7525723,48.5653382,
6633,35.6368801,48.5776092,
6634,35.5924809,48.5862531,
6635,35.6273805,48.5794806,
6636,35.5863186,48.5870519,
6637,35.6474137,48.5753521,
6638,35.6407492,48.576585,
6639,35.2496683,48.5788694,
6640,35.2506455,48.5790494,
6641,29.6744299,49.3731243,
6642,33.878984,50.8359254,
6643,33.8789639,50.8361332,
6644,33.8789361,50.8364407,
6645,33.8801402,50.8362196,
6646,33.8786853,50.8360957,
6647,33.8786235,50.8360204,
6648,33.8788839,50.8358965,
6649,30.5048596,50.4888399,
6650,35.0209463,48.4673315,
6651,22.710799,48.4587341,
6652,22.7517771,48.4368087,
6653,22.7526596,48.4365836,
6654,35.0146468,48.4751346,
6655,30.7809941,50.3874906,
6656,35.0147331,48.4749743,
6657,35.0081189,48.4730198,
6658,35.0216789,48.4671595,
6659,35.0101553,48.4302693,
6660,35.0106416,48.430154,
6661,35.0143785,48.4292617,
6662,30.324718,47.4724518,
6663,30.3245543,47.4725242,
6664,30.3207569,47.4582871,
6665,30.320938,47.4581713,
6666,33.8125246,51.3284139,
6667,26.1837827,48.2534026,
6668,26.1836433,48.2534126,
6669,23.3293091,48.1913722,
6670,22.9973368,48.2876462,
6671,22.997614,48.2876782,
6672,30.5345061,50.403608,
6673,30.5352554,50.4035301,
6674,24.0158327,49.8429941,
6675,34.7682739,50.9191656,
6676,24.0845493,51.2041138,
6677,24.0155242,49.8428585,
6678,28.390006,49.2314376,
6679,30.6118297,46.5136195,
6680,28.9869144,51.51808,
6681,29.0825719,51.6355893,
6682,29.0799002,51.6365146,
6683,28.7099514,45.3698336,
6684,28.7096953,45.3701546,
6685,29.9704733,50.4264237,
6686,29.9705784,50.4265448,
6687,29.9623893,50.4261123,
6688,29.9621944,50.4259773,
6689,31.2385502,51.2478695,
6690,31.2140239,51.2094579,
6691,31.2137832,51.2091376,
6692,31.1705923,51.1144178,
6693,31.4062105,51.5391347,
6694,31.4129513,51.539901,
6695,31.4586081,51.5454522,
6696,31.4353554,51.5420172,
6697,31.4448224,51.5431785,
6698,31.4441604,51.5430481,
6699,31.435332,51.5421089,
6700,36.279277,49.9199941,
6701,36.5865447,49.8777774,
6702,36.5872287,49.8781068,
6703,36.6260901,49.8722563,
6704,36.5219469,49.8949939,
6705,36.3380771,49.9629763,
6706,36.3378964,49.9625767,
6707,33.5666855,48.102179,
6708,30.4849727,50.5417209,
6709,30.485204,50.5417275,
6710,32.2602916,48.9756423,
6711,32.2601789,48.9753797,
6712,31.0351165,50.8376514,
6713,31.3067812,51.4466338,
6714,31.171647,51.1188141,
6715,31.2566106,51.2932211,
6716,31.2383774,51.2478951,
6717,30.4711781,50.56414,
6718,30.4713846,50.5641269,
6719,32.6123551,48.7230387,
6720,32.6130911,48.7230381,
6721,32.6139486,48.7230608,
6722,24.091825,51.2044983,
6723,24.0155992,49.8415996,
6724,24.0176292,49.84276,
6725,30.4766628,50.4476174,
6726,23.1117052,49.9555857,
6727,30.3287476,51.2996039,
6728,23.1085143,49.9555157,
6729,23.108774,49.9550312,
6730,23.1091409,49.9546665,
6731,23.1112005,49.9545751,
6732,23.1126893,49.9545708,
6733,23.1131536,49.9546421,
6734,23.1123281,49.9545374,
6735,23.11265,49.9543772,
6736,23.1127637,49.9544168,
6737,24.0220008,49.8431985,
6738,23.1149438,49.9566056,
6739,23.114821,49.9566212,
6740,23.1147556,49.9566295,
6741,23.1146865,49.9566383,
6742,30.5230959,50.449178,Kyiv
6743,22.743816,48.4387331,
6744,22.7441884,48.4385754,
6745,22.7444473,48.4385032,
6746,22.7451545,48.4383981,
6747,22.7445346,48.4386154,
6748,22.7442767,48.4387078,
6749,22.7521874,48.4367365,
6750,22.7520288,48.4366433,
6751,22.7520646,48.4365727,
6752,22.7522109,48.4365404,
6753,22.7522886,48.4365702,
6754,22.7522861,48.4367062,
6755,22.7520522,48.4363789,
6756,22.7094194,48.4580924,
6757,22.7100448,48.4582272,
6758,27.0477746,48.3758418,
6759,27.0657422,48.3674479,
6760,36.1643917,49.9499144,
6761,36.1295824,49.9538157,
6762,28.7026161,51.1403606,
6763,28.7021516,51.1387061,
6764,34.7458518,50.8858735,
6765,28.8060207,51.3347414,
6766,28.7951136,51.3133736,
6767,36.2650047,49.9900386,
6768,36.2646151,49.9902703,
6769,35.3732003,50.5645371,
6770,35.5142129,50.1751901,
6771,28.1307453,50.4545068,
6772,27.6722965,50.587235,
6773,27.6730072,50.5865856,
6774,27.9909989,50.4961833,
6775,27.9907665,50.4961098,
6776,28.5943863,49.8861704,
6777,30.706621,46.4607885,
6778,28.4729301,49.2530007,
6779,29.0463265,50.3444869,
6780,29.0618636,50.3455106,
6781,29.0648006,50.3454601,
6782,32.7889097,47.0574202,
6783,32.7888314,47.0571376,
6784,32.7886214,47.0572988,
6785,32.7884116,47.0570385,
6786,32.7887065,47.0566427,
6787,32.788818,47.0570857,
6788,26.6217563,48.2643961,
6789,32.2013217,46.8791052,
6790,23.5784445,48.0107554,
6791,23.5783005,48.010657,
6792,23.5786027,48.0106213,
6793,23.5785463,48.0107433,
6794,23.5790275,48.0107216,
6795,34.9236122,50.3442107,
6796,26.0651199,48.8048168,
6797,26.0642953,48.8049506,
6798,26.0641029,48.8049565,
6799,26.0642892,48.8048246,
6800,26.0287604,48.8080784,
6801,35.2862174,48.0617689,
6802,35.2854982,48.0610335,
6803,30.5257082,50.4386131,
6804,36.3545259,49.9594015,
6805,34.6028127,48.7047361,
6806,34.6142725,48.6968607,
6807,26.3381489,49.0861888,
6808,36.2526455,49.9770529,
6809,36.3568128,49.9946404,
6810,36.3569278,49.994729,
6811,37.6120098,49.7134025,
6812,23.0013892,49.452339,
6813,30.4841668,50.5288026,
6814,33.37974,51.5237169,
6815,35.0925324,47.8471352,
6816,35.093318,47.8483642,
6817,35.0901018,47.8434969,
6818,30.4790606,50.4881591,
6819,30.4795009,50.4881841,
6820,30.4889738,50.4811961,
6821,30.48468,50.4845734,
6822,29.1842918,51.7596632,
6823,22.3917605,48.4221408,
6824,27.809887,50.5493597,
6825,30.1641723,50.4414603,
6826,30.1636705,50.4415178,
6827,36.2119018,47.7065625,
6828,24.1617649,48.9914652,
6829,24.1599343,48.9911977,
6830,24.550217,48.8196087,
6831,24.5499061,48.8193479,
6832,33.1923135,51.2214755,
6833,28.6737704,50.2342393,
6834,28.6736239,50.23426,
6835,28.5023304,49.3207271,
6836,28.671429,50.2266973,
6837,33.4305871,49.0944219,
6838,33.4308963,49.0943705,
6839,25.388225,50.8029181,
6840,30.0994992,49.8217639,
6841,29.0688519,49.2290731,
6842,29.0688849,49.2287668,
6843,25.4591059,50.8430517,
6844,25.4628047,50.8427495,
6845,29.8781514,50.4210751,
6846,29.8777987,50.4209284,
6847,32.241709,46.8287212,
6848,33.2165264,51.2265701,
6849,33.2191014,51.2217371,
6850,33.2132578,51.2308373,
6851,33.2191977,51.2215447,
6852,33.2193194,51.2216101,
6853,22.1712771,48.4090101,
6854,33.1810231,52.0122151,
6855,28.3907268,49.2314281,
6856,28.3908561,49.231735,
6857,28.3907721,49.2318468,
6858,28.3904563,49.2313422,
6859,26.6319333,48.7433186,
6860,30.1853703,49.9792527,
6861,30.1824447,49.9740002,
6862,30.22687,50.1285059,
6863,24.5704135,48.6320337,
6864,35.2758449,48.7706076,
6865,35.149893,48.5945958,
6866,30.9912542,50.7812834,
6867,30.9920467,50.7823084,
6868,31.0096091,50.8047633,
6869,30.9627364,50.7448564,
6870,30.9746352,50.7600729,
6871,30.9779507,50.7643109,
6872,30.9815767,50.7689078,
6873,23.1112965,49.9547147,
6874,34.3369931,49.0393471,
6875,34.3054686,49.0575424,
6876,23.5897465,50.2768484,
6877,24.6359344,48.8828163,
6878,22.944403,49.7998601,
6879,22.945472,49.7996457,
6880,22.9455952,49.7996388,
6881,22.94572,49.7996318,
6882,22.9458267,49.7996262,
6883,22.9458561,49.800385,
6884,22.9457358,49.8003898,
6885,22.9455636,49.8003967,
6886,22.9453172,49.8005253,
6887,23.6006745,50.2621864,
6888,23.9970774,49.8489122,
6889,33.9231535,50.0184564,
6890,24.134599,50.8587634,
6891,24.1383704,50.8586485,
6892,24.1368467,50.8589871,
6893,24.4302678,49.033251,
6894,28.5886676,49.7568887,
6895,28.5895446,49.7564325,
6896,24.6923607,48.9457856,
6897,30.9578418,49.6829879,
6898,23.1188522,49.9549711,
6899,23.117207,49.954887,
6900,23.1197988,49.9548911,
6901,23.1215979,49.9559397,
6902,23.1177074,49.953852,
6903,23.1182828,49.9539072,
6904,23.1184883,49.9539601,
6905,23.1186291,49.9540267,
6906,23.1151266,49.9542133,
6907,23.1152437,49.9541116,
6908,23.1153572,49.9540173,
6909,23.1154835,49.953912,
6910,27.0409293,50.1887135,
6911,27.0428401,50.1893242,
6912,22.4214643,48.8831042,
6913,22.4195811,48.8845015,
6914,30.9608695,49.6937558,
6915,30.9612959,49.6940716,
6916,30.9618422,49.6941505,
6917,30.9614268,49.6943474,
6918,30.9610319,49.6949341,
6919,24.6451993,48.9687869,
6920,24.6454139,48.9683384,
6921,24.644752,48.9681173,
6922,24.6456234,48.967899,
6923,31.8062519,47.2671786,
6924,24.3338179,49.0102815,
6925,24.3346256,49.010376,
6926,24.3333201,49.010501,
6927,24.3342015,49.010403,
6928,23.9951403,49.6144876,
6929,23.9953221,49.6144869,
6930,32.0559486,46.9676281,
6931,30.063148,46.3132927,
6932,29.0357134,45.6937706,
6933,30.589779,46.5510482,
6934,30.5576553,46.6052852,
6935,30.5574682,46.6052387,
6936,30.5986561,46.5401686,
6937,35.415665,48.9986975,
6938,35.4155553,48.9992281,
6939,24.5213969,48.7851048,
6940,24.5212739,48.7855333,
6941,24.5208628,48.7854952,
6942,30.4537942,50.527458,
6943,30.4533692,50.5278001,
6944,30.0625435,46.313056,
6945,30.0629933,46.3127522,
6946,28.8210693,48.9770414,
6947,30.2970977,47.6862405,
6948,30.2984666,47.6818979,
6949,30.3085179,47.6474587,
6950,30.2734478,47.7571374,
6951,30.2719562,47.7610391,
6952,30.2655498,47.7773695,
6953,30.2649063,47.7790649,
6954,30.2646818,47.7796571,
6955,30.2640578,47.7812381,
6956,31.2592692,47.7165365,
6957,31.063307,51.4461426,
6958,31.0643397,51.4472115,
6959,30.4714266,50.5644543,
6960,30.5467143,50.4208198,
6961,35.8234207,49.9566346,
6962,30.5201352,50.4422217,
6963,30.4834281,50.4484684,
6964,30.4810876,50.4486038,
6965,36.0002216,48.7186453,
6966,35.9999074,48.7187009,
6967,35.9999111,48.7184518,
6968,36.000235,48.7185134,
6969,36.0003901,48.7181952,
6970,30.4474771,50.4541989,
6971,35.0475165,48.4563224,
6972,30.0635418,46.3124077,
6973,23.0459128,48.139904,
6974,30.233631,50.3900727,
6975,24.9557422,48.4042512,
6976,24.9562298,48.4046958,
6977,24.9570814,48.4051518,
6978,24.9560831,48.4050995,
6979,28.1012285,50.0588345,
6980,27.5356597,50.5968917,
6981,27.5222846,50.5985729,
6982,22.3046532,48.5786373,
6983,24.3486083,49.0209073,
6984,24.1609892,48.9913547,
6985,25.0241732,48.5261809,
6986,24.9563268,48.4047921,
6987,24.9557296,48.4047114,
6988,26.0610438,47.9882624,
6989,24.8288779,48.9044656,
6990,24.3334078,49.010226,
6991,24.1947683,48.049322,
6992,32.4742041,46.6985229,
6993,32.4744725,46.6986831,
6994,32.4706099,46.6988575,
6995,32.4702891,46.6987481,
6996,27.535961,48.7130601,
6997,27.5359547,48.7130108,
6998,27.5361112,48.7129009,
6999,27.5361763,48.7131526,
7000,27.5356839,48.7126529,
7001,24.9355636,48.9158237,
7002,24.9360257,48.915932,
7003,24.9358964,48.9159306,
7004,24.9350429,48.9160575,
7005,22.5622612,48.480425,
7006,22.5634334,48.4801477,
7007,25.5394215,49.5620556,
7008,25.5004909,49.5718427,
7009,25.4993693,49.5722121,
7010,23.5667696,48.0134883,
7011,23.5667398,48.0132788,
7012,27.0961484,50.6109742,
7013,27.0933466,50.6111596,
7014,27.3280007,50.6104033,
7015,27.3735302,50.6074469,
7016,27.4009371,50.6063994,
7017,27.4190341,50.6057875,
7018,29.2299189,49.2556409,
7019,29.2317535,49.255413,
7020,22.8347364,48.0933749,
7021,24.0145723,49.7859359,
7022,24.0149385,49.7876704,
7023,23.8930418,49.8165846,
7024,30.3032309,47.868374,
7025,30.3041151,47.8723359,
7026,30.3114161,47.9219281,
7027,30.3105862,47.9256738,
7028,30.0814841,49.1761461,
7029,30.0812839,49.1763591,
7030,30.0919774,49.2764633,
7031,25.4133475,49.0848097,
7032,25.4111549,49.0844346,
7033,24.6101565,49.3982365,
7034,24.7238138,49.1216316,
7035,24.6110029,49.3978447,
7036,25.0604879,48.5524163,
7037,25.0605527,48.5521592,
7038,25.0599222,48.551397,
7039,25.0608568,48.5525204,
7040,25.0585059,48.5527424,
7041,25.057868,48.5525838,
7042,25.058743,48.5523101,
7043,25.5452376,48.4558578,
7044,25.5461092,48.4554253,
7045,25.5456322,48.4561052,
7046,25.546171,48.4550692,
7047,25.5455912,48.4561565,
7048,25.5452237,48.4558624,
7049,27.7844869,48.449597,
7050,27.7852039,48.4490687,
7051,27.7853468,48.449189,
7052,27.7853307,48.4489565,
7053,27.7856222,48.4487268,
7054,27.7855379,48.4490159,
7055,27.7926457,48.446547,
7056,27.791501,48.444915,
7057,34.9750772,48.3293384,
7058,34.9728614,48.3333514,
7059,33.4313909,49.096324,
7060,33.4317265,49.0962715,
7061,33.4856693,50.7506929,
7062,29.612114,47.9405118,
7063,33.431918,49.0975651,
7064,33.4285531,49.0699899,
7065,33.428233,49.0699207,
7066,35.0338833,48.3722953,
7067,35.035375,48.3745715,
7068,30.579658,46.5659094,
7069,30.579963,46.5665107,
7070,30.57919,46.5667285,
7071,30.602375,46.536051,
7072,30.6047425,46.533195,
7073,33.4344621,49.1018226,
7074,33.4346605,49.1019962,
7075,28.966248,50.3298901,
7076,28.8327087,50.2868874,
7077,30.3135994,47.906358,
7078,30.314126,47.9069841,
7079,31.0015905,47.6342324,
7080,31.0015755,47.6344684,
7081,31.0011839,47.6345039,
7082,31.002091,47.6344566,
7083,33.5671698,48.1024032,
7084,33.5673313,48.1026377,
7085,33.5668766,48.1025956,
7086,33.5668833,48.1025118,
7087,32.7053996,46.7329414,
7088,23.9810368,49.805435,
7089,24.0614021,49.8158493,
7090,24.0616842,49.8159333,
7091,30.6462013,48.1818113,
7092,33.4718433,49.0196704,
7093,33.4719368,49.0203794,
7094,35.0290932,47.8883631,
7095,35.0291723,47.888191,
7096,35.031623,47.8886905,
7097,35.0316941,47.888533,
7098,34.9925157,47.8913019,
7099,34.9925578,47.8911472,
7100,27.2341595,50.6166767,
7101,27.2466665,50.6158457,
7102,27.246573,50.6157275,
7103,27.2531548,50.615285,
7104,27.2533545,50.6153895,
7105,27.2739195,50.6139084,
7106,27.2739906,50.6140176,
7107,27.295887,50.6124459,
7108,27.2960003,50.6125595,
7109,27.2861484,50.6132206,
7110,27.2861273,50.6131036,
7111,32.3935044,46.7388438,
7112,32.3931215,46.7394304,
7113,32.4111596,46.7159823,
7114,27.2176784,50.6160402,
7115,27.2674472,50.6143359,
7116,27.1844425,50.6019087,
7117,27.184521,50.6020396,
7118,27.0775111,50.6093567,
7119,27.1790123,50.6016348,
7120,27.1789471,50.6015114,
7121,27.3454568,48.5134063,
7122,27.34529,48.5131102,
7123,34.5030297,48.3413922,
7124,34.5004518,48.3398798,
7125,36.4298123,49.93525,
7126,36.4315013,49.9309863,
7127,30.3172779,47.0249447,
7128,30.3232193,47.0022396,
7129,30.326529,47.0057196,
7130,30.3219294,47.0072564,
7131,30.6766763,46.4882787,
7132,30.6775876,46.4882652,
7133,33.4186663,49.0645558,Kremenchuk
7134,33.4087731,49.1079078,
7135,33.4129151,49.1045057,
7136,33.4139781,49.103611,
7137,33.4137487,49.1034914,
7138,33.4148984,49.1028753,
7139,33.4146671,49.1027533,
7140,33.4104361,49.1065308,
7141,33.4160681,49.1015876,
7142,33.4163067,49.1017105,
7143,30.5279168,50.4529181,
7144,33.4356497,49.1066504,
7145,33.4361293,49.1065351,
7146,33.424136,49.0781184,
7147,33.4190242,49.0994939,
7148,33.4339115,49.1021817,
7149,33.4341381,49.1021157,
7150,33.4342858,49.1019321,
7151,32.7079127,50.1145232,
7152,32.598716,50.1550228,
7153,32.7081048,50.1145946,
7154,22.4193006,48.8848115,
7155,34.9622213,48.492239,
7156,30.9717144,50.3394391,
7157,31.1830056,51.4997911,
7158,32.5604852,46.6872513,
7159,34.6521867,47.9363615,
7160,30.4498624,50.5208483,
7161,34.3889078,48.2900106,
7162,34.3858174,48.2882061,
7163,34.3647836,48.2756674,
7164,34.3676508,48.2776326,
7165,34.7390592,50.8491441,
7166,30.5989316,49.4883169,
7167,34.3161552,48.2439545,
7168,31.2850065,51.5012879,
7169,25.7706543,50.0533726,
7170,25.7712697,50.0537066,
7171,31.3959387,50.2944743,
7172,22.8308008,48.0923347,
7173,27.4755076,50.6035897,
7174,30.9158627,50.6848014,
7175,30.912103,50.680238,
7176,30.9122545,50.6801525,
7177,30.1510455,49.7860263,
7178,25.1172708,50.0058776,
7179,25.2240424,50.1467915,
7180,25.2080233,50.1188816,
7181,25.2239501,50.1469237,
7182,25.2603003,50.1579926,
7183,25.8810054,50.4756156,
7184,25.8978327,50.4805069,
7185,24.4506201,49.9769471,
7186,29.6066521,47.4671629,
7187,31.2672271,47.3886507,
7188,31.2672247,47.3880306,
7189,30.3173253,47.543417,
7190,30.3171117,47.5434171,
7191,30.3186666,47.5396608,
7192,30.3188749,47.539594,
7193,32.9702793,50.6933175,
7194,32.9694559,50.6932944,
7195,32.7586058,50.665151,
7196,25.1417727,49.2695423,
7197,25.9975505,51.9875483,
7198,31.8075349,47.2674027,
7199,30.8311076,46.5624469,
7200,30.8312312,46.5622927,
7201,31.1704307,51.1144971,
7202,31.1718405,51.1187372,
7203,30.7911918,46.5694397,
7204,30.7992972,46.5808509,
7205,23.1131277,49.954774,
7206,23.1139462,49.9546196,
7207,23.1110611,49.954909,
7208,23.1116947,49.9548359,
7209,29.0691403,49.2289441,
7210,22.9456646,49.8004892,
7211,22.9454944,49.8005069,
7212,22.9455705,49.7997382,
7213,22.945453,49.7997445,
7214,22.9456855,49.7997325,
7215,22.9457943,49.7997548,
7216,22.9456331,49.7998991,
7217,22.9459476,49.7997455,
7218,22.9457565,49.799893,
7219,22.9460955,49.7997374,
7220,22.9454732,49.7999063,
7221,35.3702693,48.3630437,
7222,28.7040915,51.139567,
7223,25.7422327,48.6177543,
7224,26.8561137,50.5965298,
7225,26.8545713,50.5966765,
7226,26.8441392,50.5976766,
7227,26.8247382,50.5995347,
7228,23.592798,50.2706661,
7229,23.592655,50.2705994,
7230,26.0702634,49.9655817,
7231,32.3087925,48.5436411,
7232,32.3087111,48.543715,
7233,33.4805743,50.7523773,
7234,33.4803362,50.752518,
7235,33.4771758,50.7527169,
7236,33.4737381,50.7528895,
7237,33.4699134,50.7530136,
7238,33.4737131,50.7525925,
7239,33.4771561,50.7524253,
7240,33.4697686,50.7530044,
7241,26.5512982,49.1858567,
7242,26.5537472,49.1853391,
7243,30.6235399,46.4426461,
7244,29.7789185,47.2720416,
7245,29.6628079,49.7337979,
7246,29.6629728,49.7337098,
7247,29.6632601,49.7335563,
7248,30.6845885,46.4665678,
7249,30.7825966,50.3880879,
7250,30.89642,50.3581932,
7251,25.2460378,50.1300776,
7252,33.3153508,49.7851458,
7253,33.3410611,49.7570577,
7254,33.4650758,49.684717,
7255,28.4590194,50.3106795,
7256,28.458888,50.3105738,
7257,35.1725116,47.8134026,
7258,33.3155792,49.7852168,
7259,33.3186181,49.781692,
7260,33.3412695,49.7571057,
7261,25.9821611,48.2207918,
7262,26.0034968,48.2685788,
7263,30.3134483,47.6125437,
7264,30.3110944,47.6133967,
7265,30.3100363,47.6155639,
7266,30.3105017,47.6152521,
7267,30.3077572,47.6163522,
7268,23.9343813,49.824366,
7269,35.2493704,48.5786056,
7270,35.2483932,48.5794683,
7271,29.0687588,49.228799,
7272,30.3106358,47.6131321,
7273,30.3106435,47.6136682,
7274,30.3111261,47.6249989,
7275,30.3292552,47.4988159,
7276,30.3294749,47.494583,
7277,30.3283035,47.4867083,
7278,30.3271009,47.4821969,
7279,30.3233188,47.4678534,
7280,30.3109624,47.6249984,
7281,30.3087417,47.6473277,
7282,30.29868,47.681793,
7283,30.2973319,47.6861264,
7284,30.310512,47.615715,
7285,32.1124881,49.6556516,
7286,31.8248169,49.7693396,
7287,31.8252328,49.7697269,
7288,22.5185129,48.5059288,
7289,22.5102484,48.5196401,
7290,30.0824184,50.4348976,
7291,30.0822695,50.4347652,
7292,22.5623355,48.480531,
7293,22.540396,48.4856453,
7294,22.5403373,48.4855388,
7295,32.1557596,50.2275616,
7296,32.1228539,50.2284861,
7297,32.3075242,50.2560651,
7298,32.3001601,50.2544822,
7299,32.3000855,50.2543098,
7300,31.1515106,50.3054261,
7301,31.1512615,50.3053241,
7302,31.0855705,50.3075128,
7303,31.0857049,50.3076257,
7304,31.1632439,50.3049319,
7305,31.163411,50.3050424,
7306,32.5270382,50.2151513,
7307,32.5273075,50.2151594,
7308,32.7030874,50.1173816,
7309,32.7029497,50.1172804,
7310,32.6771339,50.1311109,
7311,32.6773469,50.1311763,
7312,32.6718645,50.134096,
7313,32.6717369,50.1339981,
7314,32.6422033,50.1439623,
7315,32.6422194,50.1440875,
7316,32.6352462,50.1443887,
7317,32.6351858,50.1442668,
7318,32.6078076,50.1501283,
7319,32.6076366,50.1500507,
7320,31.3449956,50.3015804,
7321,31.3449334,50.3014698,
7322,31.3094773,50.3040709,
7323,31.3095339,50.3041776,
7324,31.3959998,50.2945978,
7325,32.5624833,50.1833374,
7326,32.5623092,50.1832712,
7327,31.2140816,50.3037305,
7328,31.2141263,50.303838,
7329,31.3711724,50.2981141,
7330,31.3712166,50.2982088,
7331,31.1944108,50.3040504,
7332,31.1942964,50.3039339,
7333,31.2770031,50.3045731,
7334,31.2769956,50.3046855,
7335,32.5985789,50.1549078,
7336,32.5792401,50.172904,
7337,32.5794384,50.1729421,
7338,31.2977981,50.3048567,
7339,31.2977625,50.3047381,
7340,31.2697637,50.3045882,
7341,31.269762,50.3044814,
7342,32.5653679,50.1811397,
7343,32.5655022,50.18119,
7344,32.5747875,50.1754288,
7345,32.5746218,50.1753417,
7346,32.6035509,50.1522425,
7347,32.6036999,50.1523291,
7348,32.6199699,50.1455741,
7349,32.6200937,50.1456822,
7350,31.5328585,50.2570869,
7351,31.5330121,50.2571636,
7352,31.5220154,50.2611249,
7353,31.5219141,50.2610042,
7354,31.452537,50.286055,
7355,31.4524156,50.2859642,
7356,31.5994499,50.2332751,
7357,31.5993306,50.2331757,
7358,31.4111236,50.2915203,
7359,31.4112123,50.2916153,
7360,31.5596341,50.2474749,
7361,31.5597657,50.2475599,
7362,31.4714794,50.2791448,
7363,31.4715784,50.2792532,
7364,31.5510587,50.250688,
7365,31.5509649,50.2505844,
7366,31.6283998,50.222843,
7367,31.6282641,50.2227514,
7368,31.6080267,50.2300514,
7369,31.6082174,50.2301125,
7370,32.2222728,50.2345408,
7371,32.2223475,50.2344351,
7372,32.0332173,50.2309913,
7373,32.033193,50.2308878,
7374,32.0434169,50.2305876,
7375,32.0434898,50.2307167,
7376,32.4735031,50.2390833,
7377,32.2085192,50.2298812,
7378,32.2084248,50.2300006,
7379,32.3074763,50.2561672,
7380,32.2292609,50.2363813,
7381,32.2291839,50.2364975,
7382,32.1720189,50.2271026,
7383,32.1720099,50.2269623,
7384,32.2881273,50.2513081,
7385,32.2880698,50.2514277,
7386,32.102018,50.2290802,
7387,32.1019349,50.2289596,
7388,32.1795188,50.2267507,
7389,32.1795181,50.2268725,
7390,32.3751744,50.2535851,
7391,32.375145,50.2534275,
7392,31.9955429,50.2319138,
7393,31.9960663,50.2320257,
7394,32.4944206,50.2307015,
7395,32.4943025,50.2305701,
7396,32.3912495,50.25255,
7397,32.3912731,50.2526929,
7398,32.1630421,50.2272262,
7399,32.16303,50.2273514,
7400,32.2801751,50.2494302,
7401,32.2802511,50.2492974,
7402,32.1557475,50.2274262,
7403,32.1228446,50.2283748,
7404,32.786565,50.0708475,
7405,32.7864025,50.0707388,
7406,32.757113,50.0869575,
7407,32.7572495,50.0870504,
7408,32.7134783,50.1116928,
7409,32.7133082,50.1116117,
7410,32.718759,50.108785,
7411,32.7188806,50.1088818,
7412,32.5412254,50.2074221,
7413,32.5413832,50.2074906,
7414,32.5534659,50.196989,
7415,32.5532814,50.1969666,
7416,32.8234387,50.0557359,
7417,32.8235132,50.0558603,
7418,32.5369599,50.2098421,
7419,32.5368056,50.2097765,
7420,32.5553134,50.1932468,
7421,32.5554515,50.1932641,
7422,33.4214348,49.7062348,
7423,33.0413014,50.0266843,
7424,33.0020172,50.0476933,
7425,34.1642211,49.5827417,
7426,26.0617335,48.2769082,
7427,26.0509523,48.282223,
7428,26.0470304,48.2847253,
7429,26.0672581,48.2761363,
7430,23.9804498,48.9773089,
7431,34.1472051,48.1695412,
7432,34.1441254,48.1684876,
7433,33.1808992,52.0128985,
7434,27.7903241,48.4361769,
7435,27.7843687,48.4433464,
7436,23.9820243,48.9768183,
7437,23.9907483,48.9741592,
7438,23.9808583,48.9763892,
7439,23.9811826,48.9765772,
7440,23.9809207,48.9771899,
7441,23.9807383,48.9771917,
7442,30.3161359,47.0291974,
7443,29.3167605,50.3577827,
7444,29.3166929,50.3576529,
7445,29.4317746,50.3785942,
7446,29.4317368,50.3784744,
7447,29.4377449,50.3796094,
7448,30.3272647,47.4820883,
7449,30.3284537,47.4865864,
7450,30.3294197,47.498786,
7451,30.3296442,47.4945077,
7452,30.3132503,47.9050268,
7453,29.7007299,50.4237463,
7454,29.8463251,50.4191896,
7455,29.8460043,50.4190451,
7456,29.8625815,50.4200319,
7457,29.9176078,50.4234162,
7458,29.9174127,50.4232607,
7459,29.9279929,50.4239106,
7460,29.9280553,50.4240339,
7461,30.01284,50.4294471,
7462,30.0125815,50.4293079,
7463,30.0188867,50.4297836,
7464,30.0189811,50.4299102,
7465,30.1121476,50.4372895,
7466,30.1544435,50.4406768,
7467,30.1537999,50.4404993,
7468,30.1967754,50.4440627,
7469,23.0409304,48.1397059,
7470,22.9514757,49.7993004,
7471,30.567594,50.4272558,
7472,30.3061478,47.3527081,
7473,30.3059608,47.3528133,
7474,30.3053928,47.357854,
7475,30.3051989,47.3578757,
7476,30.3069782,47.3367814,
7477,30.3072716,47.3322486,
7478,30.3017501,47.385167,
7479,30.3075415,47.3345198,
7480,30.31227,47.4259544,
7481,30.3121356,47.4254583,
7482,30.3050899,47.39865,
7483,30.3034601,47.392358,
7484,30.3027267,47.3896068,
7485,30.3241171,47.4700866,
7486,30.3246656,47.4702655,
7487,30.3234811,47.467778,
7488,30.3242343,47.4706008,
7489,30.2335092,50.1183896,
7490,30.2328173,50.1209793,
7491,30.2319303,50.1261505,
7492,30.2319308,50.1332437,
7493,30.2333509,50.1352819,
7494,30.2350963,50.1375076,
7495,30.235306,50.1379251,
7496,30.2375204,50.1425165,
7497,30.2377208,50.1430484,
7498,30.2379159,50.1435947,
7499,30.238102,50.1476957,
7500,30.234146,50.1530155,
7501,30.2314735,50.1307223,
7502,30.2318211,50.1252267,
7503,30.2331592,50.1190839,
7504,30.2333573,50.1182153,
7505,30.2338083,50.1164521,
7506,30.2338061,50.0992642,
7507,30.233796,50.0854183,
7508,30.2258452,50.0723828,
7509,30.22137,50.0671149,
7510,30.2193174,50.0648462,
7511,30.3124656,47.4260154,
7512,30.3129423,47.4261712,
7513,30.3116808,47.4257776,
7514,30.3125768,47.4264624,
7515,30.2378338,48.4301128,
7516,30.2463973,48.3819198,
7517,30.2532106,48.3435123,
7518,27.3364907,50.6098326,
7519,27.3362849,50.6097053,
7520,30.3121103,47.2754354,
7521,30.3123826,47.2757075,
7522,30.3126407,47.2757678,
7523,30.3110703,47.2750629,
7524,30.3114066,47.2768735,
7525,27.4285721,50.605295,
7526,27.4189535,50.6056658,
7527,22.6265916,48.2526234,
7528,35.0172011,48.432732,
7529,35.0170396,48.4334487,
7530,28.3900561,49.2314555,
7531,28.389974,49.2315726,
7532,24.47239,49.9728599,
7533,28.3674339,49.2236601,
7534,31.4777693,49.7698094,
7535,31.9219404,47.0537224,
7536,32.312375,48.5453143,
7537,32.3122855,48.5453947,
7538,32.3116555,48.5458445,
7539,32.3121852,48.5453465,
7540,32.3122689,48.5452651,
7541,32.5179602,50.2202639,
7542,32.5135979,50.2225723,
7543,32.5126026,50.2229454,
7544,30.347712,49.6557144,
7545,30.3425109,49.6610809,
7546,30.3427602,49.6608915,
7547,30.3470092,49.6566114,
7548,30.3428536,49.660919,
7549,30.3469356,49.6566188,
7550,30.1594963,49.8494847,
7551,30.1596216,49.8491542,
7552,30.1613258,49.8537424,
7553,37.2199088,49.3636294,
7554,37.1520108,49.4584972,
7555,37.1747455,49.4347079,
7556,37.1767123,49.432227,
7557,37.1926809,49.4119935,
7558,37.1946333,49.4094941,
7559,37.201898,49.4002447,
7560,37.2039543,49.3976448,
7561,37.2048126,49.3965511,
7562,37.2070895,49.3936567,
7563,37.2130279,49.3860917,
7564,37.2160479,49.3822209,
7565,37.2162515,49.3822315,
7566,37.213212,49.3861232,
7567,37.2072734,49.393687,
7568,37.205283,49.3962266,
7569,37.2046295,49.3970586,
7570,37.2020649,49.4003005,
7571,37.1948064,49.4095516,
7572,37.1928458,49.4120481,
7573,37.1768854,49.432285,
7574,37.1749133,49.434765,
7575,37.3792273,49.0325117,
7576,37.1653912,49.4465536,
7577,37.165561,49.4466101,
7578,37.1636157,49.4490827,
7579,37.1634454,49.4490261,
7580,36.3269419,49.1015669,
7581,30.5526954,50.4002193,
7582,32.2953115,48.5244166,
7583,35.7573877,49.9101874,
7584,35.7561445,49.9082358,
7585,35.178082,47.8154597,
7586,30.7859768,46.5638431,
7587,23.0146595,49.3678365,
7588,30.6247084,50.0739951,
7589,30.6250034,50.0752557,
7590,35.562907,48.5905701,
7591,27.3736221,50.6075677,
7592,29.6059427,47.9200425,
7593,29.6055188,47.9206128,
7594,35.0407273,48.3963715,
7595,35.040202,48.3962271,
7596,28.6405106,50.0397135,
7597,28.6461763,50.0949171,
7598,28.6460117,50.0995254,
7599,30.2356722,48.9277172,
7600,30.2321551,48.9310364,
7601,30.2017199,48.9595679,
7602,30.5912229,46.3973498,
7603,31.4264362,49.2901874,
7604,36.177344,49.9811298,
7605,28.3701403,50.327264,
7606,28.369959,50.3271689,
7607,35.0375544,48.3998583,
7608,35.0376497,48.399743,
7609,23.3265361,48.1470384,
7610,30.4744368,46.6915344,
7611,22.7307596,48.4416159,
7612,22.730443,48.4416237,
7613,28.5826338,49.8991733,Berdychiv
7614,32.2819257,48.5197875,
7615,24.7062077,48.9357191,
7616,23.9131543,49.8208025,
7617,23.9130985,49.8208186,
7618,34.9623499,48.1993234,
7619,34.9660032,48.2027953,
7620,34.9398146,48.1328248,
7621,30.4528429,50.5268701,
7622,23.5938544,49.1092906,
7623,28.659617,50.9885818,
7624,27.4962119,50.6018321,
7625,34.923975,50.3443568,
7626,34.923744,50.3445863,
7627,34.9242658,50.3455609,
7628,25.3698365,49.3087292,
7629,31.8813734,51.0421462,
7630,31.8808662,51.0441433,
7631,31.8914655,51.0663104,
7632,31.891351,51.0664928,
7633,31.8910991,51.0663266,
7634,30.3127504,47.0397026,
7635,30.3000652,47.3965819,
7636,30.3042572,47.3957528,
7637,34.9415729,50.8329726,
7638,34.6278553,48.7136162,
7639,34.6278714,48.7139169,
7640,34.6282292,48.713721,
7641,31.4630516,51.5457893,
7642,24.472234,49.972755,
7643,24.6888126,49.9842715,
7644,24.6887087,49.9841648,
7645,24.6631839,49.9859079,
7646,24.663338,49.9860259,
7647,24.6558644,49.9865139,
7648,24.6557157,49.9863887,
7649,24.6975312,49.9835194,
7650,24.6977148,49.9836254,
7651,24.6391077,49.9833385,
7652,23.6199546,50.2392421,
7653,35.3362526,47.684259,
7654,35.3344387,47.6873397,
7655,35.0927119,47.847083,
7656,35.0695609,47.8789048,
7657,35.0694593,47.8785433,
7658,35.0415666,48.3907299,
7659,35.0413916,48.3915304,
7660,35.0412818,48.3920188,
7661,35.0408162,48.3939993,
7662,34.9424784,48.0354198,
7663,34.9443314,48.0330783,
7664,34.9501445,48.0257123,
7665,34.9535186,48.0219708,
7666,34.9583107,48.016917,
7667,34.9593443,48.0158459,
7668,34.9598863,48.0152842,
7669,34.9611123,48.0139554,
7670,34.9767801,47.9971625,
7671,34.9777478,47.9961258,
7672,34.9782042,47.9956361,
7673,34.9798261,47.9938425,
7674,34.9780587,47.9767355,
7675,34.9762422,47.9705417,
7676,34.9740618,47.9632215,
7677,34.973176,47.9601535,
7678,35.0026874,48.3021616,
7679,34.9662345,48.1863665,
7680,34.9664111,48.1863922,
7681,34.9641791,48.1935447,
7682,34.9612906,48.2027133,
7683,30.2290114,50.5413279,
7684,29.6304171,47.921358,
7685,28.1003005,50.0587934,
7686,28.0688551,50.0264581,
7687,28.1004669,50.0590875,
7688,28.0998937,50.0589823,
7689,28.1002454,50.0587843,
7690,30.6663171,46.471217,
7691,30.4223777,48.7091222,
7692,30.4231038,48.7087852,
7693,30.7557718,48.663659,
7694,30.6033694,50.3943832,
7695,34.6567665,47.9394827,
7696,34.6562531,47.9391916,
7697,32.6223864,49.0580815,
7698,36.6086549,49.876047,
7699,36.6087658,49.8761411,
7700,36.6099199,49.8764446,
7701,35.0924663,47.8619788,
7702,27.2206484,49.7559163,
7703,27.2205439,49.7614118,
7704,30.4529339,50.5663249,
7705,30.6268075,50.1108863,
7706,35.0492518,48.4625539,
7707,30.2193387,50.0646337,
7708,30.221305,50.0668085,
7709,30.2258387,50.072066,
7710,30.2338498,50.0851505,
7711,30.2339961,50.0990887,
7712,30.2340059,50.1164071,
7713,30.2133763,50.0286045,
7714,30.2055396,50.0152492,
7715,30.2020864,50.0091615,
7716,30.1752466,49.9550282,
7717,30.1819766,49.9424765,
7718,30.18329,49.9396485,
7719,30.1824594,49.9737473,
7720,30.1838606,49.976202,
7721,30.1841085,49.9766589,
7722,30.1851246,49.9784819,
7723,30.1881299,49.9838214,
7724,30.1884048,49.9842993,
7725,30.2021539,50.0088862,
7726,30.2055911,50.0150049,
7727,30.2134066,50.0283365,
7728,30.161487,49.853498,
7729,35.0377493,48.3999267,
7730,35.0378427,48.3998103,
7731,32.3078008,48.5432922,
7732,32.3110602,48.5448124,
7733,23.0400491,48.3117016,
7734,23.0398543,48.3117764,
7735,23.0399517,48.3116642,
7736,30.288509,48.2106849,
7737,30.1191158,49.4014015,
7738,30.1738076,49.5642127,
7739,30.1729836,49.5642307,
7740,28.2956758,45.4303311,
7741,35.078963,47.8287624,
7742,35.0944691,47.862521,
7743,31.0029521,49.6696238,
7744,35.2406004,47.8154477,
7745,32.2281147,48.9491426,
7746,33.4081571,51.5319768,
7747,33.4050145,51.530851,
7748,33.3865468,51.5258134,
7749,33.4030508,51.5302794,
7750,33.4062759,51.5311692,
7751,33.382525,51.5247234,
7752,35.1891809,47.8012149,
7753,35.1895463,47.8010414,
7754,23.194819,49.5159219,
7755,24.0611413,49.8743347,
7756,26.8365216,49.1925502,
7757,26.8366734,49.1922218,
7758,26.8368648,49.1921189,
7759,26.8375605,49.1922397,
7760,26.836862,49.1922548,
7761,26.8368513,49.1922592,
7762,26.8366618,49.1921939,
7763,26.836829,49.1921069,
7764,35.9704744,50.0313453,
7765,35.0291332,48.4650522,
7766,23.9953017,49.619465,
7767,23.9951191,49.6195534,
7768,28.2917625,48.2486585,
7769,23.9869639,49.5505622,
7770,23.9860535,49.5501938,
7771,23.9868664,49.5499895,
7772,27.0397749,50.1902818,
7773,30.7250791,46.5561169,
7774,30.7072931,46.5576735,
7775,23.3594064,49.9330012,
7776,33.8643506,51.3351844,
7777,33.8688602,51.3332274,
7778,26.8362958,49.191874,
7779,26.0139542,48.2360214,
7780,26.01348,48.2357022,
7781,30.8302972,46.5619059,
7782,30.8314202,46.5617783,
7783,23.3833923,49.9375512,
7784,31.8617809,51.1388876,
7785,32.4586322,50.2453185,
7786,29.53341,48.3980138,
7787,35.2422242,47.813578,
7788,35.23672,47.7864952,
7789,27.7696645,48.4623913,
7790,35.2763606,48.7711612,
7791,28.5977588,48.5392301,
7792,28.5975617,48.5394181,
7793,30.4942684,50.5804225,
7794,35.2563266,48.749195,
7795,35.2534808,48.7313754,
7796,30.6862095,46.4669148,
7797,25.7703511,50.0537398,
7798,25.6126713,49.5523693,
7799,30.1907135,49.6707976,
7800,30.1914754,49.6712026,
7801,33.4357916,49.1062268,
7802,33.4342455,49.1026542,
7803,33.4348402,49.1018337,
7804,30.8234284,49.8793159,
7805,30.8245979,49.879646,
7806,33.4345418,49.1020706,
7807,33.4344303,49.1020734,
7808,35.9821959,49.9438556,
7809,35.964889,49.8893931,
7810,30.8215124,50.5636436,
7811,24.0148584,49.788405,
7812,31.00128,49.6694845,
7813,29.3425888,48.7813482,
7814,24.0153464,49.8430551,
7815,29.3841345,48.7971482,
7816,29.3839823,48.7970344,
7817,30.957587,49.6515713,
7818,30.9582115,49.6520114,
7819,30.9581719,49.6528289,
7820,30.9610625,49.6438103,
7821,30.9611406,49.6433601,
7822,30.9615534,49.6437322,
7823,30.9608029,49.6436624,
7824,30.9575794,49.6821084,
7825,30.958274,49.6823373,
7826,30.9572891,49.6827438,
7827,32.7179143,46.6758929,
7828,32.7180561,46.6759113,
7829,32.721698,46.6763677,
7830,32.7215701,46.6763515,
7831,28.8423725,48.9523778,
7832,34.7764273,48.42211,
7833,30.771657,50.4818612,
7834,34.6376228,48.6973984,
7835,34.6374089,48.6972395,
7836,34.6650705,48.66795,
7837,34.6712932,48.6604954,
7838,34.671599,48.6604405,
7839,34.6497083,48.6956247,
7840,34.6498965,48.6957052,
7841,33.4183858,47.9423772,
7842,30.3936286,50.4061094,
7843,30.3951971,50.4054704,
7844,24.7978835,48.8351293,
7845,27.7704648,48.4620905,
7846,32.279816,48.5193779,
7847,32.2806773,48.5191828,
7848,32.2808542,48.5195747,
7849,32.2812306,48.5191973,
7850,30.3869965,51.3232835,
7851,24.0618375,49.8160934,
7852,24.1594464,49.8170592,
7853,24.1598643,49.8198995,
7854,24.1591452,49.8159043,
7855,24.1597965,49.8193756,
7856,24.1596656,49.8184644,
7857,24.1647304,49.8730766,
7858,35.6281147,48.5794785,
7859,35.7143502,48.5607147,
7860,35.7257136,48.558254,
7861,35.408806,48.6137331,
7862,35.6682809,48.5706612,
7863,35.6689087,48.5700657,
7864,35.6702607,48.5703858,
7865,35.6698555,48.5708306,
7866,35.6661466,48.5711225,
7867,35.5588686,48.5911711,
7868,35.5069305,48.5990415,
7869,35.5488187,48.5928898,
7870,35.5914222,48.5862672,
7871,35.6465904,48.5753287,
7872,35.6889885,48.5661893,
7873,35.6943242,48.5650318,
7874,35.6415715,48.576604,
7875,35.6736009,48.5696597,
7876,28.4506971,49.2340701,
7877,30.9688606,52.0754734,
7878,35.1417541,50.8117396,
7879,24.1905844,51.2098123,
7880,34.318078,51.8728455,
7881,30.3424795,50.4546397,
7882,34.0430377,49.9550572,
7883,33.9937938,49.9627326,
7884,33.9932938,49.9628031,
7885,23.1132427,49.9551087,
7886,23.1131805,49.95518,
7887,35.3377267,47.5780226,
7888,32.1645187,46.9119471,
7889,30.5544167,50.2531989,
7890,30.5548545,50.2527816,
7891,30.5802211,50.2390305,
7892,33.2559745,49.8093328,
7893,33.2628645,49.8061349,
7894,33.2561756,49.8094183,
7895,33.2907345,49.7962395,
7896,33.0724475,49.9573776,
7897,31.2466654,51.5702072,
7898,31.2468901,51.5701972,
7899,31.2369052,51.5884402,
7900,31.236683,51.5884434,
7901,31.2260203,51.6083613,
7902,31.2258257,51.608371,
7903,31.2324197,51.5963867,
7904,31.2326193,51.5963799,
7905,31.2387647,51.5846322,
7906,31.2389682,51.5846285,
7907,31.2288126,51.6029543,
7908,31.2290198,51.6029456,
7909,31.2312918,51.5988153,
7910,31.2310914,51.5988222,
7911,26.1347885,50.683806,
7912,25.4012269,50.7457881,
7913,25.3176143,50.7487338,
7914,25.6600031,50.5146913,
7915,27.7874545,48.4425213,
7916,26.6251919,48.264971,
7917,26.6246368,48.2648489,
7918,24.7043917,48.9359542,
7919,24.7067934,48.9370396,
7920,24.706451,48.9367346,
7921,24.7064995,48.9368533,
7922,25.8134919,50.7780269,
7923,27.772115,49.9244881,
7924,29.6046465,47.919906,
7925,36.7709484,49.7917059,
7926,31.9107344,49.2972504,
7927,31.9106924,49.2992018,
7928,22.274896,48.5803218,
7929,22.9885878,48.5457057,
7930,22.9885384,48.5456459,
7931,24.799325,48.8353308,
7932,24.7987168,48.8364731,
7933,25.6786331,50.1183941,
7934,28.1129807,50.0526955,
7935,28.113075,50.0525843,
7936,28.1125799,50.0524918,
7937,28.099494,50.0585852,
7938,23.0466375,48.1401858,
7939,31.7494621,50.1976496,
7940,31.7985673,50.2135906,
7941,32.5147756,50.221735,
7942,31.8017517,50.2147421,
7943,31.8010196,50.2145025,
7944,31.7652544,50.2028706,
7945,31.7495788,50.1978065,
7946,30.6660751,50.1145337,
7947,31.0440855,49.9711931,
7948,30.6671508,50.1127832,
7949,24.6965434,48.9035277,
7950,24.6975274,48.9036439,
7951,24.6974318,48.9034364,
7952,33.9905638,49.9631519,
7953,33.9901433,49.963201,
7954,34.5494246,49.5903702,
7955,24.0630555,49.4522079,
7956,35.3710694,48.3631683,
7957,23.6200074,50.2381999,
7958,23.6200203,50.2376535,
7959,36.2345175,49.9872295,
7960,23.9463998,50.067451,
7961,23.9816114,50.0685887,
7962,23.992043,50.0519437,
7963,23.9924527,50.0507307,
7964,22.4525097,48.540351,
7965,30.1820484,49.9417958,
7966,30.1890725,49.9285028,
7967,30.1879361,49.9315886,
7968,30.1861468,49.9349149,
7969,24.3436242,49.0447682,
7970,33.2361118,49.8163413,
7971,33.2358555,49.8162849,
7972,33.0726031,49.9574221,
7973,33.4293846,49.0907547,
7974,33.4290588,49.0908093,
7975,33.4291815,49.090192,
7976,33.4288396,49.0902593,
7977,26.6316377,48.896433,
7978,27.6850317,50.5821381,
7979,27.7064041,50.5784224,
7980,27.9760927,50.5005804,
7981,27.9692004,50.5024928,
7982,27.9702382,50.5021724,
7983,28.4224235,50.3173946,
7984,28.4226469,50.3174898,
7985,28.4272674,50.316626,
7986,28.4270247,50.3165398,
7987,28.8263589,50.2866311,
7988,28.8609836,50.287396,
7989,28.8918813,50.2878592,
7990,29.1178187,50.3237995,
7991,29.6148678,50.4136152,
7992,27.4011066,50.6065122,
7993,27.3278689,50.6102902,
7994,29.1176703,50.3236449,
7995,28.8607501,50.2872679,
7996,27.6848167,50.5820582,
7997,27.9693685,50.5025714,
7998,28.8920476,50.2879837,
7999,27.9759174,50.5004982,
8000,28.82657,50.2867561,
8001,27.7062332,50.5783273,
8002,33.4287277,49.0891243,
8003,34.9613929,48.2017717,
8004,35.8950299,47.9696515,
8005,35.8975644,47.9707907,
8006,35.8984035,47.9711701,
8007,22.2676584,48.6468605,
8008,22.2679509,48.6465753,
8009,31.7930054,50.2118874,
8010,26.627187,48.2655384,
8011,26.6234765,48.2643669,
8012,30.728906,46.4293988,
8013,33.360535,47.9033989,
8014,27.7927051,48.4466525,
8015,27.7927279,48.4465165,
8016,27.7928192,48.4466221,
8017,22.391816,48.8993629,
8018,30.6254024,46.4423314,
8019,31.3065573,51.5007858,
8020,22.862838,47.9781351,
8021,25.5867159,49.5375093,
8022,28.6867965,50.3236899,
8023,23.9781217,49.7881731,
8024,23.9782666,49.787775,
8025,23.9786136,49.7878375,
8026,23.9786778,49.7880915,
8027,25.0597179,48.5511463,
8028,22.3350942,48.577268,
8029,22.333843,48.5784918,
8030,23.981709,49.8054183,
8031,23.98125,49.8051059,
8032,24.0615703,49.8160343,
8033,30.738575,46.4542277,
8034,35.0631425,48.4242725,
8035,28.5552319,45.338035,
8036,28.5552775,45.3385492,
8037,32.8319774,47.8200448,
8038,22.9528421,49.7995855,
8039,22.9523704,49.7995392,
8040,30.1909062,49.6719416,
8041,34.450168,49.5703728,
8042,34.445336,49.5692937,
8043,30.0787782,49.1925869,
8044,30.0781558,49.1933953,
8045,31.9705269,47.0413722,
8046,31.9678193,47.043096,
8047,23.8100193,49.571613,
8048,35.0406275,48.3960384,
8049,35.036984,48.3996498,
8050,35.0486026,48.4383309,
8051,35.0661259,48.429067,
8052,35.065922,48.4291075,
8053,30.6822067,50.4750624,
8054,30.682124,50.4751896,
8055,30.6803276,50.474697,
8056,30.6804161,50.4745653,
8057,29.4691607,51.1976011,
8058,35.3402662,47.5741916,
8059,30.9706182,52.0733375,
8060,31.0611278,51.8777781,
8061,35.3352137,47.6863126,
8062,24.2129037,48.625895,
8063,26.3410566,50.6139673,
8064,31.3042005,51.4887178,
8065,31.3037805,51.4886607,
8066,26.0977389,50.5600555,
8067,26.0755044,50.5505684,
8068,26.0718807,50.5486635,
8069,26.1009461,50.5616378,
8070,26.0977397,50.5601995,
8071,26.0718785,50.5488158,
8072,26.0755347,50.5504273,
8073,30.2336074,50.1532743,
8074,30.2379267,50.1441845,
8075,30.2337332,50.1358848,
8076,30.2314452,50.1554492,
8077,30.2301716,50.1566123,
8078,35.4410644,49.3924784,
8079,35.4418162,49.3921713,
8080,35.3732078,50.5648131,
8081,28.6486766,49.1833063,
8082,35.2400798,47.8500902,
8083,35.2400972,47.8495946,
8084,35.240109,47.8494948,
8085,34.8148659,50.9018285,
8086,31.3098631,51.5024182,
8087,31.2843757,51.5012973,
8088,31.3038417,51.4891118,
8089,31.9996164,49.3902915,
8090,23.1950232,49.5158274,
8091,23.2016002,49.51641,
8092,23.1949776,49.5158446,
8093,23.194815,49.5157939,
8094,23.195,49.5156908,
8095,23.1986639,49.5164075,
8096,23.1983638,49.5164011,
8097,23.8864786,49.2971833,
8098,23.5959792,49.1096626,
8099,24.0035726,49.6779333,
8100,24.00371,49.6778348,
8101,24.0018607,49.6575359,
8102,24.0016875,49.6576387,
8103,23.5313151,49.0526181,
8104,23.5322245,49.0527212,
8105,31.9786826,49.4483237,
8106,31.9795546,49.4497009,
8107,31.9794621,49.4499472,
8108,31.9552528,49.4067399,
8109,30.9133878,50.6816271,
8110,30.9138889,50.6822761,
8111,26.0134009,48.2361208,
8112,26.0141031,48.2356654,
8113,26.0156203,48.2365484,
8114,35.6691038,48.5706373,
8115,22.446864,48.2475939,
8116,22.4471544,48.2480526,
8117,22.4473182,48.2484098,
8118,25.6460203,49.36271,
8119,28.2923972,48.2492591,
8120,24.0146,49.7413476,
8121,24.0142449,49.7406088,
8122,24.0149244,49.7408778,
8123,30.7381882,50.4905983,
8124,23.9126012,49.820666,
8125,23.9126855,49.8204091,
8126,23.8960925,49.8170957,
8127,22.1703947,48.4188757,
8128,22.1703872,48.4190368,
8129,22.1707468,48.4164798,
8130,22.8292883,48.0923621,
8131,32.638727,52.2867852,
8132,33.244553,52.3652882,
8133,33.2410415,52.3709347,
8134,33.2365803,52.3774705,
8135,34.7942289,50.9097419,
8136,30.8614266,50.6147726,
8137,30.8965029,50.6600202,
8138,30.8964151,50.6601308,
8139,30.89407,50.6571206,
8140,23.9814144,50.0685502,
8141,33.4793292,48.0432231,
8142,30.2330827,50.1539653,
8143,30.2295898,50.1569607,
8144,30.2322939,50.1544684,
8145,22.9526406,49.7995218,
8146,23.9803299,49.8012486,
8147,23.9815316,50.0687669,
8148,29.6733623,51.2899306,
8149,35.0739778,48.503925,
8150,29.9383893,50.1071293,
8151,23.1139628,49.9573156,
8152,23.1138281,49.957344,
8153,23.1136831,49.9573741,
8154,23.1135086,49.9574082,
8155,23.1129803,49.9575137,
8156,23.1126564,49.9575586,
8157,23.1139978,49.9573722,
8158,30.8395538,50.5028005,
8159,28.2222675,45.4802881,
8160,29.9793882,46.3881832,
8161,35.0786358,47.8735973,
8162,35.177916,47.8157993,
8163,36.2320663,49.9931494,
8164,30.7715637,50.4993553,
8165,28.4734045,49.2685919,
8166,28.4730078,49.2687913,
8167,28.4730331,49.2686529,
8168,23.8986682,49.8396077,
8169,23.8993165,49.8386554,
8170,23.8990208,49.839093,
8171,23.976327,49.7780745,
8172,23.9759236,49.7782038,
8173,23.9734007,49.7789435,
8174,24.1644512,49.8737382,
8175,25.7483328,50.0802571,
8176,32.5176911,46.6925518,
8177,32.5139344,46.6931506,
8178,28.6835939,50.3179554,
8179,24.053576,49.8655757,
8180,24.0528856,49.865304,
8181,25.246339,50.1305956,
8182,30.3619637,50.5153417,
8183,30.549186,50.3689616,
8184,30.5494416,50.3682098,
8185,34.800793,50.9064316,
8186,34.8008905,50.9064901,
8187,34.8014837,50.9068036,
8188,26.0593195,47.990091,
8189,32.9667073,51.5696473,
8190,32.9663279,51.5696844,
8191,32.9663936,51.5694929,
8192,32.965356,51.5694932,
8193,30.7094902,51.3980368,
8194,29.078468,51.6353053,
8195,33.2427924,52.3681217,
8196,24.2197046,50.3660238,
8197,24.8633003,49.9642791,
8198,30.7253715,46.4377133,
8199,30.6377114,50.3989982,
8200,30.7079855,46.4842653,
8201,35.5209004,49.5984147,
8202,35.5107431,49.2646155,
8203,35.4220202,49.0502559,
8204,35.4239081,49.0502347,
8205,30.86161,50.6142723,
8206,30.8942034,50.6570409,
8207,30.9141639,50.6818861,
8208,31.1784178,51.4451697,
8209,31.1771348,51.4437169,
8210,31.178035,51.4436435,
8211,31.183436,51.4994749,
8212,31.180355,51.6912315,
8213,29.5337068,48.3988117,
8214,30.2308487,50.1286348,
8215,30.741266,46.4646172,
8216,30.7413445,46.4648064,
8217,30.1918243,49.6800722,
8218,30.1705916,49.5095862,
8219,30.1694954,49.5094019,
8220,30.1687711,49.5089906,
8221,30.1692896,49.508653,
8222,30.0859232,49.2471774,
8223,30.0857273,49.2467051,
8224,30.0911199,49.2745485,
8225,30.1047583,49.3233668,
8226,30.1620324,48.9962319,
8227,29.9822707,50.4270974,
8228,29.9825624,50.4268229,
8229,29.7548495,50.4162801,
8230,29.7547358,50.4159529,
8231,30.236413,48.6222999,
8232,30.2351649,48.6108139,
8233,30.2308771,48.5573598,
8234,29.5326135,50.3973475,
8235,29.5331103,50.3975787,
8236,29.5330528,50.397671,
8237,29.5320301,50.3976325,
8238,30.2537322,48.3416089,
8239,30.2538276,48.3411486,
8240,30.2536489,48.3410978,
8241,30.2588908,48.3187218,
8242,30.2590615,48.3180615,
8243,30.2596375,48.319056,
8244,30.2584035,48.3214596,
8245,30.2596132,48.3170151,
8246,30.30305,48.1613914,
8247,30.3015543,48.1613694,
8248,30.3021809,48.1611245,
8249,30.3020529,48.1615965,
8250,30.3040443,48.1493037,
8251,30.3033392,48.149596,
8252,30.3028726,48.1493413,
8253,30.3033067,48.1490856,
8254,30.3135121,47.9067881,
8255,30.3138494,47.9078118,
8256,30.3037109,47.8701717,
8257,30.30421,47.8703235,
8258,30.3030273,47.8703279,
8259,30.3034881,47.8700163,
8260,30.3036771,47.8706956,
8261,30.3038134,47.8705567,
8262,30.2653841,47.7793984,
8263,30.3057148,47.3977387,
8264,30.3053032,47.3984701,
8265,30.3123489,47.2760959,
8266,30.3097685,47.2645406,
8267,30.3099433,47.2645319,
8268,30.3267381,47.126054,
8269,30.3156398,47.1875062,
8270,30.3127725,47.1984594,
8271,30.3119625,47.1983865,
8272,30.4313523,46.7710209,
8273,30.741102,46.5589044,
8274,30.7370191,46.5572696,
8275,30.7394489,46.5581046,
8276,30.660122,46.3885953,
8277,30.6593636,46.3885,
8278,30.6592,46.3885957,
8279,30.6594407,46.3878719,
8280,27.6941478,50.5804339,
8281,27.6954005,50.5802164,
8282,27.6452108,50.625562,
8283,27.6451226,50.6254176,
8284,27.6582051,50.6241072,
8285,27.6616328,50.6208289,
8286,27.6612666,50.6215198,
8287,27.6384433,50.6241652,
8288,27.6116974,50.6192813,
8289,27.6054104,50.6178969,
8290,27.6053477,50.617737,
8291,27.0971327,50.6118205,
8292,26.7146194,50.6100398,
8293,26.7133737,50.6101565,
8294,26.7248219,50.6089364,
8295,26.7300219,50.6084513,
8296,26.7301922,50.6085819,
8297,26.7069624,50.610763,
8298,26.7067683,50.6106561,
8299,26.1286293,50.576466,
8300,30.7994914,46.5807788,
8301,32.1528876,48.5014186,
8302,22.9558844,48.561404,
8303,22.955175,48.5616346,
8304,31.6791629,50.2052382,
8305,31.6790462,50.2051343,
8306,31.6862791,50.2036234,
8307,31.6865876,50.2036877,
8308,36.3075052,50.0019729,
8309,22.307474,48.5790432,
8310,22.3068691,48.579218,
8311,22.3066438,48.5789811,
8312,22.3069554,48.578809,
8313,22.3061829,48.5788075,
8314,22.3066962,48.5785638,
8315,32.4176985,50.2511189,
8316,32.4174855,50.2510063,
8317,32.4305789,50.2501801,
8318,27.5638424,50.5931572,
8319,27.5687364,50.5925278,
8320,27.5726347,50.5920277,
8321,27.5766777,50.591497,
8322,33.7108093,49.6713128,
8323,33.5842767,49.6686736,
8324,33.5719383,49.6704437,
8325,34.0279883,49.6171459,
8326,34.0137618,49.6248018,
8327,33.9850877,49.6434345,
8328,33.9642923,49.6562021,
8329,34.4506961,49.5704834,
8330,35.7924538,49.9510172,
8331,35.7916434,49.9511422,
8332,35.7913969,49.9508064,
8333,35.7894192,49.950365,
8334,35.7947107,49.9514666,
8335,36.4245853,49.9369065,
8336,28.6604637,50.9882693,
8337,28.660305,50.9885272,
8338,28.6602348,50.9887013,
8339,28.6597893,50.9885179,
8340,28.6600006,50.9881189,
8341,28.6601214,50.9880685,
8342,28.6605292,50.9882454,
8343,36.4351449,49.9320961,
8344,36.4355189,49.9319292,
8345,36.4348566,49.9320412,
8346,36.4346786,49.9318167,
8347,27.2427264,51.2187711,
8348,27.2435027,51.2190237,
8349,27.2419886,51.2200149,
8350,27.2412585,51.2196772,
8351,36.2681096,49.9243365,
8352,36.2677195,49.9237798,
8353,36.2679847,49.9240027,
8354,36.2682481,49.9245088,
8355,36.6277833,49.8722926,
8356,37.2056175,49.3968129,
8357,37.2036284,49.3968915,
8358,30.5026924,48.6948602,
8359,30.4230452,48.7091837,
8360,28.8397905,48.9566022,
8361,28.8212346,48.9757789,
8362,28.0268736,49.3587071,
8363,28.0229392,49.3597099,
8364,27.9242232,49.384792,
8365,27.9229344,49.3844258,
8366,27.9251029,49.3839258,
8367,27.92422,49.3845145,
8368,27.1153323,49.402571,
8369,27.1152759,49.4024882,
8370,26.3509606,49.5153863,
8371,30.7213643,46.4972256,
8372,28.295043,45.4679503,
8373,28.2963498,45.4673019,
8374,33.0757115,48.6734775,
8375,33.7485829,48.4182889,
8376,33.7478036,48.4180658,
8377,34.5029471,48.3418852,
8378,36.8130781,48.3642056,
8379,36.8106731,48.3643911,
8380,36.8130394,48.3640779,
8381,36.2276047,49.9905687,
8382,26.6741111,51.3175407,
8383,26.6750257,51.3171957,
8384,26.6757304,51.3179186,
8385,26.6757339,51.3175901,
8386,26.6762907,51.3176162,
8387,26.6749416,51.3175537,
8388,24.1224717,51.2060121,
8389,30.2936176,46.6113269,
8390,30.2939884,46.6115998,
8391,30.80272,46.5954348,
8392,30.8085231,46.599586,
8393,26.01343,48.236875,
8394,30.9479763,46.7047922,
8395,30.9411538,46.7040709,
8396,30.940386,46.7039783,
8397,30.9404126,46.7038616,
8398,30.9411813,46.7039541,
8399,32.0205887,47.0461984,
8400,35.4418966,49.3925438,
8401,35.479225,49.1310825,
8402,28.4774776,49.3059212,
8403,28.4765983,49.3056488,
8404,35.2459826,47.9521126,
8405,35.2458559,47.953824,
8406,35.2396099,47.8489374,
8407,35.241004,47.8148409,
8408,28.6143521,49.9538176,
8409,28.614219,49.9534214,
8410,28.6458205,50.0995297,
8411,28.6460013,50.0949082,
8412,28.6403199,50.0397247,
8413,28.6396592,50.0369209,
8414,28.6567426,50.1931244,
8415,28.6564858,50.1922362,
8416,28.6562109,50.189948,
8417,28.6476464,50.1415273,
8418,30.1985854,51.2886574,
8419,29.40012,51.2445093,
8420,29.4008412,51.2441159,
8421,29.4013767,51.2420242,
8422,29.4019006,51.2424666,
8423,29.4013714,51.2447285,
8424,29.4008446,51.2447262,
8425,29.4008821,51.2458692,
8426,35.4779359,49.1307485,
8427,35.437894,47.9324077,
8428,35.4367941,47.9322856,
8429,35.4372105,47.9326278,
8430,35.4372968,47.9325347,
8431,35.4725985,47.9472522,
8432,35.4877517,47.948404,
8433,35.5681675,47.9564012,
8434,35.5809895,47.9575845,
8435,35.5795136,47.9574446,
8436,35.898788,47.9716714,
8437,35.8991363,47.9714754,
8438,35.8986374,47.9709872,
8439,35.8985376,47.9707536,
8440,35.8951358,47.9702106,
8441,34.9777324,47.9732749,
8442,34.9775239,47.9957088,
8443,34.9590578,48.0153294,
8444,36.2928242,48.888608,
8445,36.306255,48.8910288,
8446,30.2555366,50.4483329,
8447,30.2557185,50.4484735,
8448,30.9405785,46.7043107,
8449,30.1968283,49.7178471,
8450,30.1962017,49.7183336,
8451,30.1966226,49.7153094,
8452,30.1970853,49.7186887,
8453,30.1973119,49.7222325,
8454,30.1312649,49.7835747,
8455,30.1309876,49.7833511,
8456,36.1652778,49.9500036,
8457,34.8947284,50.3087173,
8458,29.3677762,50.3663072,
8459,29.3678308,50.3664491,
8460,28.5244232,49.40297,
8461,34.9998134,48.5159494,
8462,26.8236478,48.4686294,
8463,26.8235696,48.4689177,
8464,26.8229148,48.4684238,
8465,26.8234768,48.4684131,
8466,26.8233385,48.4686405,
8467,26.8233081,48.468613,
8468,26.7908826,48.4421574,
8469,26.7919217,48.4423799,
8470,26.792728,48.4426031,
8471,26.791677,48.4426604,
8472,26.7921156,48.4431551,
8473,30.8642215,50.379553,
8474,30.5255719,50.4384523,
8475,30.5254556,50.4386417,
8476,30.5253129,50.4388403,
8477,30.5498443,50.3652559,
8478,33.5549983,48.1584597,
8479,30.7187873,46.4742068,
8480,36.4583337,49.9241351,
8481,36.4566551,49.9248441,
8482,22.3287193,48.5921316,
8483,30.7256863,46.4378035,
8484,30.7148791,46.4186559,
8485,30.7299905,46.4621282,
8486,30.7322922,46.4618424,
8487,30.7323925,46.461956,
8488,29.9425686,49.5297469,
8489,30.691294,46.4605279,
8490,30.5917055,46.3975179,
8491,35.0278166,48.3317109,
8492,35.0269171,48.3249588,
8493,35.0275888,48.3263114,
8494,30.4940322,50.5806482,
8495,30.4943737,50.5806744,
8496,35.0070135,48.4715907,
8497,25.2603962,50.1581258,
8498,24.1072552,49.7681138,
8499,24.7013819,49.0313741,
8500,31.4062333,51.539137,
8501,31.4073072,51.539247,
8502,31.4129776,51.5398061,
8503,31.4061758,51.5392366,
8504,31.436427,51.5421233,
8505,31.4451125,51.543123,
8506,31.4450382,51.5432306,
8507,23.9835511,49.8117677,
8508,23.9841857,49.8116661,
8509,28.9178999,50.2892493,
8510,29.8773855,50.0982231,
8511,30.740992,46.5390815,
8512,30.7403502,46.5391679,
8513,36.4364378,49.942211,
8514,31.5129842,51.1172752,
8515,31.5131803,51.1166479,
8516,30.7069948,46.4758731,
8517,30.7066369,46.4765842,
8518,30.7063559,46.4756721,
8519,28.8342454,45.3418997,
8520,26.6300777,48.8972563,
8521,32.6055131,46.6548382,
8522,30.7381918,46.4684041,
8523,24.3214596,51.8211888,
8524,24.3233674,51.8199908,
8525,25.8451275,51.9279441,
8526,25.8450665,51.9277569,
8527,25.8449521,51.9263353,
8528,30.7096347,51.3975806,
8529,30.3270837,51.2995544,
8530,23.1350976,49.9559773,
8531,23.1350296,49.955862,
8532,30.3281928,51.2995888,
8533,32.0818839,49.6722516,
8534,30.9660724,52.0902883,
8535,30.9658681,52.0893978,
8536,22.7222569,48.4496297,
8537,22.7224453,48.4496744,
8538,32.6391711,52.285557,
8539,32.6396417,52.2853603,
8540,28.692921,50.2686985,
8541,30.966516,52.0914857,
8542,30.9650431,52.0872782,
8543,22.8375032,48.09399,
8544,25.7482527,50.0801056,
8545,29.6632118,49.7337863,
8546,32.2376915,48.5929019,
8547,23.803418,51.1819932,
8548,23.8048223,51.1818652,
8549,24.1363493,50.85913,
8550,23.281131,48.3666197,
8551,26.6981545,51.8248655,
8552,26.6898113,51.8179157,
8553,26.6908661,51.8203334,
8554,30.7711561,50.499197,
8555,28.3179809,45.45491,
8556,28.3180271,45.454415,
8557,28.3181321,45.4525886,
8558,28.318128,45.4521927,
8559,33.2091676,52.05843,
8560,26.1076618,50.1301023,
8561,36.183842,49.9832421,
8562,34.4909865,49.5904271,
8563,29.8812329,49.4993852,
8564,29.8817222,49.4993824,
8565,30.7412741,46.4649286,
8566,34.4841748,49.5376633,
8567,34.4832988,49.5340663,
8568,34.4861041,49.5352243,
8569,34.4892683,49.5368516,
8570,34.4842009,49.5384511,
8571,34.4515659,49.5674793,
8572,30.3197953,47.0153723,
8573,34.4136486,49.5756222,
8574,34.3333077,49.6058707,
8575,22.7194081,48.4545862,
8576,22.7193804,48.454628,
8577,22.7192045,48.4549724,
8578,22.7192092,48.4546479,
8579,22.7193005,48.4544816,
8580,25.3665676,50.1624757,
8581,25.3659281,50.1629377,
8582,25.3656552,50.1623705,
8583,25.3064444,50.1575281,
8584,25.3066056,50.1576303,
8585,22.8211304,48.0924899,
8586,30.4828764,50.5292068,
8587,30.4839203,50.529975,
8588,30.4841891,50.5297531,
8589,36.3469927,49.9964933,
8590,30.5206054,50.4066641,
8591,31.1111216,51.7882572,
8592,31.1103059,51.7889849,
8593,28.8368111,45.3523939,
8594,28.8358923,45.3524853,
8595,28.8400659,45.3663701,
8596,25.6511219,49.5665668,
8597,25.6511863,49.5666448,
8598,25.6510472,49.5667919,
8599,25.6509761,49.5667985,
8600,25.6507772,49.5666638,
8601,25.6507933,49.5666135,
8602,25.6513697,49.5668912,
8603,30.9683027,52.0935078,
8604,30.788933,46.5658848,
8605,30.8477036,50.4197876,
8606,36.2927183,49.9385735,
8607,30.7384667,46.4516559,
8608,27.7698744,48.4623333,
8609,23.6857761,49.6271812,
8610,23.6859006,49.6279161,
8611,36.3933222,49.891157,
8612,36.3935358,49.891612,
8613,36.2995731,49.9725317,
8614,35.0849,48.5302501,
8615,35.0843837,48.5300888,
8616,26.4383032,49.4895558,
8617,26.5481432,51.5430986,
8618,26.3769944,48.8965018,
8619,26.8630917,48.8958008,
8620,30.2399308,50.1432758,
8621,26.2453842,48.8416129,
8622,32.707382,46.73382,
8623,36.2650366,49.9897349,
8624,35.3560217,47.5579699,
8625,27.4635714,48.4377075,
8626,27.4641276,48.4379728,
8627,27.5148551,48.4246781,
8628,27.4495893,48.412819,
8629,27.4496617,48.4126113,
8630,34.078308,49.5322746,
8631,32.1124278,47.6719836,
8632,30.3294295,48.7441282,
8633,30.2739176,48.7201782,
8634,30.3266232,46.1733123,
8635,25.5400104,49.5619418,
8636,23.2053998,49.9561477,
8637,23.2053964,49.9559936,
8638,23.2136777,49.9552213,
8639,23.2137127,49.9553373,
8640,30.7371237,50.4901284,
8641,26.1404653,50.5826744,
8642,26.1413746,50.5832838,
8643,25.8810898,50.4757932,
8644,26.2576616,50.569799,
8645,26.2589271,50.5699971,
8646,26.2611929,50.5703352,
8647,30.667514,50.1590864,
8648,26.1404421,50.5828356,
8649,27.0930436,50.6110427,
8650,27.7911718,50.5563787,
8651,27.7899462,50.5569477,
8652,22.3842543,48.5490571,
8653,22.4524504,48.5402324,
8654,22.4443313,48.541679,
8655,22.4450023,48.5415576,
8656,22.4450128,48.5416024,
8657,27.1000932,50.6100398,
8658,27.1002491,50.6101245,
8659,27.0841029,50.6101063,
8660,27.0841161,50.6102234,
8661,30.6656938,50.1121712,
8662,26.9793301,50.6001428,
8663,26.9863697,50.600626,
8664,27.0095692,50.6017185,
8665,27.0096818,50.6018454,
8666,22.3066344,48.5788285,
8667,22.306932,48.5790059,
8668,35.7926763,48.5431402,
8669,35.8020235,48.5392727,
8670,35.4151946,48.6127987,
8671,35.4304481,48.6106627,
8672,35.4334929,48.6100881,
8673,35.4783818,48.6034631,
8674,35.4817311,48.6028428,
8675,35.5039277,48.5996274,
8676,35.5637226,48.590632,
8677,35.5691078,48.5896406,
8678,35.587306,48.5870395,
8679,35.6360766,48.5776082,
8680,35.6669838,48.5710981,
8681,35.6701538,48.5702563,
8682,35.6726231,48.5697225,
8683,35.7145399,48.5608136,
8684,35.7842518,48.5454294,
8685,31.2990903,51.4627147,
8686,26.9713272,49.4163902,
8687,26.9691299,49.4081294,
8688,26.9687853,49.4082533,
8689,25.3360016,49.8658923,
8690,25.1500227,50.0600576,
8691,26.1366369,50.5803419,
8692,26.1365619,50.5803906,
8693,34.9850506,47.8900971,
8694,34.9829055,47.8899189,
8695,34.9834091,47.8894403,
8696,34.9850864,47.889955,
8697,26.9390072,49.412545,
8698,26.9389186,49.4127079,
8699,26.9388384,49.412755,
8700,23.9364967,49.8255626,
8701,30.8307907,46.5628553,
8702,27.7886825,48.4429634,
8703,33.2604271,47.8894871,
8704,28.4038579,49.241305,
8705,28.841631,48.9532907,
8706,28.5152241,49.3794968,
8707,28.5142174,49.3574502,
8708,28.3685246,49.2505332,
8709,28.0245389,49.3593333,
8710,27.3539183,49.3909338,
8711,27.3382967,49.7544096,
8712,27.0576487,49.4842544,
8713,27.0519244,49.471493,
8714,27.0522591,49.4722734,
8715,27.2546592,48.8340159,
8716,26.6150754,48.7418416,
8717,35.0713065,48.4402548,
8718,35.0720631,48.4418811,
8719,27.0085678,50.6017865,
8720,26.9865653,50.6005137,
8721,26.9874923,50.6005625,
8722,35.0292953,48.3648214,
8723,30.5196496,50.4405763,
8724,27.790958,50.5563347,
8725,27.7939842,50.5550678,
8726,27.4703296,50.6036619,
8727,27.4728458,50.6035621,
8728,30.7263391,46.4179874,
8729,30.2770988,50.5541725,
8730,30.2755375,50.5544963,
8731,35.9607301,49.8631177,
8732,31.3097988,51.5026491,
8733,30.7239667,46.4254355,
8734,30.723818,46.4257786,
8735,30.7239445,46.4254877,
8736,23.0038444,47.9910593,
8737,23.0029365,47.9918013,
8738,28.8398945,48.9565735,
8739,30.2825889,50.5531536,
8740,30.2892253,50.5536997,
8741,34.0796112,49.5811036,
8742,34.8299943,49.6079905,
8743,23.8033167,51.1808929,
8744,23.8036467,51.1807184,
8745,30.7379835,50.4905406,
8746,35.4827436,49.3232722,
8747,31.3089495,51.502032,
8748,31.3102415,51.5025092,
8749,33.4343742,47.931811,
8750,33.4341846,47.9312819,
8751,24.1620663,49.9202436,
8752,33.5329805,47.9407234,
8753,33.5197938,47.9386426,
8754,33.5158554,47.9379883,
8755,33.5080034,47.9367275,
8756,33.5368463,47.9411091,
8757,33.5367863,47.9412805,
8758,33.5687767,47.9463695,
8759,33.5688173,47.9462053,
8760,33.5633803,47.9453093,
8761,33.5736448,47.9470131,
8762,33.5735946,47.9471457,
8763,23.2734601,48.1806751,
8764,23.2732424,48.1807027,
8765,23.2732103,48.1806751,
8766,23.2733963,48.1809393,
8767,24.6331196,49.2575367,
8768,24.6325656,49.2578791,
8769,32.2064874,50.6944273,
8770,32.2065417,50.6941683,
8771,32.2048486,50.7013925,
8772,32.2056599,50.697877,
8773,32.2067808,50.694329,
8774,34.3573343,49.5963845,
8775,34.3333974,49.6059788,
8776,28.5143671,49.3462961,
8777,36.2797395,49.9201775,
8778,36.812437,49.7764382,
8779,30.1750712,49.884748,
8780,30.1790639,49.8934565,
8781,30.1858156,49.9083343,
8782,30.4470708,50.4544032,
8783,26.3074058,50.676276,
8784,33.0415049,50.0266921,
8785,24.022024,49.8431216,
8786,34.5296334,49.5998217,
8787,34.4933951,49.5386869,
8788,33.4699698,50.7528544,
8789,30.4493379,50.593362,
8790,30.4497362,50.5930311,
8791,30.4493266,50.5932794,
8792,33.4802486,50.7523827,
8793,30.5199091,50.4410196,
8794,24.1590821,49.817947,
8795,36.3083914,49.9699313,
8796,36.3086624,49.9702078,
8797,36.3106175,49.9696461,
8798,36.3092769,49.9698028,
8799,36.3092313,49.9696566,
8800,36.3091057,49.9696939,
8801,36.3085443,49.9703609,
8802,36.2525412,49.9769178,
8803,36.2503196,49.9779531,
8804,30.8432633,48.0413999,
8805,30.8434731,48.0411633,
8806,30.8437069,48.0414361,
8807,30.8437336,48.0407925,
8808,30.8439016,48.0411548,
8809,22.6478524,48.2109972,
8810,22.647799,48.2111542,
8811,22.647484,48.2107257,
8812,22.6477565,48.2108726,
8813,22.6476579,48.2109703,
8814,22.6476812,48.210998,
8815,23.9955705,49.8491045,
8816,23.9782498,49.7772056,
8817,22.7527122,48.4715293,
8818,27.5759617,50.6026563,
8819,27.5750088,50.6022534,
8820,31.0916688,48.0075382,
8821,34.9399945,50.8332722,
8822,34.9408151,50.8333811,
8823,34.9405947,50.8335095,
8824,34.9405212,50.8335523,
8825,26.5488183,51.5430957,
8826,34.5247464,49.5601479,
8827,34.5251535,49.5606073,
8828,23.0030764,47.9927003,
8829,23.0038138,47.9912847,
8830,27.5221183,50.5984717,
8831,27.5234554,50.5982978,
8832,27.5368053,50.5967429,
8833,28.2953794,45.4682323,
8834,28.2957295,45.468953,
8835,28.293865,45.4680077,
8836,32.8364239,50.7465264,
8837,31.0102623,50.8056016,
8838,31.0117406,50.80749,
8839,31.012451,50.8084044,
8840,31.013034,50.8091498,
8841,29.1071376,50.3217857,
8842,34.9405061,50.8331667,
8843,34.9406375,50.8332741,
8844,30.5197209,50.440973,
8845,30.5198529,50.4408232,
8846,34.5054576,48.3428121,
8847,35.0407273,48.3960826,
8848,30.5225041,50.4408355,
8849,36.219361,50.001126,
8850,30.5201255,50.4407815,
8851,36.2184191,50.0046599,
8852,28.5853927,49.9032398,
8853,28.5855887,49.9038274,
8854,35.0843527,48.5269886,
8855,34.7727616,50.9120932,
8856,35.040794,48.3963053,
8857,25.2969896,50.7326901,
8858,30.4838723,50.528702,
8859,32.2291065,48.9498083,
8860,28.8397126,48.9569196,
8861,28.8402533,48.956891,
8862,28.6559477,49.6894995,
8863,34.530223,49.6000239,
8864,26.5922809,48.6901283,
8865,30.547316,50.4201142,
8866,30.5474659,50.4201822,
8867,28.8300999,45.3538532,
8868,31.7836164,50.2087128,
8869,31.7837987,50.2089011,
8870,31.765297,50.2027565,
8871,36.2281535,50.0084725,
8872,36.2283133,50.0079535,
8873,30.9998395,49.0707718,
8874,34.7943409,50.9095613,
8875,32.6058689,46.6551724,
8876,32.6052484,46.6549523,
8877,32.6058566,46.65512,
8878,32.6046006,46.6477495,
8879,36.1836447,49.9831783,
8880,36.183717,49.9830833,
8881,36.1839172,49.9831473,
8882,33.4050879,47.9372964,
8883,26.5922762,48.6899594,
8884,26.5921412,48.6902092,
8885,26.5920017,48.6904835,
8886,26.5919028,48.6901912,
8887,35.0052111,48.5133181,
8888,36.2411389,49.9818116,
8889,24.1613334,49.9205959,
8890,24.1612414,49.9207937,
8891,24.1612032,49.920255,
8892,34.594189,49.5825201,
8893,32.3087883,49.6775913,
8894,32.3091474,49.6779293,
8895,25.2122147,50.1229301,
8896,25.2546454,50.157426,
8897,25.2545406,50.1572809,
8898,23.9762962,49.7781065,
8899,23.9759801,49.778211,
8900,33.0558953,50.0036775,
8901,33.0328149,50.0347539,
8902,33.0370662,50.0314531,
8903,33.0262314,50.0387018,
8904,33.0081815,50.0458116,Lubny
8905,33.001936,50.0475697,
8906,33.0264516,50.0387486,
8907,33.0373037,50.0314709,
8908,33.0330098,50.0348103,
8909,34.571663,48.7092988,
8910,28.4365984,45.3028249,
8911,28.4370635,45.3025399,
8912,25.2080275,50.1187323,
8913,24.005017,49.6814447,
8914,24.0050333,49.6810089,
8915,23.949411,49.5275058,
8916,23.9728294,49.4970806,
8917,23.9714795,49.4999243,
8918,23.9724596,49.4986531,
8919,23.9734474,49.4984739,
8920,23.8584785,49.241245,
8921,23.3806924,49.7985433,
8922,23.1404018,49.9537751,
8923,23.1405745,49.9538319,
8924,23.1418221,49.9531818,
8925,24.1612624,49.9202705,
8926,24.1614076,49.9205246,
8927,24.4659816,49.9740068,
8928,24.4956018,49.9690202,
8929,24.4660987,49.9741168,
8930,24.7150622,49.9829894,
8931,34.6018997,48.7055166,
8932,34.603035,48.7048225,
8933,34.602112,48.7056171,
8934,34.7001182,49.5786177,
8935,34.6853822,49.5752863,
8936,34.6961571,49.5776241,
8937,34.6853017,49.5754188,
8938,34.6790989,49.5740404,
8939,34.6764362,49.5734547,
8940,34.6739024,49.5728971,
8941,34.4473218,49.5686035,
8942,34.455365,49.5665605,
8943,34.4460036,49.5691102,
8944,34.4784798,49.5451744,
8945,34.4844096,49.5364453,
8946,30.5221869,50.4407657,
8947,25.7427825,48.6170148,
8948,23.9126261,49.820702,
8949,23.9128968,49.8203349,
8950,23.9132768,49.8204288,
8951,23.9817482,49.8058505,
8952,23.981218,49.8059375,
8953,30.0784938,49.1915838,
8954,24.0214947,49.8565064,
8955,24.0219704,49.8566417,
8956,24.0220039,49.8567047,
8957,24.0217741,49.8569935,
8958,31.8833,51.03354,
8959,27.2210219,49.7613668,
8960,24.0527162,49.8647837,
8961,24.0532478,49.8646671,
8962,24.0536105,49.8651394,
8963,27.2548147,48.8339462,
8964,33.1199498,49.883123,
8965,33.1181681,49.8799816,
8966,33.1172097,49.8570973,
8967,33.1114501,49.8650247,
8968,33.1112245,49.8650028,
8969,29.2307855,50.3432733,
8970,30.9160212,50.3676875,
8971,30.9356405,50.3600717,
8972,25.4621973,50.7503037,
8973,27.0171846,49.4345005,
8974,27.0168779,49.4346302,
8975,28.2490022,45.5628238,
8976,26.2467514,50.4706573,
8977,26.0283322,48.289547,
8978,26.0284661,48.289647,
8979,30.8276578,49.2519294,
8980,30.8275518,49.2520433,
8981,35.1605199,47.8176879,
8982,35.1608319,47.8175938,
8983,35.1618491,47.8174962,
8984,35.1608961,47.8177509,
8985,35.1605926,47.8178375,
8986,24.1610223,49.9206439,
8987,26.88716,49.4019939,
8988,24.1058696,49.7685564,
8989,24.1073569,49.7677979,
8990,25.5641525,50.7787327,
8991,25.5641626,50.7786105,
8992,24.1079738,49.7678037,
8993,24.1075435,49.7680311,
8994,24.1073717,49.7679188,
8995,26.2561891,50.6244182,
8996,26.2561399,50.6239019,
8997,34.0889955,49.241275,
8998,34.082975,49.2435407,
8999,34.0819573,49.2386798,
9000,34.0982064,49.2446251,
9001,34.0879968,49.2369941,
9002,34.0897549,49.2413106,
9003,34.0818752,49.2383833,
9004,34.0873475,49.2374545,
9005,34.0840258,49.2417877,
9006,34.0792454,49.2376971,
9007,34.0847477,49.2412229,
9008,34.0277558,49.3156147,
9009,32.9710601,50.0595888,
9010,33.1170094,49.8570283,
9011,30.7402576,46.4595851,
9012,34.9771884,47.8995598,
9013,34.9744857,47.9103105,
9014,31.8836033,51.0336975,
9015,25.2123209,50.1227604,
9016,27.7510129,48.4510965,
9017,35.3583821,47.9115407,
9018,35.3573822,47.910956,
9019,26.6883778,48.2701228,
9020,33.7392398,49.6703264,
9021,34.0862069,49.2389503,
9022,34.0846508,49.2394096,
9023,34.0864068,49.2390306,
9024,34.0869092,49.2402373,
9025,34.8007506,50.9067987,
9026,33.7454363,49.6668603,
9027,33.791988,49.6784895,
9028,33.771793,49.6793113,
9029,33.7920524,49.6785456,
9030,33.7749955,49.6811492,
9031,33.7721593,49.6791997,
9032,26.6564755,50.6151425,
9033,28.5326255,49.2292528,
9034,35.1630413,47.8177646,
9035,35.1629381,47.8178519,
9036,34.1760922,49.135278,
9037,34.292826,49.0705529,
9038,34.2867535,49.0755963,
9039,34.2817291,49.0770321,
9040,34.2758883,49.0770934,
9041,34.2635119,49.0736457,
9042,34.2534164,49.0747212,
9043,34.2435019,49.0824723,
9044,34.154462,49.1682586,
9045,34.1424667,49.1836578,
9046,34.0864017,49.2403257,
9047,34.0737988,49.2356361,
9048,34.0923954,49.2309628,
9049,34.3051455,49.0574347,
9050,34.3364979,49.0394271,
9051,34.2239987,49.107188,
9052,34.2279872,49.099891,
9053,34.2351451,49.0904808,
9054,34.5717316,48.7094421,
9055,34.570309,48.7096652,
9056,34.5704105,48.7098051,
9057,27.0473295,48.3761518,
9058,30.5544636,50.2527447,
9059,30.5544986,50.2528119,
9060,25.2287991,50.1501068,
9061,25.2387645,50.1538707,
9062,25.233922,50.1521312,
9063,25.2340168,50.1520639,
9064,26.749362,50.6067418,
9065,26.7480577,50.6068649,
9066,26.7394059,50.6075661,
9067,26.7395546,50.6076709,
9068,26.9525077,50.5987299,
9069,30.9393894,46.7044756,
9070,30.9408184,46.7034337,
9071,30.9400593,46.702955,
9072,23.9105688,49.9184499,
9073,30.8843775,46.6791214,
9074,30.8844158,46.6790642,
9075,26.0603836,47.9891725,
9076,24.1077731,49.7676518,
9077,24.1056038,49.7693232,
9078,24.1053643,49.7695119,
9079,26.6519411,50.6294563,
9080,26.6527173,50.629968,
9081,30.9999926,46.7031703,
9082,30.9990379,46.7030627,
9083,28.8503963,45.3834142,
9084,28.8505381,45.3833728,
9085,28.8507039,45.3839348,
9086,28.8508457,45.3838935,
9087,28.851496,45.3853136,
9088,28.8516485,45.3852676,
9089,28.8519591,45.3861455,
9090,28.852113,45.3861033,
9091,28.8525939,45.3870317,
9092,28.8524381,45.3870738,
9093,28.8532045,45.3882027,
9094,28.8530659,45.3882405,
9095,28.8533363,45.388473,
9096,28.853207,45.3885045,
9097,28.8534808,45.3889313,
9098,33.417876,47.9425246,
9099,33.4178408,47.9421598,
9100,22.6892716,48.4362849,
9101,22.6891968,48.4361966,
9102,30.16064,49.8521319,
9103,30.159923,49.851867,
9104,30.1603358,49.851423,
9105,36.3090067,49.9691174,
9106,36.2746663,50.0431749,
9107,34.1085223,49.5810074,
9108,34.1079772,49.5792569,
9109,34.1086075,49.5820041,
9110,34.1085038,49.5827057,
9111,34.1084866,49.5817804,
9112,34.108072,49.5812589,
9113,34.1091027,49.5813117,
9114,34.1086665,49.5809835,
9115,34.1060544,49.5812023,
9116,34.1080229,49.5791799,
9117,34.1014318,49.5858268,
9118,31.0269124,50.3210227,
9119,35.0521213,48.4683261,
9120,36.3515172,49.9599266,
9121,23.0018697,47.9995521,
9122,23.0018498,47.9994446,
9123,36.7680612,49.7939618,
9124,33.2146255,51.2275429,
9125,26.3081186,50.676478,
9126,28.8220702,48.9754569,
9127,28.8220695,48.9758579,
9128,34.8061669,50.9115435,
9129,24.0223508,49.8571252,
9130,22.1710571,48.4180426,
9131,22.1698513,48.4170338,
9132,28.8211983,48.9756667,
9133,26.2190814,49.2358589,
9134,26.2098613,49.2381232,
9135,33.1168255,48.6713093,
9136,30.7178554,46.3983588,
9137,30.7178813,46.3982449,
9138,23.0087748,47.9813027,
9139,34.4448635,47.6221956,
9140,24.1598109,49.8167453,
9141,24.160688,49.8172885,
9142,24.1610954,49.8174915,
9143,24.1607723,49.8178966,
9144,24.1603811,49.8176744,
9145,31.026117,50.3206492,
9146,23.0025553,47.9921718,
9147,23.003396,47.9924683,
9148,24.1610365,49.8174992,
9149,24.1595004,49.8177497,
9150,24.1591728,49.8177247,
9151,24.1997144,48.0534283,
9152,22.5741904,48.165279,
9153,22.2658091,48.6534987,
9154,26.6907559,51.8201717,
9155,26.7040544,51.8265527,
9156,35.0212814,48.4674279,
9157,23.1124406,49.9547514,
9158,23.1122788,49.954448,
9159,23.1134862,49.9546441,
9160,23.1128864,49.9547221,
9161,23.1157694,49.9548625,
9162,23.1210449,49.9562321,
9163,23.1174886,49.9549973,
9164,23.1159575,49.9538253,
9165,23.1147861,49.9545052,
9166,23.1153744,49.954428,
9167,22.5490051,48.1586314,
9168,23.8078484,49.5731197,
9169,23.8081882,49.5728899,
9170,23.8095986,49.5715859,
9171,23.8097087,49.5718219,
9172,23.8082928,49.5731111,
9173,26.0117968,48.0432129,
9174,26.4116788,50.0013929,
9175,29.6630538,49.7339614,
9176,31.2445216,51.5741081,
9177,31.244725,51.5741166,
9178,26.5748273,50.3457643,
9179,31.3656798,51.5242752,
9180,31.3653052,51.5243753,
9181,32.2530662,47.1656333,
9182,32.2528745,47.1652987,
9183,34.6821679,48.6544407,
9184,34.6825137,48.6547031,
9185,34.6833808,48.6540207,
9186,34.6836027,48.6542978,
9187,34.6274574,48.696916,
9188,28.5043122,49.2317077,
9189,29.9863508,47.6699339,
9190,28.2269283,45.4817121,
9191,26.200381,50.6443338,
9192,36.2412563,49.9817568,
9193,36.2412983,49.9817383,
9194,36.2415934,49.9817311,
9195,32.022434,49.7005516,
9196,32.020128,49.7007148,
9197,32.0206238,49.7007024,
9198,32.0208287,49.7006973,
9199,35.4860153,49.7880487,
9200,35.440235,49.7871426,
9201,30.9232632,47.9353182,
9202,31.0266235,50.3211702,
9203,34.8703872,48.5758174,
9204,33.4339756,49.1016197,
9205,33.4341078,49.1019405,
9206,33.4343739,49.1018422,
9207,22.9419108,49.8000081,
9208,23.8129908,51.1896354,
9209,25.5779497,50.7791347,
9210,25.5685933,50.7788503,
9211,25.5685974,50.7787406,
9212,25.5779644,50.7790184,
9213,35.8141348,47.554417,
9214,35.8171716,47.513121,
9215,36.0003374,48.7192123,
9216,27.0369476,50.1592074,
9217,23.9133378,49.8200311,
9218,32.0211746,49.7005699,
9219,33.6474451,49.6691018,
9220,33.6474929,49.6689749,
9221,24.1750089,51.2089879,
9222,24.1750162,51.2088706,
9223,24.1684125,51.2086348,
9224,24.1684203,51.208516,
9225,35.0699326,48.3785293,
9226,35.068803,48.3781736,
9227,33.2030891,49.8262608,
9228,28.6796644,49.7367066,
9229,27.2209522,49.7612145,
9230,34.5181699,48.7194285,
9231,28.831077,45.3534427,
9232,28.8309152,45.3536376,
9233,28.8317179,45.3532825,
9234,27.5620097,50.596611,
9235,27.5701978,50.6000665,
9236,27.5620717,50.5967799,
9237,27.7099152,50.5776394,
9238,27.7098757,50.5777754,
9239,34.9244703,50.3445595,
9240,34.9241993,50.3443485,
9241,34.9244132,50.3446982,
9242,34.9238257,50.3447199,
9243,27.0753429,49.5465843,
9244,34.3192602,51.8734702,
9245,23.9125104,49.8212462,
9246,34.8699337,49.6182606,
9247,34.8357792,49.6096036,
9248,34.8230624,49.6064034,
9249,30.5800301,50.2385991,
9250,31.435207,51.7684117,
9251,31.435848,51.7684362,
9252,31.4351798,51.7685431,
9253,31.4350966,51.7685676,
9254,31.434732,51.7686925,
9255,31.4349074,51.7684692,
9256,30.0628613,46.3123778,
9257,36.309622,49.9699742,
9258,36.3092461,49.9701059,
9259,34.776973,49.5952046,
9260,34.6739552,49.5727836,
9261,34.8232623,49.6063514,
9262,34.8357817,49.6095062,
9263,34.8389192,49.6104011,
9264,30.3098458,46.600121,
9265,30.3101792,46.6003131,
9266,27.3780818,49.7558163,
9267,27.3606694,49.755211,
9268,28.3185908,45.4523698,
9269,28.3206908,45.4523092,
9270,30.5821091,50.2388283,
9271,23.9762372,49.7784405,
9272,24.1440456,50.8564013,
9273,24.1437419,50.8561974,
9274,26.8113615,48.8960767,
9275,26.811381,48.8959222,
9276,26.8114344,48.8958819,
9277,26.8116645,48.895848,
9278,26.8118426,48.8959555,
9279,26.8117984,48.8961198,
9280,26.8117316,48.8961575,
9281,26.8115614,48.8961795,
9282,26.8236643,48.8709152,
9283,26.8236279,48.8707246,
9284,26.8240848,48.8704701,
9285,26.8245692,48.8708072,
9286,26.8243482,48.8710476,
9287,26.823952,48.871463,
9288,28.917808,50.2891074,
9289,28.6584289,50.2552117,
9290,28.6582997,50.2549964,
9291,28.6588308,50.2542109,
9292,28.6590922,50.2545324,
9293,28.6584639,50.25443,
9294,28.6588083,50.2549577,Zhytomyr
9295,28.6588897,50.2542169,
9296,27.4629596,48.4382682,
9297,27.464067,48.4380283,
9298,27.4638308,48.4381174,
9299,27.4635177,48.4377898,
9300,27.46361,48.4380807,
9301,27.4636185,48.4381138,
9302,27.4636291,48.4381959,
9303,27.4634618,48.4380751,
9304,35.071099,48.4402988,
9305,35.068994,48.4352578,
9306,35.0687841,48.4353022,
9307,26.6041542,48.7283301,
9308,35.0677384,48.4325353,
9309,36.2309897,49.9824892,
9310,35.0750634,48.4483617,
9311,35.0759481,48.4502787,
9312,22.4860988,48.5374114,
9313,26.162398,50.6678373,
9314,26.1616552,50.6678252,
9315,28.6450567,50.276721,
9316,28.6452555,50.2766708,
9317,28.6224695,50.2809543,
9318,28.6220566,50.2809863,
9319,28.6405663,50.2776921,
9320,28.6449191,50.2768561,
9321,24.1109995,51.205514,
9322,28.6447534,50.2769004,
9323,28.6938651,50.2686146,
9324,22.9972826,48.2877483,
9325,30.105476,46.4124939,
9326,30.120021,46.41341,
9327,30.1252117,46.4121557,
9328,30.1263913,46.4120779,
9329,30.1251876,46.4119273,
9330,28.6642262,50.256793,
9331,28.6936859,50.2685368,
9332,34.027538,49.3157353,
9333,32.1602127,48.5134336,
9334,27.2372778,49.385324,
9335,33.2734926,49.8016299,
9336,33.262734,49.8060278,
9337,24.7065785,48.936747,
9338,24.70703,48.9368697,
9339,23.9103734,49.9186488,
9340,28.5931446,50.2862755,
9341,33.3226646,47.9261796,
9342,33.3228484,47.9259665,
9343,28.6642062,50.2568254,
9344,26.4573047,48.7664517,
9345,24.6542101,49.4050222,
9346,28.7013246,51.1392878,
9347,30.3086142,47.9911016,
9348,30.3099501,47.9737557,
9349,30.303119,47.8685956,
9350,33.4283139,49.0699876,
9351,32.033337,49.4589597,
9352,28.6249269,50.2804622,
9353,28.6749221,50.2336626,
9354,31.789678,51.577793,
9355,34.4846653,49.5363326,
9356,34.4793699,49.5447727,
9357,34.478608,49.5452603,
9358,34.4785736,49.5452835,
9359,34.4473229,49.5688011,
9360,34.4887612,49.5364301,
9361,34.4868814,49.5357553,
9362,34.4844963,49.5346658,
9363,34.4802708,49.5322131,
9364,24.5451051,48.4370707,
9365,24.6328743,49.2582701,
9366,35.0726287,48.4430963,
9367,36.2451704,50.0932069,
9368,28.8367431,45.3519949,
9369,28.6601128,50.9883978,
9370,34.6145484,48.6969871,
9371,23.2806063,48.3665187,
9372,23.2811807,48.3664387,
9373,30.1939278,47.3723376,
9374,28.8308392,45.3535199,
9375,30.2985631,48.1361145,
9376,23.991556,50.0511976,
9377,23.9919008,50.051034,
9378,23.0145708,49.3682453,
9379,28.8311521,45.3535696,
9380,25.5531986,49.2997073,
9381,25.5536641,49.3000036,
9382,24.1603805,49.8175364,
9383,24.1593911,49.8176351,
9384,24.1592723,49.8163675,
9385,35.2564357,49.7595592,
9386,23.0941354,48.7581721,
9387,25.586232,49.6013902,
9388,25.5862566,49.6016774,
9389,25.5861819,49.6011835,
9390,22.9644918,48.5682946,
9391,22.4867639,48.7358013,
9392,31.9516278,50.2330616,
9393,31.8863031,50.235356,
9394,31.8862446,50.2352489,
9395,33.4359907,47.9682745,
9396,33.4362453,47.9682677,
9397,33.6829049,50.78008,
9398,33.6811884,50.7796895,
9399,33.680805,50.7796092,
9400,33.6797187,50.7794273,
9401,23.6527927,49.7148726,
9402,23.9911891,48.9740938,
9403,23.9910044,48.9741288,
9404,23.9909978,48.9741063,
9405,23.9909403,48.97414,
9406,23.9909286,48.9741222,
9407,32.21795,51.5228831,
9408,32.2158583,51.5225442,
9409,28.6209496,50.2438512,
9410,35.7748024,49.9433663,
9411,30.0836993,50.4349956,
9412,30.0836595,50.4351379,
9413,33.4359112,47.9570144,
9414,32.2157583,51.5227494,
9415,34.4138422,49.5757179,
9416,34.4177045,49.5748111,
9417,34.4497774,49.5698312,
9418,34.4504365,49.5692924,
9419,34.4516465,49.5697998,
9420,32.6126995,48.7217752,
9421,32.6130307,48.7222211,
9422,32.6131005,48.7226883,
9423,36.3456494,49.9965378,
9424,36.0696259,49.7526115,
9425,30.6434481,46.4753318,
9426,36.2307771,50.0079669,
9427,36.2304664,50.0081448,
9428,30.3159866,47.0297534,
9429,24.1470159,49.3784068,
9430,32.2180758,51.5227065,
9431,28.8136905,45.3595746,
9432,34.2353823,49.0904955,
9433,34.2281941,49.0998527,
9434,34.2242198,49.1071998,
9435,34.1758902,49.1352912,
9436,35.0744216,48.4469714,
9437,31.9208942,50.2338805,
9438,34.4627971,48.7585008,
9439,34.4627548,48.758717,
9440,34.4626961,48.7642894,
9441,30.5329486,50.2969867,
9442,23.6518874,49.7141826,
9443,23.6525895,49.7142264,
9444,23.6526794,49.7141994,
9445,23.6529838,49.7139241,
9446,23.6530859,49.7143243,
9447,23.9916948,50.0513358,
9448,23.9920587,50.0511412,
9449,23.9917205,50.0513431,
9450,23.9920462,50.0512581,
9451,36.5854185,48.0505963,
9452,28.677882,45.3466993,
9453,28.6774178,45.3470194,
9454,28.5943678,49.8864771,
9455,28.594573,49.886449,
9456,28.5949457,49.8865413,
9457,35.580009,47.9574936,
9458,35.4372905,47.9323375,
9459,25.1447557,49.4465263,
9460,25.12382,49.4375678,
9461,30.1260297,46.412118,
9462,30.126429,46.4117719,
9463,30.1265505,46.411743,
9464,30.1277085,46.4114273,
9465,30.1248046,46.4122021,
9466,30.1244155,46.4122121,
9467,30.1212961,46.4126577,
9468,35.1827575,47.7862109,
9469,28.8345832,45.3396987,
9470,28.8343682,45.3384609,
9471,22.9973604,48.2874231,
9472,35.1576713,48.4788564,
9473,35.1576366,48.4790444,
9474,35.1574193,48.4788896,
9475,25.2288364,50.1499624,
9476,25.2387452,50.153735,
9477,25.234927,50.152546,
9478,25.2338899,50.1522679,
9479,25.3136502,50.15773,
9480,25.31363,50.1576073,
9481,25.3809049,50.1694277,
9482,25.3808923,50.1695791,
9483,25.3739697,50.1654938,
9484,25.3603816,50.1619027,
9485,26.5187351,50.6032101,
9486,30.1291044,49.4200525,
9487,30.1285492,49.4193395,
9488,30.1565643,49.4620609,
9489,30.165246,49.4938675,
9490,30.1690614,49.50781,
9491,30.1729296,49.5626982,
9492,30.1788946,49.6137403,
9493,30.188996,49.6624308,
9494,28.5706352,49.2577872,
9495,28.5716406,49.2584571,
9496,35.078073,48.4562365,
9497,35.0784163,48.456239,
9498,25.523687,50.2591261,
9499,25.7093037,50.3826316,
9500,25.8442923,50.4632249,
9501,25.8517191,50.4655793,
9502,25.8181484,50.4539979,
9503,25.8121967,50.4522138,
9504,25.8074269,50.4510064,
9505,25.8288445,50.4578379,
9506,25.8226428,50.4553414,
9507,26.0650616,50.5453629,
9508,22.9989674,48.2864314,
9509,26.1406795,50.582818,
9510,26.1329388,50.5783833,
9511,26.3542867,50.6091858,
9512,31.4258377,49.2905773,
9513,31.4262775,49.2905347,
9514,22.506968,48.5275462,
9515,26.4731641,50.6004307,
9516,33.2408092,49.8150078,
9517,33.2407042,49.8149313,
9518,26.5552424,50.6035611,
9519,26.5609956,50.6037318,
9520,22.5101577,48.5193742,
9521,26.6166167,50.6041347,
9522,33.0956533,49.941811,
9523,26.6464467,50.6117217,
9524,31.2610107,51.4722688,
9525,31.2605092,51.47229,
9526,31.26005,51.4722536,
9527,24.5700897,48.6323932,
9528,24.5688051,48.6331184,
9529,24.5703361,48.6321907,
9530,24.5704485,48.6321752,
9531,24.5687457,48.6332614,
9532,24.5686262,48.6331757,
9533,24.5687429,48.6332383,
9534,24.570409,48.6322959,
9535,26.6978381,50.6115181,
9536,26.6979747,50.6116262,
9537,26.7144128,50.6099375,
9538,26.7144648,50.6100542,
9539,26.7079633,50.6105407,
9540,26.7068186,50.6105176,
9541,26.7251686,50.6089041,
9542,34.5185158,48.7196653,
9543,34.5193474,48.718934,
9544,34.4633849,48.7681166,
9545,34.4632541,48.7677383,
9546,34.4624113,48.7643933,
9547,30.4446671,46.7380381,
9548,30.4444654,46.737964,
9549,28.8768182,50.9109243,
9550,28.881154,50.9095531,
9551,26.7492093,50.6067526,
9552,36.2439158,50.0926553,
9553,36.2457619,50.0935591,
9554,26.7991712,50.6019723,
9555,26.7923201,50.602521,
9556,30.8340812,46.6251724,
9557,30.8334616,46.6244609,
9558,30.8339475,46.6252236,
9559,30.8335741,46.6247684,
9560,30.8340898,46.625397,
9561,30.8334467,46.6249226,
9562,30.8333635,46.6245118,
9563,30.833819,46.6253311,
9564,30.8326211,46.6235494,
9565,26.844349,50.5975352,
9566,26.8557889,50.5965607,
9567,26.8455373,50.5974245,
9568,26.8559792,50.5964185,
9569,26.8730026,50.5949054,
9570,26.8870339,50.5954097,
9571,26.8730602,50.594777,
9572,26.8872743,50.5952971,
9573,30.3164564,50.17579,
9574,30.3372031,50.1637826,
9575,26.9294161,50.5976249,
9576,26.9230079,50.5971739,
9577,26.9295656,50.5975128,
9578,26.9228265,50.5972882,
9579,26.959836,50.5991118,
9580,26.9596339,50.5992223,
9581,26.9886041,50.600621,
9582,27.0094786,50.6018347,
9583,27.035653,50.6038241,
9584,27.029626,50.6029154,
9585,27.0355698,50.6036845,
9586,27.0296341,50.6030513,
9587,27.0440163,50.6048133,
9588,27.043974,50.604941,
9589,27.1697058,50.6008192,
9590,27.1696983,50.6009496,
9591,27.1969447,50.6047677,
9592,27.2012455,50.6069642,
9593,27.1969913,50.6046521,
9594,27.2011561,50.6070779,
9595,27.2027388,50.6080293,
9596,27.2029692,50.6081666,
9597,27.217682,50.6161855,
9598,27.2445081,50.6158657,
9599,27.2112853,50.6130886,
9600,27.2110357,50.6129418,
9601,27.2449654,50.6158352,
9602,27.2675492,50.6144555,
9603,27.4013402,50.6063826,
9604,27.4022781,50.6063434,
9605,27.428705,50.6054073,
9606,27.4884597,50.6026867,
9607,27.4955499,50.6019204,
9608,27.4947882,50.6020197,
9609,27.4934983,50.6021902,
9610,27.4908008,50.6025185,
9611,27.493618,50.6020358,
9612,27.5363596,50.5968008,
9613,27.5225372,50.5984172,
9614,27.5747416,50.6021404,
9615,27.5739587,50.6016565,
9616,27.5729887,50.6012464,
9617,27.5733819,50.6015655,
9618,27.5702746,50.6002393,
9619,27.5723547,50.6011292,
9620,27.5759251,50.6024879,
9621,27.5828129,50.6060605,
9622,27.5827741,50.6062357,
9623,27.5939958,50.6133395,
9624,27.5878028,50.6105055,
9625,27.5921601,50.6126004,
9626,27.5942625,50.6135775,
9627,27.6106219,50.6190818,
9628,27.6385038,50.6243004,
9629,27.6408423,50.6246133,
9630,27.6428621,50.6251188,
9631,27.6614075,50.6208789,
9632,27.6582361,50.6242706,
9633,27.6598943,50.6228746,
9634,27.6604973,50.6225153,
9635,27.6615656,50.6209557,
9636,27.672513,50.5872546,
9637,27.6724062,50.5871347,
9638,27.6943698,50.5805171,
9639,27.6944189,50.5803868,
9640,27.729407,50.5742152,
9641,22.3326984,48.578749,
9642,27.7548817,50.5698427,
9643,27.7475454,50.5710048,
9644,27.7466547,50.5711614,
9645,27.7537381,50.5700418,
9646,27.7909304,50.5564908,
9647,27.7937868,50.5551598,
9648,27.7939296,50.555296,
9649,27.7978386,50.5532732,
9650,27.7981372,50.5534522,
9651,27.8660603,50.5330008,
9652,27.8650187,50.5333075,
9653,27.8616719,50.5341575,
9654,27.8611064,50.5343239,
9655,27.8748366,50.5302895,
9656,27.8754322,50.5301131,
9657,27.929251,50.5142908,
9658,27.9287109,50.5144503,
9659,27.9371804,50.5120899,
9660,27.9380828,50.5118238,
9661,27.9695013,50.5023999,
9662,28.0583772,50.4762149,
9663,28.064661,50.4742098,
9664,28.2922372,48.2488209,
9665,28.2923642,48.2489891,
9666,28.2921431,48.2489887,
9667,28.2921177,48.2489637,
9668,28.2457769,50.3999747,
9669,28.2460386,50.3999791,
9670,28.2281409,50.4110247,
9671,28.2342461,50.4073824,
9672,28.2340929,50.4073517,
9673,28.2351138,50.4067216,
9674,28.2351438,50.406828,
9675,28.2689162,50.3858616,
9676,31.0437914,49.9711059,
9677,31.0444412,49.9712464,
9678,31.0440918,49.9713507,
9679,28.2998571,50.3667487,
9680,26.1621031,50.6675653,
9681,29.9180464,50.6399073,
9682,29.9178205,50.6404346,
9683,34.4590916,48.7571752,
9684,34.4629705,48.7559444,
9685,34.4661059,48.7577194,
9686,26.8234642,48.8702988,
9687,34.7674603,49.593137,
9688,23.9814969,48.9771529,
9689,23.9813097,48.9773138,
9690,33.2030081,49.8261356,
9691,33.2035855,49.8259372,
9692,28.6867375,50.3234519,
9693,34.5420162,49.5557387,
9694,34.544614,49.5554938,
9695,34.5446253,49.5555837,
9696,28.7964871,50.2926407,
9697,33.070986,49.9770462,
9698,33.0711296,49.9734739,
9699,28.832524,50.2867612,
9700,33.9728643,49.432593,
9701,34.1370219,49.1896107,
9702,34.0847636,49.2408398,
9703,28.8422414,50.2869499,
9704,28.8424209,50.2870787,
9705,28.9304866,50.2948341,
9706,28.9305453,50.2946706,
9707,28.934376,50.2980025,
9708,22.9970485,48.2876358,
9709,28.9723896,50.331152,
9710,24.1642941,49.8735673,
9711,24.1652605,49.8734003,
9712,29.0296121,50.3418716,
9713,29.0462074,50.3443395,
9714,29.085582,50.336905,
9715,29.0858363,50.3368781,
9716,29.1819721,50.3350521,
9717,29.1820424,50.3349423,
9718,29.2012118,50.3382714,
9719,29.1993328,50.3380674,
9720,29.1993902,50.3379625,
9721,35.2864347,48.0614829,
9722,35.2851081,48.0613552,
9723,29.2208887,50.3417289,
9724,29.2074181,50.3393176,
9725,29.2073635,50.3394257,
9726,29.2307334,50.3433873,
9727,22.9552758,48.5612239,
9728,29.5679462,50.4043957,
9729,29.5948187,50.4095921,
9730,29.5949111,50.409742,
9731,29.7770268,50.4167571,
9732,29.7757903,50.4167178,
9733,29.7765782,50.4168655,
9734,29.776082,50.4168484,
9735,22.9986179,48.2865626,
9736,24.0440557,49.8542096,
9737,24.0437767,49.8541195,
9738,24.0429034,49.853886,
9739,24.0421408,49.8537922,
9740,29.8993507,50.4222042,
9741,26.9384019,49.4127424,
9742,26.9383236,49.4126863,
9743,29.9831042,50.4271425,
9744,29.9937528,50.4279478,
9745,29.9937182,50.4280733,
9746,29.9903986,50.4277219,
9747,29.990765,50.4277471,
9748,29.9905545,50.4278568,
9749,29.9900311,50.4275776,
9750,29.9933345,50.4278237,
9751,23.5661488,48.0141321,
9752,30.0819268,50.4348581,
9753,30.0824776,50.4350512,
9754,33.3403396,50.7481118,
9755,33.3404742,50.7484325,
9756,33.3394127,50.7482437,
9757,33.3396538,50.7486115,
9758,35.3497956,47.9022845,
9759,22.1701951,48.419348,
9760,25.7420485,50.4282955,
9761,22.9534645,48.5607198,
9762,26.9270751,51.2805729,
9763,26.9265018,51.2814905,
9764,23.0145809,49.3679422,
9765,31.11716,51.7830426,
9766,36.2045524,49.3936601,
9767,36.2048828,49.3937232,
9768,36.2141879,49.3861793,
9769,24.8687151,49.9642258,
9770,33.5961731,47.9508659,
9771,33.5962263,47.9507403,
9772,25.6994924,49.6259852,
9773,25.7004642,49.6265528,
9774,25.7000562,49.6271448,
9775,27.6116411,50.619377,
9776,25.4722593,50.7549613,
9777,25.472158,50.7550393,
9778,32.2957197,48.5240897,
9779,32.2953892,48.5240144,
9780,30.8276944,49.2521876,
9781,32.7463888,50.0930855,
9782,34.4834878,49.5890981,
9783,26.8120772,48.8960568,
9784,26.8113026,48.8955072,
9785,26.8117379,48.8963341,
9786,26.8111145,48.8959889,
9787,32.3476311,51.7731745,
9788,32.3476982,51.7728491,
9789,30.631036,50.3981222,
9790,23.3835817,49.9378705,
9791,23.3837041,49.937592,
9792,23.3834698,49.9375987,
9793,24.2194998,50.3652543,
9794,29.4950991,47.9164786,
9795,29.4955095,47.9163294,
9796,23.0238352,48.1526805,
9797,23.0238754,48.1522838,
9798,30.6626601,50.1719808,
9799,35.0453,48.4646232,Dnipro
9800,22.626219,48.2530015,
9801,22.6262058,48.2527897,
9802,30.7281495,50.487821,
9803,30.7282346,50.4876885,
9804,22.1933653,48.4401442,
9805,23.3263805,48.1468666,
9806,23.3265431,48.1468696,
9807,34.4439529,48.8003782,
9808,34.4434913,48.8007547,
9809,34.465942,48.770745,
9810,34.4651435,48.7705907,
9811,32.0337948,46.9637259,
9812,34.8021062,50.9068046,
9813,30.7957016,50.5050027,
9814,32.1957668,48.5081785,
9815,32.1956886,48.5077517,
9816,23.1987348,49.5163145,
9817,23.1984531,49.5162873,
9818,23.2013238,49.5163121,
9819,30.2537325,48.7224429,
9820,28.2976691,45.4329204,
9821,23.3834565,49.9375787,
9822,23.3834566,49.9375317,
9823,23.5956221,49.1096473,
9824,22.3091597,48.6426683,
9825,34.0000607,49.4811471,
9826,26.259758,49.2553299,
9827,26.2591,49.2558285,
9828,34.1559755,49.1643057,
9829,34.1542775,49.1681991,
9830,34.1552358,49.1600945,
9831,34.1550733,49.1601508,
9832,22.6265245,48.2528871,
9833,22.6263198,48.2527616,
9834,22.6264764,48.2530906,
9835,36.2676205,49.9252707,
9836,24.2193713,50.3657648,
9837,34.5521494,49.588317,
9838,28.3055756,49.7979101,
9839,35.067527,48.4325797,
9840,24.3438805,50.1061921,
9841,28.2226087,45.4804387,
9842,22.1748745,48.429136,
9843,30.2766457,50.5544216,
9844,22.9232157,48.0678697,
9845,22.5394422,48.4857639,
9846,23.0463527,48.1400288,
9847,23.6426961,49.764413,
9848,23.6429939,49.7628485,
9849,24.5212579,48.7853574,
9850,24.5214904,48.7853724,
9851,24.5213213,48.7855469,
9852,24.5215227,48.7854689,
9853,24.5212029,48.7854142,
9854,24.5501312,48.8192963,
9855,24.5500023,48.8191381,
9856,24.5501967,48.8189936,
9857,24.5501453,48.8192283,
9858,22.3390447,48.5746576,
9859,27.3857957,49.7559264,
9860,27.1961493,49.3877574,
9861,27.1833695,49.389654,
9862,36.2771705,50.3304208,
9863,30.221372,50.5502066,
9864,24.0981291,49.383602,
9865,24.0991491,49.3837461,
9866,24.0980497,49.384204,
9867,24.0979152,49.3838659,
9868,24.0983276,49.3838872,
9869,24.0978882,49.3838211,
9870,31.1776761,51.444436,
9871,30.1984392,51.2887855,
9872,30.1975234,51.2896101,
9873,22.9971353,48.287576,
9874,22.997161,48.2877674,
9875,22.9973211,48.2876196,
9876,31.7783564,49.8273632,
9877,36.2886867,50.3409337,
9878,24.1361019,50.8591938,
9879,24.1361865,50.8592269,
9880,24.1367817,50.8591047,
9881,24.1363516,50.8592917,
9882,24.1361639,50.8595892,
9883,24.1362575,50.8596259,
9884,24.136784,50.8591448,
9885,24.1363225,50.8596513,
9886,22.175062,48.4290941,
9887,22.1703693,48.4193528,
9888,23.8035536,51.1806029,
9889,23.803479,51.1806392,
9890,23.8034007,51.1806766,
9891,23.8033277,51.18071,
9892,23.8032704,51.1807396,
9893,23.8032093,51.1807672,
9894,23.8031559,51.1807926,
9895,23.8024869,51.1803466,
9896,23.8019797,51.1807503,
9897,23.8020043,51.1808522,
9898,23.8020637,51.1808229,
9899,26.9235241,49.4099974,
9900,32.0211961,49.7008033,
9901,32.0829218,49.6714664,
9902,34.3606863,49.5935656,
9903,34.3807243,49.5816641,
9904,34.380909,49.5817535,
9905,22.4623268,48.2735116,
9906,26.9894767,50.6005634,
9907,34.3749929,49.583885,
9908,34.3748211,49.5838129,
9909,34.7378704,50.8493996,
9910,34.7370475,50.8493722,
9911,34.7383404,50.849099,
9912,34.7387444,50.849636,
9913,34.7372793,50.8488278,
9914,34.7384421,50.8492561,
9915,34.7377737,50.8492641,
9916,22.837522,48.0939546,
9917,36.3280702,49.1020029,
9918,30.3833896,46.8743617,
9919,31.7455521,48.5643306,
9920,31.7445006,48.5641418,
9921,32.9721873,50.6933632,
9922,28.6884092,50.2662974,
9923,34.4413752,48.8035135,
9924,34.4431703,48.8007061,
9925,34.4436882,48.800261,
9926,30.8786949,51.7462492,
9927,30.878241,51.7464318,
9928,32.9711526,50.6933384,
9929,28.6158336,49.9513491,
9930,31.2600411,51.4721231,
9931,31.2605686,51.472151,
9932,31.2596425,51.4721697,
9933,32.8802725,50.0481764,
9934,32.8102844,50.0599151,
9935,28.4510489,49.2337109,
9936,26.5546699,48.6775615,
9937,22.3508341,48.6555082,
9938,34.7439295,48.3787401,
9939,34.7466542,48.3797192,
9940,34.7465875,48.3798296,
9941,34.7438368,48.3788683,
9942,30.1233567,46.4122104,
9943,30.1231466,46.4122207,
9944,30.1215481,46.4125268,
9945,30.1214637,46.4128308,
9946,30.1229928,46.4125921,
9947,30.1221987,46.4122521,
9948,30.1226892,46.4122432,
9949,30.121426,46.4126124,
9950,30.1232018,46.4126452,
9951,30.1231709,46.4124962,
9952,30.1221285,46.4128391,
9953,30.1216768,46.4128257,
9954,30.1214154,46.412539,
9955,30.1217122,46.4123821,
9956,30.1220125,46.4128056,
9957,30.122815,46.4127936,
9958,29.9792843,46.3880555,
9959,29.9793093,46.3879807,
9960,29.9793448,46.3878991,
9961,29.9799297,46.3871654,
9962,29.9805541,46.3865065,
9963,29.9802235,46.3870075,
9964,29.9801614,46.3870916,
9965,29.9801142,46.3871554,
9966,29.9799914,46.3870848,
9967,29.9800601,46.3869872,
9968,29.9795098,46.3880802,
9969,29.9796111,46.387985,
9970,29.9796513,46.3874042,
9971,29.9799097,46.3877875,
9972,23.8997781,49.8380162,
9973,23.8997797,49.8384504,
9974,23.8986696,49.839204,
9975,24.0435098,49.8540161,
9976,24.0436161,49.8539151,
9977,24.0439701,49.85404,
9978,35.0478764,47.8174928,
9979,32.365371,50.5909456,
9980,33.9679895,49.4426967,
9981,31.1104856,51.7882204,
9982,34.4629209,48.7679653,
9983,33.4285929,49.0896871,
9984,30.6767401,46.4888575,
9985,30.6031737,46.5350553,
9986,34.5195767,48.7192065,
9987,22.3084671,48.6429083,
9988,24.3381059,50.1091397,
9989,30.276,50.5543616,
9990,30.2765123,50.5542661,
9991,26.0448396,48.0054577,
9992,26.0541026,47.9955362,
9993,26.0549465,47.9946543,
9994,31.2295148,51.6016816,
9995,31.2297848,51.6011895,
9996,31.2297266,51.6016498,
9997,30.8025315,46.5953083,
9998,25.7922667,48.5301381,
9999,30.7233297,46.4256204,
10000,31.2832745,49.710716,
10001,31.2816099,49.7105962,
10002,31.282109,49.7107662,
10003,31.2822846,49.7109419,
10004,31.2819272,49.7109121,
10005,36.6831932,49.0689482,
10006,25.3377318,50.7203699,
10007,25.3371045,50.7204099,
10008,25.3381615,50.720183,
10009,25.3380347,50.7203576,
10010,25.3384522,50.7203932,
10011,25.337589,50.720138,
10012,34.4392437,48.8023722,
10013,35.1345389,51.1713134,
10014,35.1359054,51.1713563,
10015,35.1322177,51.1700853,
10016,31.3925228,49.7367037,
10017,23.0940407,48.7567241,
10018,23.0941609,48.756363,
10019,23.094165,48.7565498,
10020,28.6798723,49.7371549,
10021,28.6798669,49.7373534,
10022,28.679541,49.7373345,
10023,28.6795086,49.7372917,
10024,28.6795569,49.7371577,
10025,28.6798179,49.7371285,
10026,28.6805373,49.7372449,
10027,32.6924393,46.7290416,
10028,32.6937302,46.7289332,
10029,32.4727476,46.6987517,
10030,32.4719622,46.698788,
10031,34.4402644,48.8032452,
10032,34.4401451,48.8031852,
10033,34.6273107,48.6967309,
10034,34.6653471,48.6678957,
10035,30.2327762,50.3902697,
10036,30.2330488,50.3904502,
10037,30.2326797,50.3902926,
10038,30.2325786,50.3904842,
10039,30.5707909,50.4240164,
10040,30.5662277,50.4237485,
10041,30.598587,46.5393759,
10042,33.8478911,48.8567354,
10043,33.8468255,48.8572278,
10044,33.8323489,48.8647349,
10045,33.8315434,48.8651971,
10046,33.8316927,48.8651189,
10047,33.8322218,48.8648093,
10048,33.8470513,48.8571111,
10049,33.8477148,48.8568196,
10050,30.6822066,46.4567519,
10051,30.5593304,50.4408356,
10052,25.3677488,50.7435312,
10053,34.959797,48.162248,
10054,34.9313104,48.0994787,
10055,34.9311403,48.099506,
10056,34.9596191,48.1622652,
10057,34.9592273,48.1622906,
10058,35.0442034,48.4583521,
10059,35.0467072,48.4569799,
10060,26.0112694,48.0435453,
10061,26.0116711,48.0433495,
10062,26.0115297,48.0435718,
10063,26.0116984,48.043604,
10064,26.0116049,48.0437929,
10065,26.0114464,48.043756,
10066,33.4342002,49.102427,
10067,31.9998052,49.3905013,
10068,31.9994953,49.3903375,
10069,31.9856517,49.3789044,
10070,30.7288469,46.4293813,
10071,32.5519529,46.6910845,
10072,32.5508625,46.6911746,
10073,30.4463448,50.3793912,
10074,30.4454053,50.3801007,
10075,24.3441344,50.106233,
10076,27.0378179,50.1590074,
10077,30.785142,46.5816689,
10078,30.7855088,46.5818373,
10079,30.7856725,46.5818758,
10080,30.785931,46.5821483,
10081,30.7859198,46.5822572,
10082,30.7854667,46.5825234,
10083,30.7853085,46.582514,
10084,30.7847009,46.5825392,
10085,30.7860955,46.5819037,
10086,30.7849272,46.582179,
10087,30.7850424,46.5819584,
10088,22.3505043,48.6556214,
10089,22.3511986,48.6557598,
10090,22.3510033,48.6558598,
10091,26.2387967,50.4982292,
10092,26.2582776,50.5705374,
10093,26.2583399,50.5694456,
10094,26.2612322,50.5704529,
10095,26.2553983,50.5694955,
10096,36.2143116,49.3858286,
10097,34.0775107,49.5804473,
10098,26.4827937,48.4894619,
10099,26.4828659,48.4893801,
10100,26.4831719,48.4893946,
10101,26.482916,48.4896215,
10102,25.5866232,49.5377161,
10103,25.5862659,49.5375823,
10104,33.8747562,49.6718781,
10105,33.0298578,51.5952432,
10106,33.0302083,51.5949445,
10107,31.4354892,51.5418738,
10108,26.2627943,50.5706591,
10109,32.0180962,49.4580823,
10110,33.8741343,49.6719977,
10111,33.8745332,49.6723183,
10112,24.6535608,49.404661,
10113,24.6538292,49.4048638,
10114,24.6537783,49.405138,
10115,29.9257761,50.0527734,
10116,30.9725468,49.0515318,
10117,30.9697167,49.0513933,
10118,30.9726793,49.0499538,
10119,30.9724729,49.0524365,
10120,30.9724215,49.0531185,
10121,30.9755564,49.0525982,
10122,30.9737977,49.0522261,
10123,30.975204,49.0525237,
10124,35.8556618,49.1342185,
10125,26.1573866,50.5923917,
10126,24.7074474,48.9368742,
10127,29.8816194,49.4997841,
10128,36.2770518,50.0439007,
10129,36.2752816,50.0441485,
10130,28.5972706,48.5393289,
10131,28.5980682,48.5398187,
10132,31.0691292,51.4430374,
10133,31.0700178,51.4418624,
10134,31.0710945,51.4419327,
10135,31.0711159,51.4423703,
10136,33.4349172,47.9317397,
10137,23.652528,49.7145572,
10138,23.6524753,49.7145088,
10139,23.6529543,49.7145932,
10140,23.6530948,49.7143395,
10141,23.6530147,49.7145619,
10142,24.1464815,49.3787827,
10143,24.1465427,49.3785954,
10144,24.1467862,49.3788955,
10145,24.1469856,49.3787144,
10146,24.1469369,49.3786319,
10147,24.1467657,49.3785598,
10148,28.8439129,45.3736614,
10149,32.0000337,49.3906902,
10150,31.9802202,49.4499474,
10151,26.2101124,50.6116378,
10152,31.4772839,49.7699862,
10153,30.2720029,48.7195951,
10154,30.272147,48.7200456,
10155,30.2575694,48.7222104,
10156,30.9989904,49.071298,
10157,30.2455235,48.3878682,
10158,30.2428987,48.4015002,
10159,30.2419347,48.4060315,
10160,35.1096931,48.4678051,
10161,35.027647,48.3255486,
10162,35.0272677,48.331839,
10163,28.6566192,50.1921273,
10164,34.9640121,48.1935202,
10165,36.6499697,49.5161019,
10166,36.6506051,49.5165858,
10167,31.361962,51.5215045,
10168,32.0189669,49.4534896,
10169,32.0194195,49.4536536,
10170,32.0191818,49.4537861,
10171,32.0180123,49.4581613,
10172,36.2506901,49.9782906,
10173,36.2785646,49.9828724,
10174,36.2733785,49.9859226,
10175,36.2750022,49.9849192,
10176,36.2833279,49.9800845,
10177,36.2647093,49.9900745,
10178,36.240078,49.9890443,
10179,32.8803083,50.0480456,
10180,31.8624554,51.1389314,
10181,34.345036,51.8832026,
10182,36.2327622,49.9910255,
10183,36.2325233,49.991019,
10184,36.2645441,49.9900513,
10185,35.8156292,47.5536507,
10186,36.2777331,49.9834839,
10187,36.2738571,49.985836,
10188,36.2726193,49.9865745,
10189,36.2645174,49.9903235,
10190,36.2646784,49.9899627,
10191,36.2195527,50.0036055,
10192,36.2181516,50.0031685,
10193,36.2717118,49.9201846,
10194,25.5579954,49.5419665,
10195,25.5580023,49.541988,
10196,36.8128013,49.7760627,
10197,36.8133874,49.7765248,
10198,36.8106241,49.7418823,
10199,27.254688,48.8339879,
10200,35.8901374,49.76305,
10201,36.2750053,50.0435075,
10202,36.2752841,50.0436813,
10203,36.2173138,49.9824627,
10204,36.2123336,49.9873455,
10205,36.258991,49.985247,
10206,30.2372226,48.4328696,
10207,30.2315592,48.4795502,
10208,30.2309509,48.484363,
10209,36.2282579,49.9886067,
10210,36.2278102,49.9885939,
10211,22.3393372,48.5742653,
10212,26.2078047,50.6114092,
10213,26.2080096,50.6112323,
10214,26.2084031,50.6115394,
10215,33.9714524,49.4375598,
10216,33.9716282,49.4374634,
10217,36.2254323,50.0051,
10218,36.2256254,50.0049568,
10219,36.2255365,50.0063068,
10220,36.2755258,49.9848351,
10221,34.1077959,49.5787409,
10222,26.2083496,50.6112866,
10223,26.3380342,49.0869795,
10224,26.3381947,49.0866548,
10225,26.3379579,49.0866221,
10226,26.3380397,49.0864025,
10227,26.3382472,49.0864274,
10228,34.358862,49.0256296,
10229,34.358418,49.0257066,
10230,34.3586209,49.0255798,
10231,34.3446373,49.0333728,
10232,34.3444288,49.0332322,
10233,36.240185,49.9885916,
10234,36.2658361,50.0010377,
10235,30.549344,50.3719542,
10236,36.3015601,50.0283935,
10237,36.3009618,50.0276727,
10238,36.3014178,50.0280791,
10239,36.2282142,49.9904179,
10240,28.7866289,51.3012405,
10241,28.7869257,51.3011749,
10242,28.7869961,51.3019382,
10243,28.7874341,51.301844,
10244,36.2652642,49.9898858,
10245,36.2650533,49.9898426,
10246,35.0708075,48.3807631,
10247,35.0707254,48.3808123,
10248,35.0738168,48.3790013,
10249,35.0738849,48.3789543,
10250,28.5713812,49.896777,
10251,26.2557273,49.254574,
10252,26.258342,49.2551846,
10253,32.0292978,49.4451556,
10254,32.0198546,49.4378592,
10255,32.6853621,46.6770882,
10256,35.0800675,48.4083168,
10257,35.0720756,48.3798824,
10258,34.4649997,48.7710523,
10259,34.4646754,48.7704817,
10260,30.388108,50.4094001,
10261,30.3880637,50.409202,
10262,24.6328357,51.2051516,
10263,24.6327183,51.2050298,
10264,24.5326938,51.2139539,
10265,24.5339789,51.2138494,
10266,24.5473625,51.2138839,
10267,30.9213663,50.3658078,
10268,32.5723349,49.7518899,
10269,34.2757087,49.0768786,
10270,34.2818193,49.0790502,
10271,34.2862903,49.0755779,
10272,34.2926115,49.0706044,
10273,34.2432671,49.0824666,
10274,34.2529693,49.0745688,
10275,34.2631947,49.0733938,
10276,30.0846651,49.2439989,
10277,30.0840053,49.2419879,
10278,30.083033,49.2378812,
10279,30.0813382,49.2297461,
10280,30.0811731,49.227954,
10281,26.8871607,49.4024232,
10282,26.8866535,49.4022346,
10283,24.1818151,50.5405206,
10284,24.1819414,50.5406486,
10285,32.0185146,49.4533945,
10286,28.4764492,49.285206,
10287,28.4740969,49.2853822,
10288,25.0169967,51.0876304,
10289,25.0174987,51.0874256,
10290,25.0171828,51.0875896,
10291,25.0170848,51.0875268,
10292,25.017412,51.0873501,
10293,30.6653904,46.4714276,
10294,30.7238328,46.4259971,
10295,30.7285011,46.4291903,
10296,30.4318254,50.3901229,
10297,30.431348,50.3899054,
10298,35.3501308,47.902901,
10299,32.019948,49.4378097,
10300,30.7335228,46.5329392,
10301,31.8966272,46.9835896,
10302,32.7199886,48.7111028,
10303,35.2462934,47.9442734,
10304,35.2465681,47.9287648,
10305,35.2466098,47.9258069,
10306,24.1362746,50.8592615,
10307,24.1776661,50.4892084,
10308,34.53688,49.5753556,
10309,34.5364993,49.5746601,
10310,35.4250353,49.0459901,
10311,35.4252024,49.0449226,
10312,35.4244956,49.0509289,
10313,35.424478,49.0492112,
10314,30.3372981,50.1634001,
10315,30.3375325,50.1635714,
10316,30.3163849,50.1759667,
10317,27.7942283,48.4481355,
10318,27.7943254,48.448015,
10319,33.9078106,51.2341225,
10320,30.2601213,50.4901746,
10321,34.3356517,49.6052639,
10322,33.3463763,49.751701,
10323,33.1177422,49.9009446,
10324,33.1151838,49.9075574,
10325,33.1049136,49.9338823,
10326,33.1150671,49.9075551,
10327,33.095872,49.9418464,
10328,32.8103922,50.0600246,
10329,32.746259,50.0929987,
10330,31.8635,50.2346849,
10331,31.8619207,50.234235,
10332,31.8778368,50.2358016,
10333,31.8676123,50.2355298,
10334,31.8000482,50.2141831,
10335,31.7999291,50.2140228,
10336,31.7221952,50.1962573,
10337,31.7221059,50.1961495,
10338,32.0194743,49.4532346,
10339,37.6975294,49.8469453,
10340,25.5865388,49.6013392,
10341,34.254763,49.5988178,
10342,33.6553472,49.6700068,
10343,33.6266519,49.6663771,
10344,31.462146,49.7552629,
10345,28.5871587,49.7578589,
10346,28.5883165,49.7571119,
10347,28.3107402,49.7991254,
10348,30.1872545,49.9331361,
10349,30.1879447,49.931245,
10350,30.1887796,49.9289681,
10351,37.6906613,49.5271582,
10352,22.4928457,48.2628048,
10353,25.0176156,51.0873045,
10354,25.3848995,50.8061197,
10355,25.3861493,50.8054191,
10356,25.3848077,50.8061665,
10357,24.6262966,51.2055787,
10358,24.6263389,51.2057016,
10359,27.0550704,49.5044172,
10360,27.054851,49.5044166,
10361,27.0591329,49.4987952,
10362,27.0574613,49.4842546,
10363,27.0564352,49.525123,
10364,27.0691665,49.539459,
10365,27.0559093,49.5240211,
10366,27.4420069,49.4187134,
10367,26.9444837,49.4320272,
10368,26.9474697,49.4368184,
10369,24.6068306,51.2072245,
10370,34.0136407,49.6246899,
10371,34.0011473,49.6314561,
10372,33.9849408,49.6433453,
10373,33.8471661,49.6719721,
10374,33.7680052,49.676118,
10375,33.8043645,49.6741559,
10376,33.6266968,49.6662501,
10377,33.5597931,49.6719995,
10378,33.5598277,49.6721132,
10379,33.5504231,49.6734069,
10380,33.550381,49.6733169,
10381,33.514915,49.6781105,
10382,33.5148966,49.6780478,
10383,33.4650351,49.684555,
10384,33.4349974,49.6972826,
10385,33.4351205,49.6973691,
10386,33.4514133,49.6881833,
10387,33.421284,49.7061343,
10388,33.3862114,49.7288585,
10389,33.3462074,49.7516384,
10390,33.373284,49.7367752,
10391,33.2036855,49.8260584,
10392,33.1176273,49.900932,
10393,33.1048103,49.933854,
10394,32.8653344,50.0468923,
10395,32.7189368,50.1090476,
10396,32.7179049,50.1093898,
10397,31.8748731,50.2357794,
10398,31.862335,50.2342266,
10399,31.8678153,50.2354354,
10400,31.8593765,50.2334632,
10401,26.4568547,48.7669621,
10402,28.8229155,49.6970631,
10403,28.6599329,50.9878053,
10404,28.6602352,50.9883527,
10405,30.2759939,50.5545196,
10406,23.1165885,49.9564246,
10407,23.1164187,49.9565054,
10408,23.1163135,49.956513,
10409,23.1162012,49.9565211,
10410,23.1160872,49.9565294,
10411,23.1159856,49.9565367,
10412,23.1164741,49.9564334,
10413,23.1163693,49.9564415,
10414,23.1162486,49.9564508,
10415,23.1161325,49.9564598,
10416,23.1167369,49.9549459,
10417,23.1167285,49.9548278,
10418,27.5911384,50.6129009,
10419,23.1095776,49.9550028,
10420,26.3771062,50.7394459,
10421,26.3779956,50.7393588,
10422,26.4697055,50.8855343,
10423,25.6997641,49.6265548,
10424,24.7077426,48.9374168,
10425,25.4712104,49.5189933,
10426,25.1286783,49.4386432,
10427,28.6878385,50.2431611,
10428,26.1888349,50.6512649,
10429,30.5490158,50.40149,
10430,31.2989571,51.4621172,
10431,33.3734107,49.7368658,
10432,30.7077392,46.397182,
10433,30.7075111,46.3970624,
10434,30.7079611,46.3972676,
10435,30.7077063,46.3970753,
10436,30.7079065,46.3971229,
10437,25.5386952,49.5622005,
10438,25.4710554,49.5190301,
10439,33.7749333,49.6811789,
10440,29.9924408,46.8022318,
10441,29.9906595,46.7950798,
10442,29.9922856,46.802228,
10443,29.9904088,46.7950776,
10444,22.9419252,49.8001181,
10445,22.9371363,49.8001341,
10446,27.9342855,50.7896516,
10447,27.9345459,50.7896497,
10448,22.4926911,48.2628599,
10449,22.4928079,48.2627734,
10450,24.599999,51.2081492,
10451,24.5339719,51.2139396,
10452,24.5473646,51.2138168,
10453,26.9733158,49.4151731,
10454,25.5103424,50.7727606,
10455,25.5312359,50.7776017,
10456,34.3138444,49.6076068,
10457,34.2547898,49.5987021,
10458,34.2197988,49.5923739,
10459,34.2447017,49.5977901,
10460,34.1944146,49.5866952,
10461,34.1943077,49.5868227,
10462,34.1757656,49.5827384,
10463,34.175781,49.5826185,
10464,34.0278589,49.6170404,
10465,33.8471611,49.6718941,
10466,33.8408664,49.6721712,
10467,33.8043704,49.6742213,
10468,33.7678663,49.6761773,
10469,33.6553017,49.6701338,
10470,33.6870511,49.6726256,
10471,33.0708373,49.9770259,
10472,32.5542706,49.0936201,
10473,23.1140569,49.9571399,
10474,23.1137997,49.9571712,
10475,33.4338258,49.1020205,
10476,34.5512214,49.5550999,
10477,34.2821229,49.6015127,
10478,33.6870952,49.6727529,
10479,33.4515067,49.6883168,
10480,34.1369139,51.6471038,
10481,24.3336383,49.0102937,
10482,25.6599129,50.5146173,
10483,25.6603545,50.5144887,
10484,24.3338583,49.0104924,
10485,33.4289391,49.0896225,
10486,33.4283959,49.0892128,
10487,30.6436573,46.4753466,
10488,26.8881678,49.4024835,
10489,26.6248533,48.7472224,
10490,26.6248085,48.747142,
10491,26.6250042,48.7474583,
10492,26.6014972,48.7247353,
10493,26.6017763,48.7249579,
10494,27.3236775,49.3885159,
10495,27.3259082,49.3883638,
10496,27.3604213,49.3949115,
10497,27.360577,49.3948043,
10498,27.3667132,49.3986458,
10499,27.3665761,49.3987264,
10500,27.3655367,49.3980799,
10501,27.4132531,49.4223271,
10502,27.4257068,49.4207068,
10503,27.4257458,49.4208525,
10504,27.9236523,49.3842597,
10505,27.9241964,49.3837457,
10506,27.9242001,49.3838322,
10507,28.5848425,49.9021252,
10508,28.6563657,50.1899411,
10509,24.3342637,49.0106498,
10510,28.6646001,50.2731117,
10511,34.4998682,49.5623339,
10512,34.5011097,49.5622898,
10513,34.4933948,49.5625643,
10514,33.840858,49.6720854,
10515,34.3408638,51.8817295,
10516,31.807097,50.2164986,
10517,31.8111879,50.2176928,
10518,31.8334133,50.2249047,
10519,31.8390652,50.2267398,
10520,33.1930199,51.2236675,
10521,37.2891722,49.2058986,
10522,26.2111993,49.2357684,
10523,27.5840082,50.5906131,
10524,27.5832873,50.5907071,
10525,27.5625803,50.5934267,
10526,27.0557458,49.5240528,
10527,27.0593321,49.4988354,
10528,26.953896,49.4447572,
10529,27.3658987,49.3983051,
10530,28.6120806,49.9462237,
10531,28.6147981,49.9535197,
10532,29.2209347,50.3416192,
10533,25.5992885,50.7797996,
10534,25.5993003,50.7796632,
10535,25.5589098,50.7785757,
10536,25.558917,50.7784567,
10537,25.7670777,50.7802103,
10538,29.9921037,50.4274932,
10539,33.2441354,52.369442,
10540,24.3186148,51.8229616,
10541,34.9331613,50.7896979,
10542,34.9331537,50.7897655,
10543,34.9329746,50.7903176,
10544,34.9327561,50.7897103,
10545,34.9328248,50.7898814,
10546,34.9328096,50.7898142,
10547,34.9329972,50.7898513,
10548,34.9327863,50.7896493,
10549,24.044309,51.2016627,
10550,34.001028,49.6313637,
10551,33.9955966,49.6354596,
10552,30.6277146,50.4639019,
10553,25.7044617,50.4137303,
10554,25.7042723,50.4136719,
10555,25.5312262,50.7777245,
10556,25.8135109,50.7781398,
10557,30.1808981,49.9467646,
10558,30.180633,49.9478937,
10559,35.8279487,49.9565589,
10560,35.8488443,49.961475,
10561,35.827071,49.9570423,
10562,35.8332749,49.9576052,
10563,35.8436745,49.9601806,
10564,30.1802668,49.9490435,
10565,30.1789777,49.9514342,
10566,30.1763984,49.9543228,
10567,30.1760272,49.9545972,
10568,30.1744925,49.9558209,
10569,30.1805121,49.947547,
10570,30.1811394,49.9450566,
10571,30.1811996,49.944838,
10572,29.2013237,50.3379821,
10573,25.4627318,50.8425939,
10574,25.4589882,50.8429214,
10575,30.1789709,49.8936359,
10576,30.1749896,49.8849743,
10577,30.2213567,50.5500993,
10578,29.9381595,50.1069859,
10579,27.1035877,49.4071536,
10580,27.1034925,49.4070452,
10581,28.6178042,49.9649285,
10582,33.3860512,49.7287696,
10583,33.071307,49.9734703,
10584,32.5212448,50.2185016,
10585,32.5199155,50.2192227,
10586,30.8302356,50.4762461,
10587,30.8302269,50.4760659,
10588,30.7749596,50.4823229,
10589,30.7671043,50.4823457,
10590,30.6279227,50.4638728,
10591,30.2839232,50.5531998,
10592,28.2958431,45.4694305,
10593,28.293821,45.4677225,
10594,28.2941691,45.468012,
10595,28.2953248,45.4321822,
10596,28.2943909,45.4337857,
10597,28.2938813,45.4342353,
10598,28.2957508,45.4323275,
10599,28.2952089,45.432148,
10600,28.3176615,45.4546525,
10601,34.3359391,49.6050543,
10602,34.1573441,49.1643312,
10603,34.1423335,49.1836115,
10604,34.1366325,49.1902992,
10605,34.1198096,49.2091593,
10606,28.3168779,45.4546394,
10607,31.0607873,51.8778217,
10608,30.8783096,51.7460004,
10609,26.4525358,48.4463012,
10610,26.4524636,48.4464285,
10611,26.4523948,48.4464127,
10612,26.4523863,48.4463055,
10613,27.0165355,48.4877817,
10614,26.0249069,48.2916666,
10615,27.0689678,49.5395263,
10616,25.7932647,48.5325918,
10617,25.7424012,48.6177141,
10618,32.8653263,50.0470532,
10619,36.2143033,49.3861846,
10620,24.8287248,48.904696,
10621,24.828687,48.904659,
10622,32.2283446,48.9495457,
10623,32.2283007,48.9497627,
10624,32.2280387,48.9495172,
10625,35.0507676,48.4682749,
10626,25.7708126,49.6486779,
10627,25.7706384,49.6490925,
10628,32.2956877,48.5239117,
10629,33.4363855,47.9804534,
10630,33.4365975,47.9804489,
10631,33.4362479,47.9764566,
10632,33.4364799,47.9764549,
10633,28.6249507,49.9884546,
10634,28.6269822,49.9942658,
10635,30.628483,50.4400803,
10636,32.6045772,46.6557827,
10637,32.6048107,46.6556067,
10638,32.5927402,46.6603432,
10639,32.5925107,46.6608965,
10640,32.6057427,46.6478869,
10641,24.035298,49.8337465,
10642,32.0904357,49.3827756,
10643,26.2462534,50.4711535,
10644,26.2464139,50.4706228,
10645,26.2465819,50.4708227,
10646,34.6216128,49.5630655,
10647,32.7713367,46.7556404,
10648,32.7708042,46.755473,
10649,32.7714328,46.7550907,
10650,32.7712248,46.7552707,
10651,32.7746612,46.7538093,
10652,32.7709451,46.755389,
10653,32.7713298,46.755842,
10654,32.768704,46.75625,
10655,32.721398,46.7468247,
10656,32.7210519,46.7470787,
10657,32.7230127,46.7495348,
10658,32.7207542,46.7472767,
10659,32.720632,46.7472721,
10660,31.7355422,46.9574683,
10661,31.7323595,46.9564468,
10662,31.7329481,46.9566347,
10663,31.7363583,46.9577303,
10664,31.9730918,47.0395245,
10665,31.9733902,47.0395127,
10666,30.2538025,48.3412466,
10667,30.2465237,48.3822781,
10668,30.2459305,48.3855028,
10669,30.2540096,48.3390119,
10670,30.2550985,48.3330094,
10671,30.2546441,48.3350861,
10672,30.2535218,48.3417628,
10673,30.2537713,48.340863,
10674,30.2536186,48.3419077,
10675,30.2570335,48.3864108,
10676,30.2464198,48.385767,
10677,30.2448212,48.3906412,
10678,30.245194,48.3882752,
10679,30.2437708,48.3863969,
10680,30.2450472,48.3857294,
10681,30.2457732,48.3848039,
10682,30.251519,48.3862496,
10683,30.2502082,48.3861867,
10684,30.2457642,48.3871015,
10685,30.2507567,48.3858767,
10686,30.2495331,48.3858424,
10687,30.2453495,48.3877833,
10688,30.2424008,48.4034507,
10689,30.2424837,48.4040654,
10690,30.431921,48.3723852,
10691,30.4698474,48.3589917,
10692,30.4771812,48.3564097,
10693,30.469988,48.3589278,
10694,30.4951804,48.3555295,
10695,30.5028298,48.3528538,
10696,30.4996353,48.3547562,
10697,30.5165976,48.3394951,
10698,30.5212625,48.3368591,
10699,30.5196126,48.3377405,
10700,30.5258883,48.3336033,
10701,30.528783,48.3302861,
10702,30.5274554,48.3317211,
10703,30.5400884,48.3156051,
10704,30.5419884,48.3131432,
10705,30.5417059,48.3134407,
10706,30.5422453,48.3135257,
10707,30.54152,48.3136434,
10708,32.1956224,46.8838115,
10709,32.1963435,46.8832477,
10710,32.1977891,46.8820159,
10711,32.199676,46.8805548,
10712,32.1994134,46.8807802,
10713,32.1979394,46.8820456,
10714,32.1978366,46.882057,
10715,32.1976295,46.8818399,
10716,32.197855,46.8819626,
10717,32.1980517,46.8822431,
10718,32.1978773,46.882092,
10719,32.197891,46.8819963,
10720,32.1981118,46.8822221,
10721,32.1975462,46.8818398,
10722,32.1996162,46.8805097,
10723,32.1956603,46.8838383,
10724,32.1631765,46.9136928,
10725,31.0822647,48.0113762,
10726,31.0817519,48.010706,
10727,31.0818137,48.0106841,
10728,31.0823451,48.0113477,
10729,31.0845743,48.0142909,
10730,31.0846188,48.014276,
10731,31.077852,48.0125351,
10732,31.0814242,48.0111946,
10733,31.0824949,48.010807,
10734,31.0861922,48.009483,
10735,31.086245,48.0095271,
10736,31.0825327,48.0108626,
10737,31.0814631,48.0112515,
10738,31.0778837,48.0125767,
10739,30.2433275,48.689972,
10740,30.2438912,48.6913455,
10741,30.2443916,48.6931733,
10742,30.2438583,48.691549,
10743,30.2432661,48.6903734,
10744,30.2418135,48.6856683,
10745,30.2417702,48.6855153,
10746,30.2391924,48.6605489,
10747,30.2364202,48.6255732,
10748,30.2363793,48.6250575,
10749,30.2363463,48.6247152,
10750,30.2349201,48.6083629,
10751,30.234476,48.6035268,
10752,30.2318305,48.5731236,
10753,30.241944,48.6878412,
10754,30.2414833,48.6837486,
10755,30.2419082,48.6850632,
10756,30.2419625,48.6852544,
10757,30.2419621,48.6855075,
10758,30.2417063,48.6846487,
10759,30.2428391,48.6884317,
10760,30.2506421,48.7127594,
10761,30.2424866,48.6868557,
10762,30.242632,48.6873916,
10763,30.2430191,48.6868893,
10764,30.2725675,48.7200753,
10765,30.2724932,48.719465,
10766,30.2728686,48.719686,
10767,30.2728876,48.7197811,
10768,30.3279218,48.744163,
10769,30.6548869,48.8583858,
10770,30.6542843,48.8561129,
10771,29.4737885,48.1829679,
10772,29.4742033,48.1826176,
10773,32.3735419,46.7532331,
10774,32.345701,46.7656236,
10775,32.3457984,46.7651981,
10776,32.3464344,46.7653362,
10777,32.3410574,46.7674315,
10778,32.3425112,46.7670103,
10779,32.3404213,46.7678188,
10780,32.337894,46.7688226,
10781,32.3432089,46.7667895,
10782,32.3419662,46.7672836,
10783,32.3414001,46.7675058,
10784,32.3408562,46.767716,
10785,32.3395934,46.7679499,
10786,32.3440706,46.766257,
10787,32.3400921,46.7678027,
10788,32.3419943,46.7678178,
10789,32.3185201,46.7771416,
10790,32.3178837,46.7765289,
10791,32.2974107,46.7857084,
10792,32.2966269,46.7853818,
10793,32.2413047,46.8291456,
10794,32.2401652,46.8300824,
10795,32.2401158,46.8300815,
10796,32.2397606,46.8299057,
10797,32.2401421,46.8300559,
10798,32.2412779,46.8290578,
10799,30.3098503,47.9717993,
10800,30.3099121,47.9693584,
10801,30.3099709,47.9706011,
10802,30.3100219,47.971814,
10803,30.3101363,47.9738382,
10804,30.3100079,47.9700672,
10805,30.3100766,47.9711948,
10806,30.3100986,47.9717516,
10807,30.3103232,47.9714062,
10808,30.3106493,47.9713906,
10809,30.3097337,47.9711198,
10810,30.3099411,47.9735895,
10811,30.3098724,47.972291,
10812,30.3097957,47.9706334,
10813,30.3097222,47.9692521,
10814,30.3098257,47.9728337,
10815,30.3097659,47.9719824,
10816,30.309746,47.9714644,
10817,30.309267,47.9718832,
10818,30.308582,47.9912326,
10819,30.308378,47.9920628,
10820,30.3080722,47.9934407,
10821,30.3076668,47.9952457,
10822,30.3075474,47.9949499,
10823,30.3076371,47.9942634,
10824,30.3077715,47.9939974,
10825,30.3076196,47.9946266,
10826,30.308083,47.9926001,
10827,30.3085642,47.9904907,
10828,30.3078666,47.9932134,
10829,30.3079569,47.9928078,
10830,30.3085102,47.9918029,
10831,30.3083005,47.9928332,
10832,30.3082114,47.9932353,
10833,30.3086726,47.9930495,
10834,30.3075456,47.9930137,
10835,30.301936,48.1342239,
10836,30.3025354,48.1397066,
10837,30.3027744,48.1418385,
10838,30.25902,48.3183751,
10839,30.2757052,48.2570496,
10840,30.2758195,48.256633,
10841,30.2759561,48.2561516,
10842,30.2753249,48.2567835,
10843,30.2759323,48.2563873,
10844,30.2772877,48.2522895,
10845,30.2766618,48.2548276,
10846,30.276517,48.2553939,
10847,30.2761983,48.2565698,
10848,30.2760802,48.2569933,
10849,30.2753908,48.2592541,
10850,30.2765162,48.2568329,
10851,30.2765803,48.2548139,
10852,30.276549,48.2551009,
10853,30.2764331,48.2553818,
10854,30.2846407,48.2254647,
10855,30.2841345,48.2262583,
10856,30.2847445,48.2244922,
10857,30.2843961,48.2256624,
10858,30.2849699,48.2246401,
10859,30.2855289,48.2248347,
10860,30.2848025,48.2251939,
10861,30.2852189,48.2236933,
10862,30.2851186,48.2239337,
10863,30.2850053,48.2242054,
10864,30.2851446,48.2236847,
10865,30.2850892,48.2242155,
10866,30.2840187,48.2277016,
10867,30.3025008,48.1386615,
10868,30.3016008,48.1333005,
10869,30.3015321,48.132607,
10870,30.3016097,48.1329849,
10871,32.4493987,46.7010274,
10872,32.4490241,46.7010697,
10873,30.2361807,48.6206497,
10874,30.2365571,48.6249795,
10875,30.2359096,48.6253446,
10876,30.2356553,48.6147438,
10877,30.2360668,48.6167014,
10878,30.2360491,48.617858,
10879,30.2361077,48.6198892,
10880,30.2350751,48.6148495,
10881,30.2345682,48.6066449,
10882,30.2344336,48.6054236,
10883,30.9609418,49.6942614,
10884,30.6247808,46.3225699,
10885,30.7219474,46.4739324,Odesa
10886,32.1873184,47.0411215,
10887,32.1870451,47.0408368,
10888,32.1875301,47.0406104,
10889,32.1878073,47.0409397,
10890,32.2531465,47.1653407,
10891,30.2309475,48.4821911,
10892,30.2309276,48.4814245,
10893,30.2314297,48.4812971,
10894,30.2314012,48.4815352,
10895,30.2312421,48.4826356,
10896,30.231614,48.4814342,
10897,30.2315507,48.4817537,
10898,30.2314597,48.4824491,
10899,30.2275714,48.5260349,
10900,30.2275255,48.5247454,
10901,30.2277601,48.5253187,
10902,30.2279723,48.5277434,
10903,30.2280435,48.5285732,
10904,30.2277573,48.5261592,
10905,30.2278934,48.527743,
10906,30.2279648,48.5285742,
10907,30.2281692,48.5310888,
10908,30.228362,48.5332631,
10909,30.2289432,48.5399405,
10910,30.2290452,48.5410669,
10911,30.2290954,48.5415521,
10912,30.2297638,48.5473885,
10913,30.2279686,48.5281586,
10914,30.2282393,48.530894,
10915,30.2281152,48.5326299,
10916,30.2280283,48.5315679,
10917,30.2278996,48.5299671,
10918,30.2278293,48.5291245,
10919,30.2274877,48.5251446,
10920,30.22737,48.5238409,
10921,30.2279787,48.5319399,
10922,30.2278113,48.5299803,
10923,30.2277438,48.5291291,
10924,30.2276288,48.5276788,
10925,30.2278205,48.5295418,
10926,30.227479,48.5261314,
10927,30.2274583,48.5256607,
10928,30.2303974,48.5586123,
10929,30.2291968,48.5446469,
10930,30.2291242,48.5441045,
10931,30.2290712,48.5405613,
10932,30.229091,48.5407827,
10933,30.2291161,48.5410636,
10934,30.2291626,48.541548,
10935,30.2294236,48.5437787,
10936,30.2294886,48.5443123,
10937,30.229342,48.540641,
10938,30.2291055,48.5413139,
10939,30.2300064,48.5439799,
10940,30.2313468,48.5653934,
10941,30.2314532,48.5658619,
10942,30.2315262,48.5667203,
10943,30.2316219,48.5678623,
10944,30.231277,48.5667369,
10945,30.2314272,48.5663382,
10946,30.2317326,48.5700077,
10947,30.2318124,48.5709149,
10948,30.2392456,48.658761,
10949,30.2317469,48.5668844,
10950,30.2318005,48.5727704,
10951,30.2316741,48.5723324,
10952,30.2317049,48.5716997,
10953,30.2314092,48.5683647,
10954,30.2313822,48.5680316,
10955,30.231225,48.5661452,
10956,30.2309872,48.5634375,
10957,30.2315829,48.5712878,
10958,30.2315488,48.5708968,
10959,30.2311234,48.5711067,
10960,30.2309402,48.5656081,
10961,30.2317795,48.5677199,
10962,30.2394187,48.6609824,
10963,30.2394538,48.6614325,
10964,30.2397702,48.6611838,
10965,30.2330896,48.9294528,
10966,30.233882,48.9298952,
10967,30.1993652,48.9607954,
10968,30.2009298,48.9599725,
10969,30.2002582,48.9604644,
10970,30.1994982,48.9608844,
10971,30.1987785,48.9612808,
10972,30.1972548,48.9621347,
10973,30.1797478,48.9726387,
10974,30.1998916,48.9604283,
10975,30.2022296,48.9590199,
10976,30.20049,48.9601614,
10977,30.198251,48.9615073,
10978,30.1974617,48.9618488,
10979,30.1986853,48.9611768,
10980,30.1991945,48.9611352,
10981,30.1776364,48.9737897,
10982,30.1799359,48.9723254,
10983,30.1778078,48.9737508,
10984,30.1743477,48.9762455,
10985,30.1724051,48.9775498,
10986,30.1718937,48.9778911,
10987,30.1700198,48.9792117,
10988,30.1695269,48.9795961,
10989,30.1665352,48.982968,
10990,30.1725803,48.9771693,
10991,30.1729716,48.9769069,
10992,30.1761806,48.9747565,
10993,30.1770463,48.9741775,
10994,30.1766498,48.9744863,
10995,30.1771117,48.9742203,
10996,30.1726917,48.9774444,
10997,30.1727496,48.9777669,
10998,30.1726442,48.9772088,
10999,30.1728057,48.9770599,
11000,30.1718597,48.9776548,
11001,30.171515,48.9780609,
11002,30.1710607,48.9781856,
11003,30.1711413,48.9782195,
11004,30.1719232,48.977693,
11005,30.1730286,48.9769516,
11006,30.1762583,48.9747912,
11007,30.1722836,48.9777032,
11008,30.1700794,48.9792492,
11009,30.1695958,48.9796264,
11010,30.1692721,48.9799803,
11011,30.1698059,48.9794209,
11012,30.168386,48.9808036,
11013,30.1715131,48.9779272,
11014,30.1645293,48.994768,
11015,30.1646958,48.994847,
11016,30.1647809,48.9949508,
11017,30.164807,48.9946589,
11018,30.1647585,48.9951633,
11019,30.1645311,48.9948366,
11020,30.1647951,48.9948057,
11021,30.1642694,48.9948973,
11022,30.1239886,49.1262356,
11023,30.1235875,49.126337,
11024,30.0913668,49.1359911,
11025,30.0917248,49.136395,
11026,30.0921416,49.1363254,
11027,30.0944379,49.1346356,
11028,30.0904413,49.1385659,
11029,30.0911565,49.1366087,
11030,30.0917199,49.1370647,
11031,30.092441,49.136138,
11032,30.083577,49.165428,
11033,30.0850471,49.1571117,
11034,30.0846246,49.1567932,
11035,30.0851578,49.1565588,
11036,30.0825678,49.1704551,
11037,30.083074,49.1669442,
11038,30.0833751,49.1663541,
11039,30.0835189,49.1661063,
11040,30.0833914,49.1667092,
11041,30.0826278,49.1692407,
11042,30.0834715,49.1649694,
11043,30.0828791,49.2362345,
11044,30.0836229,49.239454,
11045,30.083742,49.2400359,
11046,30.0836592,49.2400507,
11047,30.0836393,49.2397234,
11048,30.0835521,49.2394579,
11049,30.0844173,49.2427239,
11050,30.0829023,49.2400591,
11051,30.0871153,49.247291,
11052,30.0849655,49.244321,
11053,30.0874515,49.2474306,
11054,30.0864677,49.2475387,
11055,30.0869355,49.2471229,
11056,30.0859632,49.246655,
11057,30.0861778,49.2471342,
11058,30.0860339,49.2469092,
11059,30.0877668,49.2488178,
11060,30.0844245,49.2477744,
11061,30.0858484,49.247193,
11062,30.0856448,49.2467194,
11063,30.0857902,49.2469587,
11064,30.0841396,49.2478029,
11065,30.0861659,49.2478723,
11066,30.0900952,49.2539966,
11067,30.0902761,49.2547714,
11068,30.0904745,49.2555889,
11069,30.0903303,49.2552165,
11070,33.4931733,51.307522,
11071,33.4932967,51.3076847,
11072,34.5944226,49.5824424,
11073,26.5620006,50.6038805,
11074,30.1871821,49.9114094,
11075,30.1890856,49.9157563,
11076,30.1899213,49.9176601,
11077,30.190396,49.9232592,
11078,30.1892014,49.928061,
11079,30.1866068,49.9105622,
11080,30.1879374,49.9129447,
11081,30.1881358,49.9133957,
11082,30.1887517,49.9130399,
11083,30.1906087,49.9190915,
11084,30.1909334,49.9213185,
11085,34.7001945,49.5784979,
11086,34.6960868,49.577751,
11087,34.5510097,49.5549815,
11088,30.1887033,49.928957,
11089,30.1888113,49.9287331,
11090,30.188845,49.928473,
11091,30.1894555,49.925771,
11092,30.1897128,49.9246653,
11093,30.1903133,49.9226101,
11094,30.1901747,49.9227361,
11095,30.1864819,49.934747,
11096,30.1863219,49.934972,
11097,30.186138,49.9352307,
11098,30.1864159,49.9347335,
11099,30.186217,49.9352469,
11100,30.185006,49.9373576,
11101,30.1840728,49.9387742,
11102,30.1838355,49.939167,
11103,30.1852869,49.9368809,
11104,30.1852762,49.9370938,
11105,30.1841533,49.938965,
11106,30.1840743,49.9390776,
11107,30.1841669,49.9380951,
11108,30.1836411,49.9376036,
11109,30.184499,49.9375736,
11110,30.1804743,49.948212,
11111,30.1803061,49.9480341,
11112,30.1805334,49.9472063,
11113,30.1806212,49.9468105,
11114,30.1808495,49.9459065,
11115,30.180987,49.9453511,
11116,30.1810617,49.9450522,
11117,30.1811187,49.9448238,
11118,30.1813865,49.9437431,
11119,30.1803427,49.9456289,
11120,30.1802164,49.9470269,
11121,30.1810834,49.9446895,
11122,30.1811828,49.9438894,
11123,30.1816215,49.9440973,
11124,30.1813735,49.9450822,
11125,30.1809923,49.9467558,
11126,30.1808877,49.9471973,
11127,30.1817524,49.9444508,
11128,30.1816473,49.9448706,
11129,30.1810253,49.9469012,
11130,30.1815131,49.9470374,
11131,30.1810412,49.9471225,
11132,30.180797,49.9475507,
11133,30.1800595,49.9486954,
11134,30.181129,49.94494,
11135,30.1773091,49.9537184,
11136,30.1771913,49.9538133,
11137,30.1764669,49.9543596,
11138,30.1761101,49.9546216,
11139,30.1758268,49.9548372,
11140,30.1755888,49.9550187,
11141,30.1769457,49.9536576,
11142,30.1773302,49.9533291,
11143,30.1780821,49.9524467,
11144,30.178339,49.9520632,
11145,30.1768797,49.9533602,
11146,30.1779945,49.9522273,
11147,30.1782034,49.9520072,
11148,30.1759919,49.9550492,
11149,30.1772994,49.9537995,
11150,30.1762495,49.9544771,
11151,30.183713,49.9757859,
11152,30.184183,49.9758739,
11153,30.1839281,49.9761841,
11154,30.184182,49.9766406,
11155,30.1840208,49.9764206,
11156,30.1841102,49.9771091,
11157,30.1838827,49.9766918,
11158,30.1835336,49.9769268,
11159,30.1886172,49.9839449,
11160,30.3095722,47.2635931,
11161,30.3095298,47.2632606,
11162,30.3098661,47.263256,
11163,30.309904,47.2635855,
11164,30.2334834,50.153696,
11165,30.2328021,50.1542999,
11166,30.2318448,50.1551667,
11167,30.2319626,50.1546555,
11168,30.2303058,50.1561731,
11169,30.2308056,50.1557102,
11170,30.2303726,50.1562006,
11171,30.230874,50.1557453,
11172,30.2305776,50.1559684,
11173,30.2373034,50.1417874,
11174,30.2376065,50.1425055,
11175,30.2377996,50.1430305,
11176,30.2378676,50.1432277,
11177,30.2381254,50.1440598,
11178,30.2383136,50.1449635,
11179,30.2383954,50.1457053,
11180,30.2384412,50.1450468,
11181,30.2385173,50.1455571,
11182,30.2351876,50.1374865,
11183,30.2353946,50.1379061,
11184,30.2366826,50.1405182,
11185,30.2352456,50.1377014,
11186,30.2376628,50.1427729,
11187,30.2372705,50.1425534,
11188,30.2314943,50.1289086,
11189,30.2315526,50.1282532,
11190,30.2316996,50.1312372,
11191,30.233226,50.1183965,
11192,30.5028792,46.6667185,
11193,30.4943195,46.6760795,
11194,30.1739159,49.5879377,
11195,30.1739083,49.5894026,
11196,30.1736933,49.5890372,
11197,30.1736836,49.58867,
11198,30.1736505,49.5879315,
11199,30.1736435,49.5877751,
11200,30.1736534,49.5858706,
11201,30.1737583,49.5886564,
11202,30.1737222,49.5879323,
11203,30.1737152,49.5876911,
11204,30.1730059,49.5882051,
11205,30.1739714,49.5877472,
11206,30.1739446,49.5878391,
11207,30.1739057,49.5877496,
11208,30.1739823,49.5879368,
11209,30.1740008,49.5882567,
11210,30.1743086,49.5884652,
11211,30.1740235,49.5886484,
11212,30.1740826,49.5862339,
11213,30.17418,49.5869722,
11214,30.1740801,49.587068,
11215,30.1739607,49.5887636,
11216,30.1739737,49.5890027,
11217,30.1741122,49.5905294,
11218,30.1740302,49.5887649,
11219,30.1740436,49.5890001,
11220,30.1736771,49.5878423,
11221,30.1740022,49.5888828,
11222,30.3039234,47.3935117,
11223,30.3048577,47.3968006,
11224,30.3058365,47.400687,
11225,30.3055556,47.3970592,
11226,30.3059327,47.3973339,
11227,30.3062417,47.3967793,
11228,30.302471,47.3889066,
11229,30.302089,47.3875178,
11230,30.3020067,47.387198,
11231,30.3018938,47.3867595,
11232,30.3014909,47.3849005,
11233,30.3015952,47.3873523,
11234,30.302188,47.3875436,
11235,30.3018276,47.3858784,
11236,30.302234,47.3870235,
11237,30.302384,47.3882827,
11238,30.3018591,47.3863032,
11239,25.1420657,49.2696007,
11240,25.1419831,49.2695841,
11241,25.1418411,49.2696832,
11242,30.9608403,48.6453713,
11243,30.9576599,48.6457263,
11244,30.9558363,48.6459286,
11245,30.9541407,48.6460403,
11246,30.9553552,48.6459155,
11247,30.9559918,48.6458516,
11248,30.95579,48.6462125,
11249,30.9557013,48.6462245,
11250,30.9588858,48.6455659,
11251,30.7560871,48.6639493,
11252,22.2661289,48.6551683,
11253,26.4570167,48.7665183,
11254,26.4567883,48.7666139,
11255,26.4567962,48.7667372,
11256,26.4568556,48.7667866,
11257,26.4570359,48.7668198,
11258,26.4572251,48.766632,
11259,35.8760296,50.0534179,
11260,25.3692458,49.3090827,
11261,25.369516,49.3087884,
11262,25.3696727,49.3089146,
11263,25.3691155,49.3089421,
11264,27.0164359,48.4871503,
11265,28.0676373,50.0256964,
11266,36.6508009,49.5159944,
11267,29.9824151,50.4275631,
11268,31.9925465,49.3846559,
11269,31.9918517,49.3842151,
11270,31.9911517,49.3836493,
11271,31.990397,49.3829121,
11272,35.8554218,49.1342415,
11273,29.8989573,50.4218941,
11274,30.2590052,50.4905835,
11275,25.5995523,49.5513568,
11276,34.965418,50.4802999,
11277,34.9656575,50.4809273,
11278,36.7701658,49.7904418,
11279,26.7036943,51.8265502,
11280,34.767433,49.5931826,
11281,35.0472573,48.4568689,
11282,29.7153633,48.795775,
11283,29.7160128,48.7953433,
11284,27.592054,50.6126854,
11285,27.5903746,50.6120236,
11286,27.5878293,50.6107026,
11287,27.5895892,50.6115102,
11288,27.5912748,50.6122367,
11289,27.5918626,50.6124604,
11290,27.5740183,50.6009922,
11291,27.571967,50.6018026,
11292,27.5620843,50.5933801,
11293,27.5624237,50.593337,
11294,27.5624187,50.5933187,
11295,27.5630972,50.5931941,
11296,27.5747315,50.5917114,
11297,27.5749519,50.5914895,
11298,27.5767458,50.5914403,
11299,27.5807598,50.5909553,
11300,27.5763403,50.5912588,
11301,27.5768237,50.5915892,
11302,27.5820727,50.590783,
11303,27.583197,50.5906433,
11304,27.5831682,50.590068,
11305,27.5844724,50.5904849,
11306,27.583278,50.5906333,
11307,27.5832053,50.5907177,
11308,27.5824943,50.5908104,
11309,27.4703055,50.6034845,
11310,27.493518,50.6023108,
11311,27.4273425,50.6055085,
11312,27.4264819,50.6054949,
11313,27.4192428,50.6056539,
11314,27.420398,50.6056059,
11315,27.2027462,50.608159,
11316,27.2110107,50.6131049,
11317,27.2447123,50.6157043,
11318,27.3803434,49.755826,
11319,27.3810916,49.7558493,
11320,27.3817339,49.7558754,
11321,27.3817692,49.7559099,
11322,27.384341,49.7560363,
11323,27.3821562,49.7559727,
11324,27.3821127,49.7561734,
11325,27.3819065,49.7560231,
11326,27.3821052,49.7560033,
11327,27.3822671,49.756221,
11328,27.3820752,49.7559679,
11329,27.3840271,49.755973,
11330,27.3818193,49.7559526,
11331,27.382422,49.7560235,
11332,27.3818625,49.7559878,
11333,27.3817188,49.7559787,
11334,27.3816141,49.755832,
11335,27.3817209,49.7558383,
11336,27.3817606,49.7557648,
11337,27.3819054,49.7558491,
11338,27.3818042,49.7558432,
11339,27.381959,49.7559208,
11340,27.3818721,49.7558842,
11341,27.3849729,49.755956,
11342,27.3788357,49.7558529,
11343,27.3518176,49.7548837,
11344,27.3597244,49.7551846,
11345,27.3527505,49.7549365,
11346,27.3527488,49.7549044,
11347,27.3580477,49.7552034,
11348,27.3549829,49.7548909,
11349,27.357886,49.754992,
11350,27.3551019,49.755104,
11351,31.3330377,48.5706105,
11352,31.3356644,48.5705021,
11353,31.3378784,48.5703039,
11354,31.3397916,48.5700966,
11355,31.3378199,48.5703829,
11356,31.33778,48.5703622,
11357,31.3378959,48.5706503,
11358,31.3377606,48.5703905,
11359,31.3377983,48.5706458,
11360,31.3343408,48.5706076,
11361,26.3822057,48.8931161,
11362,30.7049406,46.4758148,
11363,30.8835661,50.6436242,
11364,34.8073384,50.9118056,
11365,35.1103201,48.4120756,
11366,35.1108223,48.411775,
11367,28.3096801,49.7997126,
11368,28.3101515,49.7994436,
11369,28.306045,49.7999221,
11370,28.3087233,49.7992728,
11371,28.309198,49.7995935,
11372,28.3090762,49.799,
11373,28.3096818,49.799123,
11374,32.1309977,46.9932648,
11375,32.130703,46.992647,
11376,31.865249,50.2351446,
11377,31.8642675,50.2349265,
11378,31.8642855,50.2353688,
11379,31.8628541,50.2345639,
11380,31.8615547,50.2340975,
11381,31.8647037,50.2347765,
11382,31.836109,50.2252885,
11383,31.80351,50.2158583,
11384,31.8034503,50.2153698,
11385,31.8040492,50.215568,
11386,31.8031107,50.2152582,
11387,31.8017158,50.2147936,
11388,31.8000095,50.2142357,
11389,31.7981628,50.213648,
11390,31.7968158,50.2132114,
11391,31.796051,50.2129613,
11392,31.7983215,50.2137613,
11393,31.8028561,50.2152656,
11394,31.8008804,50.2144878,
11395,31.7960419,50.2134978,
11396,31.7991107,50.2138391,
11397,31.8032044,50.215028,
11398,31.803929,50.2152622,
11399,31.8043192,50.2153883,
11400,31.8054262,50.2157469,
11401,31.8038151,50.2147134,
11402,31.804514,50.2153628,
11403,31.8053115,50.2155943,
11404,30.4038491,50.4029266,
11405,36.6825201,49.0684356,
11406,36.6828742,49.0687905,
11407,32.8371469,50.7465421,
11408,30.3687044,50.4236056,
11409,30.3685678,50.4236114,
11410,23.9424223,49.8256895,
11411,23.9342256,49.8237333,
11412,23.9955644,49.8493079,
11413,30.1799064,49.9488041,
11414,22.3289182,48.592026,
11415,25.553651,49.2996484,
11416,24.3659152,49.0431263,
11417,24.3660396,49.0430245,
11418,24.3661332,49.0432301,
11419,23.0241726,48.152499,
11420,26.5960012,51.3324972,
11421,28.654671,49.687062,
11422,28.6561233,49.6894591,
11423,35.0639434,48.4243163,
11424,26.0548289,47.9945466,
11425,26.0559246,47.9935824,
11426,26.0563445,47.9931412,
11427,26.0558411,47.9935518,
11428,26.5513789,49.1861319,
11429,32.7194028,48.7106367,
11430,34.9652845,50.4803138,
11431,34.9654443,50.4808665,
11432,30.6290017,50.4621267,
11433,30.3685643,50.4235239,
11434,32.2642667,48.5070843,Kropyvnytskyi
11435,30.8041258,50.5062139,
11436,34.4628724,48.756506,
11437,34.4624368,48.7679444,
11438,34.4421188,48.8039188,
11439,34.4386905,48.8020742,
11440,34.4664106,48.7577333,
11441,34.4595571,48.7572082,
11442,25.3358378,50.7621893,
11443,25.3361543,50.7620351,
11444,23.1336289,48.9114335,
11445,23.1329309,48.9115919,
11446,34.9582182,50.470577,
11447,29.6472891,47.4231532,
11448,29.6065884,47.4672598,
11449,29.6062821,47.4671443,
11450,29.6069446,47.4672821,
11451,29.6048609,47.4706221,
11452,29.6052387,47.4707053,
11453,29.6043973,47.4714167,
11454,29.6041122,47.4713417,
11455,29.6037685,47.4725971,
11456,29.604118,47.4725425,
11457,29.6041128,47.4726631,
11458,29.6043905,47.472718,
11459,29.6035667,47.4741987,
11460,29.6032667,47.4740936,
11461,29.6017291,47.4774025,
11462,29.6014194,47.4772657,
11463,30.7971626,50.5054449,
11464,30.7958665,50.5050877,
11465,30.7964493,50.5057079,
11466,34.5006,49.5621228,
11467,34.4929296,49.5624806,
11468,34.5034709,49.5622058,
11469,34.5242793,49.5596314,
11470,34.5238895,49.5603181,
11471,25.5991521,49.5589099,
11472,30.7326325,46.5322625,
11473,29.6885731,47.3868598,
11474,29.6789609,47.3951305,
11475,34.5037339,49.5624366,
11476,29.7787091,47.2720095,
11477,34.5565506,49.5545545,
11478,34.5577077,49.5544696,
11479,34.5571996,49.5541568,
11480,34.6769961,49.5739407,
11481,36.2774472,49.9834613,
11482,36.2776324,49.9833546,
11483,23.110895,49.9547733,
11484,36.2998735,49.9728296,
11485,36.2996573,49.972745,
11486,36.2988284,49.9726659,
11487,36.2775811,49.9835769,
11488,36.2776553,49.9835315,
11489,30.5257901,50.4387329,
11490,30.5259678,50.4386129,
11491,30.5239601,50.4396567,
11492,30.5238178,50.4393645,
11493,36.2413741,49.9817563,
11494,36.2412839,49.9817941,
11495,36.2412933,49.9817565,
11496,36.2328544,49.9884058,
11497,36.2326279,49.9882438,
11498,30.313092,47.905198,
11499,30.3042517,47.8721816,
11500,36.3067977,50.029064,
11501,36.3057851,50.0290165,
11502,36.3068002,50.0289747,
11503,36.3048869,50.0289397,
11504,36.3049728,50.0291326,
11505,36.3024583,50.0285475,
11506,36.3018579,50.0282987,
11507,36.3017165,50.0284059,
11508,30.9705138,52.0750513,
11509,36.3011059,50.0278583,
11510,28.9864324,51.5175724,
11511,24.3224218,51.8204428,
11512,36.2670242,50.0010149,
11513,36.275244,50.0440751,
11514,36.2752582,50.043884,
11515,36.2750239,50.0436943,
11516,36.2768305,50.0442524,
11517,36.3577013,49.9581587,
11518,29.9407415,49.5292846,
11519,27.5904533,50.6112618,
11520,34.3862383,48.5504703,
11521,36.309324,49.9700242,
11522,32.4724982,46.699024,
11523,32.6047068,46.6478181,
11524,32.6047522,46.6477317,
11525,32.6051501,46.6477068,
11526,32.605235,46.6477666,
11527,32.6052848,46.6478727,
11528,32.6055036,46.6478714,
11529,32.6053628,46.6479246,
11530,36.8180738,49.7350816,
11531,32.130372,46.992896,
11532,33.4051492,51.5312262,
11533,37.6223936,49.7097722,
11534,30.484791,50.4846168,
11535,30.7391155,46.5584676,
11536,30.7378463,46.5570642,
11537,24.0408989,49.8536979,
11538,22.937157,49.8000084,
11539,29.5338818,48.3982429,
11540,29.5339678,48.3981269,
11541,30.4828037,50.4863097,
11542,32.6931536,46.7293439,
11543,32.6933067,46.7287393,
11544,24.1778598,50.4891509,
11545,23.9107185,49.918707,
11546,31.2670017,47.3880949,
11547,26.3078625,50.6758504,
11548,22.7161226,48.4600198,
11549,22.7159659,48.4600613,
11550,23.0021926,47.9987622,
11551,23.0021808,47.9994273,
11552,23.0022702,47.9989638,
11553,30.1984575,48.7239639,
11554,30.1984472,48.7240204,
11555,31.2987909,51.4621576,
11556,31.3068616,51.4454602,
11557,31.3066527,51.4460977,
11558,31.3034318,51.4546789,
11559,31.3045064,51.4534878,
11560,31.3046624,51.4533117,
11561,31.3050485,51.4531712,
11562,31.3045683,51.4536977,
11563,31.3047399,51.4531038,
11564,31.3070984,51.4456598,
11565,31.3043109,51.4536008,
11566,31.3037024,51.454274,
11567,31.3041231,51.4537963,
11568,31.2291246,51.6010537,
11569,31.2646991,51.5414296,
11570,31.264226,51.5416466,
11571,31.0126135,50.8088502,
11572,31.0122761,50.8085136,
11573,31.0111793,50.8071802,
11574,31.0105922,50.8070428,
11575,31.0108055,50.8066924,
11576,31.0100391,50.8057031,
11577,31.0091114,50.8043836,
11578,31.0102011,50.805423,
11579,31.0122556,50.8080084,
11580,31.0104962,50.8061498,
11581,31.0098463,50.8052365,
11582,31.00992,50.805415,
11583,31.012561,50.8086274,
11584,31.0206669,50.8188064,
11585,31.0209606,50.8191785,
11586,31.021734,50.8201664,
11587,31.0211489,50.8189048,
11588,31.0225533,50.8215872,
11589,31.0210684,50.8197658,
11590,31.0207517,50.8193607,
11591,31.0204966,50.8196743,
11592,31.0344631,50.8369168,
11593,31.0343104,50.8367184,
11594,31.0342216,50.8368854,
11595,31.0332303,50.8348845,
11596,31.0344799,50.8364416,
11597,31.0346365,50.8366553,
11598,31.0347418,50.8365156,
11599,31.0405091,50.8448769,
11600,31.0430565,50.847523,
11601,31.0431677,50.8476615,
11602,31.0431799,50.8475554,
11603,31.0462983,50.8521274,
11604,31.0536386,50.861534,
11605,31.0529811,50.8606819,
11606,31.0523994,50.8599281,
11607,31.0521377,50.8595889,
11608,31.0520307,50.8598124,
11609,31.053515,50.8615066,
11610,31.0529226,50.8607673,
11611,31.0515071,50.8584395,
11612,31.012223,50.8083522,
11613,30.9991371,50.7916274,
11614,30.996586,50.788375,
11615,30.9920413,50.7825711,
11616,30.9980162,50.7903251,
11617,30.9976383,50.7902136,
11618,30.9977311,50.7899505,
11619,31.0527596,50.8599393,
11620,31.0531923,50.8605053,
11621,31.0529245,50.8599775,
11622,31.0532459,50.8603929,
11623,31.056463,50.8651815,
11624,31.0563036,50.8649823,
11625,31.0561533,50.8651563,
11626,31.0574025,50.8659445,
11627,31.0575725,50.8661605,
11628,31.0575776,50.8660221,
11629,30.9756665,50.7617087,
11630,30.9750563,50.7609263,
11631,30.9750014,50.7610228,
11632,30.9753334,50.7615786,
11633,30.97592,50.7615822,
11634,30.9760262,50.7617172,
11635,30.9760616,50.7616301,
11636,30.9821911,50.7696193,
11637,30.982241,50.76976,
11638,30.981872,50.7692773,
11639,30.9873896,50.7763711,
11640,30.9876071,50.7766354,
11641,30.9895469,50.7790152,
11642,30.9899122,50.7794692,
11643,30.9904744,50.7801677,
11644,30.9907651,50.780529,
11645,30.9911382,50.7810118,
11646,30.990959,50.7802646,
11647,30.9877085,50.7764939,
11648,30.989681,50.7792494,
11649,30.9913897,50.7818125,
11650,30.9913346,50.781677,
11651,30.9916994,50.7821386,
11652,30.9903178,50.7804764,
11653,30.9900439,50.7801266,
11654,30.9894448,50.7793722,
11655,30.9891164,50.7789596,
11656,30.9878769,50.7774026,
11657,30.9875427,50.7769829,
11658,30.9870001,50.7763021,
11659,30.9863038,50.7754302,
11660,30.9856659,50.7746317,
11661,30.9852358,50.7740987,
11662,30.9846041,50.7733159,
11663,30.9843432,50.7729927,
11664,30.9841924,50.7732565,
11665,30.9854897,50.7743618,
11666,30.9862218,50.7756348,
11667,30.9867061,50.7761903,
11668,30.9877363,50.7771661,
11669,30.9893293,50.7791572,
11670,30.9899607,50.7803479,
11671,26.947352,49.4366269,
11672,29.9825754,50.4266497,
11673,30.6334896,50.4316775,
11674,23.5335102,49.0531746,
11675,36.4364229,49.9429333,
11676,36.4359818,49.9453639,
11677,36.4363396,49.9423476,
11678,36.4363018,49.9405182,
11679,36.4360369,49.9425359,
11680,36.4364242,49.9425921,
11681,36.4319501,49.9565553,
11682,36.431681,49.957302,
11683,36.4312018,49.9570549,
11684,30.6335676,50.4315498,
11685,35.5675144,47.9563409,
11686,30.2290442,50.5414523,
11687,31.0860004,50.9114114,
11688,31.087009,50.9116636,
11689,31.0864131,50.9115149,
11690,31.0842163,50.9100712,
11691,31.0849128,50.9111037,
11692,31.0833515,50.9107585,
11693,31.0828012,50.9110607,
11694,31.0819956,50.910421,
11695,31.0837668,50.9114346,
11696,31.0852833,50.9121672,
11697,31.0845101,50.9110775,
11698,23.112836,49.9554707,
11699,36.1786828,49.9474409,
11700,30.6280026,50.4639038,
11701,36.1982253,49.9367038,
11702,31.1377651,51.0036618,
11703,31.1376757,51.0033686,
11704,31.1372041,51.0035299,
11705,31.1375731,51.0030322,
11706,31.1378225,51.003259,
11707,31.1376623,51.0033246,
11708,31.1373575,51.0019848,
11709,31.1378661,51.0034087,
11710,25.1456014,49.4469066,
11711,25.145986,49.447058,
11712,25.1474272,49.4475719,
11713,25.1496517,49.4479136,
11714,25.1492036,49.4479153,
11715,25.1475291,49.447672,
11716,25.1474961,49.4473103,
11717,25.1473924,49.4471005,
11718,25.1490149,49.447836,
11719,25.1457053,49.4470276,
11720,25.1475527,49.4481899,
11721,25.1474753,49.4480163,
11722,25.1264298,49.4377538,
11723,25.1244432,49.437605,
11724,25.1262922,49.4379208,
11725,25.1277957,49.43842,
11726,25.1261581,49.4379591,
11727,25.1263678,49.4377007,
11728,25.1284093,49.4385329,
11729,31.6662043,51.1379462,
11730,31.6669493,51.1379413,
11731,31.6685578,51.1379117,
11732,31.6729457,51.1378729,
11733,31.6708956,51.1379319,
11734,31.6703636,51.1379473,
11735,31.6686449,51.1375725,
11736,31.668565,51.1379852,
11737,31.6685613,51.1379478,
11738,31.668128,51.1378854,
11739,31.6685567,51.1378771,
11740,31.6685655,51.1375748,
11741,31.669072,51.137867,
11742,31.6686824,51.1379514,
11743,31.6690837,51.1380046,
11744,31.668711,51.1383105,
11745,31.6686406,51.1383243,
11746,31.6681758,51.1380227,
11747,31.6686859,51.137983,
11748,31.6686742,51.1378748,
11749,31.6686777,51.137909,
11750,31.6725208,51.1378655,
11751,31.6649303,51.1379473,
11752,31.6762269,51.1378001,
11753,31.6789279,51.1377167,
11754,31.6807493,51.1376736,
11755,31.6792117,51.1375374,
11756,31.6804836,51.1374755,
11757,35.7696895,49.9373406,
11758,35.769526,49.9368914,
11759,35.76942,49.9358261,
11760,35.7698135,49.9340031,
11761,35.7693613,49.9363177,
11762,35.7693146,49.9359428,
11763,35.7688785,49.9361276,
11764,35.7734249,49.9413228,
11765,35.7732802,49.9418914,
11766,35.7707648,49.9391483,
11767,35.7717963,49.9404857,
11768,35.7707509,49.9393322,
11769,35.7715346,49.940447,
11770,35.7716057,49.9402868,
11771,35.7714131,49.9400741,
11772,35.89061,49.7622217,
11773,35.8908902,49.7620509,
11774,35.8898067,49.7616913,
11775,35.8897443,49.762025,
11776,35.8894659,49.7622805,
11777,35.8900008,49.7626046,
11778,30.1282494,49.4198668,
11779,28.7943979,51.3128673,
11780,28.7952991,51.3132066,
11781,28.7966376,51.3132881,
11782,26.5959751,51.3325173,
11783,22.8371085,48.0939344,
11784,27.641752,50.6243189,
11785,27.6420784,50.6254335,
11786,27.6596712,50.6224135,
11787,27.6607364,50.622947,
11788,36.2250063,50.0065164,
11789,22.308851,48.6427039,
11790,22.3089516,48.6427783,
11791,22.3087032,48.6428677,
11792,22.3086586,48.6428055,
11793,26.9287571,49.3764327,
11794,26.9290184,49.3764751,
11795,26.928981,49.3765382,
11796,26.9287815,49.3768678,
11797,32.4171991,46.7132135,
11798,32.4165969,46.7135418,
11799,32.4152227,46.7142151,
11800,32.4146782,46.7144756,
11801,32.4122803,46.7155578,
11802,32.4152276,46.7147311,
11803,32.4142244,46.7146211,
11804,32.4119543,46.7156742,
11805,32.411637,46.7157366,
11806,32.4124492,46.7153196,
11807,32.4145529,46.7143185,
11808,32.4183616,46.712507,
11809,32.4121793,46.7154149,
11810,32.4163804,46.7136011,
11811,36.2390326,49.9883682,
11812,35.2461827,47.9514126,
11813,35.2462216,47.9510505,
11814,35.2464864,47.9514472,
11815,35.2466282,47.951538,
11816,35.2461697,47.9517814,
11817,35.2462034,47.951421,
11818,35.2462052,47.9514023,
11819,35.2460707,47.9513384,
11820,35.2466465,47.9265237,
11821,35.246633,47.9273755,
11822,35.2465191,47.9277194,
11823,35.2465181,47.9272764,
11824,35.2462555,47.9272801,
11825,35.2462238,47.9271999,
11826,35.2465186,47.9269537,
11827,35.2464551,47.9272454,
11828,35.2465179,47.9272228,
11829,31.2528623,51.2834804,
11830,31.2535342,51.2848173,
11831,31.254502,51.2876303,
11832,31.2562187,51.2919092,
11833,31.2567359,51.2931982,
11834,31.2535244,51.2851989,
11835,31.2542454,51.2863574,
11836,31.257074,51.2940382,
11837,31.2572242,51.2941716,
11838,31.2573541,51.2947339,
11839,31.2574639,51.2945257,
11840,36.3154216,49.9976157,
11841,31.8385648,51.0160507,
11842,31.8391359,51.0160041,
11843,31.8137702,51.0383427,
11844,31.8131687,51.0382374,
11845,31.8036405,51.0461436,
11846,30.7395959,46.4683385,
11847,32.1124051,49.6549871,
11848,36.8461648,49.4550927,
11849,30.8263192,50.56934,
11850,30.8291303,50.5704449,
11851,32.5930493,46.6606941,
