node_id,lon,lat,city
0,30.4942296,50.5126679,
1,30.5077008,50.4888742,
2,30.5071231,50.489348,
3,30.5086114,50.5062717,
4,30.5033482,50.5014686,
5,30.5642294,50.3994532,
6,30.5068946,50.4628314,
7,30.50687,50.46266,
8,30.5449091,50.4359492,
9,30.5453213,50.4359538,
10,30.5416194,50.4298537,
11,30.5418243,50.4297406,
12,30.5049735,50.4347316,
13,30.5054865,50.434111,
14,30.4976601,50.4890927,
15,30.4981388,50.4890876,
16,30.4471593,50.4710852,
17,30.4712052,50.5644254,
18,30.5238773,50.4043346,
19,30.5244303,50.4041749,
20,30.5513079,50.4013682,
21,30.5465881,50.4019705,
22,30.36652,50.4243965,
23,30.3674062,50.4246299,
24,30.460145,50.4255493,
25,35.8451589,49.744922,
26,35.8413364,49.74814,
27,35.6139427,49.8370266,
28,35.5504035,49.9154493,
29,35.3526353,50.1800849,
30,35.5237052,50.1614564,
31,35.0223192,49.6492424,
32,34.9961145,47.8915589,
33,34.9989708,47.8915062,
34,35.0069263,47.8898488,
35,34.9785147,47.8980638,
36,34.9773603,47.9012129,
37,34.9747571,47.9086856,
38,34.9742948,47.9100566,
39,34.974177,47.9104114,
40,34.973726,47.9117777,
41,34.9724033,47.9158281,
42,34.9715529,47.918867,
43,34.9714571,47.9192093,
44,34.9706122,47.9222408,
45,34.9699911,47.948678,
46,34.9702495,47.9495557,
47,34.970381,47.9500353,
48,34.9708288,47.9515465,
49,34.9733233,47.9601162,
50,34.9742407,47.9631882,
51,34.9764311,47.9705049,
52,34.9771824,47.9730144,
53,34.9773396,47.9735588,
54,34.9782524,47.9767193,
55,34.9799545,47.9939098,
56,34.976928,47.9972195,
57,34.9612507,48.014009,
58,34.9584373,48.0169771,
59,34.9536453,48.0220349,
60,34.9503054,48.0257482,
61,34.9444851,48.0331416,
62,34.9426344,48.0354742,
63,34.9298648,48.0550432,
64,34.9294523,48.0572423,
65,34.9290557,48.0592599,
66,34.9279143,48.0654746,
67,34.9285147,48.076032,
68,34.9288121,48.0788689,
69,35.0114181,47.8670588,
70,35.0119613,47.867301,
71,35.0363183,47.8186678,
72,35.0360087,47.8166688,
73,35.0681439,47.8157629,
74,35.0668848,47.8148632,
75,35.08039,47.8440197,
76,35.1826802,47.7867319,
77,35.064406,48.4240319,
78,35.0643606,48.424198,
79,35.2900438,48.816855,
80,35.2788334,48.7806659,
81,35.2772536,48.7726068,
82,35.22327,48.6885793,
83,35.2257779,48.6917,
84,35.070286,48.4979664,
85,35.0341769,48.5269135,
86,35.037728,48.5207615,
87,30.6226951,46.4415102,
88,30.6140909,46.4861054,
89,30.7878056,46.5648439,
90,30.7906746,46.5653865,
91,30.7174703,46.4963939,
92,30.7241678,46.4737668,
93,30.7248044,46.473412,
94,30.7408978,46.4694581,
95,30.741119,46.4710755,
96,30.4580019,50.3700054,
97,30.4559896,50.3686937,
98,30.4589256,50.3705746,
99,30.1586685,49.8474585,
100,30.1952768,49.6969253,
101,30.2241863,48.7686983,
102,30.256256,48.328706,
103,30.2574114,48.324356,
104,30.2583048,48.3210967,
105,30.2589719,48.3187388,
106,30.2591343,48.3180684,
107,30.2599093,48.3151629,
108,30.2753566,48.2586825,
109,30.2759065,48.2566423,
110,30.2760364,48.2561605,
111,30.2770431,48.2524564,
112,30.284008,48.2270223,
113,30.3026034,48.1418464,
114,30.3016734,48.1332945,
115,30.3016205,48.132606,
116,30.301209,48.1285391,
117,30.2996865,48.113751,
118,30.2994502,48.1098448,
119,30.296789,48.084179,
120,30.2967218,48.0835273,
121,30.2942989,48.0596415,
122,30.2792006,47.7421745,
123,30.2787015,47.7415433,
124,30.2638441,47.7812912,
125,30.2653389,47.777429,
126,30.2717358,47.7611247,
127,30.2732301,47.7571997,
128,30.8124479,46.6024669,
129,31.9761012,46.9780019,
130,32.7199243,46.6727638,
131,30.4522472,46.0633111,
132,30.3187824,46.1822667,
133,31.1561716,51.0650259,
134,31.1536067,51.0563354,
135,31.1810754,51.1516071,
136,31.2142421,51.2097517,
137,31.3279277,51.5238641,
138,31.2509701,51.5609353,
139,31.2829304,51.3581134,
140,31.2768683,51.3549265,
141,31.2325301,51.2338142,
142,31.2757013,51.4870084,
143,31.2766933,51.4874111,
144,31.2781316,51.5126643,
145,28.6151821,45.6962212,
146,28.6157394,45.6956704,
147,28.628041,45.675519,
148,30.8308794,50.4898647,
149,30.8250419,50.482912,
150,30.8303499,50.4787171,
151,30.5896327,50.4955587,
152,30.5895452,50.4967257,
153,30.6016955,50.5051259,
154,30.6134271,50.512536,
155,30.6192533,50.5227329,
156,30.6145024,50.512783,
157,30.620209,50.5285515,
158,30.6201692,50.5282777,
159,30.619996,50.5232671,
160,30.6012272,50.5055865,
161,30.5963765,50.5110292,
162,30.5953749,50.5120795,
163,30.5954591,50.5118774,
164,23.9829285,49.8269732,
165,23.9830047,49.8269388,
166,23.9888729,49.8251487,
167,23.9892554,49.8251865,
168,23.9897812,49.8253976,
169,23.9907502,49.8346504,
170,24.0296057,49.8397745,
171,23.9777323,49.8337889,
172,23.9816789,49.8333676,
173,24.0072787,49.8348029,
174,24.0290796,49.8394952,
175,24.0256044,49.8444049,
176,24.0263483,49.8445801,
177,24.0358534,49.8450587,
178,35.0197407,48.477511,
179,35.0186048,48.4750759,
180,35.0236804,48.4246433,
181,30.6303924,50.4600957,
182,30.631721,50.4613008,
183,30.6070181,50.4951487,
184,30.6079965,50.4942841,
185,30.5900073,50.4940861,
186,30.5912899,50.4952227,
187,30.5911082,50.4955382,
188,30.5893476,50.4967525,
189,30.5873452,50.4955723,
190,30.6005353,50.5052831,
191,30.5873719,50.4952357,
192,30.5898996,50.4939899,
193,30.5716921,50.4242753,
194,30.5697984,50.4244532,
195,30.5645324,50.3995438,
196,30.5516646,50.4024467,
197,30.523154,50.4133527,
198,30.5248717,50.4140873,
199,30.5256657,50.4633504,
200,30.4828978,50.4498515,
201,30.4814775,50.4492241,
202,30.4804048,50.4489159,
203,30.4836883,50.448426,
204,30.4830473,50.4498443,
205,30.5210585,50.4428331,
206,30.520463,50.4425805,
207,30.4818218,50.4487302,
208,30.4816212,50.4491281,
209,30.4825521,50.4490378,
210,30.4826112,50.4483223,
211,30.4821261,50.4476475,
212,30.4828235,50.4493323,
213,30.4825902,50.4486029,
214,30.4939479,50.4472671,
215,30.5061563,50.4553808,
216,30.528246,50.4519134,
217,30.5274722,50.4524232,
218,30.5055719,50.4339943,
219,30.4891515,50.5172789,
220,30.4934845,50.5123894,
221,30.489864,50.5175795,
222,30.4900596,50.5183662,
223,30.4994373,50.5224699,
224,30.5001761,50.5226631,
225,30.4887236,50.5068864,
226,30.4934894,50.5122339,
227,30.5037794,50.5010754,
228,30.5089881,50.5058001,
229,30.4983602,50.522405,
230,30.4984001,50.5217242,
231,30.4994203,50.5229389,
232,30.4985976,50.5279436,
233,30.5056301,50.5117899,
234,30.5090848,50.5057982,
235,30.5153828,50.4996715,
236,30.517722,50.4963913,
237,30.4890149,50.5178616,
238,30.4890601,50.5173124,
239,30.4840228,50.5071139,
240,30.4834717,50.5063795,
241,30.4835256,50.5080601,
242,30.4840226,50.5072153,
243,30.4831439,50.5062301,
244,30.4827697,50.5071321,
245,30.4827642,50.507232,
246,30.4831934,50.508087,
247,30.4832413,50.5094298,
248,30.4815917,50.5072529,
249,30.4841042,50.5100634,
250,30.4836382,50.5117757,
251,30.4815974,50.5071444,
252,30.4834291,50.5043337,
253,30.498027,50.5112414,
254,30.4989885,50.51134,
255,30.4989922,50.5132548,
256,30.4980937,50.5133059,
257,30.4986893,50.5023656,
258,30.4977822,50.5023376,
259,30.4977524,50.5004648,
260,30.498693,50.5005158,
261,30.4977751,50.5021373,
262,30.4969394,50.5015803,
263,30.4995243,50.5015508,
264,30.4987437,50.5020647,
265,30.4987161,50.5012208,
266,30.4991937,50.5014704,
267,30.5182221,50.4958449,
268,30.5186097,50.4963185,
269,30.5176351,50.4962938,
270,30.5080503,50.4962962,
271,30.5028562,50.5009543,
272,30.5035931,50.488833,
273,30.5036441,50.4890167,
274,30.5000658,50.4899668,
275,30.4989924,50.4907132,
276,30.4981899,50.492847,
277,30.4945862,50.4891279,
278,30.497663,50.4883615,
279,30.4964327,50.4924538,
280,30.497717,50.4921501,
281,30.4976522,50.4905512,
282,30.4798727,50.4877718,
283,30.4472028,50.4620446,
284,30.4493298,50.4628935,
285,30.4477525,50.4628337,
286,30.4471752,50.4626676,
287,30.4449801,50.462736,
288,30.4470703,50.4619839,
289,30.5250187,50.4882733,
290,30.5254021,50.4891078,
291,30.524315,50.4902365,
292,30.5221476,50.488288,
293,30.5300274,50.4890097,
294,30.5245236,50.4903889,
295,30.527562,50.4883713,
296,30.527166,50.4877437,
297,30.5265189,50.4879724,
298,30.5257184,50.4881774,
299,30.5300816,50.4888869,
300,30.4665508,50.489687,
301,30.4696031,50.4321123,
302,30.4697443,50.4320568,
303,30.4907644,50.4368486,
304,30.4632022,50.424147,
305,30.4598188,50.4257777,
306,30.4582021,50.4275464,
307,30.4580669,50.4275193,
308,30.459073,50.425442,
309,30.4588643,50.423612,
310,30.4596572,50.4247093,
311,30.4353883,50.4365274,
312,30.4249318,50.4578803,
313,30.4249436,50.4575551,
314,30.4265232,50.4577735,
315,30.4232523,50.4589073,
316,30.4463725,50.4543741,
317,30.4448257,50.4517524,
318,30.4489209,50.4757802,
319,30.4476307,50.4734834,
320,30.4846987,50.5174185,
321,30.4878917,50.5175757,
322,30.488009,50.5176534,
323,30.4837633,50.5257275,
324,30.472361,50.5668989,
325,30.4711977,50.5671385,
326,30.4707615,50.5663245,
327,30.4722476,50.5671861,
328,30.450135,50.5933982,
329,30.4499735,50.5950801,
330,30.4490974,50.5927189,
331,30.44964,50.5930396,
332,30.4497259,50.5212772,
333,30.4494509,50.5210519,
334,30.4724743,50.4868945,
335,30.4739961,50.4871072,
336,30.4719206,50.4865218,
337,30.4065625,50.5037688,
338,30.4085964,50.5069189,
339,30.4077267,50.5070454,
340,30.4070596,50.5075892,
341,30.4078828,50.507719,
342,30.4089791,50.5074773,
343,30.4075972,50.5071981,
344,30.406757,50.4807249,
345,30.4073262,50.4809044,
346,30.4083475,50.4799272,
347,30.4079407,50.480265,
348,30.4032116,50.4827123,
349,30.4203973,50.3989763,
350,30.4191376,50.3983153,
351,30.5236477,50.4094462,
352,30.6447488,50.4131622,
353,30.6370956,50.3990475,
354,30.6357694,50.3988577,
355,30.6323734,50.3983444,
356,30.6341528,50.39919,
357,30.6148781,50.3953209,
358,30.6160226,50.3965215,
359,30.6174858,50.3958954,
360,30.6195655,50.3961888,
361,30.6157117,50.3978732,
362,30.6174826,50.3957259,
363,30.6149155,50.3954915,
364,30.6147421,50.3968176,
365,30.6156828,50.3966211,
366,30.592588,50.4319071,
367,30.5984682,50.4502407,
368,30.5991963,50.44973,
369,30.6004659,50.4526569,
370,30.600099,50.4531247,
371,30.5980842,50.4521711,
372,30.6000408,50.4525348,
373,30.5960897,50.4520596,
374,30.5960558,50.4514342,
375,30.5964729,50.4515489,
376,30.5979075,50.4521349,
377,30.5971863,50.4533606,
378,30.6108311,50.4395015,
379,30.6108032,50.4389866,
380,30.6118728,50.4371824,
381,30.6111386,50.4370933,
382,30.6124644,50.4381095,
383,30.6120151,50.4372349,
384,30.6122464,50.4384781,
385,30.6112468,50.4390655,
386,30.6151422,50.4477166,
387,30.625082,50.4424862,
388,30.6251776,50.4419762,
389,30.6238847,50.4418697,
390,30.6285333,50.4402581,
391,30.6263326,50.4429593,
392,30.6003163,50.394251,
393,30.6006504,50.393709,
394,30.6003377,50.3945134,
395,30.6007642,50.3935439,
396,30.6037313,50.3941297,
397,30.6261444,50.4134245,
398,30.6252256,50.4130102,
399,30.6257561,50.4140618,
400,30.4476007,50.4734004,
401,30.4480614,50.4733428,
402,30.4480948,50.473423,
403,30.3953671,50.4255367,
404,30.405292,50.4024515,
405,30.4050204,50.4029129,
406,30.4050934,50.4029814,
407,30.4098619,50.4076466,
408,30.4101294,50.4079382,
409,30.4097157,50.4081031,
410,30.4104076,50.4083324,
411,30.4216633,50.3978007,
412,30.4211316,50.397017,
413,30.339974,50.4057582,
414,30.2338978,50.3931815,
415,30.4981168,50.4884591,
416,30.4992004,50.4888669,
417,30.5934617,50.495228,
418,30.5934997,50.495521,
419,30.585983,50.4952432,
420,30.5859403,50.4955866,
421,30.5830414,50.4955675,
422,30.5831132,50.4953001,
423,30.5752254,50.4902579,
424,30.5751418,50.4905831,
425,30.5971756,50.4500842,
426,30.5982557,50.4502667,
427,30.608835,50.4370827,
428,30.5689962,50.4218149,
429,30.5702358,50.4232933,
430,30.5921181,50.4301929,
431,30.5930371,50.4304896,
432,30.5988686,50.4505675,
433,30.5920581,50.4573933,
434,30.590685,50.4609625,
435,30.5895399,50.4608755,
436,30.5901488,50.4595957,
437,30.5899966,50.4603742,
438,30.589209,50.4600495,
439,30.5900063,50.4604206,
440,30.5994421,50.4529917,
441,30.5973092,50.453462,
442,30.6862467,50.4023444,
443,30.6847657,50.402828,
444,36.3650227,50.0407283,
445,36.3643413,50.0399009,
446,30.5602697,50.4260349,
447,30.5054904,50.5124823,
448,30.4989942,50.5115006,
449,30.5125183,50.4665199,
450,30.5128839,50.4663101,
451,30.5202424,50.4716069,
452,30.5441711,50.4228044,
453,30.5439453,50.422691,
454,30.525936,50.4123829,
455,30.5247802,50.4590972,
456,30.446939,50.471114,
457,30.4815591,50.4464262,
458,31.2500275,51.5604662,
459,30.6010532,50.5048449,
460,35.0234064,48.4225919,
461,30.5261347,50.4597822,
462,30.4819627,50.4471922,
463,30.4833252,50.4482061,
464,30.4927449,50.4485092,
465,30.4946321,50.4459628,
466,30.4950213,50.4462878,
467,30.4975502,50.5226691,
468,30.4982988,50.5224557,
469,30.4493776,50.463039,
470,30.447139,50.463815,
471,30.4466933,50.4629636,
472,30.4470364,50.4631365,
473,30.4777785,50.4954729,
474,30.4580516,50.4240172,
475,30.4058301,50.4812271,
476,30.4058375,50.4817865,
477,30.4791047,50.3928748,
478,30.6337414,50.4549237,
479,30.2523587,50.4478159,
480,30.497657,50.4898944,
481,30.4968582,50.4894307,
482,30.7408402,46.4683343,
483,30.7416838,46.4647807,
484,30.7458277,46.4644616,
485,30.7419474,46.4765486,
486,30.7448994,46.4763434,
487,30.5597223,50.4414431,
488,30.560692,50.4402216,
489,30.5601153,50.4406629,
490,30.5159059,50.439529,
491,30.5159386,50.4389109,
492,30.6838059,50.4008133,
493,30.6841679,50.4013065,
494,30.6831005,50.4011418,
495,30.6838475,50.4033138,
496,30.4397333,50.4432392,
497,30.4423975,50.443136,
498,30.4235684,50.4593419,
499,30.419539,50.4589175,
500,30.4223552,50.4587417,
501,30.4100794,50.4356144,
502,30.4097552,50.4376867,
503,30.4436857,50.4439739,
504,30.4435367,50.4415992,
505,30.4439265,50.4442871,
506,30.4432604,50.4440969,
507,30.4848373,50.4462936,
508,30.4817365,50.4465742,
509,30.477288,50.381195,
510,30.4233726,50.3960132,
511,30.4202439,50.398427,
512,30.401154,50.4181849,
513,30.4015641,50.4183875,
514,30.3994546,50.419996,
515,30.3990031,50.4197781,
516,30.5625416,50.4367017,
517,30.5570459,50.4433296,
518,30.5603581,50.4256261,
519,30.5600528,50.4257486,
520,30.5604343,50.425441,
521,30.5632904,50.4245116,
522,30.5609244,50.425373,
523,34.646614,48.4800962,
524,36.2315674,47.9705743,
525,31.1634831,51.0673315,
526,22.3350827,48.576361,
527,22.3327997,48.6299953,
528,22.3324999,48.6306967,
529,22.3328745,48.6314079,
530,22.5765999,48.1658824,
531,26.5178171,50.6030428,
532,25.4009427,50.7462962,
533,25.4006981,50.7457732,
534,30.5183834,50.4054255,
535,30.5219963,50.4057465,
536,30.6144829,50.4453656,
537,30.5749541,50.4897524,
538,24.0317304,49.8302441,
539,24.0633888,49.8747367,
540,24.0626485,49.8760813,
541,30.4925973,50.4452081,
542,30.5056122,50.4341137,
543,30.4171885,50.396358,
544,30.4195668,50.3974467,
545,30.420904,50.3975303,
546,30.4207706,50.398399,
547,30.4223471,50.3980647,
548,30.4106747,50.3943138,
549,30.5242213,50.4151858,
550,30.5220474,50.4146268,
551,30.5460304,50.4188641,
552,30.5456878,50.4190444,
553,30.5452326,50.4184508,
554,30.5475183,50.4199615,
555,30.548956,50.4209284,
556,30.5490859,50.4204536,
557,30.5385401,50.4277957,
558,30.5388147,50.4278694,
559,30.5170253,50.4187314,
560,30.4861972,50.4461078,
561,30.4798963,50.4488657,
562,30.4820057,50.4476721,
563,30.4821488,50.4480532,
564,30.249804,48.7234419,
565,30.2584185,48.7220269,
566,30.2584559,48.7220874,
567,30.252764,48.7229957,
568,30.2524662,48.7192151,
569,30.2510734,48.7146427,
570,30.244169,48.6930544,
571,30.2547591,48.7227101,
572,30.6267535,50.4424606,
573,30.6254174,50.4427948,
574,30.6264137,50.4418565,
575,30.5272156,50.404482,
576,30.5260667,50.4031725,
577,29.9881351,48.7729099,
578,30.5513587,50.4434622,
579,30.5522349,50.4427132,
580,30.4436038,50.4443985,
581,30.4430605,50.4446268,
582,30.684954,50.4023908,
583,30.6153741,50.3982571,
584,30.614438,50.3969451,
585,30.6162947,50.3947541,
586,30.2734526,48.7192771,
587,30.2857608,48.7117463,
588,32.3139861,48.5461556,
589,30.5111764,50.4279438,
590,30.8337827,50.5664847,
591,30.8347105,50.5657609,
592,30.8273909,50.5712777,
593,30.8253033,50.5683881,
594,30.8306562,50.4810935,
595,30.8309849,50.4888285,
596,30.7409287,50.4913756,
597,32.3114631,48.5460736,
598,32.3102171,48.5462355,
599,32.3130943,48.5457789,
600,32.3070725,48.542891,
601,32.3086827,48.5435885,
602,32.3117569,48.5458833,
603,32.3095983,48.5441306,
604,32.308266,48.5441396,
605,32.3079315,48.5443584,
606,32.308139,48.5440937,
607,32.308602,48.5436659,
608,32.308139,48.5465556,
609,32.3082602,48.545323,
610,32.2517264,48.9807894,
611,32.2499447,48.9778341,
612,32.2492265,48.9770185,
613,22.2743612,48.5804552,
614,22.2742383,48.5797188,
615,22.6843724,48.4515326,
616,22.6858167,48.451155,
617,30.8970534,50.3673045,
618,30.9003042,50.3706865,
619,31.0177683,50.3226242,
620,28.0210759,49.3601074,
621,26.9616464,49.3612541,
622,26.9616744,49.3606248,
623,26.9605196,49.3609241,
624,26.764704,49.3945726,
625,26.7367929,49.3937156,
626,30.4254883,50.4595087,
627,30.4252429,50.459831,
628,30.4601518,50.4255317,
629,30.5222462,50.4057187,
630,30.4528517,50.5202682,
631,30.4533625,50.5200119,
632,30.4732764,50.4888247,
633,30.3596107,50.4554851,
634,30.3851051,50.4571975,
635,26.3522677,49.5147522,
636,26.3507243,49.5150335,
637,24.7688816,51.1950529,
638,24.7694929,51.1954799,
639,24.7654974,51.1942174,
640,24.7651006,51.1952687,
641,24.7635755,51.1948926,
642,24.7698876,51.1957636,
643,24.7686973,51.1957355,
644,24.7693253,51.1928978,
645,24.6110805,49.3983224,
646,24.6111368,49.398686,
647,25.3615911,49.4952745,
648,24.0144877,49.7656302,
649,24.0195252,49.7687664,
650,24.0131568,49.7691616,
651,24.0141954,49.7697344,
652,24.0140993,49.7722564,
653,24.0099375,49.7693793,
654,24.0144112,49.7697337,
655,24.0155049,49.7690094,
656,24.014231,49.7685514,
657,24.0091605,49.769431,
658,24.0142844,49.7656615,
659,22.6857913,48.451486,
660,22.8874585,48.5322219,
661,24.5581765,51.6345091,
662,24.6970922,51.2321781,
663,24.6971198,51.2324784,
664,24.6963396,51.2349454,
665,23.3279153,49.7962953,
666,24.1383061,49.8964014,
667,25.2058991,50.1177775,
668,25.7417608,50.4282115,
669,26.1529495,50.5850036,
670,26.1535217,50.5902118,
671,26.1451224,50.5856937,
672,33.8713556,49.6708867,
673,34.5255774,49.5599699,
674,30.480495,50.4883434,
675,30.4874639,50.489041,
676,30.2170749,50.5551492,
677,35.7539713,49.9050958,
678,36.1295268,49.9604881,
679,36.1344843,49.963753,
680,36.1296311,49.9667656,
681,36.1255678,49.9629274,
682,36.1292158,49.9634903,
683,36.1298904,49.9641155,
684,36.1306012,49.9636188,
685,36.1301608,49.9633872,
686,36.1298382,49.9629405,
687,36.1298127,49.9627209,
688,36.1287904,49.9632693,
689,36.4331775,49.9341865,
690,36.434068,49.9346093,
691,36.434472,49.9337601,
692,36.4347355,49.9336142,
693,36.4333442,49.9334634,
694,36.4378122,49.9326675,
695,36.4352678,49.9368551,
696,36.4352273,49.9367645,
697,36.4292341,49.935431,
698,36.525625,49.8940906,
699,36.5331979,49.8925617,
700,36.5364001,49.8918743,
701,36.6823448,49.8432228,
702,36.8217933,49.7320634,
703,37.2807071,49.1544125,
704,28.4760481,49.2848091,
705,28.4763263,49.2843345,
706,26.6219742,51.3169688,
707,26.6221372,51.316668,
708,30.4865099,50.458642,
709,30.4865217,50.4588479,
710,30.5631451,50.4001633,
711,30.5596537,50.398949,
712,30.5639954,50.4032329,
713,30.5658717,50.4238238,
714,30.5672237,50.4231263,
715,30.6072331,50.4546031,
716,30.5645234,50.4035166,
717,30.5632246,50.3997291,
718,30.5518137,50.4024,
719,30.5240616,50.3409675,
720,30.5300198,50.3418265,
721,30.539598,50.3416932,
722,30.5419899,50.3388837,
723,30.5512952,50.3421275,
724,30.5537854,50.34086,
725,30.5473383,50.3430849,
726,30.5501273,50.3421489,
727,30.5556974,50.3366737,
728,30.554558,50.3386216,
729,30.530036,50.3422026,
730,30.5336106,50.3418031,
731,30.5336388,50.3421742,
732,23.9551171,49.4529151,
733,30.3594978,50.4556204,
734,30.3568323,50.4576859,
735,30.3550992,50.4553325,
736,30.3568524,50.4561262,
737,30.3570895,50.456106,
738,30.357955,50.4555105,
739,30.3580034,50.4553656,
740,30.35735,50.45435,
741,30.3570544,50.454881,
742,30.3549774,50.4551785,
743,30.3537886,50.4550998,
744,30.357243,50.4533611,
745,30.3575186,50.4532163,
746,30.3535097,50.4552159,
747,30.3829903,50.4131173,
748,30.3825406,50.4129341,
749,30.3807187,50.4140384,
750,30.3811875,50.4142402,
751,30.3742712,50.4185782,
752,30.3738524,50.4183796,
753,30.3712662,50.4199705,
754,30.3716686,50.4201753,
755,30.3601639,50.4333992,
756,30.3607515,50.4334826,
757,30.4035576,50.4026309,
758,30.4039354,50.4025657,
759,30.3954164,50.4057634,
760,30.3939635,50.4063472,
761,30.3907881,50.4081958,
762,30.3886669,50.409508,
763,30.3848478,50.4119255,
764,30.4005521,50.4583622,
765,30.5487075,50.3418991,
766,30.822807,49.8657108,
767,30.8227439,49.8654394,
768,31.8522478,49.2276678,
769,31.8515712,49.2277897,
770,31.2359983,49.4258427,
771,24.0228514,49.8432638,
772,23.9868688,49.8534591,
773,23.8956543,49.8722112,
774,23.8979129,49.8723872,
775,23.8978791,49.8731929,
776,23.898922,49.8702143,
777,23.9032128,49.8735366,
778,24.0353452,49.8388131,
779,25.9179897,48.3148284,
780,25.9187936,48.3143279,
781,25.9719995,48.2821178,
782,25.9732152,48.2829941,
783,25.9359935,48.2870076,
784,25.9377636,48.2968032,
785,25.9365391,48.2975317,
786,25.9368087,48.2945621,
787,25.9378733,48.2963554,
788,25.9384734,48.2962858,
789,25.9270474,48.2681704,
790,25.9275029,48.2686086,
791,25.9388402,48.2829096,
792,25.9383053,48.2827482,
793,25.9279939,48.2576437,
794,25.9313112,48.2523748,
795,25.9309244,48.2524814,
796,23.9099327,49.9183746,
797,23.8911793,49.8738698,
798,23.8893353,49.8761855,
799,23.8900438,49.8741128,
800,23.8905484,49.8724933,
801,23.8941936,49.872517,
802,23.8988231,49.8691637,
803,25.9479299,48.2697951,
804,25.9602901,48.2749347,
805,25.9550024,48.2713654,
806,35.1999699,47.8315971,
807,35.1991156,47.831748,
808,35.200083,47.8315151,
809,35.1999549,47.8312032,
810,35.1983047,47.8314544,
811,35.1972998,47.8310604,
812,35.1982394,47.8311011,
813,35.1990446,47.8311444,
814,35.1987698,47.8294164,
815,35.1988218,47.8290667,
816,35.1467167,47.8334177,
817,35.1465426,47.8335002,
818,35.1238454,47.8378915,
819,35.1237491,47.8378377,
820,35.1192547,47.8319474,
821,35.1818628,47.8123869,
822,35.1449447,47.8358591,
823,35.0070565,47.8899574,
824,34.9989659,47.8916476,
825,34.9960708,47.8916999,
826,30.5239601,50.4396567,
827,30.5235599,50.4395478,
828,30.5226322,50.4407684,
829,30.5240917,50.4396375,
830,30.5249245,50.4386302,
831,30.5254789,50.438591,
832,30.5247731,50.4386855,
833,35.0936039,47.8485447,
834,35.099412,47.8506508,
835,35.0999481,47.8508448,
836,35.1124323,47.8651842,
837,35.1114281,47.864322,
838,35.0937481,47.8614959,
839,35.1653881,47.8260765,
840,35.1703919,47.8219029,
841,35.1836792,47.8031259,
842,35.1835614,47.8028468,
843,35.1843921,47.803079,
844,35.1840768,47.8025923,
845,35.1851982,47.802285,
846,30.5225798,50.4409549,
847,25.9388783,48.2828539,
848,25.9390478,48.2826075,
849,25.9479849,48.2697105,
850,25.956303,48.2883267,
851,25.9651256,48.2928118,
852,25.9637544,48.2943722,
853,25.9663961,48.2922923,
854,25.9663848,48.2919225,
855,25.9669381,48.2916901,
856,25.9670694,48.2919853,
857,25.9601823,48.3001599,
858,25.959286,48.3020758,
859,25.9628487,48.2954931,
860,25.9635705,48.2943286,
861,25.959447,48.3163816,
862,25.958636,48.3044671,
863,25.9590793,48.3020455,
864,25.9603859,48.323227,
865,25.9603713,48.3227162,
866,25.9187697,48.3134039,
867,25.9195664,48.3142935,
868,25.9591663,48.3229981,
869,25.9358249,48.2958741,
870,25.9362483,48.2958525,
871,26.0145918,48.300856,
872,26.0150951,48.3003359,
873,26.0138353,48.2995713,
874,26.0153222,48.3000461,
875,26.0153796,48.3006187,
876,25.9757213,48.326401,
877,25.9717825,48.2844137,
878,25.9714415,48.2837791,
879,25.9722408,48.28344,
880,35.2403533,47.8214167,
881,35.2199162,47.8284276,
882,30.4145657,50.3963758,
883,30.4152927,50.3957505,
884,30.4462697,50.5055057,
885,30.4475835,50.5055059,
886,30.6806129,50.4025899,
887,30.6813813,50.4021821,
888,35.9911459,49.9723195,
889,35.9930744,49.9707869,
890,30.9410486,50.3580253,
891,36.2456239,49.9832615,
892,36.2988284,49.9726659,
893,36.290867,49.974012,
894,36.3536642,49.9594089,
895,36.3567582,49.9584735,
896,36.2627069,49.9907359,
897,36.2643226,49.990185,
898,36.3538845,49.9598071,
899,36.3007404,49.9727467,
900,36.3001139,49.9728746,
901,36.2995731,49.9725317,
902,36.300664,49.972412,
903,36.2382155,49.9837959,
904,36.2378276,49.9836529,
905,30.4763178,50.4877125,
906,30.4763473,50.4882739,
907,30.5081058,50.4957265,
908,30.5010802,50.5123973,
909,30.5011298,50.5119922,
910,30.5040635,50.5119548,
911,30.5040823,50.5123613,
912,36.2133117,50.0195294,
913,36.1977461,50.037801,
914,36.2912234,49.9763205,
915,36.2914435,49.9766749,
916,30.4508734,50.5059034,
917,30.4208713,50.4583112,
918,30.4237946,50.5043214,
919,30.4222882,50.5049923,
920,35.9942859,49.9714605,
921,35.8387043,49.7504606,
922,35.8377403,49.750593,
923,35.8433612,49.7514875,
924,35.8386938,49.7510767,
925,35.8366855,49.7509612,
926,35.8341261,49.7508349,
927,30.4410999,50.4437869,
928,36.2448718,49.9859657,
929,36.2389107,49.983753,
930,36.2383945,49.9837597,
931,36.3065454,49.9705045,
932,36.3069231,49.9698528,
933,36.2604528,49.9716448,
934,36.2594538,49.9715334,
935,36.2224873,50.0281546,
936,36.2700685,50.0021099,
937,36.271334,50.001161,
938,36.2895515,49.8881458,
939,36.2900926,49.8871328,
940,36.2903722,49.8866155,
941,36.206698,49.9939721,
942,36.2146702,49.9837414,
943,36.1905847,49.9714624,
944,30.2320793,50.3903665,
945,36.3087969,49.9687192,
946,36.3079408,49.9691255,
947,35.2003806,47.8345648,
948,36.1930749,49.9911339,
949,36.2451437,49.9843873,
950,36.3088365,49.9719135,
951,36.3079971,49.9716533,
952,30.5011031,50.4455543,
953,30.5007929,50.4453725,
954,34.9294383,48.0563555,
955,34.9259553,48.053832,
956,24.0627506,49.8780381,
957,24.06152,49.8743807,
958,24.0570542,49.7948753,
959,24.0565043,49.7945246,
960,24.0534469,49.7965802,
961,24.0531991,49.7963782,
962,36.1270928,49.9777933,
963,36.123003,49.9752413,
964,36.1222484,49.9753033,
965,36.122213,49.9747588,
966,24.1630968,50.7128605,
967,24.3133801,50.8464733,
968,24.3429227,50.9347974,
969,23.9591397,50.0561055,
970,23.9851639,49.8119101,
971,23.9845081,49.8122267,
972,24.0179984,49.8019212,
973,24.0363793,49.8001274,
974,24.0326944,49.8002876,
975,24.0315728,49.8004203,
976,24.0244779,49.8012418,
977,24.0240458,49.8012847,
978,24.0222042,49.8014371,
979,24.0307045,49.839091,
980,24.0418073,49.8082169,
981,24.0266269,49.8106026,
982,24.0249348,49.8110271,
983,24.0221391,49.8117369,
984,24.0527404,49.8652336,
985,24.0520363,49.865003,
986,24.0250626,49.8499912,
987,24.0170733,49.8682018,
988,24.018827,49.8707014,
989,24.0167797,49.8428627,
990,24.0160857,49.8675631,
991,24.0153949,49.8671031,
992,24.0217746,49.8114183,
993,24.0185376,49.8121571,
994,24.0188851,49.8124968,
995,24.0007565,49.8103459,
996,24.0001275,49.8106339,
997,24.0103949,49.8268233,
998,24.0099876,49.826503,
999,23.9993616,49.8102792,
1000,23.999042,49.8081733,
1001,23.9985645,49.8062189,
1002,23.9987916,49.805849,
1003,23.9993498,49.808144,
1004,24.000018,49.8102073,
1005,24.0508303,49.8079804,
1006,24.1052445,49.7696062,
1007,24.0615955,49.8075276,
1008,24.0621164,49.8159631,
1009,24.0618757,49.8160505,
1010,24.0615616,49.8069033,
1011,24.0607761,49.8067874,
1012,24.0615361,49.8064564,
1013,24.0622002,49.8059267,
1014,24.0622715,49.8064068,
1015,24.061538,49.8068817,
1016,24.0097955,49.8263562,
1017,24.0098747,49.8261806,
1018,36.2377945,49.9839929,
1019,36.2306903,49.9830343,
1020,36.2309897,49.9824892,
1021,23.9772634,49.832258,
1022,23.9843772,49.8123275,
1023,23.9837999,49.8123993,
1024,24.0000885,49.8102468,
1025,24.0001775,49.8105774,
1026,23.999432,49.8106827,
1027,23.9993271,49.8103155,
1028,23.8996927,49.7262439,
1029,24.0443678,49.8652698,
1030,23.9769953,49.8353003,
1031,36.2721754,49.9989821,
1032,36.2725565,49.9983476,
1033,36.2771529,49.9924827,
1034,30.5184269,50.4359458,
1035,25.9211343,48.3167763,
1036,25.9208799,48.3157929,
1037,25.9220039,48.3158902,
1038,25.9220815,48.3209186,
1039,23.8905746,49.8739901,
1040,23.8894823,49.8768678,
1041,23.8851863,49.8750824,
1042,36.3841674,49.9378776,
1043,36.2534735,49.9764548,
1044,36.4080719,50.0100842,
1045,36.2345793,49.9874148,
1046,36.234462,49.9884571,
1047,25.9277248,48.2690206,
1048,25.9276053,48.269633,
1049,25.9270954,48.2691559,
1050,25.9387175,48.2827318,
1051,25.9303632,48.2530921,
1052,25.9305632,48.2524398,
1053,25.9309114,48.2523074,
1054,26.0505814,48.2487468,
1055,26.050263,48.2487345,
1056,26.1845018,48.2525372,
1057,26.184449,48.2533725,
1058,26.1822425,48.2536187,
1059,26.1835589,48.2528882,
1060,26.016071,48.2995272,
1061,26.0160692,48.3003834,
1062,26.0164526,48.3011872,
1063,26.0155015,48.3006441,
1064,25.9593764,48.3472991,
1065,25.9329195,48.3512886,
1066,25.933406,48.3513649,
1067,25.9329738,48.3516372,
1068,36.2786508,49.9862206,
1069,36.2733416,50.1007751,
1070,36.2695664,50.1043922,
1071,24.0427406,49.8010261,
1072,24.0426262,49.8012121,
1073,30.4872649,50.4891647,
1074,30.5948491,50.4313326,
1075,30.5925978,50.4318464,
1076,30.6105608,50.4378038,
1077,30.6101607,50.4380967,
1078,30.6253071,50.441883,
1079,24.0320702,49.8392992,
1080,36.3138478,49.9444119,
1081,26.015099,48.3002786,
1082,36.1616746,49.9740146,
1083,36.1582684,49.9733166,
1084,36.1363987,49.9735886,
1085,36.132628,49.9744442,
1086,36.1318019,49.9745062,
1087,36.127649,49.9748693,
1088,36.1265695,49.974949,
1089,36.1188768,49.9749783,
1090,36.1325484,49.9739105,
1091,28.7045181,51.0970188,
1092,28.6737377,51.109292,
1093,28.9845398,51.5159855,
1094,36.9436736,50.2768079,
1095,36.9431915,50.2764025,
1096,25.8229793,48.3535668,
1097,25.8224784,48.3535928,
1098,24.8633362,49.8057848,
1099,24.8668365,49.8059717,
1100,26.8627813,48.8953058,
1101,26.8626561,48.895802,
1102,26.8248244,48.8713432,
1103,26.4849158,48.5343287,
1104,26.484472,48.534749,
1105,25.7096218,48.7893286,
1106,25.491859,48.675586,
1107,25.7270173,48.8500171,
1108,36.2582887,50.0265094,
1109,36.2614222,49.9871638,
1110,24.0315976,49.8295967,
1111,24.1586128,49.8177014,
1112,27.4594402,48.5687448,
1113,27.458946,48.5688307,
1114,27.1335758,48.4723608,
1115,26.260849,48.1504123,
1116,26.4519802,48.4463174,
1117,26.4832336,48.489731,
1118,30.4816248,50.4462914,
1119,24.9357424,48.915413,
1120,24.9368625,48.9149614,
1121,30.8633916,50.3797185,
1122,30.8635535,50.3796592,
1123,30.8640879,50.3795658,
1124,30.8642215,50.379553,
1125,30.86457,50.3777147,
1126,30.86205,50.3758399,
1127,30.8655638,50.3772408,
1128,30.866179,50.377194,
1129,30.862449,50.3767313,
1130,30.848123,50.3330988,
1131,31.156573,51.0658955,
1132,31.1578269,51.0699839,
1133,31.1545056,51.0663256,
1134,30.5994372,50.5327684,
1135,30.598234,50.532358,
1136,30.5967483,50.5318688,
1137,30.5979808,50.5318265,
1138,30.5990659,50.5312499,
1139,30.5988494,50.5318997,
1140,30.5982738,50.531716,
1141,26.8348826,48.4296748,
1142,31.9559687,46.9912116,
1143,31.9541692,46.9917514,
1144,25.858961,51.340444,
1145,25.8591121,51.341068,
1146,25.8547701,51.3415256,
1147,30.6894482,50.4247476,
1148,25.9177783,48.310863,
1149,25.9176348,48.3103497,
1150,25.9182587,48.3095629,
1151,30.6246011,46.4416522,
1152,30.6152565,46.4866141,
1153,30.6152677,46.4862941,
1154,30.6153386,46.4864847,
1155,30.6261126,46.4350337,
1156,25.9619696,48.3230891,
1157,25.9628246,48.3236859,
1158,30.7440586,46.560067,
1159,30.6950253,46.490636,
1160,30.7072291,46.4938042,
1161,30.7070934,46.4765841,
1162,30.7072196,46.4758305,
1163,30.713697,46.4925567,
1164,30.7083857,46.4843849,
1165,30.7056489,46.4771355,
1166,30.7055603,46.4777054,
1167,30.7041824,46.4773748,
1168,30.7062116,46.4780806,
1169,30.7073346,46.4788378,
1170,30.7069598,46.4778433,
1171,30.703626,46.4773714,
1172,30.7047894,46.4767643,
1173,30.7056868,46.4771263,
1174,30.7564245,46.4395578,
1175,30.7572752,46.4396071,
1176,30.7571453,46.4409495,
1177,30.7567286,46.4406063,
1178,30.7573425,46.440497,
1179,30.7573285,46.438375,
1180,30.7571709,46.4389692,
1181,30.7567489,46.4389387,
1182,29.3114037,47.8872389,
1183,29.1121307,48.0921301,
1184,35.2503996,47.7383105,
1185,35.0949895,47.8629918,
1186,30.6068142,50.4556307,
1187,30.6077262,50.4557791,
1188,30.7559404,46.4400755,
1189,30.7563505,46.439791,
1190,30.7564317,46.440179,
1191,30.6159922,46.486201,
1192,30.6830277,46.4669267,
1193,30.614615,46.4863498,
1194,30.6147381,46.4862407,
1195,30.7213643,46.4972256,
1196,30.6221335,46.5147103,
1197,30.6148859,46.5159443,
1198,30.6212997,46.5152989,
1199,30.6218994,46.5205667,
1200,30.6161445,46.5208726,
1201,30.6157513,46.5209905,
1202,30.6150598,46.5162285,
1203,30.6192599,46.5186717,
1204,30.6190933,46.5178576,
1205,30.6178748,46.5179854,
1206,30.6180647,46.518647,
1207,30.5157288,50.4025373,
1208,30.5162931,50.4031754,
1209,30.5192939,50.4070641,
1210,30.6313809,50.4526273,
1211,30.6319625,50.4520322,
1212,30.6328966,50.4550611,
1213,30.6884033,50.4057946,
1214,37.2900549,49.2079844,
1215,30.618892,46.5177707,
1216,30.618028,46.5179003,
1217,34.3141761,49.356094,
1218,34.3088957,49.3552492,
1219,24.6262622,48.541806,
1220,24.6258691,48.5422726,
1221,24.6264045,48.5424635,
1222,24.9717982,48.559472,
1223,24.9709181,48.5604588,
1224,25.0214522,48.5261449,
1225,28.5946876,49.8866199,
1226,28.5949457,49.8865413,
1227,28.5957922,49.8862835,
1228,25.3004712,50.745594,
1229,25.2996642,50.7441249,
1230,25.2990485,50.7434633,
1231,25.299426,50.7433995,
1232,24.3344319,50.8342815,
1233,26.157461,50.5922586,
1234,30.5528841,50.3459449,
1235,30.5495283,50.3648462,
1236,30.5495967,50.3666468,
1237,30.5519177,50.3489965,
1238,36.134197,49.9637279,
1239,32.3097327,48.5451876,
1240,25.9196313,48.3144068,
1241,25.9192666,48.3147429,
1242,25.9191463,48.3147451,
1243,25.918832,48.3142838,
1244,25.7683823,49.003063,
1245,25.8242534,48.3529843,
1246,33.271971,50.3601369,
1247,33.2716165,50.3596907,
1248,33.352217,50.4185336,
1249,33.3526166,50.4203682,
1250,30.8288582,50.5731478,
1251,30.4685203,50.5670124,
1252,35.3217329,48.8802792,
1253,28.5792584,49.89516,
1254,28.5752857,49.8983683,
1255,26.0383347,48.2860968,
1256,26.0386221,48.2874206,
1257,26.0038049,48.266377,
1258,26.007601,48.2671116,
1259,30.4943519,50.4466769,
1260,30.4940507,50.4467355,
1261,30.7441332,46.4545004,
1262,30.74346,46.4542535,
1263,30.7426105,46.4449773,
1264,30.6078752,50.4951996,
1265,30.7422891,46.468487,
1266,30.7440564,46.4708691,
1267,30.7442755,46.4722909,
1268,30.7418151,46.4680627,
1269,30.7467472,46.4380364,
1270,30.7458723,46.4379537,
1271,30.7242417,46.4381578,
1272,30.7245638,46.4373638,
1273,30.7046756,46.4416045,
1274,30.7054936,46.4415353,
1275,30.7060714,46.4415076,
1276,30.7261109,46.4376428,
1277,30.7240324,46.4258732,
1278,30.7284421,46.4294639,
1279,30.7282733,46.4293308,
1280,30.7418769,46.4450446,
1281,30.7459234,46.4377802,
1282,30.69489,46.430566,
1283,30.6949567,46.431032,
1284,30.7047065,46.4243449,
1285,30.7036399,46.4247399,
1286,30.7054501,46.4235012,
1287,30.7057534,46.4238903,
1288,30.7420506,46.468252,
1289,30.7458298,46.4374502,
1290,30.7532372,46.4181934,
1291,30.7534068,46.4182782,
1292,30.7541845,46.4204444,
1293,35.0276756,48.3323333,
1294,30.7229935,46.3989818,
1295,30.7230493,46.3987382,
1296,30.7233681,46.3985412,
1297,30.7236265,46.3983274,
1298,30.7238728,46.3985395,
1299,30.7234687,46.3910435,
1300,30.7237895,46.3910337,
1301,30.7238627,46.3913914,
1302,30.723216,46.3911983,
1303,30.72408,46.391223,
1304,25.8560882,51.3406505,
1305,25.8557601,51.3415033,
1306,25.8584335,51.3408582,
1307,25.8581787,51.3409106,
1308,25.8551089,51.3416635,
1309,25.8748903,51.3682466,
1310,30.3766492,50.4166421,
1311,30.4448898,50.379867,
1312,30.4457244,50.3792465,
1313,30.3655277,50.4963454,
1314,30.3666451,50.4970319,
1315,30.5227017,50.5859042,
1316,35.0613733,48.4561475,
1317,30.6082617,50.4549993,
1318,30.6075164,50.4552701,
1319,30.6066099,50.4571371,
1320,30.6056745,50.4567952,
1321,30.8635786,50.37756,
1322,35.1774142,47.8326852,
1323,28.4858029,49.2356063,
1324,28.4867413,49.2354071,
1325,30.4808021,50.4882356,
1326,30.4781481,50.4877749,
1327,28.8138731,50.2865363,
1328,30.4729703,50.5672169,
1329,29.4544666,49.9538075,
1330,30.4501649,50.5933165,
1331,30.4896255,50.5890512,
1332,30.4903973,50.5885534,
1333,30.4907342,50.5884724,
1334,30.4920448,50.5884178,
1335,30.4944939,50.5809702,
1336,30.4940838,50.5807749,
1337,29.8837897,50.2669962,
1338,27.6757001,50.5847174,
1339,27.6751638,50.5842241,
1340,29.901314,50.9196836,
1341,29.8988404,50.9214348,
1342,29.8815871,50.9510567,
1343,29.8801711,50.9512622,
1344,29.8810196,50.950547,
1345,29.8819287,50.9500091,
1346,29.8822568,50.950064,
1347,29.8827334,50.9505743,
1348,29.8827077,50.9506819,
1349,29.8818958,50.9510883,
1350,29.8812388,50.9501875,
1351,29.8810346,50.9493535,
1352,29.8834234,50.9499835,
1353,29.8833197,50.9513629,
1354,28.4651786,49.2386517,
1355,35.0467407,48.4690127,
1356,35.0406345,48.4709984,
1357,35.051676,48.4700417,
1358,30.4485882,46.0637261,
1359,30.4493453,46.063423,
1360,30.4569089,46.0671945,
1361,30.4402464,46.2217026,
1362,30.4499066,46.2439108,
1363,30.475973,46.0838389,
1364,30.4755347,46.0833722,
1365,30.4756619,46.0833217,
1366,30.4542345,46.2572583,
1367,30.4541532,46.257111,
1368,30.4539195,46.2565376,
1369,30.4548859,46.257227,
1370,30.4549237,46.2579628,
1371,30.5058143,50.434553,
1372,30.5065772,50.4364592,
1373,35.0496626,48.4629054,
1374,35.0524845,48.4650999,
1375,35.0522183,48.4648443,
1376,30.7966122,50.9778134,
1377,34.5909795,48.5246057,
1378,34.65064,48.4952409,
1379,25.7512288,48.4311726,
1380,25.7618668,48.4359709,
1381,25.7528371,48.4325059,
1382,25.7518286,48.4315693,
1383,25.7512362,48.4316742,
1384,25.7521094,48.4324609,
1385,25.7524426,48.4320494,
1386,30.4589975,50.3697195,
1387,30.4590989,50.3704466,
1388,30.4580257,50.3706157,
1389,30.4609304,50.3716512,
1390,30.4791515,50.3818572,
1391,30.4774177,50.381235,
1392,30.1845198,49.8160471,
1393,30.1772757,49.8227299,
1394,30.1583594,49.8435519,
1395,30.4925434,50.3530574,
1396,30.4610456,50.3719274,
1397,30.4544589,50.3733491,
1398,30.4560684,50.3685873,
1399,30.4623995,50.3671733,
1400,30.7034035,46.4429608,
1401,30.7085142,46.483224,
1402,30.7139329,46.4924172,
1403,30.7314085,46.4799134,
1404,30.7315531,46.4798055,
1405,30.7277349,46.4719699,
1406,30.7273141,46.47104,
1407,30.7274936,46.4706152,
1408,30.7135482,46.4625391,
1409,30.707031,46.4766183,
1410,29.8815076,50.1073025,
1411,29.9541299,50.0670551,
1412,30.2378423,50.1421511,
1413,30.2393769,50.1427067,
1414,30.2366494,50.1419758,
1415,30.3100043,50.3949478,
1416,30.3293347,50.3764483,
1417,34.6137078,48.5230928,
1418,35.0351979,48.374588,
1419,35.0337131,48.3723561,
1420,34.9960442,48.4386011,
1421,34.9995968,48.4327505,
1422,24.0143163,49.7726143,
1423,24.0144452,49.7685283,
1424,24.0142554,49.7742168,
1425,24.0152853,49.7410215,
1426,35.000377,48.3993589,
1427,35.0005646,48.3993541,
1428,35.0508889,48.4616681,
1429,35.0513205,48.4620225,
1430,25.7699262,49.648712,
1431,25.731729,49.6913864,
1432,25.7657962,49.6727956,
1433,23.0238541,48.1524937,
1434,23.0241726,48.152499,
1435,24.7235899,48.923932,
1436,23.8433902,49.2543829,
1437,24.7079066,48.9195019,
1438,23.0018826,47.9985613,
1439,28.9193731,50.2893598,
1440,28.927816,50.2908325,
1441,30.6091297,50.4562453,
1442,35.0718501,48.4513216,
1443,35.0730215,48.4527228,
1444,30.2790532,50.553683,
1445,30.2784304,50.5533367,
1446,35.0203239,48.4777538,
1447,34.9877275,48.4767813,
1448,34.9953367,48.4753076,
1449,35.0244124,48.4740453,
1450,35.0261083,48.4778044,
1451,35.0242883,48.4737921,
1452,35.0201937,48.4747917,
1453,35.0208977,48.4769116,
1454,30.863596,50.6175971,
1455,30.8635018,50.6177531,
1456,30.8596813,50.6127952,
1457,30.8597436,50.6126204,
1458,31.188735,51.4710951,
1459,31.1893587,51.4713009,
1460,30.4322916,50.4413445,
1461,30.370219,50.4967428,
1462,30.3675918,50.4977348,
1463,30.2631261,50.539539,
1464,30.2501985,50.5196911,
1465,30.365463,50.4268933,
1466,30.367355,50.4237974,
1467,30.3665753,50.4232568,
1468,30.3675901,50.4246776,
1469,30.3684796,50.4244253,
1470,30.3684449,50.4244921,
1471,30.367799,50.4247283,
1472,30.3660868,50.4241642,
1473,35.2401472,47.8490142,
1474,35.2403198,47.8490193,
1475,30.6277017,50.4083554,
1476,35.0486026,48.4383309,
1477,35.0528931,48.4359003,
1478,35.0036309,48.472729,
1479,34.9612755,48.4918336,
1480,34.9605045,48.4905369,
1481,34.9578227,48.4930332,
1482,34.9580743,48.4925958,
1483,35.0882435,48.4080798,
1484,35.1035554,48.4125152,
1485,35.0882999,48.4084428,
1486,35.0876563,48.4078913,
1487,35.0858257,48.4079174,
1488,35.0891106,48.4074103,
1489,35.0863667,48.4100764,
1490,35.0842437,48.4084189,
1491,35.0823575,48.4114967,
1492,35.0801037,48.4123027,
1493,30.7135362,46.4644445,
1494,30.7132492,46.4643138,
1495,30.7065881,46.4648479,
1496,31.2955835,50.3642938,
1497,31.2969961,50.3639173,
1498,31.2970481,50.3644138,
1499,31.2986592,50.3640306,
1500,31.2985098,50.364524,
1501,36.2222356,49.9792508,
1502,30.3484526,50.4549055,
1503,30.2779694,50.4500774,
1504,30.4944579,50.4463717,
1505,30.5273099,50.4020665,
1506,30.5271703,50.4022818,
1507,30.5498079,50.420828,
1508,30.6287393,50.4619718,
1509,30.6080757,50.4952193,
1510,30.4982184,50.4890867,
1511,30.498171,50.4900055,
1512,30.4976596,50.4892223,
1513,30.4976062,50.4892228,
1514,31.8741945,49.2651899,
1515,31.91783,49.3232223,
1516,31.910504,49.2992073,
1517,31.9105226,49.2972406,
1518,33.7502852,48.4176156,
1519,33.7509875,48.417108,
1520,33.7527359,48.4158614,
1521,34.8221686,48.397536,
1522,34.8194166,48.3971825,
1523,34.8127994,48.3994733,
1524,34.9386957,48.4262075,
1525,34.9388187,48.4260465,
1526,34.9391864,48.4256032,
1527,34.9396683,48.4265502,
1528,34.9737139,48.3959757,
1529,34.9758123,48.3968336,
1530,34.9874355,48.4034408,
1531,35.0246517,48.3989825,
1532,35.0256704,48.3991417,
1533,30.386194,50.4574042,
1534,30.3871085,50.4576503,
1535,30.3868681,50.4568515,
1536,30.3862616,50.4572765,
1537,30.3868539,50.4563158,
1538,33.8811148,51.7197957,
1539,33.8816871,51.7197069,
1540,33.8825735,51.7210328,
1541,33.875595,51.730872,
1542,33.9099568,51.6783568,
1543,34.0368118,51.6505969,
1544,34.445678,47.6218778,
1545,34.4448984,47.6221549,
1546,34.409094,47.5601479,
1547,34.3946955,47.559369,
1548,30.4631019,50.4240681,
1549,27.218615,49.741502,
1550,27.0290058,49.4549087,
1551,27.0302301,49.4548591,
1552,27.0424286,49.4659955,
1553,27.0517985,49.4714841,
1554,30.166094,51.2772324,
1555,30.1654892,51.277098,
1556,30.1660359,51.2768084,
1557,26.9623047,49.3622974,
1558,26.9627372,49.3597967,
1559,26.9621248,49.3604031,
1560,26.9629232,49.3604138,
1561,23.3014791,49.5630081,
1562,33.4856469,51.85714,
1563,33.4897353,51.8536947,
1564,33.4835159,51.8581299,
1565,33.4873477,51.8647541,
1566,35.0609189,48.5378831,
1567,35.0599279,48.5381067,
1568,35.061485,48.5375048,
1569,35.062719,48.5385692,
1570,33.8807694,51.3428186,
1571,33.8773755,51.3431872,
1572,33.8743217,51.3431341,
1573,33.869067,51.3430903,
1574,33.8640731,51.3429545,
1575,33.8809464,51.33349,
1576,33.8809486,51.3333961,
1577,33.8863423,51.3334522,
1578,33.8778604,51.3334386,
1579,33.8746827,51.3333622,
1580,33.8745414,51.3333336,
1581,34.7664068,50.9222103,
1582,34.8325258,50.9162494,
1583,34.8274777,50.9140025,
1584,34.8335283,50.9171743,
1585,34.8330087,50.9167043,
1586,34.826151,50.9131362,
1587,34.8244138,50.9110728,
1588,34.8256248,50.9119112,
1589,34.826697,50.9129212,
1590,34.8216409,50.9083954,
1591,34.8205161,50.9076574,
1592,34.8195048,50.9066826,
1593,34.8189703,50.9057915,
1594,34.7708181,50.9146085,
1595,34.7720156,50.9144842,
1596,33.5183858,50.7334062,
1597,33.5235809,50.729986,
1598,33.5238003,50.728374,
1599,33.5182242,50.7340075,
1600,33.5188329,50.7345432,
1601,33.5179226,50.7343325,
1602,33.516283,50.7344959,
1603,33.5175222,50.7339949,
1604,33.5177876,50.7343293,
1605,33.5177653,50.7338623,
1606,33.5182496,50.7340946,
1607,35.0909336,48.3696882,
1608,35.0907953,48.3696928,
1609,35.0905827,48.3691545,
1610,35.0907161,48.3691079,
1611,34.7514826,50.9288051,
1612,34.7348481,50.9372042,
1613,32.1129907,49.6556308,
1614,32.1132429,49.6555478,
1615,30.5443578,50.2616667,
1616,30.5431453,50.259039,
1617,30.8487647,48.0512516,
1618,31.3164705,47.6020417,
1619,31.3436718,47.5569704,
1620,36.1533323,49.8930359,
1621,36.1529929,49.8937041,
1622,30.2794774,50.344395,
1623,30.2797257,50.3441943,
1624,30.2018328,50.3869942,
1625,30.201859,50.3873835,
1626,24.5688074,48.6334592,
1627,24.5685815,48.6333318,
1628,24.7071758,48.8465603,
1629,24.706241,48.8470432,
1630,24.7059892,48.8464383,
1631,24.7048808,48.8465692,
1632,24.7051153,48.8458689,
1633,24.7057967,48.8463696,
1634,24.7050206,48.8472525,
1635,24.70397,48.847131,
1636,24.7047861,48.8467056,
1637,24.7061802,48.8471172,
1638,24.7059674,48.8478996,
1639,24.7051794,48.8473186,
1640,24.8515464,48.8841909,
1641,24.8516096,48.884131,
1642,24.8522189,48.8840619,
1643,24.8522825,48.88409,
1644,24.8523411,48.8845105,
1645,24.8517153,48.884579,
1646,24.8507833,48.8847124,
1647,24.8517638,48.8833281,
1648,30.1990061,51.2894254,
1649,24.2067928,48.0568438,
1650,24.1997333,48.0534393,
1651,24.2004122,48.0525151,
1652,25.0217784,48.5278653,
1653,25.0238327,48.5265839,
1654,25.0241732,48.5262322,
1655,25.0244831,48.5260141,
1656,25.0247567,48.5262276,
1657,25.0244477,48.5264039,
1658,25.0252997,48.5259438,
1659,25.4835593,48.6817931,
1660,25.4837284,48.681388,
1661,25.4842472,48.6816535,
1662,25.4842997,48.6807584,
1663,25.4926687,48.6758887,
1664,25.4839821,48.682518,
1665,25.4948812,48.6673027,
1666,30.7108167,46.4056253,
1667,30.7101633,46.4056548,
1668,30.7100366,46.4049627,
1669,30.7105857,46.4048858,
1670,30.708621,46.3973663,
1671,30.7081055,46.3977683,
1672,26.6634391,50.333185,
1673,30.3523014,46.0538944,
1674,30.6823107,46.4572152,
1675,30.6821708,46.4571357,
1676,30.6550757,46.4508225,
1677,30.6536536,46.4504781,
1678,30.6535916,46.450949,
1679,30.6550573,46.4509372,
1680,30.6513244,46.4505882,
1681,30.6526914,46.450441,
1682,30.6483854,46.4495774,
1683,30.6826553,46.4569486,
1684,30.6495689,46.4486536,
1685,30.6487476,46.4490522,
1686,30.6476689,46.4490971,
1687,30.7320021,46.4798682,
1688,30.7320109,46.4799041,
1689,30.7317298,46.4800914,
1690,30.7315695,46.480038,
1691,30.732074,46.4803569,
1692,30.7244283,46.4692734,
1693,30.7224633,46.4709096,
1694,30.6886537,46.4663277,
1695,30.6880588,46.4645443,
1696,30.688658,46.4662484,
1697,30.6875795,46.466282,
1698,30.6879163,46.4647194,
1699,36.3615337,49.9586515,
1700,30.6505264,46.4495219,
1701,35.0703923,47.8784197,
1702,30.5798004,46.3355074,
1703,30.7324964,46.4002626,
1704,30.7319734,46.3999784,
1705,36.3586812,49.9578792,
1706,36.3580129,49.9582885,
1707,36.3570177,49.9588538,
1708,30.7442316,46.4550662,
1709,30.7378807,46.4517413,
1710,30.7380223,46.4518145,
1711,30.7381945,46.4518802,
1712,30.7513037,46.4271497,
1713,30.7564869,46.4274312,
1714,26.0693855,48.2760501,
1715,26.0673648,48.2762787,
1716,26.0619675,48.2770633,
1717,26.0512253,48.2823115,
1718,26.0342205,48.2873866,
1719,26.0356128,48.2866464,
1720,26.0377207,48.2833806,
1721,26.0383635,48.2840504,
1722,26.0426281,48.2856204,
1723,36.4230431,49.9374477,
1724,36.4211138,49.9386924,
1725,36.4182892,49.9398431,
1726,36.4212457,49.9372957,
1727,27.4425165,48.3928428,
1728,27.4489626,48.4121853,
1729,28.8801521,47.9402576,
1730,35.0912335,47.8617714,
1731,35.0926253,47.8616558,
1732,35.094309,47.862713,
1733,35.0935959,47.8624263,
1734,35.0939291,47.8621025,
1735,35.0928076,47.8616526,
1736,35.0884977,47.8469567,
1737,35.1107916,47.8342877,
1738,35.1107206,47.8341835,
1739,35.1069505,47.8354858,
1740,35.1069047,47.8353881,
1741,35.1003177,47.8506538,
1742,34.5186487,49.5653777,
1743,36.4241668,49.9370843,
1744,36.2068407,49.9987818,
1745,36.2069814,49.9986846,
1746,34.53688,49.5753556,
1747,31.1184221,50.9367006,
1748,31.1191136,50.9392016,
1749,31.1171712,50.9323344,
1750,29.5643198,47.5853946,
1751,30.2729702,47.7401632,
1752,30.2793825,47.7390135,
1753,30.2798248,47.7381976,
1754,30.2841214,47.7438031,
1755,30.2772022,47.7454981,
1756,30.2717214,47.7398108,
1757,30.2838908,47.7437925,
1758,30.2776663,47.7445995,
1759,30.2784956,47.7416132,
1760,30.277918,47.7417658,
1761,30.2778924,47.7418152,
1762,30.2782492,47.7423001,
1763,30.5449853,50.4324896,
1764,35.0885933,48.4081432,
1765,35.0655064,48.4230958,
1766,35.0243907,48.4246232,
1767,35.024228,48.4249675,
1768,28.3902808,49.2316777,
1769,28.3903122,49.2315473,
1770,28.4576147,49.2340831,
1771,28.4578583,49.2335927,
1772,28.458308,49.2340881,
1773,28.458374,49.234091,
1774,28.5081075,49.2393022,
1775,28.5085097,49.2392364,
1776,28.4152674,49.2344767,
1777,28.4151413,49.2339942,
1778,28.5082356,49.2383085,
1779,28.5086893,49.2391648,
1780,36.1815989,50.0540265,
1781,28.4937008,49.2391034,
1782,28.4934555,49.2390994,
1783,28.493429,49.2388563,
1784,28.4441671,49.2245264,
1785,28.4701215,49.2297861,
1786,36.1851157,50.0557468,
1787,36.1781905,50.0553106,
1788,36.1606871,50.0474138,
1789,35.158544,48.5925497,
1790,35.150376,48.5938515,
1791,35.5144302,49.3330447,
1792,35.5173712,49.3340082,
1793,30.4122689,50.434406,
1794,30.4120749,50.4360985,
1795,32.7641935,51.2911625,
1796,30.4819433,50.4474929,
1797,30.4797947,50.4474507,
1798,34.9686793,48.460174,
1799,34.9688529,48.4600993,
1800,33.4656076,48.019212,
1801,33.4223674,47.9085502,
1802,33.4214714,47.9080069,
1803,33.4202835,47.90781,
1804,33.4209223,47.9075573,
1805,33.433888,47.948334,
1806,33.4354018,47.9484699,
1807,33.4039119,47.9370406,
1808,33.4041184,47.9367549,
1809,33.4047327,47.9369652,
1810,33.404734,47.937028,
1811,33.4045972,47.9372077,
1812,33.391422,47.9105963,
1813,33.3909464,47.910311,
1814,31.8522474,49.2277766,
1815,35.9565445,48.4996347,
1816,35.950739,48.498626,
1817,34.9954837,48.4750409,
1818,35.0089247,48.4701241,
1819,35.0109598,48.4692946,
1820,35.010348,48.473854,
1821,35.0061188,48.4789987,
1822,35.0836436,48.5273118,
1823,35.0632174,48.5396668,
1824,35.0563928,48.5408239,
1825,35.0576107,48.5374339,
1826,35.0595489,48.5370608,
1827,33.3430232,47.9094674,
1828,33.3430231,47.9090089,
1829,33.3435714,47.9090809,
1830,33.3227437,47.9262156,
1831,33.3217783,47.9277414,
1832,33.4350585,47.94936,
1833,35.0547775,48.5418689,
1834,35.0588987,48.5379055,
1835,35.0594514,48.5388634,
1836,35.0604233,48.5384225,
1837,33.4834683,48.0412711,
1838,35.0453013,48.5052002,
1839,35.0727203,48.5034997,
1840,35.072377,48.5038859,
1841,35.0735252,48.5035118,
1842,35.0735714,48.50311,
1843,35.0747971,48.5034938,
1844,35.073346,48.5031502,
1845,35.0720921,48.5033347,
1846,35.0253598,48.5073459,
1847,34.9117251,48.4840029,
1848,30.4466093,50.4562642,
1849,34.939987,48.4883707,
1850,34.963503,48.4822941,
1851,34.9635297,48.482214,
1852,34.9608178,48.4899318,
1853,34.9615468,48.4917588,
1854,34.9648043,48.4908598,
1855,34.9652275,48.4911459,
1856,34.9645805,48.4909591,
1857,35.0261951,48.4801307,
1858,34.9403242,48.488211,
1859,34.9407053,48.4887253,
1860,34.9404214,48.4881213,
1861,35.0214574,48.4828111,
1862,35.0211043,48.4827333,
1863,35.0218267,48.4823356,
1864,35.0220507,48.4825352,
1865,35.0255114,48.4809201,
1866,35.0251111,48.4807776,
1867,35.0275481,48.479341,
1868,35.0286382,48.4789963,
1869,35.0496648,48.4685031,
1870,35.0507676,48.4682749,
1871,35.0530872,48.4690725,
1872,35.0522324,48.468978,
1873,35.0155317,48.4753298,
1874,30.5312493,50.404813,
1875,30.5283472,50.4055106,
1876,30.5655457,50.4240337,
1877,30.5646315,50.4242315,
1878,30.5677416,50.4264404,
1879,30.5674548,50.4244353,
1880,31.0074037,52.0235534,
1881,31.0079913,52.023981,
1882,28.4787716,49.2421644,
1883,28.5085341,49.2467009,
1884,28.4930724,49.2460008,
1885,28.5087006,49.2393513,
1886,28.5084473,49.2395536,
1887,30.4439348,50.4406938,
1888,30.4422291,50.4448252,
1889,30.4430328,50.44492,
1890,30.4119078,50.4363122,
1891,30.4102121,50.4376717,
1892,30.4420151,50.4441819,
1893,27.3370155,49.754353,
1894,27.3371761,49.7546953,
1895,27.3370911,49.7547548,
1896,27.33658,49.7547091,
1897,27.3365282,49.7546466,
1898,27.3368378,49.7543345,
1899,30.5596815,50.4404554,
1900,30.5597288,50.4402155,
1901,29.0911108,51.2035629,
1902,29.1102544,51.2128997,
1903,30.3859512,50.4292268,
1904,24.0025422,49.8367347,
1905,24.01039,49.826565,
1906,24.0323958,49.8297155,
1907,24.0320603,49.8292996,
1908,24.0318061,49.8294582,
1909,24.0339919,49.828448,
1910,24.0336088,49.8283039,
1911,33.443654,48.000085,
1912,25.6342859,49.5474577,
1913,25.6349914,49.5470561,
1914,25.6225539,49.5608678,
1915,25.6216639,49.5605338,
1916,25.6444976,49.5598349,
1917,25.6507896,49.5662683,
1918,25.6355621,49.548233,
1919,25.6354045,49.5476924,
1920,25.6352585,49.5475241,
1921,25.6025133,49.5433198,
1922,25.6221179,49.5501206,
1923,25.6192084,49.5455436,
1924,25.6051907,49.5481319,
1925,25.6208257,49.5604056,
1926,25.6211444,49.5600675,
1927,25.650635,49.5669615,
1928,25.6491385,49.5685529,
1929,25.6405965,49.5776323,
1930,25.5524204,49.5490488,
1931,25.5738045,49.5512136,
1932,25.5728343,49.5513084,
1933,25.5718357,49.5512292,
1934,25.5756662,49.5405282,
1935,25.5757899,49.5411502,
1936,25.5748315,49.5462975,
1937,30.5209689,50.4066169,
1938,30.5223899,50.4086683,
1939,30.5258777,50.4111499,
1940,35.236719,47.7861104,
1941,35.2368456,47.7856784,
1942,35.2370042,47.7854262,
1943,35.2372354,47.7849998,
1944,35.2161383,47.7892519,
1945,35.1887182,47.7820085,
1946,35.1874381,47.7837769,
1947,35.1840059,47.7863426,
1948,35.1941134,47.780451,
1949,35.1328225,47.8559569,
1950,35.1413477,47.8552334,
1951,35.1415639,47.8551212,
1952,35.1423348,47.8551767,
1953,35.1316003,47.8568425,
1954,35.1125021,47.8647581,
1955,35.1195151,47.8616369,
1956,35.1196438,47.8615776,
1957,35.1249517,47.8591274,
1958,35.1269593,47.8582004,
1959,33.302214,47.9080864,
1960,23.9768523,49.8361778,
1961,24.0064628,49.8221844,
1962,24.0062358,49.8222492,
1963,25.5980295,49.5587739,
1964,25.5910063,49.5557991,
1965,25.5915686,49.5563203,
1966,25.6392377,49.5683785,
1967,25.6395724,49.5682642,
1968,25.5937544,49.5507072,
1969,25.6102984,49.5626842,
1970,25.6105414,49.5630661,
1971,25.6223635,49.560305,
1972,35.0766139,48.4611523,
1973,35.076816,48.4613196,
1974,35.0764379,48.4615963,
1975,35.076114,48.4615437,
1976,25.5991521,49.5589099,
1977,25.6071749,49.53017,
1978,25.6039108,49.5516589,
1979,25.6114073,49.4596857,
1980,25.6102769,49.4551444,
1981,25.6116615,49.4602024,
1982,25.6273937,49.3799225,
1983,25.6279489,49.3795425,
1984,25.655093,49.3943701,
1985,25.6288276,49.3807918,
1986,30.545337,50.4183366,
1987,30.5463686,50.4185351,
1988,35.177308,47.8326141,
1989,35.1839692,47.8304304,
1990,35.1842991,47.8303754,
1991,35.0535515,47.8719144,
1992,35.0532012,47.8714194,
1993,35.053287,47.871349,
1994,35.05373,47.8708178,
1995,35.0538647,47.8713066,
1996,35.0115409,47.8681268,
1997,30.5544722,50.4009865,
1998,30.4486278,50.5058227,
1999,30.4486679,50.5054172,
2000,30.8850108,50.3745487,
2001,30.8855702,50.3735244,
2002,30.8894627,50.3727826,
2003,30.8956734,50.3496469,
2004,30.4496803,50.5169362,
2005,30.4492067,50.5207295,
2006,25.6057482,49.5308348,
2007,25.60463,49.5303332,
2008,25.6045118,49.5317116,
2009,25.6048088,49.5314154,
2010,25.6034826,49.5320353,
2011,25.604463,49.5324183,
2012,25.6045408,49.5313085,
2013,25.6042238,49.5315452,
2014,25.6043378,49.5338,
2015,25.6015657,49.532914,
2016,25.6070516,49.5303429,
2017,25.6043665,49.5335005,
2018,25.6019318,49.5326133,
2019,25.6047065,49.5294776,
2020,33.360535,47.9033989,
2021,33.4508979,47.8958465,
2022,30.9036967,50.3700559,
2023,30.9004651,50.370941,
2024,30.8873528,50.3746044,
2025,32.9013233,50.0490096,
2026,32.9040019,50.0504625,
2027,32.9032105,50.0509145,
2028,30.4561595,50.4969482,
2029,30.4559594,50.5049672,
2030,30.4561064,50.5052037,
2031,30.4509274,50.5055604,
2032,30.4519689,50.5056027,
2033,30.4588412,50.5049088,
2034,30.4590999,50.504934,
2035,30.4672616,50.4939532,
2036,30.5191955,50.4230967,
2037,30.5176661,50.4144718,
2038,30.5173177,50.4137298,
2039,30.5169318,50.413562,
2040,30.518654,50.4133598,
2041,25.4999536,49.5720189,
2042,25.5001778,49.5722827,
2043,25.5691571,49.54573,
2044,30.4058565,50.4908788,
2045,30.4087144,50.5069631,
2046,30.4213357,50.5047609,
2047,23.9811151,48.9768769,
2048,23.981067,48.976628,
2049,35.0243601,48.4245854,
2050,35.0514017,48.469307,
2051,33.5726095,48.1377561,
2052,33.4750519,48.0373616,
2053,33.4772382,48.0403016,
2054,33.4778193,48.0412133,
2055,30.4497583,50.5209904,
2056,35.0342744,48.4710366,
2057,35.0338608,48.4707505,
2058,35.0213477,48.4672396,
2059,35.0214349,48.4673869,
2060,35.0239232,48.4741323,
2061,35.0238556,48.4738693,
2062,36.2723446,49.9865585,
2063,36.2721227,49.9860686,
2064,30.7593976,50.393254,
2065,30.7582894,50.3963214,
2066,30.7576804,50.3962883,
2067,30.7560904,50.3939981,
2068,30.7576405,50.3908213,
2069,30.7596678,50.3929875,
2070,30.755934,50.3938339,
2071,30.7570206,50.3907881,
2072,34.9491321,48.2448794,
2073,34.9493068,48.244868,
2074,34.9599552,48.2689405,
2075,34.9600518,48.2688334,
2076,34.9625784,48.2702474,
2077,34.9624765,48.2703402,
2078,34.9809059,48.2824664,
2079,34.9810493,48.2823933,
2080,34.9831536,48.2843156,
2081,34.9830094,48.2843771,
2082,25.5561677,49.5502294,
2083,25.5582118,49.5420667,
2084,25.59906,49.5591852,
2085,30.1976168,49.7181532,
2086,30.2000343,49.7178153,
2087,30.1924335,49.7188547,
2088,30.1937397,49.7184424,
2089,30.1969632,49.717064,
2090,30.2046644,49.7172016,
2091,30.1969551,49.7195673,
2092,30.1910947,49.7190456,
2093,30.2031251,49.7174153,
2094,30.200152,49.7180702,
2095,30.733876,46.3993415,
2096,30.7329743,46.3999134,
2097,30.7541521,46.4144562,
2098,30.7537331,46.4146677,
2099,30.7556422,46.4113671,
2100,30.7547785,46.4111687,
2101,30.7547157,46.4050553,
2102,30.7544732,46.4049576,
2103,30.6640547,46.3605318,
2104,30.7211212,46.4161657,
2105,30.721276,46.4153255,
2106,35.1865856,47.8308049,
2107,35.1843758,47.8305058,
2108,35.173057,47.8128954,
2109,35.1765173,47.8084849,
2110,35.1752881,47.7933783,
2111,35.1750852,47.7933371,
2112,35.1749637,47.7936467,
2113,35.1751602,47.7937104,
2114,35.1788668,47.7874056,
2115,35.1790116,47.7875274,
2116,36.2459028,49.9893821,
2117,36.2457439,49.9879749,
2118,30.5261414,50.4888145,
2119,30.5269087,50.4884256,
2120,30.5282529,50.4864116,
2121,30.5438772,50.3403159,
2122,35.0207111,48.4499565,
2123,35.0210824,48.4498726,
2124,35.028862,48.4478138,
2125,35.0266523,48.4454382,
2126,35.0249908,48.4436391,
2127,35.0291026,48.4477512,
2128,35.0087116,48.4632158,
2129,35.0211599,48.4500183,
2130,35.0207913,48.4501079,
2131,30.3789986,50.4587487,
2132,30.3557101,50.4647861,
2133,30.4498615,50.3862066,
2134,30.4429366,50.3819251,
2135,30.3960903,50.48624,
2136,30.3969605,50.4860945,
2137,30.3959173,50.4866921,
2138,30.3945963,50.4872526,
2139,30.3953681,50.4864166,
2140,30.3961679,50.486565,
2141,30.2009762,49.7804926,
2142,30.2010509,49.78211,
2143,30.2540095,48.7232583,
2144,30.2550343,48.7264519,
2145,30.2526888,48.7191909,
2146,30.254125,48.3394124,
2147,30.3116467,47.9217437,
2148,30.3108107,47.9254951,
2149,35.1005405,48.5668695,
2150,35.1013322,48.5667021,
2151,35.102818,48.567616,
2152,30.496392,50.476456,
2153,30.4960118,50.4766921,
2154,30.4888914,50.4811143,
2155,30.4810181,50.4882666,
2156,30.2018591,46.4826086,
2157,30.5266918,50.4518606,
2158,30.5279556,50.4517977,
2159,34.3963419,47.5552014,
2160,34.3956493,47.5562794,
2161,34.3926931,47.5658933,
2162,34.3918595,47.5686572,
2163,34.3919985,47.5689486,
2164,34.392712,47.5693934,
2165,34.3919927,47.5694284,
2166,34.385828,47.5680888,
2167,34.386649,47.5680686,
2168,34.3829523,47.5859834,
2169,34.3856191,47.5684775,
2170,34.3831368,47.5694169,
2171,34.3771339,47.5715864,
2172,34.3759694,47.572015,
2173,34.3700826,47.5741457,
2174,34.3571407,47.5784804,
2175,34.4029754,47.5668858,
2176,34.3870628,47.567879,
2177,24.0348056,49.8348779,
2178,24.0355061,49.8342644,
2179,24.0449105,49.8288644,
2180,30.6072893,50.4547353,
2181,30.5894714,50.4955592,
2182,30.5895343,50.4952032,
2183,30.457965,50.3697446,
2184,30.4962049,50.3509287,
2185,30.492743,50.3533218,
2186,30.3602909,50.4794015,
2187,30.3607063,50.4802748,
2188,30.3605352,50.4804268,
2189,30.3598669,50.4799964,
2190,30.3601455,50.4796247,
2191,30.361001,50.4797745,
2192,35.2393345,47.8488311,
2193,35.2401702,47.8485958,
2194,35.11371,47.833477,
2195,35.1136156,47.8333695,
2196,35.2993673,47.8749317,
2197,35.3006065,47.8742697,
2198,35.3008586,47.8744019,
2199,30.6077914,50.4559323,
2200,24.0485742,49.8306751,
2201,30.7262794,46.4187132,
2202,30.7256189,46.4185147,
2203,30.724922,46.4183278,
2204,28.8061719,50.286216,
2205,28.8014424,50.2823177,
2206,28.6741698,50.2352157,
2207,28.6821947,49.1111089,
2208,28.7006977,49.1101523,
2209,28.5498923,49.4603321,
2210,28.5491893,49.4606172,
2211,27.7222097,49.9292517,
2212,27.7226974,49.9305327,
2213,27.7200928,49.9228199,
2214,28.5279252,49.4162336,
2215,28.5487669,49.4602107,
2216,30.5481456,50.4194488,
2217,27.2468605,49.7384614,
2218,30.5498118,50.3738651,
2219,30.4924161,50.4082424,
2220,30.4916705,50.4081506,
2221,30.4934926,50.409597,
2222,30.5289311,50.4052768,
2223,30.5298768,50.4048586,
2224,30.530176,50.4046891,
2225,30.5315024,50.4045151,
2226,30.5265068,50.4114441,
2227,35.0277046,48.4734605,
2228,35.0276166,48.4732084,
2229,24.0459168,49.8037882,
2230,24.0472183,49.8085689,
2231,24.0490113,49.808399,
2232,24.0457716,49.8077566,
2233,24.0439161,49.8080555,
2234,24.0489803,49.8080661,
2235,24.0469474,49.8079088,
2236,24.0466792,49.8082957,
2237,27.098391,49.4091871,
2238,27.4194534,49.4217024,
2239,27.4132913,49.4224598,
2240,35.1059535,48.4677549,
2241,35.1059135,48.4676497,
2242,35.106198,48.4673008,
2243,35.1306747,48.4470627,
2244,35.107485,48.4673139,
2245,35.1306215,48.4469883,
2246,35.0619092,48.4829495,
2247,35.0636478,48.4824697,
2248,35.1036473,48.4675537,
2249,35.1091905,48.4673857,
2250,35.1096931,48.4678051,
2251,35.0620501,48.4850675,
2252,35.0623326,48.4832764,
2253,35.0623934,48.485928,
2254,35.061397,48.4853075,
2255,35.0619099,48.4839064,
2256,35.0613646,48.4836978,
2257,35.0518185,48.4699981,
2258,23.2107679,49.5190925,
2259,35.027036,48.3998365,
2260,35.0258075,48.399415,
2261,35.0261377,48.3991651,
2262,30.4456344,50.4538085,
2263,30.4460763,50.4549361,
2264,30.4491209,50.4757359,
2265,30.4506277,50.4774479,
2266,30.486047,50.4591173,
2267,30.484908,50.4602014,
2268,35.0406897,48.4256462,
2269,35.0463128,48.4302882,
2270,35.149817,47.8457844,
2271,35.150079,47.8421323,
2272,35.1502617,47.8387769,
2273,35.149981,47.836734,
2274,35.1420907,47.8522552,
2275,35.1420337,47.8516655,
2276,35.2402633,47.8441753,
2277,35.2403564,47.8445791,
2278,35.2396099,47.8489374,
2279,35.2287976,47.8558595,
2280,35.2035075,47.8453033,
2281,26.9392992,49.4118792,
2282,26.559283,48.6762209,
2283,26.5535202,48.6755812,
2284,26.539344,48.6587431,
2285,26.8626884,48.8958373,
2286,26.8626998,48.8959134,
2287,26.8626822,48.8959478,
2288,26.8623615,48.8959873,
2289,26.9373312,49.4123652,
2290,26.938424,49.4123558,
2291,26.955978,49.4156492,
2292,26.9574567,49.4158712,
2293,26.9642384,49.4173242,
2294,26.9660617,49.4177423,
2295,26.9639886,49.4175261,
2296,26.9571825,49.4160508,
2297,30.2784194,47.7423787,
2298,30.2791687,47.7422256,
2299,35.1024706,48.567226,
2300,35.3370655,48.5901789,
2301,35.3419955,48.5905424,
2302,35.3364927,48.5894602,
2303,35.3375444,48.5837673,
2304,35.3371754,48.5866314,
2305,35.3361895,48.59078,
2306,35.2585926,48.6362375,
2307,35.2571891,48.6364633,
2308,35.097237,48.5591564,
2309,35.1474277,48.5877564,
2310,35.1454223,48.5870582,
2311,35.1409725,48.5856472,
2312,35.4925043,49.4696704,
2313,35.4934915,49.470379,
2314,35.4937444,49.4692373,
2315,30.9759096,50.3890641,
2316,30.8898141,50.400874,
2317,30.8895863,50.4006251,
2318,26.9879801,49.4437452,
2319,27.0039704,49.4578087,
2320,30.4939243,50.4457906,
2321,25.9759325,48.2897266,
2322,33.2455366,52.3641246,
2323,31.4630395,51.5458967,
2324,31.4585781,51.5456017,
2325,31.3874524,51.5348079,
2326,31.2996617,51.4908071,
2327,31.3049385,51.4856216,
2328,31.305401,51.486334,
2329,31.3025318,51.4877451,
2330,25.9503394,48.2705172,
2331,30.7875458,50.3902012,
2332,30.7835064,50.3880597,
2333,31.2143807,51.2096548,
2334,30.7380766,50.4904081,
2335,30.7382765,50.4904686,
2336,30.6071201,50.456974,
2337,24.1081241,49.7676303,
2338,30.5515862,50.4011639,
2339,30.5522592,50.4006039,
2340,30.5526225,50.4004723,
2341,30.5545597,50.4008511,
2342,23.9827543,49.8270645,
2343,23.9780933,49.8323871,
2344,30.4257804,50.4577374,
2345,30.411914,50.4342011,
2346,30.4270699,50.4237578,
2347,31.1813186,51.1515799,
2348,31.0829486,50.9106581,
2349,31.0828055,50.9109317,
2350,24.0469339,49.8083202,
2351,24.0439242,49.8083696,
2352,24.0466798,49.8079131,
2353,30.4864087,50.4587556,
2354,30.4868668,50.4594423,
2355,23.9397029,49.825034,
2356,23.9393467,49.82529,
2357,23.9430219,49.8268183,
2358,23.9383959,49.8243825,
2359,23.9432679,49.826102,
2360,23.9440656,49.8257655,
2361,23.9325644,49.8240178,
2362,23.9332594,49.8238029,
2363,23.9348844,49.8245209,
2364,23.9343284,49.8251549,
2365,30.4731855,50.485747,
2366,30.4710481,50.4845678,
2367,30.4722793,50.4851201,
2368,30.4717718,50.4853815,
2369,24.0162066,49.8676384,
2370,28.8007904,50.2861033,
2371,28.9343344,50.2981939,
2372,28.972465,50.3312926,
2373,28.9662775,50.3300341,
2374,30.4545943,50.5200959,
2375,30.4534616,50.5201917,
2376,30.6517845,50.4314466,
2377,31.4777814,50.0756032,
2378,31.4783809,50.0763409,
2379,31.6381695,50.2191771,
2380,31.6383174,50.2192689,
2381,30.8883873,50.4013614,
2382,30.8424234,50.4223627,
2383,30.8304032,50.4760581,
2384,30.8304141,50.4762403,
2385,30.8585296,50.3786367,
2386,30.8601106,50.3782673,
2387,30.8296705,50.4861509,
2388,31.0802905,50.8962234,
2389,31.0813841,50.8970458,
2390,31.115529,50.9121215,
2391,36.3029622,50.0299594,
2392,36.2456711,50.014579,
2393,28.4934862,45.6970553,
2394,28.4280967,45.6895566,
2395,36.2464256,49.9856959,
2396,36.2474048,49.9877351,
2397,36.358209,50.051352,
2398,28.4754568,49.2852361,
2399,28.4760616,49.2855034,
2400,28.4731844,49.2850221,
2401,28.4743859,49.2844635,
2402,28.4754667,49.2835439,
2403,28.47601,49.2841856,
2404,28.475219,49.2846432,
2405,28.4745368,49.284367,
2406,28.4745394,49.2856399,
2407,28.4751977,49.2852754,
2408,28.4754189,49.2863205,
2409,28.4751581,49.2863168,
2410,24.0461475,49.8037805,
2411,24.0195313,49.8121718,
2412,24.0278555,49.8405552,
2413,34.8664047,48.5736768,
2414,34.8665926,48.5731223,
2415,34.8656395,48.5734372,
2416,35.1852044,48.595865,
2417,35.1819266,48.5987928,
2418,35.167071,48.5960457,
2419,35.1709756,48.5960589,
2420,35.1736441,48.5988468,
2421,35.1725494,48.5969363,
2422,35.1763881,48.5968708,
2423,35.1782158,48.5957924,
2424,35.1818572,48.5985833,
2425,35.1777958,48.5969182,
2426,35.1726177,48.597101,
2427,35.1711008,48.5981279,
2428,35.166456,48.5960021,
2429,34.8252963,48.5850171,
2430,34.8246746,48.5849134,
2431,36.3531997,50.0453239,
2432,28.5136731,49.1908944,
2433,28.5093968,49.1934418,
2434,33.4918656,47.9923775,
2435,33.4908196,47.9924838,
2436,35.1499647,48.588549,
2437,35.1524581,48.589395,
2438,35.1547229,48.5903971,
2439,35.1564003,48.5913143,
2440,35.1687271,48.6413289,
2441,35.1696921,48.6414851,
2442,36.1756423,50.0066059,
2443,36.2035618,49.99775,
2444,36.2050977,49.9981379,
2445,23.8154806,49.9553246,
2446,23.8157729,49.9561027,
2447,36.2781081,49.9197113,
2448,36.2668756,50.098985,
2449,36.2676801,50.1002462,
2450,34.8187506,48.396834,
2451,34.8703872,48.5758174,
2452,34.8657845,48.5727239,
2453,34.8628995,48.5740801,
2454,34.869018,48.5754081,
2455,34.8622257,48.5744446,
2456,34.8689098,48.5722462,
2457,34.865148,48.5701933,
2458,34.8696438,48.5718085,
2459,34.8655978,48.5733128,
2460,34.8665482,48.5730023,
2461,34.8989518,48.5591801,
2462,34.9002804,48.5545933,
2463,34.8969344,48.5600506,
2464,34.8981568,48.5587974,
2465,34.9007759,48.5556661,
2466,34.9924832,48.5106344,
2467,34.992646,48.5104334,
2468,35.0448845,48.504932,
2469,35.0633089,48.5395675,
2470,35.0617768,48.5388312,
2471,35.182946,48.5961168,
2472,35.0641047,48.4865112,
2473,35.0649147,48.4866678,
2474,35.0641038,48.4869075,
2475,35.036527,48.4969289,
2476,35.0365211,48.4971522,
2477,35.0628217,48.4864201,
2478,35.0635451,48.4865868,
2479,35.0670785,48.4859491,
2480,35.0650883,48.4867655,
2481,35.0633315,48.4869907,
2482,35.061192,48.4877168,
2483,35.062216,48.4874449,
2484,35.0636939,48.4876269,
2485,25.9562127,48.3475942,
2486,36.3077452,49.9691575,
2487,36.3076992,49.9690343,
2488,36.3072955,49.9680505,
2489,36.306359,49.9655365,
2490,36.3048468,49.9615292,
2491,26.2011214,50.6094936,
2492,26.2013043,50.6092188,
2493,26.2015565,50.6088803,
2494,26.2808331,50.6032699,
2495,26.2814451,50.6029504,
2496,26.2821227,50.6032411,
2497,26.2820146,50.6036884,
2498,26.2851396,50.6154958,
2499,26.317668,50.6126782,
2500,26.3171419,50.6127533,
2501,26.3171044,50.6124511,
2502,26.3176078,50.6124125,
2503,26.316337,50.6126568,
2504,26.3183664,50.612457,
2505,23.9674211,49.8226235,
2506,23.9535173,49.827988,
2507,23.9540256,49.8277565,
2508,23.9563087,49.8235626,
2509,23.954565,49.8278567,
2510,28.4731107,49.2527111,
2511,28.4728777,49.2533605,
2512,36.3149302,49.9987477,
2513,36.3152233,49.9985728,
2514,36.3158477,49.9983883,
2515,36.3156598,49.9982963,
2516,36.3154902,49.9980877,
2517,28.4502026,49.233664,
2518,26.7919063,50.6025636,
2519,26.793005,50.6024526,
2520,26.7992922,50.6019611,
2521,26.7979111,50.6020955,
2522,35.832694,49.7506064,
2523,30.3466975,50.4549753,
2524,30.3449218,50.4639659,
2525,30.3452664,50.4636247,
2526,30.7686372,50.4822129,
2527,30.7750169,50.4822035,
2528,35.3341176,48.5978062,
2529,35.3351196,48.5937259,
2530,35.3351939,48.593475,
2531,35.3358951,48.5907413,
2532,35.3361465,48.5896263,
2533,35.3368125,48.5867767,
2534,35.3302899,48.5899152,
2535,35.3302516,48.5897738,
2536,35.3351617,48.5900604,
2537,35.3370156,48.5903115,
2538,35.3351227,48.5901897,
2539,36.2285887,50.0079938,
2540,36.2284177,50.0085061,
2541,31.1954212,47.8139642,
2542,31.1957176,47.812271,
2543,31.1965555,47.8125113,
2544,30.8987162,46.6928953,
2545,30.9034874,46.6962606,
2546,30.7719356,46.55734,
2547,28.4744268,49.2849222,
2548,28.4702871,49.2294973,
2549,34.5578944,48.5824092,
2550,34.559867,48.5843931,
2551,28.4032573,49.2379416,
2552,28.4046377,49.237057,
2553,28.3681859,49.2239099,
2554,28.3686113,49.2239673,
2555,28.3981543,49.2027499,
2556,28.3986301,49.2025241,
2557,28.5890234,49.2367801,
2558,28.5894806,49.2367348,
2559,28.6045487,49.2409611,
2560,28.6047533,49.2420716,
2561,35.3702218,48.3642203,
2562,35.51131,48.3396383,
2563,33.3609254,47.8813816,
2564,33.3607633,47.8812876,
2565,33.3586942,47.8767848,
2566,28.5528225,48.782163,
2567,33.3261514,46.8177004,
2568,34.4089547,48.3017333,
2569,34.4172104,48.300562,
2570,34.7392056,47.8312236,
2571,34.5712649,48.5902609,
2572,34.5547599,48.5903835,
2573,34.5548961,48.5904623,
2574,36.1824621,50.0544364,
2575,36.1823423,50.0539559,
2576,36.1815208,50.0543975,
2577,36.181407,50.0543059,
2578,36.1822258,50.0538713,
2579,36.1783975,50.055199,
2580,36.1779177,50.0528131,
2581,36.1852934,50.0515245,
2582,36.1836206,50.0530746,
2583,36.2685881,50.1017921,
2584,36.2681981,50.1011961,
2585,36.2728657,50.1008445,
2586,36.2695327,50.1049041,
2587,36.2626915,50.1020992,
2588,36.2664716,50.0983697,
2589,36.2637423,50.102096,
2590,36.2462414,50.093421,
2591,36.2459701,50.0936838,
2592,36.2591494,49.9855029,
2593,36.2594106,49.9854476,
2594,24.552231,48.4451881,
2595,36.2260881,49.9843619,
2596,23.9907855,49.8339558,
2597,23.9905681,49.8334877,
2598,23.9893035,49.8250274,
2599,36.3075212,49.9680113,
2600,36.3067131,49.9693082,
2601,36.2614602,49.9362068,
2602,28.4537334,49.2195014,
2603,28.4526713,49.2190956,
2604,35.8378134,49.7513228,
2605,35.8336644,49.7505957,
2606,35.8397839,49.7507828,
2607,35.8345796,49.753924,
2608,35.8376473,49.7514795,
2609,33.3820824,47.9056557,
2610,33.3840487,47.8985245,
2611,33.3841435,47.8982137,
2612,33.3842306,47.8979283,
2613,33.385931,47.8881957,
2614,31.9705361,47.0411961,
2615,31.1319521,46.6501128,
2616,31.1319079,46.6497546,
2617,34.2471299,49.1012958,
2618,30.903718,46.7015557,
2619,30.9040115,46.7021815,
2620,33.4316315,47.9188417,
2621,33.4336515,47.9180669,
2622,33.4328339,47.9176152,
2623,33.4315064,47.9169129,
2624,33.431385,47.9168094,
2625,33.4326861,47.9174863,
2626,33.4324545,47.9156671,
2627,33.4304029,47.9162661,
2628,33.4219377,47.9078908,
2629,33.4210507,47.9078653,
2630,33.4210287,47.9074576,
2631,33.4215323,47.9074168,
2632,33.3440715,47.9077393,
2633,31.9959018,47.0153811,
2634,31.9961869,47.0147441,
2635,31.9963281,47.0157962,
2636,31.1348345,46.6507673,
2637,31.9964806,47.0154569,
2638,31.9970226,47.0160106,
2639,31.9963655,47.0157802,
2640,28.4582824,49.2338132,
2641,32.7463539,50.8682751,
2642,33.4656886,50.7563326,
2643,33.4919665,50.8809109,
2644,30.6330143,50.4019017,
2645,36.1762337,50.007229,
2646,30.5207188,50.4714439,
2647,30.5211576,50.471737,
2648,30.636711,50.4275291,
2649,30.6364201,50.4278722,
2650,34.8246155,48.5847746,
2651,34.8246261,48.5844378,
2652,34.8252207,48.5845305,
2653,34.8253248,48.5846556,
2654,34.634443,48.6115923,
2655,34.6322791,48.6110215,
2656,34.630542,48.6103132,
2657,27.5653184,49.7970508,
2658,26.861739,49.2009521,
2659,26.8611942,49.2006484,
2660,36.3281025,49.1014538,
2661,26.8608444,49.1999266,
2662,26.8611802,49.2000494,
2663,27.744597,49.9225214,
2664,27.7681347,49.9269149,
2665,27.7722519,49.9250353,
2666,27.7730991,49.9247466,
2667,27.7795071,49.9234276,
2668,28.5777122,49.2171516,
2669,28.5773693,49.2165455,
2670,28.5765329,49.2151375,
2671,28.5770595,49.2160597,
2672,32.1526011,48.5011938,
2673,32.1528575,48.500871,
2674,32.1681561,48.4734687,
2675,26.5814282,48.66287,
2676,36.2919383,49.93869,
2677,26.0642523,48.8041425,
2678,28.4932139,49.2393506,
2679,23.8531438,49.2450091,
2680,23.8543431,49.2456535,
2681,23.8526288,49.2447348,
2682,23.8518548,49.2449337,
2683,23.8537243,49.2444677,
2684,23.8564991,49.2473069,
2685,23.8549103,49.2469847,
2686,23.871544,49.2734537,
2687,23.9785263,49.5508985,
2688,23.9818606,49.5512727,
2689,25.5453295,49.5475476,
2690,25.5465344,49.5475839,
2691,32.4106719,50.6337276,
2692,32.6398973,46.6726654,
2693,32.6387291,46.6718149,
2694,28.578469,49.215478,
2695,35.0640721,48.4232757,
2696,34.9419362,48.4895045,
2697,30.6847314,50.401673,
2698,30.6862468,50.4021804,
2699,36.2253256,50.0064275,
2700,36.2255707,50.006392,
2701,30.6815416,50.4029404,
2702,30.6806532,50.4027035,
2703,30.6814222,50.4026299,
2704,36.2313775,49.9932039,Kharkiv
2705,36.2318713,49.9926126,
2706,36.3661563,49.9572941,
2707,36.3780337,49.9532816,
2708,28.444258,49.2244714,
2709,28.4443386,49.2241736,
2710,33.4848547,48.050596,
2711,28.5304334,49.2436571,
2712,33.434823,47.9490849,
2713,33.4361929,47.9492979,
2714,30.3674012,50.4260025,
2715,30.368356,50.4229831,
2716,30.3844886,50.4295537,
2717,30.5492436,50.3707217,
2718,30.5488705,50.3713556,
2719,35.0659233,47.8155953,
2720,35.0638141,47.8157641,
2721,35.0543634,47.8216127,
2722,35.065457,47.813834,
2723,35.0642055,47.8141866,
2724,30.3854259,50.4110602,
2725,30.3852911,50.4106772,
2726,35.0642084,47.812859,
2727,35.0365552,47.8190098,
2728,30.3859132,50.4107508,
2729,31.0869368,51.2166287,
2730,31.2983633,51.4915516,
2731,31.2982104,51.4914642,
2732,26.2827212,50.6368232,
2733,28.4257709,49.2122605,
2734,28.4281129,49.2118802,
2735,28.4102748,49.2160738,
2736,28.4213075,49.2131923,
2737,28.5716663,49.2582624,
2738,28.5727492,49.2590903,
2739,28.5682036,49.2580424,
2740,28.5703598,49.2578694,
2741,35.1314155,48.4466536,
2742,30.7242314,46.3987502,
2743,30.7320451,46.3996638,
2744,30.7240745,46.3992432,
2745,30.7883238,50.3868089,
2746,30.7875687,50.3880637,
2747,30.7832838,50.3869194,
2748,30.7824386,50.386751,
2749,30.7861228,50.3871006,
2750,29.1078168,50.322346,
2751,29.1070812,50.3222098,
2752,28.9233074,50.2903598,
2753,28.9203939,50.2896809,
2754,30.2224023,50.5487909,
2755,30.22889,50.541471,
2756,27.5364999,48.7128024,
2757,36.0173301,49.7707324,
2758,36.0689683,49.7527815,
2759,30.3161939,50.1757432,
2760,30.3121435,50.1799429,
2761,30.7989382,50.5056396,
2762,30.7991167,50.5060188,
2763,30.7968751,50.5062181,
2764,30.7970655,50.506081,
2765,30.7971134,50.5060857,
2766,30.7971946,50.5062846,
2767,30.797156,50.5063037,
2768,30.7968881,50.5062474,
2769,30.7839572,50.5150319,
2770,30.7968452,50.50654,
2771,30.795908,50.5050295,
2772,30.7971177,50.504957,
2773,30.797255,50.5054017,
2774,30.8200385,50.5098162,
2775,30.8023545,50.5058435,
2776,30.8020487,50.5061351,
2777,30.8018697,50.5061242,
2778,30.8017067,50.505695,
2779,30.7701364,50.4989697,
2780,28.4050987,49.2372963,
2781,28.40469,49.2371336,
2782,29.0687186,49.2290183,
2783,29.0678971,49.2287965,
2784,30.8598312,50.5325643,
2785,30.867167,50.5297587,
2786,30.8675153,50.5294247,
2787,30.8740168,50.5310547,
2788,30.492568,50.4452359,
2789,32.59352,46.6508354,
2790,28.0082044,49.57467,
2791,30.7988189,50.5059421,
2792,22.8211304,48.0924899,
2793,30.5180559,50.4140462,
2794,26.2761604,50.6115362,
2795,26.2757359,50.6115425,
2796,26.2757011,50.6115195,
2797,26.2756977,50.6112709,
2798,26.2762115,50.6112926,
2799,26.2753372,50.6114702,
2800,27.2205309,50.6174613,
2801,27.2201688,50.6167902,
2802,27.2221196,50.6170788,
2803,26.7991636,50.6018587,
2804,26.3336723,50.6110888,
2805,26.3361658,50.6108267,
2806,26.7492051,50.6066355,
2807,27.2340323,50.6165635,
2808,28.5080693,50.3016564,
2809,30.5221961,50.4087212,
2810,30.5206024,50.4429803,
2811,27.6245304,50.5877031,
2812,33.691699,47.6329585,
2813,30.7990552,50.4821286,
2814,30.7993736,50.4822515,
2815,30.7918266,50.4822668,
2816,30.7916556,50.482145,
2817,35.8648667,48.5245315,
2818,35.864483,48.5242834,
2819,35.8366259,48.5078161,
2820,35.6395409,48.409638,
2821,35.6002767,48.3607659,
2822,35.2367077,47.7866891,
2823,30.4941295,50.4464185,
2824,31.2155398,47.7923355,
2825,31.2177479,47.7915099,
2826,30.9601416,49.6441,
2827,25.769155,49.0040325,
2828,25.7690542,49.0046148,
2829,25.7687816,49.0035387,
2830,25.7696946,49.0033928,
2831,25.7692283,49.0038707,
2832,25.7684326,49.0041208,
2833,25.7678238,49.0043196,
2834,25.7498422,49.0160693,
2835,25.7490537,49.0167668,
2836,25.7764913,49.0151352,
2837,25.3236122,50.7477861,
2838,25.3901209,50.7256768,
2839,25.3897654,50.7262063,
2840,28.4747549,49.2848993,
2841,28.4120215,49.2257553,
2842,28.4122022,49.2257281,
2843,36.3024603,50.0294398,
2844,36.3025949,50.0293931,
2845,30.2222906,50.5490006,
2846,30.2222951,50.5490228,
2847,30.2221134,50.5490753,
2848,30.2225254,50.5492929,
2849,30.2221391,50.5489559,
2850,30.2504371,50.4956527,
2851,30.2503466,50.4955396,
2852,30.2504092,50.4952647,
2853,31.2452419,51.5169853,
2854,31.244277,51.517103,
2855,31.2441265,51.5165329,
2856,31.2449204,51.516385,
2857,31.2449729,51.5163998,
2858,31.245329,51.5168411,
2859,31.245066,51.5178169,
2860,31.2514154,51.5146121,
2861,31.252266,51.5142065,
2862,31.2517238,51.5144968,
2863,22.6860533,48.4507876,
2864,22.6864358,48.4510015,
2865,22.6867825,48.4513111,
2866,22.687127,48.450829,
2867,22.7122789,48.4362943,
2868,22.7177932,48.4367998,
2869,22.7180695,48.4367661,
2870,26.2231402,50.6192853,
2871,30.6293052,50.4087968,
2872,25.8285416,49.0075309,
2873,25.8273455,49.0086791,
2874,28.4027927,49.2404054,
2875,30.4477592,50.5054992,
2876,30.4478133,50.5057251,
2877,30.4475059,50.5056917,
2878,33.9085657,51.2344232,
2879,33.9062661,51.2335242,
2880,33.8935028,51.2237452,
2881,33.8934902,51.2225607,
2882,23.2728975,48.1804814,
2883,23.3094058,48.1987453,
2884,23.3092069,48.1984276,
2885,23.3092451,48.198312,
2886,23.3098588,48.1980667,
2887,23.3101794,48.1981534,
2888,23.3103621,48.198521,
2889,23.3102377,48.1986999,
2890,23.3096503,48.1988297,
2891,23.3110967,48.1981962,
2892,23.3085062,48.1986972,
2893,23.3104599,48.1991777,
2894,23.3290516,48.1900743,
2895,33.8545127,51.3331823,
2896,33.7403841,51.3505842,
2897,33.4975843,51.4468748,
2898,23.5783725,48.0106031,
2899,22.3352559,48.5771707,
2900,22.3326481,48.5764633,
2901,22.3345282,48.5762964,
2902,30.5781477,50.4954062,
2903,30.5785273,50.4951,
2904,36.352533,49.9959527,
2905,36.3525748,49.9960611,
2906,33.2083879,51.2377132,
2907,33.2016707,51.2322209,
2908,33.1928985,51.2247054,
2909,33.2133365,51.2310111,
2910,33.2189058,51.2403867,
2911,33.2199977,51.2465841,
2912,33.205601,51.2475423,
2913,33.2202696,51.2480517,
2914,33.19288,51.224949,
2915,30.2263732,50.4462534,
2916,30.1962594,50.4438831,
2917,30.2493253,50.4480161,
2918,30.1320351,50.4387665,
2919,30.1119789,50.4371547,
2920,30.0425116,50.4316475,
2921,29.9743781,50.4267773,
2922,29.8627446,50.4201675,
2923,29.75238,50.4166382,
2924,29.6145695,50.4134438,
2925,29.6268865,50.4158259,
2926,30.8396268,49.8611922,
2927,30.8402031,49.8613789,
2928,30.9616055,49.8996065,
2929,29.5680481,50.4045144,
2930,24.0307801,49.8300543,
2931,24.0338982,49.8275932,
2932,29.4377614,50.3797303,
2933,29.3731192,50.3673588,
2934,26.5622519,50.6036193,
2935,26.6164857,50.6040218,
2936,26.4930403,50.6016939,
2937,26.6468026,50.6117291,
2938,26.5622669,50.6037387,
2939,26.7260944,50.6088282,
2940,26.6667104,50.6145902,
2941,26.6590923,50.61529,
2942,26.7249914,50.6090677,
2943,26.8245578,50.5994284,
2944,26.8439622,50.5975727,
2945,26.792017,50.6026713,
2946,26.9511107,50.5986571,
2947,26.9514253,50.5986735,
2948,27.0774908,50.6092322,
2949,26.9862642,50.6004978,
2950,26.9794232,50.6002599,
2951,27.1493544,50.6204258,
2952,35.1238053,47.8377663,
2953,35.1248224,47.8356973,
2954,35.1249879,47.8355449,
2955,35.1126957,47.8654068,
2956,35.1001633,47.8509164,
2957,35.0996151,47.8513288,
2958,35.1465182,47.8734049,
2959,35.1461743,47.8733338,
2960,35.1465591,47.8731064,
2961,35.1379661,47.8633139,
2962,35.1357987,47.8608001,
2963,35.1333298,47.8580309,
2964,35.1321639,47.8569416,
2965,35.1051125,47.8362069,
2966,35.1049573,47.8361823,
2967,30.3881501,50.3187992,
2968,30.3879883,50.3182839,
2969,30.3840196,50.4422565,
2970,28.488833,49.0373517,
2971,26.9819494,49.4164789,
2972,26.9681192,49.4075895,
2973,35.1313453,47.8563135,
2974,35.1251263,47.8355932,
2975,35.1249643,47.8357504,
2976,35.1239004,47.837835,
2977,28.428792,49.212484,
2978,25.849169,51.3486867,
2979,25.848978,51.3485006,
2980,22.1891216,48.4401617,
2981,22.1761119,48.4314205,
2982,36.1831949,49.9493756,
2983,36.1912969,49.9425223,
2984,35.3800137,47.9287309,
2985,35.3659984,47.9224421,
2986,30.5162519,50.4072075,
2987,30.5162625,50.406951,
2988,34.7830281,50.8938463,
2989,34.7981096,50.9075889,
2990,27.4669685,51.592614,
2991,27.4080516,51.5341776,
2992,34.757131,47.8004369,
2993,33.1744114,49.838664,
2994,33.1778124,49.8364947,
2995,28.6746986,50.2733079,
2996,30.7905736,50.3903996,
2997,30.7890599,50.3904641,
2998,30.789175,50.3899709,
2999,30.7874492,50.3900889,
3000,30.7877344,50.389692,
3001,30.7878279,50.3896629,
3002,30.7886114,50.389742,
3003,30.7881571,50.3891887,
3004,30.7869313,50.3895682,
3005,24.337204,50.8164415,
3006,24.3374901,50.8159859,
3007,25.3682023,50.737169,
3008,28.6730156,51.1108795,
3009,28.6709883,51.1095794,
3010,28.540458,51.0038219,
3011,25.7461033,50.4182867,
3012,25.7454179,50.4182246,
3013,30.229993,46.4653557,
3014,30.7716666,50.4989385,
3015,30.7714333,50.4992101,
3016,31.3940143,50.0741935,
3017,31.3953934,50.0735373,
3018,31.3960428,50.0730258,
3019,31.396145,50.0739584,
3020,30.9940728,50.2994282,
3021,31.0497484,50.2529026,
3022,31.4999859,50.0593428,
3023,31.4991682,50.0593869,
3024,31.4990271,50.0593664,
3025,31.4971983,50.0592832,
3026,31.4988535,50.0589201,
3027,31.5001659,50.0585006,
3028,31.5013642,50.0581555,
3029,31.5007343,50.0587458,
3030,28.5731218,49.2176655,
3031,28.5730644,49.2175774,
3032,28.5750031,49.2123264,
3033,28.5833719,49.2134152,
3034,30.3873821,50.4582725,
3035,33.3481817,47.8963434,
3036,31.0819956,50.910421,
3037,31.0833515,50.9107585,
3038,26.2009218,50.6444798,
3039,31.2506485,51.5145408,
3040,31.2518797,51.5138367,
3041,31.2517526,51.514057,
3042,31.251737,51.5142592,
3043,31.27995,51.3504543,
3044,31.2088331,51.6392975,
3045,31.2090424,51.6389067,
3046,31.2206369,51.617828,
3047,31.2220255,51.6152926,
3048,26.9735312,49.4155724,
3049,26.971868,49.4162619,
3050,26.9724481,49.4157264,
3051,26.972686,49.4160887,
3052,26.9730611,49.4155286,
3053,26.97391,49.4161555,
3054,26.9741874,49.4165793,
3055,26.9739041,49.4157813,
3056,26.976164,49.4157818,
3057,26.9751692,49.4156951,
3058,26.9745736,49.4148479,
3059,26.9761497,49.4154458,
3060,26.9742686,49.4151562,
3061,26.9750739,49.4154795,
3062,26.9914068,49.4181491,
3063,26.9904948,49.4179879,
3064,30.5289541,50.4047014,
3065,28.4754748,49.2845894,
3066,28.4752931,49.2835267,
3067,28.4749468,49.2789102,
3068,28.5748452,49.211824,
3069,28.583331,49.2133784,
3070,30.6107827,50.4388945,
3071,30.610373,50.4383256,
3072,30.6112213,50.4387543,
3073,30.6123672,50.4370217,
3074,30.6107209,50.4371063,
3075,30.6127756,50.3951574,
3076,30.6813869,50.4025101,
3077,30.3463026,50.4643687,
3078,30.3456754,50.4645234,
3079,30.3556956,50.4651176,
3080,30.3554697,50.4651009,
3081,30.3456786,50.4640726,
3082,30.352358,50.4647638,
3083,35.0014071,48.5151951,
3084,35.0525874,48.4646594,
3085,35.0509474,48.46903,
3086,26.9912891,49.418669,
3087,27.0028838,49.4121903,
3088,27.0002319,49.4399036,
3089,32.122153,49.6522883,
3090,27.0168136,49.4346216,
3091,27.0166193,49.4344029,
3092,27.0161217,49.4341159,
3093,33.3611326,47.901627,
3094,33.3586242,47.9031259,
3095,30.3859597,50.4393155,
3096,29.3335291,50.363871,
3097,33.3482786,47.8968537,
3098,33.3486466,47.8968951,
3099,33.3494636,47.8969561,
3100,33.3491987,47.8968255,
3101,33.3489707,47.896442,
3102,33.3487986,47.8960648,
3103,33.3478699,47.8962012,
3104,30.4718657,50.4311332,
3105,33.3769063,47.8811274,
3106,33.3691016,47.8797861,
3107,30.5908956,50.4909784,
3108,30.5903604,50.4907106,
3109,30.591377,50.4900485,
3110,30.5917865,50.4903564,
3111,30.3890312,50.4347388,
3112,30.4044834,50.48195,
3113,30.4111257,50.4589179,
3114,30.411213,50.4590977,
3115,30.4072492,50.4588749,
3116,30.4058656,50.4597922,
3117,30.406282,50.4585104,
3118,30.4064995,50.4589039,
3119,30.5059144,50.4543626,
3120,30.5254907,50.464052,
3121,30.5629567,50.4367741,
3122,30.8643684,50.5359372,
3123,30.8654443,50.5335595,
3124,30.8659041,50.5326161,
3125,30.8475616,50.5569051,
3126,30.8434044,50.5593843,
3127,30.3874266,50.455413,
3128,30.387632,50.4563836,
3129,30.3872532,50.4581367,
3130,30.3854834,50.457356,
3131,30.4008043,50.4582525,
3132,30.421321,50.5051761,
3133,30.3848203,50.428946,
3134,30.3916125,50.430911,
3135,30.8499973,50.6000601,
3136,30.8498881,50.6002075,
3137,30.954467,50.3746259,
3138,33.3495382,47.8953217,
3139,33.3508451,47.8976133,
3140,35.1857035,47.7940901,
3141,35.1807312,47.7918519,
3142,35.1811662,47.7915039,
3143,33.3470754,47.8975612,
3144,33.3468224,47.8957011,
3145,30.5239436,50.40943,
3146,30.5258191,50.4103267,
3147,34.9564017,48.4416121,
3148,30.4839501,50.461084,
3149,30.412185,50.4338725,
3150,30.4125028,50.434008,
3151,30.3914742,50.431073,
3152,30.5926539,50.4308849,
3153,30.5700605,50.4163416,
3154,30.5714718,50.4241103,
3155,30.422944,50.3960801,
3156,34.9229702,48.4858381,
3157,34.9230338,48.4857167,
3158,34.9241961,48.483963,
3159,34.9243584,48.4840152,
3160,34.9251114,48.4828487,
3161,34.9252677,48.4829063,
3162,34.9270702,48.4806305,
3163,34.9272307,48.4806866,
3164,30.4137488,50.4100056,
3165,30.3941814,50.4268268,
3166,30.4950471,50.4428743,
3167,30.4970439,50.4437214,
3168,30.522815,50.4401535,
3169,30.6550264,50.4192365,
3170,30.6553334,50.4190643,
3171,30.6827934,50.4033839,
3172,30.6812087,50.4036298,
3173,30.5155337,50.4997211,
3174,34.7713745,50.9018708,
3175,34.8004726,50.9068055,
3176,34.802956,50.906652,
3177,35.3112579,50.1907386,
3178,35.3203023,50.1617439,
3179,35.520191,50.159253,
3180,35.5205103,50.1593247,
3181,35.8762737,50.0533221,
3182,35.8759976,50.0532381,
3183,35.8642204,50.0530499,
3184,35.865103,50.0531509,
3185,36.1273081,49.9754468,
3186,35.9990847,49.9688621,
3187,36.0002063,49.9698338,
3188,25.9680954,48.2912327,
3189,30.595605,50.5119313,
3190,30.5962294,50.5109809,
3191,30.6005559,50.5053408,
3192,36.243416,50.0927817,
3193,36.243483,50.092501,
3194,36.2691869,50.1014133,
3195,36.2683922,50.1011564,
3196,30.5980152,50.4505709,
3197,33.4724563,49.0048114,
3198,28.6500298,50.2626071,
3199,28.6495014,50.2621746,
3200,30.606916,50.4546157,
3201,33.4259262,47.8989036,
3202,33.4259566,47.8993318,
3203,33.4253573,47.8994009,
3204,33.4251288,47.8991686,
3205,33.4586705,47.9036127,
3206,30.3952403,50.4244605,
3207,30.386909,50.4112363,
3208,29.3363537,50.3610587,
3209,29.3336855,50.3640948,
3210,29.331917,50.3601915,
3211,29.3334399,50.3595416,
3212,29.3335907,50.3604696,
3213,35.0209992,48.4780494,
3214,35.0360178,48.4966739,
3215,35.0366752,48.4968234,
3216,35.0629769,48.4872273,
3217,35.0615598,48.4877568,
3218,35.0633129,48.4877446,
3219,35.0629346,48.4871617,
3220,35.0212897,48.4776513,
3221,35.0255675,48.4780401,
3222,33.3860812,47.8881928,
3223,33.384384,47.8979511,
3224,33.3843273,47.8981321,
3225,33.3842623,47.8983397,
3226,33.3842005,47.8985346,
3227,32.1126049,49.6558746,
3228,32.1122807,49.6552422,
3229,32.1124312,49.6556114,
3230,32.1118886,49.6555302,
3231,32.1120998,49.6562393,
3232,32.1117326,49.6565064,
3233,32.0822402,49.6721719,
3234,32.0819222,49.6720107,
3235,32.0825798,49.6715398,
3236,32.0828578,49.6717301,
3237,32.0227369,49.7006354,
3238,32.0229099,49.7006303,
3239,32.0233862,49.7006162,
3240,32.0224271,49.7007889,
3241,32.1315529,46.9923879,
3242,32.131293,46.9928588,
3243,32.130885,46.9926349,
3244,32.1307723,46.9932799,
3245,32.1301088,46.9935401,
3246,32.1304003,46.9930794,
3247,32.1313144,46.9929838,
3248,33.393866,47.888167,
3249,36.1785428,49.9474759,
3250,29.0695925,49.2292268,
3251,29.0694031,49.2286215,
3252,29.0691428,49.2289177,
3253,24.138025,49.8967283,
3254,24.1368173,49.8965258,
3255,24.1376985,49.8965419,
3256,25.5858308,49.6014379,
3257,25.541225,49.5459316,
3258,25.5492235,49.544377,
3259,25.1515976,49.4478428,
3260,25.9081544,49.1053735,
3261,25.8372816,49.0073646,
3262,25.8308742,49.0130391,
3263,25.7685825,49.004172,
3264,25.768317,49.0036854,
3265,32.3076314,49.6776069,
3266,26.9640183,49.4041822,
3267,27.0021599,49.4392687,
3268,27.0023362,49.439211,
3269,30.4051397,50.4587908,
3270,30.4048865,50.4587631,
3271,25.7709081,50.0538341,
3272,25.769965,50.0542023,
3273,26.1992605,50.6451497,
3274,26.1987828,50.6448742,
3275,26.1987476,50.6442561,
3276,26.1999685,50.6441604,
3277,26.2006594,50.6440169,
3278,26.2002339,50.6445911,
3279,26.200381,50.6443338,
3280,26.1991195,50.644605,
3281,27.4497997,48.4127667,
3282,27.4499659,48.4133546,
3283,27.4544346,48.4201728,
3284,27.4493945,48.4127722,
3285,27.4620936,48.4176839,
3286,24.2936269,49.6391787,
3287,35.4896276,50.8337199,
3288,35.4176095,50.8137366,
3289,30.5630858,50.4360357,
3290,30.562953,50.4355967,
3291,23.8515056,49.2440897,
3292,36.1543215,49.9704412,
3293,35.0158455,48.4752057,
3294,35.050512,48.4560816,
3295,35.050669,48.4547728,
3296,35.075982,48.4617471,
3297,35.0759957,48.4614332,
3298,35.0758323,48.4611428,
3299,35.0763861,48.4612711,
3300,35.0756664,48.4620917,
3301,30.5186253,50.4073039,
3302,30.4915793,50.4086911,
3303,30.4916564,50.4090955,
3304,30.4919667,50.4091845,
3305,30.4922008,50.4088225,
3306,30.4599048,50.4257533,
3307,30.4420083,50.4448793,
3308,30.4421418,50.4436178,
3309,30.4424944,50.4458726,
3310,30.4470538,50.4626585,
3311,30.4471619,50.4631428,
3312,32.0074632,49.428532,
3313,32.1027073,49.4066307,
3314,32.1079649,49.410657,
3315,32.1012594,49.4064165,
3316,32.0210757,49.4584615,
3317,32.0222883,49.4582073,
3318,32.0987469,49.4169267,
3319,32.0323697,49.4593285,
3320,32.0203064,49.4592592,
3321,32.0212821,49.4593865,
3322,32.0990487,49.406762,
3323,31.9959844,49.4338249,
3324,31.9965274,49.4342261,
3325,32.0497513,49.4137225,
3326,32.0358165,49.3808015,
3327,32.0202595,49.4209,
3328,32.0198527,49.4215381,
3329,32.0603352,49.4222488,
3330,32.0179608,49.4221638,
3331,32.0182796,49.4215745,
3332,31.997275,49.4353491,
3333,32.0299155,49.4151509,
3334,32.0297001,49.4144968,
3335,32.0247287,49.4642813,
3336,32.0215657,49.4590208,
3337,32.0295279,49.4554218,
3338,32.0202729,49.4578021,
3339,32.0205002,49.4564906,
3340,32.1228466,49.400648,
3341,32.0073965,49.4274968,
3342,32.0089426,49.4270889,
3343,31.9965043,49.4343685,
3344,31.9974433,49.4333789,
3345,31.995955,49.4346829,
3346,32.0207922,49.4555751,
3347,32.0211017,49.456522,
3348,32.0306068,49.4147622,
3349,32.0202696,49.4581094,
3350,32.0196309,49.4580048,
3351,31.9994205,49.3906362,
3352,32.0071169,49.4285415,
3353,32.0057166,49.428871,
3354,32.0863699,49.4335377,
3355,32.0567079,49.4190225,
3356,32.0564117,49.4192042,
3357,31.9556054,49.4069956,
3358,32.0001739,49.3903592,
3359,32.0080715,49.4280348,
3360,32.043294,49.4087784,
3361,32.0469897,49.443311,
3362,32.0296253,49.4157845,
3363,32.0299089,49.4152718,
3364,32.0315776,49.4159635,
3365,32.0080317,49.4281836,
3366,32.0194743,49.4532346,
3367,32.0225189,49.4490852,
3368,32.030593,49.4156937,
3369,32.0316286,49.4146983,
3370,32.018484,49.4581638,
3371,32.0182727,49.4584058,
3372,32.0616906,49.3986529,
3373,32.0303274,49.4156526,
3374,32.0064469,49.4280791,
3375,32.0213736,49.457932,
3376,32.0527985,49.4401162,
3377,32.0547165,49.4415779,
3378,32.0586122,49.4445036,
3379,32.0313132,49.4151001,
3380,32.0999718,49.4056922,
3381,32.0192866,49.4210505,
3382,32.101673,49.4192859,
3383,32.0190351,49.4587166,
3384,32.0313326,49.4152961,
3385,32.0333641,49.4586989,
3386,30.6240025,50.0721462,
3387,24.5604863,49.6704768,
3388,24.5565011,49.6705918,
3389,24.5588715,49.6678783,
3390,24.5599601,49.7507467,
3391,26.9776677,49.4159106,
3392,26.9794525,49.406074,
3393,30.4524564,50.5271913,
3394,33.2095023,49.7094211,
3395,33.6578026,49.9661493,
3396,33.6290699,49.9634503,
3397,34.5982824,49.9353274,
3398,34.5143203,49.9639544,
3399,34.517916,49.9617089,
3400,27.9655996,49.5566779,
3401,27.9656862,49.5568611,
3402,27.965415,49.5569289,
3403,27.9653226,49.5567316,
3404,26.5544237,48.6775726,
3405,26.5733445,48.6986424,
3406,26.591627,48.6977505,
3407,28.4060257,49.2369648,
3408,22.7225,48.449493,
3409,22.7228148,48.4496397,
3410,23.2733616,48.1805408,
3411,23.3091005,48.1977092,
3412,34.8262448,50.8980795,
3413,23.6250829,48.514963,
3414,24.5744743,48.6176913,
3415,26.2003711,50.6092923,
3416,26.2014193,50.6092726,
3417,26.2019391,50.6097132,
3418,30.335617,50.2651647,
3419,35.0268734,48.4453506,
3420,26.2057532,50.6106957,
3421,26.2012829,50.6095374,
3422,26.9392959,49.4431461,
3423,26.9384385,49.4432451,
3424,26.944104,49.4314302,
3425,26.9438059,49.4309856,
3426,26.9537175,49.4444774,
3427,26.9435829,49.4306157,
3428,26.9444612,49.4310538,
3429,26.9434335,49.4354172,
3430,26.9435899,49.4345245,
3431,26.9438266,49.4321036,
3432,26.9438944,49.434611,
3433,33.3889177,51.5544065,
3434,33.3188689,49.7816903,
3435,36.2625216,49.9309029,
3436,36.2628088,49.9309755,
3437,33.4061336,49.1099536,
3438,33.4085404,49.1077892,
3439,33.4102206,49.1064151,
3440,33.4126739,49.1043893,
3441,35.0082673,48.4848354,
3442,34.9827275,48.5086346,
3443,34.9828331,48.508409,
3444,35.0009956,48.5139509,
3445,34.9994896,48.5133733,
3446,35.0325143,48.526421,
3447,35.0310583,48.5257739,
3448,35.0266552,48.5240331,
3449,35.0210331,48.5218354,
3450,35.0178232,48.5205796,
3451,35.0002003,48.5133723,
3452,35.0042164,48.515262,
3453,35.0020627,48.5145623,
3454,35.0002912,48.5138109,
3455,35.0036538,48.5146051,
3456,34.9996541,48.516019,
3457,34.9997479,48.5159755,
3458,35.0001459,48.5158011,
3459,35.005086,48.5133872,
3460,35.0054526,48.5154395,
3461,34.9999941,48.5136922,
3462,34.9231576,48.4858729,
3463,35.0083167,48.4849803,
3464,32.2918501,50.6352093,
3465,32.2914865,50.6356971,
3466,33.6154412,49.9555331,
3467,26.9397912,49.4127848,
3468,27.0022564,49.4208328,
3469,26.9781138,49.4241491,
3470,29.6549417,45.8496613,
3471,31.8226099,49.223081,
3472,28.8222895,48.9755745,
3473,28.8348952,48.9678762,
3474,28.8401146,48.9572656,
3475,28.8217384,48.9538518,
3476,28.8216663,48.9543526,
3477,28.8192386,48.9554526,
3478,28.819852,48.9543348,
3479,28.8197404,48.9541372,
3480,28.8201469,48.9535954,
3481,34.9957715,48.4752131,
3482,33.4696235,47.9643855,
3483,33.4689394,47.9649412,
3484,33.4683235,47.9646635,
3485,33.4682218,47.9642367,
3486,33.8401826,48.0371875,
3487,33.8462725,48.0407572,
3488,33.8432014,48.0404828,
3489,33.4452278,47.9016541,
3490,33.4414421,47.9030374,
3491,33.4330871,47.9132219,
3492,33.4342745,47.9184111,
3493,33.4450467,47.9014777,
3494,33.4445503,47.9006882,
3495,33.4410121,47.9033713,
3496,33.44276,47.901267,
3497,33.4363485,47.9717508,
3498,35.0071302,48.4714958,
3499,35.0082523,48.4729797,
3500,34.9684059,48.4596847,
3501,30.6283333,50.4101218,
3502,30.6988322,50.4106101,
3503,30.6984825,50.4104231,
3504,30.637851,50.4278255,
3505,33.4300697,47.9304602,
3506,35.1505168,48.4814254,
3507,30.6830977,46.4571959,
3508,35.5655499,48.5901739,
3509,35.566022,48.5896604,
3510,35.5664798,48.5900345,
3511,33.4005348,49.0680284,
3512,24.0364012,49.8403074,
3513,30.4509209,50.5976726,
3514,30.4970149,50.5871467,
3515,33.1739939,51.2017495,
3516,33.6576444,51.0503976,
3517,35.1566273,48.4793855,
3518,35.1508407,48.4813278,
3519,35.1505927,48.4812777,
3520,35.1872704,48.4796881,
3521,32.1116888,49.6561597,
3522,30.4905767,50.5888231,
3523,30.8478311,48.0450837,
3524,30.8434652,48.0420259,
3525,28.0778798,48.7327862,
3526,28.0777489,48.7238156,
3527,28.0511486,48.7393071,
3528,28.4847304,49.2358417,
3529,28.4847599,49.2353392,
3530,34.9425371,48.4800244,
3531,34.9445379,48.480155,
3532,33.9409307,50.9825037,
3533,33.2203318,51.2482153,
3534,33.2133164,51.2308487,
3535,33.2137341,51.228289,
3536,33.031761,50.8471612,
3537,30.5281002,50.4866944,
3538,33.4034934,47.9367032,
3539,33.5592349,47.9435866,
3540,33.4211352,47.9070249,
3541,28.743759,49.3443392,
3542,33.369245,47.8791728,
3543,33.376991,47.8809609,
3544,26.5767088,49.1808374,
3545,26.5761878,49.1808486,
3546,26.3401438,49.0056916,
3547,33.4674427,47.9646369,
3548,30.6265192,50.110187,
3549,28.7174082,48.5432411,
3550,28.7182016,48.5426826,
3551,30.6885683,50.4057166,
3552,30.6985884,50.4102987,
3553,32.8915296,51.3274242,
3554,28.5494628,50.9000698,
3555,28.5497493,50.9016085,
3556,28.5449879,50.9048001,
3557,28.5481569,50.9015176,
3558,28.5484831,50.9012878,
3559,28.5488929,50.9022814,
3560,25.3172986,50.7483926,
3561,25.317173,50.7480613,
3562,30.5286247,50.4047994,
3563,35.4910345,49.4654547,
3564,35.494257,49.4652206,
3565,35.1500818,48.5936785,
3566,30.5472749,50.3428876,
3567,30.6251898,50.0757953,
3568,30.6274291,50.0760275,
3569,30.5214666,50.225164,
3570,30.519805,50.2253016,
3571,30.5410838,50.2582625,
3572,30.5196434,50.2257456,
3573,34.9613403,48.4924988,
3574,35.0040774,48.4785372,
3575,34.1095971,48.1642671,
3576,34.9470152,48.433105,
3577,34.8934919,48.4180255,
3578,34.8505813,48.4035634,
3579,34.8434894,48.402094,
3580,34.8133179,48.3989061,
3581,34.811747,48.3955981,
3582,33.4971377,47.9348266,
3583,33.4761091,47.9321015,
3584,33.6038429,47.9519704,
3585,33.6068289,47.952451,
3586,33.6100473,47.9529753,
3587,33.619439,47.9545116,
3588,33.6626472,47.9694012,
3589,33.6427074,47.9630347,
3590,33.4681641,47.930719,
3591,33.3478837,47.8971998,
3592,33.349289,47.8953836,
3593,33.3494948,47.895072,
3594,33.3496877,47.8948506,
3595,33.3494656,47.8954439,
3596,33.3480843,47.8972548,
3597,33.3471465,47.8976414,
3598,31.4636673,49.7537186,
3599,31.4625858,49.7547078,
3600,31.4619448,49.756982,
3601,31.4607309,49.7556243,
3602,31.4575945,49.7518025,
3603,31.4570435,49.7516881,
3604,31.4620467,49.755414,
3605,31.4605279,49.7555161,
3606,34.5586742,48.5846011,
3607,34.5597231,48.5851073,
3608,34.5595912,48.585161,
3609,34.5582145,48.5870716,
3610,34.5536447,48.5914085,
3611,34.5518104,48.5928334,
3612,34.5480396,48.5956904,
3613,34.5580172,48.5870234,
3614,25.8630401,51.3760879,
3615,25.8626062,51.376137,
3616,24.0310326,49.8442839,Lviv
3617,34.6288859,48.4824203,
3618,34.6306029,48.4824557,
3619,34.6294159,48.4830791,
3620,34.6324702,48.4818231,
3621,34.6296831,48.4836691,
3622,24.0326391,49.8000918,
3623,31.9695422,46.9682974,
3624,31.9678483,46.9684116,
3625,24.8532292,48.8841913,
3626,24.8818373,48.9053904,
3627,24.8818679,48.9050658,
3628,24.8819522,48.9050233,
3629,24.8824134,48.9051022,
3630,24.8824592,48.9051602,
3631,24.882013,48.9054676,
3632,24.8833467,48.9059705,
3633,31.4576088,49.7548625,
3634,31.4607423,49.7545726,
3635,31.4611194,49.7544902,
3636,27.0263047,49.4304893,
3637,30.5320408,50.4737282,
3638,35.1695003,48.6420135,
3639,35.171932,48.6404992,
3640,35.1723472,48.6403358,
3641,35.2538574,48.728507,
3642,35.2537597,48.7313936,
3643,35.2774765,48.7723224,
3644,35.2816163,48.7714539,
3645,28.6040654,49.2413196,
3646,28.5897614,49.2369005,
3647,28.594331,50.23937,
3648,31.0256688,50.3216198,
3649,31.0261273,50.3210901,
3650,30.4497512,50.520677,
3651,34.6679176,48.4832195,
3652,23.0941609,48.756363,
3653,23.0940089,48.756286,
3654,33.2503852,48.0445615,
3655,33.2497802,48.0472674,
3656,33.2495646,48.0481913,
3657,33.2384712,48.0634304,
3658,27.6998842,51.5940635,
3659,24.0348505,49.8320202,
3660,30.4843285,50.5183167,
3661,34.6209142,48.5050359,
3662,34.6245598,48.5037784,
3663,34.5913194,48.5190336,
3664,34.592671,48.515037,
3665,34.5927182,48.5149454,
3666,34.6102755,48.5079595,
3667,34.6211995,48.5054393,
3668,34.6079142,48.5007983,
3669,34.6074188,48.500343,
3670,34.6110046,48.5077587,
3671,34.611187,48.508354,
3672,34.6047321,48.49841,
3673,34.6128706,48.5165051,
3674,32.3957098,50.86467,
3675,32.3944692,50.8644051,
3676,32.4473724,51.2226296,
3677,32.4998358,51.1691759,
3678,32.4309996,51.1136698,
3679,28.8082202,51.3149587,
3680,28.7966376,51.3132881,
3681,33.210275,51.2509862,
3682,33.2130882,51.2309216,
3683,33.4310126,47.9213293,
3684,33.4299681,47.9160283,
3685,33.4317628,47.9307624,
3686,33.4309202,47.931257,
3687,33.3464556,47.9198266,
3688,33.3466765,47.9198297,
3689,33.3464632,47.920041,
3690,31.7898555,52.0823168,
3691,31.7896292,52.0827197,
3692,31.7790856,52.0956007,
3693,31.7788681,52.0960189,
3694,31.7787278,52.0988678,
3695,27.5265392,50.1128562,
3696,26.8759584,50.3247759,
3697,26.876729,50.3118746,
3698,26.8584264,50.3043793,
3699,26.8362582,50.1214835,
3700,27.0428401,50.1893242,
3701,26.8723043,50.3137565,
3702,26.8721242,50.3132255,
3703,30.1262625,49.8070975,
3704,30.1016186,49.7836889,
3705,30.1664471,51.2774631,
3706,30.1662729,51.2765148,
3707,30.1671721,51.2763676,
3708,30.1673171,51.2774505,
3709,30.127193,49.8067844,
3710,30.1277238,49.8065698,
3711,30.1282648,49.8063039,
3712,30.128081,49.8068373,
3713,30.1548052,49.8387325,
3714,30.1595552,49.8396208,
3715,30.1550348,49.8392935,
3716,30.1600345,49.8439036,
3717,30.1231378,49.8017262,
3718,30.1239635,49.8020662,
3719,30.1248325,49.8020733,
3720,30.1241829,49.8024601,
3721,30.1241084,49.8020907,
3722,30.1239773,49.8029208,
3723,30.1235551,49.8031231,Bila Tserkva
3724,30.1235189,49.8024285,
3725,27.4630289,48.4383541,
3726,27.4602589,48.4385559,
3727,26.5545779,50.9831403,
3728,26.7522173,51.0128824,
3729,26.7480213,51.0144036,
3730,33.4334849,47.9327671,
3731,33.4313493,47.9316125,
3732,27.7663849,48.4618145,
3733,27.78091,48.4555513,
3734,27.7970649,48.4514333,
3735,27.8045978,48.4478906,
3736,27.7992119,48.4425999,
3737,30.2412462,48.9231267,
3738,30.3044476,48.9221279,
3739,26.4830057,48.4890954,
3740,26.4526365,48.4464682,
3741,26.4844565,48.5342651,
3742,23.4860868,48.047302,
3743,33.0472967,49.0406149,
3744,31.269085,51.5008943,
3745,31.2443178,51.5158162,
3746,31.3102109,51.5026252,
3747,31.3089999,51.5069471,
3748,31.3088316,51.5063871,
3749,31.2859785,51.5368727,
3750,31.3095042,51.4950317,
3751,31.2844702,51.5011345,
3752,31.2950372,51.4939677,
3753,31.2950866,51.4941501,
3754,31.294678,51.4937742,
3755,31.2979768,51.4913509,
3756,27.0169127,49.4342476,
3757,32.0215202,49.4655707,
3758,31.3094614,51.5120996,
3759,31.3094632,51.5113562,
3760,31.3096473,51.5141683,
3761,31.3351875,51.5057985,
3762,31.3096366,51.5140558,
3763,31.309854,51.5140534,
3764,31.3921432,49.7364452,
3765,31.3927077,49.7364545,
3766,31.3672682,49.70458,
3767,31.3674734,49.7050617,
3768,34.5912898,48.5237906,
3769,34.5920149,48.524028,
3770,34.5931737,48.5234976,
3771,34.5927302,48.5229054,
3772,34.5939162,48.5226829,
3773,34.590316,48.5241905,
3774,34.5909166,48.5238005,
3775,34.5922826,48.5306264,
3776,34.5944471,48.5222542,
3777,34.5945608,48.5213332,
3778,34.5938283,48.5211659,
3779,34.5950966,48.5214544,
3780,34.5924541,48.5208493,
3781,34.5939211,48.5209302,
3782,34.5968152,48.5216766,
3783,34.5954459,48.5215244,
3784,34.5955555,48.5212823,
3785,31.4580964,49.7517308,
3786,30.5591009,50.3985825,
3787,30.5524772,50.4003884,
3788,30.5932964,50.430686,
3789,34.5731829,48.5240635,
3790,34.5485479,48.5231765,
3791,34.5485195,48.5233031,
3792,34.2040077,49.1451949,
3793,34.2034883,49.1452409,
3794,34.2459014,49.1097384,
3795,34.2465555,49.1100339,
3796,34.2466953,49.1011658,
3797,27.6824968,51.1646887,
3798,34.8301575,50.9300074,
3799,34.8275694,50.9307467,
3800,32.3086815,49.6776145,
3801,30.4538133,50.5197306,
3802,30.4541479,50.5200868,
3803,30.4895533,50.5070911,
3804,30.4971208,50.5015,
3805,30.4977425,50.5012129,
3806,29.7524652,48.4252591,
3807,25.4767389,48.6700303,
3808,25.4778524,48.6699225,
3809,25.0407316,48.5242647,
3810,25.5455942,48.4556358,
3811,25.5458227,48.455446,
3812,25.5459269,48.4554431,
3813,25.546161,48.4555673,
3814,25.5461796,48.4556353,
3815,25.5459794,48.4558196,
3816,25.5457066,48.4557883,
3817,25.5456934,48.4557814,
3818,25.4774886,48.6703632,
3819,25.0351598,48.5254399,
3820,24.9754351,48.5788319,
3821,31.4367315,49.2841291,
3822,31.4452707,49.2891232,
3823,31.2575201,49.4108308,
3824,31.2652623,49.403767,
3825,31.8732935,49.2652495,
3826,31.873681,49.2652402,
3827,31.8737853,49.2652654,
3828,31.8740903,49.2654681,
3829,31.8740844,49.2658412,
3830,31.8734666,49.2660685,
3831,30.6277066,50.4603257,
3832,30.5688239,50.4217981,
3833,30.5679052,50.4086757,
3834,28.8639372,48.3824877,
3835,28.829713,48.3931274,
3836,34.5885351,48.529251,
3837,34.5873889,48.5289147,
3838,34.5911389,48.5281595,
3839,34.5950717,48.5305694,
3840,34.5924881,48.5302691,
3841,34.5915476,48.5285286,
3842,34.5944395,48.5296277,
3843,34.54056,48.5353283,
3844,34.541576,48.5361782,
3845,29.6730426,48.8011092,
3846,27.3454568,48.5134063,
3847,27.3463393,48.5128171,
3848,34.8355977,50.8952338,
3849,34.8461559,50.9047452,
3850,36.769218,49.7920594,
3851,36.7688307,49.7921316,
3852,34.8327771,50.8960805,
3853,32.2436352,51.777182,
3854,32.2296407,51.77682,
3855,31.9673756,51.7822327,
3856,32.0203729,49.4605868,
3857,27.2550085,48.8341205,
3858,27.2653044,48.8358188,
3859,36.2872396,50.3382726,
3860,30.167144,48.7342603,
3861,30.1689161,48.7342908,
3862,30.175504,48.7344479,
3863,30.1778909,48.7356318,
3864,30.1800946,48.7374787,
3865,30.2326627,48.7436127,
3866,32.6091374,46.6488093,
3867,35.2816255,48.7724366,
3868,30.8667788,50.5325022,
3869,30.8663265,50.5321159,
3870,33.8817753,51.7200863,
3871,33.8811734,51.7202153,
3872,30.6673322,50.4034353,
3873,30.6662806,50.4037066,
3874,28.1503245,48.5342965,
3875,28.1511379,48.534036,
3876,28.152001,48.5337596,
3877,34.6265081,48.4847249,
3878,34.6495061,48.4959267,
3879,34.6411202,48.4986953,
3880,34.6398551,48.4991136,
3881,34.6358922,48.5004158,
3882,34.6320791,48.5016597,
3883,34.6268642,48.5033775,
3884,34.6136099,48.5159214,
3885,34.6137262,48.5163226,
3886,29.874932,46.4874235,
3887,29.9721362,46.397835,
3888,29.9784794,46.3892335,
3889,32.0037577,46.9657501,
3890,32.0339233,46.9641237,
3891,32.0346719,46.9634655,
3892,32.034494,46.963867,
3893,32.0342236,46.9636338,
3894,32.0345846,46.9634986,
3895,32.0340362,46.9633552,
3896,32.0032696,46.9661078,
3897,24.1460508,49.3786812,
3898,24.1472489,49.3790523,
3899,30.7801266,50.3884405,
3900,30.7809361,50.3878318,
3901,30.7821722,50.3866433,
3902,30.3984347,50.4323201,
3903,30.3987415,50.4326934,
3904,28.6214921,48.8084129,
3905,29.3422975,48.5013655,
3906,34.5912669,48.5246047,
3907,24.9348471,48.9156744,
3908,25.1734112,49.0907987,
3909,29.395599,48.7993352,
3910,28.7368188,50.2124502,
3911,28.7331795,50.2123478,
3912,28.7450955,50.2082923,
3913,28.7434803,50.2089107,
3914,28.7399177,50.2101299,
3915,28.7385544,50.210596,
3916,28.740351,50.2132754,
3917,25.0338366,48.8452433,
3918,25.0595309,48.5513759,
3919,25.0580736,48.5520267,
3920,24.9709055,48.5605096,
3921,24.9705152,48.5606517,
3922,24.9704622,48.5606366,
3923,24.9703423,48.5603682,
3924,24.9704165,48.5603087,
3925,24.9712045,48.5614259,
3926,24.9696141,48.5608162,
3927,25.1068291,48.5199163,
3928,25.1068198,48.520019,
3929,25.1061687,48.5202149,
3930,25.1060587,48.5201609,
3931,25.1061187,48.5197056,
3932,25.1062598,48.5196613,
3933,25.1065818,48.5209595,
3934,22.9470418,49.7998389,
3935,22.9464863,49.8002367,
3936,22.9448911,49.8005779,
3937,22.9440096,49.8000399,
3938,26.2448368,49.2548163,
3939,30.562328,50.4359776,
3940,30.5626576,50.4358275,
3941,28.4865794,49.2359442,
3942,28.4929268,49.2485474,
3943,28.4108524,49.2221638,
3944,28.4112881,49.2233028,
3945,28.4153651,49.2339568,
3946,28.4147226,49.2322853,
3947,28.4145073,49.2323201,
3948,30.6108223,50.4377628,
3949,30.6118092,50.4369964,
3950,28.4477294,49.2264801,
3951,28.4479471,49.2264898,
3952,23.9733329,50.0561543,
3953,30.5927454,50.4301025,
3954,30.5923675,50.4279381,
3955,32.0040311,46.9680773,
3956,32.0041697,46.9693686,
3957,32.0040202,46.9706528,
3958,30.1688582,48.7338598,
3959,30.2310791,48.7436881,
3960,30.2322659,48.7430878,
3961,30.6450956,50.4127022,
3962,30.6457778,50.4134864,
3963,30.6110756,50.4387288,
3964,30.5686134,50.4094513,
3965,30.602442,50.4199218,
3966,30.5958459,50.416504,
3967,34.2632484,48.6746518,
3968,34.1486527,48.5787978,
3969,34.1463782,48.5782859,
3970,32.0616042,49.4352344,
3971,32.0634504,49.4367212,
3972,30.5124764,50.4437076,
3973,30.5123887,50.4434879,
3974,30.5160244,50.4359495,
3975,30.5136163,50.4359616,
3976,28.3434895,49.1097723,
3977,28.3453956,49.1108332,
3978,28.5042749,49.2321083,
3979,28.5043122,49.2317077,
3980,26.2521187,50.6191617,Rivne
3981,34.5648748,48.5871099,
3982,34.5640175,48.5866943,
3983,34.5626131,48.5860135,
3984,34.5599877,48.5844643,
3985,34.6298844,48.4838158,
3986,24.0412243,49.8191751,
3987,30.3384321,50.4739633,
3988,31.3285084,51.5248111,
3989,31.3285263,51.5244018,
3990,31.3155562,51.5305375,
3991,28.490566,49.216038,
3992,27.5054207,48.7329428,
3993,30.3663488,50.4981767,
3994,30.3653039,50.4983374,
3995,30.3671173,50.4970606,
3996,29.2067082,49.1083144,
3997,28.4281549,49.2121423,
3998,28.4225565,49.2129659,
3999,23.3819309,49.5000509,
4000,35.0594281,48.535718,
4001,24.0052794,49.83544,
4002,30.5272046,50.4524013,
4003,30.5272535,50.4522655,
4004,34.9756188,48.3969876,
4005,35.043867,48.4580785,
4006,30.5236702,50.4036285,
4007,30.5087013,50.397522,
4008,30.4849694,50.3926069,
4009,30.5136151,50.4280266,
4010,30.5161125,50.4280657,
4011,30.1585158,49.8464112,
4012,30.550185,50.4405107,
4013,30.5508743,50.4405397,
4014,30.3658672,50.4241257,
4015,30.3660932,50.4238415,
4016,22.3031794,48.6124661,
4017,22.178007,48.4336889,
4018,22.1765248,48.4307054,
4019,22.1762931,48.4313622,
4020,22.1757691,48.4303867,
4021,22.2745969,48.5811841,
4022,22.2743922,48.5805846,
4023,22.2760804,48.5805211,
4024,22.274921,48.5806696,
4025,22.2748338,48.5802941,
4026,22.2865859,48.6033016,
4027,22.2870314,48.603196,
4028,22.2866182,48.6029267,
4029,22.2872293,48.6039327,
4030,22.2867896,48.603671,
4031,31.3096271,51.5120967,
4032,31.3098684,51.5141644,
4033,22.2878682,48.621459,
4034,22.2871703,48.6218355,
4035,22.2956774,48.6198338,
4036,22.2869774,48.6220214,
4037,22.2870477,48.6218594,
4038,22.2873007,48.6211925,
4039,22.2876125,48.6208548,
4040,22.2881776,48.6209863,
4041,22.2846929,48.6248752,
4042,22.2850195,48.6246836,
4043,22.2841848,48.6253938,
4044,22.7140606,48.4459331,
4045,22.2959096,48.6200212,
4046,22.2953381,48.6200169,
4047,22.2980118,48.6186391,
4048,22.2983702,48.6189623,
4049,22.2927314,48.6129016,
4050,22.3028108,48.6129154,
4051,22.3038625,48.613759,
4052,22.3041509,48.6135675,
4053,30.298884,48.1360484,
4054,30.2996672,48.1361268,
4055,30.2997219,48.136204,
4056,30.299609,48.1364343,
4057,30.2994175,48.1364811,
4058,30.2988059,48.1362738,
4059,30.3046294,48.1372808,
4060,30.3000102,48.1363926,
4061,30.3050515,48.137257,
4062,30.3052871,48.1371322,
4063,30.3050468,48.1375882,
4064,30.3049777,48.1374321,
4065,30.3017833,48.1353787,
4066,30.3020336,48.1376269,
4067,30.3022022,48.1360395,
4068,30.3024798,48.1383135,
4069,30.3033239,48.1473028,
4070,30.3035029,48.1489831,
4071,30.3035751,48.14984,
4072,30.3036328,48.1512462,
4073,30.3027714,48.1593252,
4074,30.3023925,48.1609109,
4075,30.3021657,48.1617451,
4076,30.3016272,48.1637256,
4077,30.2891567,48.2090351,
4078,30.2880801,48.2129697,
4079,30.2853667,48.2228547,
4080,25.0230122,49.9584669,
4081,25.0232794,49.9579799,
4082,28.5083671,49.2393825,
4083,28.508506,49.2392666,
4084,28.5084675,49.2390909,
4085,28.5085251,49.239211,
4086,24.0360133,49.8398145,
4087,24.0183491,49.8322934,
4088,24.0185519,49.8327038,
4089,24.020512,49.8347321,
4090,37.2771675,49.1839886,
4091,37.2766267,49.1840824,
4092,28.0414655,49.0430691,
4093,28.8419977,48.9522521,
4094,28.0135347,49.4747914,
4095,28.0134534,49.4735624,
4096,28.0133576,49.4724072,
4097,28.5716723,49.8965331,
4098,28.5711442,49.8964045,
4099,24.5731266,48.3412219,
4100,24.072008,49.7977943,
4101,24.0715541,49.7976666,
4102,28.3335351,49.0432239,
4103,30.9522309,48.6462526,
4104,31.0794327,48.007666,
4105,28.5086491,49.2393561,
4106,30.221519,50.5501843,
4107,28.6815842,49.1114653,
4108,28.6806418,49.1111721,
4109,28.681253,49.1112851,
4110,30.3570442,50.4648456,
4111,30.3545734,50.4650106,
4112,30.3544971,50.4647658,
4113,30.3459204,50.4547733,
4114,33.338189,47.912963,
4115,30.1169896,49.393217,
4116,30.1085994,49.3622448,
4117,30.1082015,49.35723,
4118,30.1053977,49.3236516,
4119,30.1052836,49.3230047,
4120,30.1292455,49.4187476,
4121,30.1295235,49.4184511,
4122,30.1542677,49.4542799,
4123,30.1567381,49.4619126,
4124,30.157458,49.4645544,
4125,30.1653863,49.4936305,
4126,30.1665149,49.4977683,
4127,30.1692217,49.5076974,
4128,30.1695342,49.5088225,
4129,30.1698687,49.5100502,
4130,30.1700105,49.5105714,
4131,30.1730892,49.5626096,
4132,30.1731545,49.5646059,
4133,30.1732112,49.566233,
4134,30.1737808,49.5843816,
4135,30.1738778,49.5869766,
4136,30.1283004,49.4186545,
4137,30.1289398,49.4190612,
4138,30.1288605,49.4194155,
4139,30.1300393,49.4190453,
4140,30.127037,49.4210671,
4141,30.1301269,49.4177948,
4142,30.1122313,49.7924863,
4143,30.1248848,49.7845727,
4144,30.1207228,49.778916,
4145,30.1197906,49.7784176,
4146,30.07274,49.8167695,
4147,30.0751585,49.8161131,
4148,30.077653,49.8154316,
4149,30.0793291,49.8147793,
4150,30.078998,49.8145636,
4151,30.0800645,49.8140854,
4152,30.0802229,49.8143514,
4153,30.1089656,49.8011918,
4154,30.1114659,49.7932339,
4155,30.1127764,49.7931018,
4156,30.1122348,49.7930169,
4157,30.1117364,49.7927779,
4158,30.1125649,49.7928194,
4159,30.1117392,49.7926771,
4160,30.1114852,49.7923666,
4161,30.1120444,49.7924869,
4162,30.1249608,49.7846757,
4163,30.1164192,49.7902989,
4164,30.1125725,49.7927548,
4165,30.1120519,49.7930124,
4166,30.104071,49.8066152,
4167,30.1038844,49.8063101,
4168,30.1045671,49.8059938,
4169,30.1049343,49.8062336,
4170,30.1242275,49.8033296,
4171,30.2018358,49.7826823,
4172,30.1899233,49.7837254,
4173,30.1908311,49.7834718,
4174,30.190859,49.7839411,
4175,30.1967374,49.7828194,
4176,30.2007359,49.7802201,
4177,30.2045248,49.7827148,
4178,30.2010475,49.7855057,
4179,30.2011039,49.7831917,
4180,30.2033356,49.7826647,
4181,30.2094511,49.7834667,
4182,30.2011629,49.7842112,
4183,30.2004439,49.7827351,
4184,30.200948,49.7839355,
4185,30.2008033,49.7814015,
4186,30.1919002,49.7837268,
4187,30.1927426,49.7832748,
4188,30.1917478,49.7833797,
4189,30.3759458,50.4165632,
4190,30.1270398,49.8062546,
4191,30.1280773,49.8069149,
4192,30.1282066,49.8074684,
4193,30.1274342,49.8071433,
4194,34.6266744,48.5030878,
4195,34.6247514,48.5040647,
4196,34.6084703,48.4998762,
4197,34.6079495,48.5001476,
4198,34.6054741,48.4980551,
4199,34.6054058,48.4982551,
4200,34.6078393,48.5001445,
4201,34.5786918,48.5936512,
4202,34.5414453,48.5225959,
4203,34.5154527,48.4989121,
4204,32.5619879,46.6391844,
4205,32.6055011,46.655814,
4206,32.6056646,46.6560993,
4207,32.5944089,46.6511688,
4208,32.594625,46.6515371,
4209,30.1272305,49.8067217,
4210,30.1275944,49.8065645,
4211,30.1275556,49.8071602,
4212,31.2743795,51.486751,
4213,31.2744436,51.4861812,
4214,31.2756845,51.4874435,
4215,31.2757212,51.488016,
4216,31.2743494,51.4871693,
4217,31.2734448,51.4868943,
4218,31.2625858,51.541124,
4219,30.9677147,52.0945655,
4220,29.4745957,48.1829413,
4221,29.4743791,48.1827556,
4222,29.4742235,48.1829187,
4223,32.5873452,46.6724181,
4224,32.5862939,46.6732812,
4225,32.64993,46.6650554,
4226,31.7816043,47.3341243,
4227,30.0901653,49.2547902,
4228,30.090377,49.2555991,
4229,30.0907216,49.2581847,
4230,30.090811,49.2600432,
4231,30.0908188,49.2602811,
4232,30.0916212,49.2727417,
4233,28.8349764,45.3418493,
4234,28.8357931,45.3518245,
4235,28.8026179,45.3626499,
4236,28.8025765,45.3624624,
4237,28.8019146,45.3625799,
4238,28.8023685,45.3622266,
4239,28.8436077,45.3731046,
4240,28.8440489,45.3736189,
4241,28.8269586,45.3620793,
4242,28.8344902,45.3866927,
4243,28.8106859,45.3761001,
4244,28.8096193,45.3753787,
4245,28.8099952,45.375649,
4246,28.8097564,45.3758762,
4247,28.8100506,45.3756471,
4248,28.8103203,45.3758335,
4249,28.8103206,45.3758561,
4250,28.8101309,45.3760344,
4251,28.8106738,45.3755812,
4252,28.8581474,45.397703,
4253,28.8581959,45.3976793,
4254,28.8584992,45.3976938,
4255,28.8585473,45.3977258,
4256,28.8583595,45.3980481,
4257,28.8580807,45.3979407,
4258,30.4058286,50.4822017,
4259,30.4053545,50.4820652,
4260,30.4047108,50.4822996,
4261,30.5386362,50.4280179,
4262,25.7914974,49.6487571,
4263,25.8071596,49.664691,
4264,25.807377,49.6648764,
4265,25.8076648,49.6650336,
4266,30.7148043,46.4183538,
4267,30.7158395,46.418826,
4268,28.830435,51.3291931,
4269,29.0434329,51.2094913,
4270,31.8835446,51.0328335,
4271,31.8836083,51.0335563,
4272,30.5177256,50.4070102,
4273,30.5174628,50.406033,
4274,27.4346333,48.5796891,
4275,35.9445769,49.9836656,
4276,30.6952395,46.4915714,
4277,30.6769546,46.4887072,
4278,30.654802,46.5372809,
4279,27.5061413,50.1209551,
4280,27.0253301,50.1946821,
4281,27.0278901,50.1953106,
4282,31.8800217,51.0468266,
4283,31.8881698,51.0486113,
4284,31.8912213,51.0658189,
4285,31.8914341,51.0662828,
4286,31.8799169,51.0469402,
4287,31.8798414,51.0468169,
4288,31.8799317,51.0460708,
4289,31.8845536,51.0199395,
4290,31.8803343,51.0461173,
4291,31.8897097,51.0514276,
4292,30.6626213,50.1728629,
4293,30.3582332,50.4443979,
4294,30.3585505,50.4425006,
4295,30.3595959,50.4357726,
4296,28.2972149,48.2396616,
4297,28.2952374,48.240432,
4298,30.183287,49.9399237,
4299,30.1889272,49.9284849,
4300,30.1906126,49.9205164,
4301,30.1896066,49.9174065,
4302,30.1795818,49.9500395,
4303,30.180191,49.9487182,
4304,26.2835302,50.6366053,
4305,26.2833689,50.6366139,
4306,26.2829044,50.6363649,
4307,26.2828901,50.6362721,
4308,26.2832906,50.6359672,
4309,26.2834394,50.6359595,
4310,26.2838926,50.6361746,
4311,26.2838806,50.6364181,
4312,26.2841748,50.6356983,
4313,26.2839989,50.6367482,
4314,30.7386247,50.4896255,
4315,28.7800044,50.2857897,
4316,28.7799739,50.2856644,
4317,29.9184595,50.639821,
4318,29.9183204,50.6400448,
4319,29.9171838,50.640653,
4320,29.9174834,50.6403202,
4321,23.5888127,50.2762341,
4322,25.3885166,50.7268697,
4323,25.3888146,50.7264518,
4324,25.3892515,50.7266717,
4325,25.3893957,50.7260275,
4326,25.3898145,50.7263761,
4327,25.3901811,50.7268092,
4328,25.3545608,50.7552797,
4329,25.3561842,50.7563131,
4330,25.3000589,50.7436056,
4331,25.2995689,50.743449,
4332,25.2990678,50.7438062,
4333,25.2984312,50.7436355,
4334,25.2990167,50.7434872,
4335,25.2992132,50.7438578,
4336,25.3183925,50.7482937,
4337,25.317983,50.7485599,
4338,25.3176014,50.7482673,
4339,22.1702369,48.419049,
4340,22.1731236,48.426231,
4341,22.1732918,48.4262172,
4342,22.1970016,48.4434282,
4343,22.195648,48.4429895,
4344,22.1881038,48.4401384,
4345,22.1887074,48.440358,
4346,22.1956203,48.4428768,
4347,22.1932567,48.4402246,
4348,22.1932814,48.4420134,
4349,30.5403908,50.4023954,
4350,30.5408299,50.4021743,
4351,30.6269915,50.409829,
4352,30.6275418,50.4086122,
4353,30.6224043,50.4176057,
4354,30.6228092,50.4169641,
4355,30.6246783,50.4138972,
4356,30.5461991,50.2603252,
4357,30.5464426,50.2614262,
4358,30.5920857,50.4302621,
4359,31.9813541,46.9678498,
4360,31.9807306,46.967223,
4361,31.9810489,46.9671407,
4362,31.9806897,46.9668933,
4363,31.981308,46.9675517,
4364,31.9542439,46.9908723,
4365,25.9171555,48.3103283,
4366,25.9177438,48.3100915,
4367,30.5924887,50.4317594,
4368,26.6290247,48.266415,
4369,34.413454,48.3043054,
4370,34.4153338,48.3037485,
4371,34.4127761,48.3052167,
4372,35.1332141,47.8563758,
4373,35.1330418,47.8566762,
4374,35.1325299,47.8559239,
4375,30.7072931,46.5576735,
4376,30.8070436,46.5916238,
4377,30.8059694,46.5901446,
4378,30.8038313,46.5871521,
4379,34.417708,48.3066672,
4380,34.4099464,48.3061533,
4381,35.0999151,48.5633215,
4382,30.4981434,50.4892192,
4383,30.4728419,50.4888778,
4384,30.4772918,50.4876926,
4385,30.4753663,50.488416,
4386,30.4752807,50.4874912,
4387,31.2888345,51.4809416,
4388,31.2682596,51.474224,
4389,31.3093682,51.4951961,
4390,31.3096042,51.4952209,
4391,31.8517636,51.0052041,
4392,31.8779853,50.989192,
4393,28.4903619,49.0101065,
4394,33.442728,47.9020469,
4395,33.4437976,47.9015077,
4396,31.9304545,50.9529081,
4397,34.8486713,48.4029879,
4398,34.8083185,48.3947947,
4399,34.7887367,48.3889568,
4400,34.7809016,48.386608,
4401,34.7683703,48.3839547,
4402,30.4429532,47.0852214,
4403,24.5814489,49.5744228,
4404,23.170795,49.5083258,
4405,23.1991487,49.5163819,
4406,23.2010041,49.5162198,
4407,23.1978905,49.5162526,
4408,23.1954205,49.5157449,
4409,23.2220181,49.5052105,
4410,34.8004755,50.913286,
4411,34.7886885,50.926392,
4412,34.7913494,50.925829,
4413,34.7791081,50.9268885,
4414,34.8065605,50.9223183,
4415,34.802016,50.907328,
4416,34.771586,50.9018018,
4417,34.7829759,50.9266861,
4418,34.7887925,50.9270195,
4419,34.8063864,50.9121096,
4420,34.8060485,50.9125653,
4421,25.3609309,50.7725056,
4422,25.3606777,50.7727818,
4423,25.3595553,50.7730276,
4424,25.3598372,50.7727966,
4425,25.3535577,50.7763039,
4426,25.3546416,50.7761387,
4427,31.8924661,51.0665626,
4428,30.862264,50.3778023,
4429,36.2683071,49.9880486,
4430,36.2685367,49.9882384,
4431,30.3271118,47.1419872,
4432,30.3269495,47.1419971,
4433,26.2582776,50.5705374,
4434,26.2250029,50.5255291,
4435,26.2343531,50.5238707,
4436,26.856553,50.3177849,
4437,30.9548008,50.351532,Boryspil
4438,28.3801102,49.2281005,
4439,28.3801842,49.2280057,
4440,32.3549557,50.8746794,
4441,32.3709033,50.8717085,
4442,34.9181636,48.4849725,
4443,24.3366672,50.8162857,
4444,22.2748653,48.5806975,
4445,22.6866978,48.4515584,
4446,24.3299324,50.8754548,
4447,24.3289539,50.874722,
4448,24.260843,50.865255,
4449,24.2607389,50.865255,
4450,24.2604992,50.8647053,
4451,24.261246,50.8648144,
4452,24.2612782,50.864877,
4453,24.2620034,50.8642454,
4454,24.2626221,50.8652879,
4455,24.2589436,50.8652068,
4456,24.3277848,50.8743789,
4457,24.3288767,50.8742407,
4458,24.3289453,50.8742154,
4459,24.329302,50.8738061,
4460,30.6218333,50.4071052,
4461,24.3192017,50.844991,
4462,28.5714884,49.258826,
4463,28.571187,49.258807,
4464,28.5754921,49.2596463,
4465,28.5704474,49.2607481,
4466,30.7129463,46.41224,
4467,30.7115937,46.408931,
4468,30.7398734,46.4767103,
4469,30.7392481,46.4726652,
4470,30.7233044,46.3995423,
4471,30.7232226,46.3992282,
4472,30.7236243,46.3993388,
4473,30.7324458,46.3995093,
4474,30.7326131,46.3994102,
4475,30.7384667,46.4516559,
4476,30.2944474,47.6337123,
4477,30.9452945,47.182286,
4478,30.9558329,47.1637318,
4479,30.7556373,46.4106545,
4480,30.7473249,46.4017636,
4481,30.7256588,46.4183151,
4482,30.7539284,46.4143861,
4483,30.7269786,46.4714287,
4484,30.7113589,46.4051032,
4485,30.7117404,46.4089016,
4486,30.7532757,46.4702214,
4487,30.6487136,46.4495907,
4488,30.661329,46.4505046,
4489,30.7320465,46.4801356,
4490,30.7143776,46.4196616,
4491,30.7319377,46.4793619,
4492,30.618221,46.5187341,
4493,30.6191175,46.518762,
4494,36.2563722,50.2067613,
4495,36.2738923,50.3127843,
4496,35.0619661,48.4851948,
4497,35.0616336,48.4833379,
4498,35.062482,48.4837988,
4499,35.0620218,48.4841108,
4500,35.0257744,48.4799927,
4501,35.0523018,48.4684176,
4502,35.0630807,48.4869786,
4503,35.0695239,48.496662,
4504,35.0699921,48.4973713,
4505,35.0701164,48.4980127,
4506,35.0626533,48.486135,
4507,35.0665112,48.4926215,
4508,35.0668178,48.4924793,
4509,35.0693586,48.4967204,
4510,35.062733,48.4865594,
4511,30.7219421,46.4798346,Odesa
4512,30.7250796,46.4737071,
4513,30.8027491,46.5952406,
4514,30.8054616,46.5938907,
4515,31.3305456,50.3637867,
4516,30.4531369,50.5273906,
4517,35.0520733,47.872139,
4518,35.022147,47.8876498,
4519,32.403973,50.8460918,
4520,30.4498345,46.0638927,
4521,28.2933107,45.469,
4522,28.3461636,45.5350763,
4523,28.2233085,45.4805888,
4524,30.3939518,50.4264936,
4525,25.5527695,49.5492256,
4526,25.5520587,49.5491026,
4527,25.5498034,49.5484815,
4528,25.5614577,49.6017488,
4529,35.1459096,47.8244683,
4530,35.1455564,47.8247232,
4531,35.1357157,47.8274456,
4532,35.1355391,47.8274861,
4533,35.1341843,47.8278598,
4534,35.1334348,47.8280659,
4535,35.1292796,47.8291976,
4536,35.1287695,47.8293379,
4537,35.1242533,47.8305921,
4538,35.1240139,47.8306574,
4539,35.1202839,47.8316755,
4540,35.1134497,47.8335524,
4541,35.1105797,47.8343498,
4542,35.1065171,47.8356295,
4543,35.1051443,47.8361073,
4544,35.1032122,47.836746,
4545,35.1010783,47.8375542,
4546,35.1008139,47.8376836,
4547,35.0998783,47.8382337,
4548,35.0996437,47.8384056,
4549,35.0979077,47.8401621,
4550,35.0963943,47.8417451,
4551,35.1518539,47.82177,
4552,35.1460285,47.8245914,
4553,35.1044097,47.8580326,
4554,35.1457661,47.8326194,
4555,35.4722802,47.9466996,
4556,35.4736799,47.9471691,
4557,35.4869877,47.9486446,
4558,35.4883095,47.9487767,
4559,35.5668398,47.9562817,
4560,35.1767215,47.8084236,
4561,35.1736774,47.8132019,
4562,30.8999405,46.6953348,
4563,35.1044923,48.412817,
4564,28.8576554,45.3976734,
4565,28.858297,45.3974846,
4566,28.8593689,45.3982293,
4567,34.2760082,48.6521622,
4568,33.493149,47.9929723,
4569,36.2061173,49.9987782,
4570,36.1981486,49.9961262,
4571,27.788747,48.4430175,
4572,32.3719802,50.87175,
4573,32.393608,50.8706064,
4574,32.3549977,50.8641557,
4575,31.4052575,50.7573616,
4576,31.4108314,50.753778,
4577,34.5303914,49.5992066,
4578,34.5303081,49.5996212,
4579,34.5426487,49.5935978,
4580,34.5601704,49.5829051,
4581,32.7757561,50.6984203,
4582,24.0292517,49.8447575,
4583,27.769326,48.462677,
4584,25.3680256,50.7372524,
4585,27.7697293,48.462786,
4586,31.2997363,50.3646321,
4587,31.2978371,50.3634617,
4588,31.298164,50.3527944,
4589,31.2994947,50.3527958,
4590,31.298804,50.3525236,
4591,31.2987654,50.3533114,
4592,31.2982343,50.3638971,
4593,31.3277428,50.3670698,
4594,31.3275744,50.3673818,
4595,25.3573682,50.7427227,
4596,27.7913357,48.4447145,
4597,28.9420352,48.8264259,
4598,30.2623087,50.5397803,
4599,30.2333772,50.5351814,
4600,30.4218175,50.5046689,
4601,30.3676218,46.1842788,
4602,30.2901658,46.1908638,
4603,30.2933647,46.1907078,
4604,30.291066,46.1929565,
4605,30.2908761,46.1956106,
4606,30.5500352,50.3710577,
4607,30.5492818,50.3712079,
4608,27.0797878,50.0004155,
4609,27.0802927,50.0001877,
4610,30.8223123,49.8652121,
4611,28.7725576,49.7279961,
4612,27.0807917,50.0001404,
4613,27.0812842,50.0001779,
4614,27.7219917,49.9305583,
4615,26.4342574,49.9657165,
4616,27.0808718,50.0003883,
4617,30.8236104,49.8651022,
4618,30.82319,49.8653491,
4619,27.0803507,50.0004551,
4620,31.0620799,49.8938194,
4621,30.8403022,49.8607689,
4622,35.0702191,48.4968297,
4623,35.0687896,48.4958363,
4624,35.0691361,48.4969672,
4625,35.0695268,48.4972464,
4626,35.0692955,48.4969087,
4627,35.065975,48.4926251,
4628,35.0672022,48.492272,
4629,26.8612265,49.2000404,
4630,26.861326,49.1996825,
4631,26.8628877,48.8963373,
4632,26.8616652,49.2001213,
4633,26.8608553,49.200306,
4634,26.8617572,49.2004937,
4635,26.8509278,49.1722617,
4636,26.8510313,49.1727143,
4637,27.7608059,49.9226149,
4638,31.2512584,51.5143578,
4639,31.8162145,52.0565297,
4640,30.6634609,50.1366269,
4641,30.6609943,50.1363478,
4642,30.6627724,50.1362258,
4643,30.6649989,50.1366048,
4644,30.662835,50.1383893,
4645,30.6634966,50.1342961,
4646,30.6636581,50.1101762,
4647,30.6659982,50.1116414,
4648,30.6625498,50.1363708,
4649,30.6610518,50.1357907,
4650,31.0440683,49.971472,
4651,31.0402604,49.9665441,
4652,31.0424113,49.9665026,
4653,28.8346187,45.3399182,
4654,30.679365,48.8828946,
4655,30.6800237,48.8829326,
4656,30.6801367,48.8837624,
4657,30.6796276,48.8835453,
4658,30.6795879,48.8831936,
4659,30.6807969,48.8834818,
4660,30.6803644,48.8837481,
4661,31.8271506,49.2244641,
4662,31.8283659,49.2245829,
4663,34.9294116,48.4792749,
4664,34.9302038,48.479725,
4665,34.9131714,48.476909,
4666,34.9234819,48.4789368,
4667,34.9237187,48.4784467,
4668,34.9290729,48.479657,
4669,34.9276307,48.4800027,
4670,34.9273016,48.4795732,
4671,29.5230357,50.3956624,
4672,28.8283097,45.3444387,
4673,28.8711637,45.3390888,
4674,22.1752303,48.4310388,
4675,22.1767078,48.433796,
4676,22.1755529,48.4304262,
4677,22.3326984,48.578749,
4678,22.3331851,48.5784429,
4679,22.3330325,48.5798071,
4680,22.3331592,48.5791148,
4681,22.3334131,48.5791334,
4682,22.333179,48.5788438,
4683,22.332944,48.5787056,
4684,22.3338935,48.5769346,
4685,22.3101452,48.5792938,
4686,22.3340034,48.57712,
4687,30.4687739,50.5058236,
4688,30.50328,50.5014718,
4689,30.4987245,50.5014788,
4690,30.4987273,50.5015639,
4691,30.4977553,50.5015744,
4692,26.2548779,49.2541822,
4693,26.2557119,49.2541754,
4694,24.0180971,49.8324006,
4695,30.4991227,50.4892127,
4696,24.0200563,49.8346218,
4697,30.5055251,50.5118348,
4698,35.0618338,48.4871497,
4699,35.037226,48.4979904,
4700,35.036281,48.4971982,
4701,35.0646323,48.487262,
4702,35.0641286,48.4870225,
4703,35.0363231,48.4969734,
4704,35.0624475,48.4869009,
4705,35.0622804,48.4879288,
4706,35.0365906,48.4968436,
4707,35.062269,48.4875519,
4708,35.1008868,48.5676398,
4709,35.0896949,48.5559975,
4710,35.0897142,48.5561902,
4711,35.1037704,48.5688775,
4712,35.0733599,48.5027497,
4713,35.0737519,48.5034509,
4714,35.0742998,48.5035963,
4715,34.9382637,48.4890554,
4716,34.9382125,48.4887864,
4717,30.4980631,50.5129039,
4718,31.2210563,51.5358464,
4719,31.3099548,51.5023935,
4720,29.5253088,47.7572866,
4721,29.5224442,47.7571307,
4722,29.5224025,47.7567778,
4723,30.4840716,50.5257344,
4724,30.483457,50.5152056,
4725,29.5294055,47.7569069,
4726,26.9634843,49.3603016,
4727,26.9634258,49.3607062,
4728,29.5495462,47.7218592,
4729,29.6144248,47.9374662,
4730,29.6113272,47.9375645,
4731,30.2480032,50.5165539,
4732,30.2481046,50.5167566,
4733,23.2964699,48.1772463,
4734,23.2947242,48.1724737,
4735,28.6809058,45.520885,
4736,28.5754355,45.7042285,
4737,31.4082361,51.5393426,
4738,31.4300382,51.5213421,
4739,29.2763342,45.4600206,
4740,31.6686764,51.1384382,
4741,31.2465318,51.2680995,
4742,31.1177241,50.9370742,
4743,31.120101,50.9420829,
4744,30.8804408,50.9461696,
4745,31.0864073,50.9134292,
4746,31.0830612,50.9087742,
4747,31.0173947,50.5097336,
4748,29.675002,46.0230017,
4749,29.6829945,46.0271056,
4750,29.683866,46.0274816,
4751,29.6838667,46.0280072,
4752,24.1382856,49.8971211,
4753,24.1376782,49.8968862,
4754,32.115744,50.1324049,
4755,32.1148646,50.1321721,
4756,32.1146392,50.1316827,
4757,32.1153824,50.1311987,
4758,32.1151863,50.1318631,
4759,32.1152405,50.1319771,
4760,24.1623602,50.7128897,
4761,24.1628014,50.7130581,
4762,25.2996528,50.7437422,
4763,25.2996306,50.7437651,
4764,28.8221525,48.9757572,
4765,29.3030975,46.4082404,
4766,32.1322958,50.0544003,
4767,30.1856143,50.5272722,
4768,30.250765,50.4951142,
4769,30.2521376,50.4947515,
4770,31.3156132,47.6028684,
4771,31.3101972,47.603386,
4772,30.8489511,48.0458681,
4773,30.8489208,48.0457198,
4774,30.8494282,48.0454996,
4775,30.8496145,48.0459423,
4776,31.3157194,47.6024956,
4777,31.2170237,47.7930434,
4778,30.8473919,48.0515559,
4779,30.8476454,48.0511104,
4780,31.3158629,47.6024342,
4781,30.8460939,48.0496978,
4782,30.8462664,48.0493734,
4783,30.8463337,48.0493431,
4784,30.8469058,48.0496251,
4785,30.8468941,48.0497324,
4786,30.8461161,48.049756,
4787,31.3164613,47.6025815,
4788,30.8469278,48.051319,
4789,30.8477447,48.0512189,
4790,32.1503373,46.9648493,
4791,32.1511755,46.9652022,
4792,32.1471649,46.9616451,
4793,32.1481248,46.9621034,
4794,27.2378283,49.7864695,
4795,30.5279623,50.4527853,
4796,30.5292691,50.4506994,
4797,30.5297363,50.4503521,
4798,30.260617,48.7548643,
4799,30.2604447,48.7545711,
4800,30.2593281,48.7557184,
4801,30.2587593,48.7544125,
4802,30.258055,48.7543889,
4803,30.2580768,48.7542049,
4804,30.1949666,48.7257609,
4805,30.2581764,48.7545939,
4806,30.2582059,48.7546987,
4807,30.2130354,48.7347375,
4808,30.2543347,48.7529712,
4809,30.2590418,48.7523411,
4810,30.2601058,48.7543083,
4811,30.1830393,48.7392854,
4812,30.1827215,48.7395015,
4813,30.181011,48.7379664,
4814,30.1837778,48.7399187,
4815,30.1779075,48.7348946,
4816,30.2380689,48.7277068,
4817,30.1772656,48.7350297,
4818,30.2375846,48.7284941,
4819,30.2374545,48.7281898,
4820,30.1806483,48.7381939,
4821,30.2379872,48.728302,
4822,30.2117731,48.7349175,
4823,30.2125598,48.7348525,
4824,30.2379668,48.7283821,
4825,30.2381276,48.7286652,
4826,30.218884,48.7348799,
4827,30.2376856,48.7285067,
4828,30.1770494,48.7348397,
4829,30.2369436,48.728567,
4830,30.1774313,48.7344703,
4831,30.237512,48.7281527,
4832,30.2306229,48.7442809,
4833,30.229968,48.7450382,
4834,30.1898808,48.7447674,
4835,30.5245011,50.4504161,
4836,30.2600045,48.7777737,
4837,30.2579975,48.7778712,
4838,30.2556347,48.7748701,
4839,30.2581586,48.7749172,
4840,30.2233904,48.7684601,
4841,30.2599208,48.7775918,
4842,30.2604875,48.7773517,
4843,30.2234031,48.7687741,
4844,30.222872,48.7679191,
4845,30.2550023,48.7752858,
4846,30.254255,48.7749262,
4847,30.2549922,48.7748421,
4848,30.2573673,48.7837071,
4849,30.258382,48.7743178,
4850,30.2606811,48.7774528,
4851,30.2557359,48.7751058,
4852,30.255947,48.7754028,
4853,30.2232993,48.7684227,
4854,30.2596283,48.7772035,
4855,30.2578417,48.7776662,
4856,30.2229161,48.7684916,
4857,30.2590243,48.7537303,
4858,35.0277831,48.4797336,
4859,30.3962316,50.4228862,
4860,30.3969175,50.423065,
4861,34.9496663,48.4807556,
4862,35.0277231,48.4799274,
4863,35.2393369,47.84984,
4864,35.2396761,47.8497572,
4865,27.7701033,48.4617361,
4866,27.7701259,48.4619308,
4867,27.7701462,48.4621863,
4868,35.3568093,47.910939,
4869,35.3565324,47.9095498,
4870,35.0212253,48.5216249,
4871,35.0180291,48.5203681,
4872,30.2214606,48.7494015,
4873,30.2206221,48.7480613,
4874,31.0852456,48.0151516,
4875,31.043681,49.9707515,
4876,31.0440672,49.971,
4877,30.4519569,50.5058741,
4878,34.8835591,48.5651626,
4879,34.9044015,48.5572238,
4880,26.9640565,49.3612127,
4881,26.9632755,49.3613733,
4882,26.9634816,49.3608022,
4883,26.9292057,49.3761954,
4884,26.9277639,49.3769262,
4885,26.9283665,49.3764424,
4886,30.4545186,46.2568212,
4887,30.4550117,46.2564894,
4888,30.6260837,46.4429624,
4889,30.6238234,46.4434291,
4890,30.6243509,46.4427239,
4891,30.6236246,46.4416004,
4892,30.6231601,46.4421257,
4893,30.454924,46.2570211,
4894,22.8526922,49.5346646,
4895,33.441449,47.9012991,
4896,34.4941081,48.3374707,
4897,34.4979944,48.3380178,
4898,34.4980977,48.3418807,
4899,34.4983216,48.3405704,
4900,34.4977092,48.3389994,
4901,34.5004518,48.3398798,
4902,34.5011466,48.3399082,
4903,34.5927176,49.5819871,
4904,34.591663,49.5816959,
4905,34.5517057,49.5872337,
4906,34.5521898,49.5870067,
4907,34.5515543,49.5881893,Poltava
4908,34.5854255,49.5793788,
4909,34.5863285,49.5767781,
4910,34.5863283,49.5748948,
4911,34.5863279,49.5714835,
4912,28.4775342,49.2846897,
4913,28.584276,49.2130188,
4914,30.1192472,49.7784058,
4915,30.1195531,49.7781718,
4916,30.1201498,49.7774084,
4917,30.1197007,49.778393,
4918,30.1197504,49.7779453,
4919,30.120138,49.778,
4920,30.1202076,49.7782877,
4921,30.4599303,49.66716,
4922,31.4269897,49.2896869,
4923,31.4272123,49.2904426,
4924,31.2376169,49.4235183,
4925,28.4111104,49.2233303,
4926,28.4106829,49.2221925,
4927,33.4458404,47.8997062,
4928,28.4934748,49.2382643,
4929,28.4934516,49.239355,
4930,28.4928654,49.238852,
4931,28.492748,49.2387952,
4932,25.4010713,50.7447677,
4933,25.3998209,50.7454394,
4934,25.4006067,50.7452697,
4935,25.4024801,50.7455957,
4936,25.4014559,50.7456655,
4937,25.401446,50.745334,
4938,26.1351236,50.6840979,
4939,26.2760619,50.6107579,
4940,26.1335789,50.6847861,
4941,26.1341266,50.6841312,
4942,23.858825,49.2412954,
4943,23.8577718,49.2414257,
4944,23.8579623,49.2404757,
4945,23.8581557,49.2408854,
4946,23.8581091,49.2411437,
4947,23.8576888,49.2410703,
4948,23.8575782,49.2414896,
4949,23.8574415,49.2413938,
4950,24.0503056,51.202289,
4951,30.8647635,50.5329018,
4952,23.0007006,49.4522939,
4953,23.0007359,49.4519272,
4954,32.2653998,48.4550426,
4955,23.8532433,49.2471597,
4956,23.8544925,49.2464016,
4957,28.4734425,49.2751185,
4958,28.47325,49.2742993,
4959,28.4730333,49.2702997,
4960,28.4751418,49.2788916,
4961,30.8901449,50.4007849,
4962,23.8533338,49.1850968,
4963,23.8532011,49.1842161,
4964,28.7179246,49.3407086,
4965,28.7183545,49.3412803,
4966,28.7176905,49.341196,
4967,28.4630845,49.2371914,
4968,34.825127,50.9121388,
4969,34.8210362,50.9074719,
4970,34.833335,50.9163437,
4971,34.8200275,50.906483,
4972,30.6247866,46.5223791,
4973,34.7792237,50.9272429,
4974,24.3338005,49.0105812,
4975,24.3336735,49.010639,
4976,24.3333722,49.0105782,
4977,30.3037884,47.9370826,
4978,28.5076744,49.2491156,
4979,28.6480285,49.1830297,
4980,28.6474729,49.1837779,
4981,28.5125582,49.3283736,
4982,28.5127129,49.3283488,
4983,28.4749122,49.2951894,
4984,28.4736369,49.2750925,
4985,28.5002618,49.4639414,
4986,25.9623011,48.2734192,
4987,28.4155021,49.2344724,
4988,30.6316766,50.4613778,
4989,30.633541,50.4007174,
4990,28.4280865,49.2121215,
4991,28.4284079,49.212064,
4992,33.3817436,48.9934263,
4993,33.3823919,48.9934321,
4994,26.9630457,49.3614868,
4995,25.9338015,48.06791,
4996,25.9862054,48.0500812,
4997,26.0000296,48.0994677,
4998,25.7220133,48.1607449,
4999,26.010958,48.0435753,
5000,26.0033923,48.2661431,
5001,25.9833936,48.2202583,
5002,28.5146008,49.3792609,
5003,28.5150521,49.3787275,
5004,28.5009182,49.4662423,
5005,28.5236871,49.482586,
5006,28.5127725,49.4322335,
5007,28.5172459,49.4278264,
5008,31.1842078,51.4708448,
5009,31.1893693,51.4676427,
5010,24.7164339,51.2198181,
5011,24.6951417,51.2183464,
5012,24.6773257,51.2013603,
5013,24.6099021,49.4099104,
5014,28.5725395,49.2570329,
5015,28.5716189,49.2581263,
5016,25.7919411,48.5292956,
5017,25.7955764,48.5304871,
5018,26.2578513,50.6059633,
5019,29.9288018,49.5232852,
5020,29.9095273,49.5312146,
5021,26.192079,50.6408288,
5022,25.3385124,50.4296495,
5023,25.6793555,50.1215165,
5024,25.6787645,50.1191039,
5025,25.3474349,50.4322122,
5026,25.6837159,50.1213299,
5027,25.3158962,50.4089644,
5028,25.7205513,48.1605255,
5029,28.7663148,45.7962415,
5030,29.4346673,45.9854503,
5031,30.9561726,50.3482084,
5032,23.7015467,49.7876763,
5033,23.696987,49.7863067,
5034,27.0285014,50.1937167,
5035,35.2504433,48.578957,
5036,35.2676032,48.5755017,
5037,35.2687825,48.5754067,
5038,24.0191358,49.8081582,
5039,23.4178059,49.788991,
5040,29.9421896,49.5295593,
5041,29.9422463,49.5297397,
5042,29.9422269,49.5297885,
5043,29.9420797,49.5299136,
5044,29.9415533,49.5298805,
5045,29.9414502,49.5297545,
5046,29.9417711,49.5294404,
5047,29.9419974,49.5294549,
5048,23.8535804,49.2443962,
5049,28.5233433,49.4232929,
5050,34.5294272,49.5996813,
5051,32.0569535,46.9419959,
5052,32.0568741,46.942213,
5053,31.2514497,51.5142902,
5054,30.3102404,47.2633662,
5055,30.3103644,47.2625072,
5056,34.8940969,50.3091441,
5057,34.8940282,50.3093949,
5058,30.3087442,47.2625841,
5059,30.309204,47.2634244,
5060,34.5832398,49.556965,
5061,34.5839595,49.557487,
5062,34.5836148,49.5588168,
5063,34.5805801,49.5567812,
5064,34.5886973,49.5573689,
5065,34.5875236,49.5590763,
5066,23.9496235,49.8272969,
5067,23.9448841,49.8264006,
5068,24.0176963,49.8424572,
5069,24.0185107,49.8322247,
5070,24.6036504,49.4187717,
5071,35.4833467,49.131096,
5072,35.4792927,49.130842,
5073,29.9790594,46.736601,
5074,28.6715501,50.4956951,
5075,28.6707111,50.4954176,
5076,28.6707852,50.4944794,
5077,28.6714283,50.4953712,
5078,30.2977899,47.8438269,
5079,30.2973429,47.8436278,
5080,30.2220874,50.1895923,
5081,30.2222426,50.1895365,
5082,30.2178247,50.1832028,
5083,30.3334249,50.2623258,
5084,30.3344179,50.2619238,
5085,30.3347639,50.2614056,
5086,30.3354545,50.2615732,
5087,23.1428841,48.1953487,
5088,23.1433326,48.1956357,
5089,30.5143248,50.4176148,
5090,27.0805884,49.9997904,
5091,27.0807098,50.0001061,
5092,27.0808129,50.0004441,
5093,27.0805755,50.0008336,
5094,27.0804253,50.0001096,
5095,27.0804358,50.0004913,
5096,35.2499856,48.579472,
5097,35.2501876,48.5800807,
5098,26.5925502,48.6900326,
5099,24.0620962,49.4522909,
5100,24.0627253,49.4515864,
5101,23.9495106,49.5271789,
5102,23.9490836,49.527281,
5103,30.3287392,50.250621,
5104,30.3370856,50.2660645,
5105,30.3348474,50.2619245,
5106,30.3345622,50.2614869,
5107,30.3356791,50.2630298,
5108,30.3362068,50.2645694,
5109,30.3350348,50.2618944,
5110,30.2495284,50.2139617,
5111,30.2532637,50.2162978,
5112,30.2533089,50.2165129,
5113,30.5100149,50.3973728,
5114,28.6126702,49.9183737,
5115,28.6120068,49.918842,
5116,28.3109386,49.7999117,
5117,28.5746984,49.8985586,
5118,28.575157,49.898832,
5119,28.61251,49.9181487,
5120,28.5703961,49.901597,
5121,28.570449,49.9012407,
5122,28.6324005,49.8850626,
5123,28.6333132,49.8848693,
5124,30.4919578,50.4085327,
5125,26.9055246,49.0932646,
5126,31.5586779,46.628105,
5127,31.5589029,46.6284369,
5128,31.5595894,46.6284341,
5129,26.5977519,48.677097,
5130,32.0823394,46.9719171,
5131,22.722187,48.4498896,
5132,22.7195853,48.4543238,
5133,22.7225029,48.4496517,
5134,31.8880541,46.983997,
5135,31.8943986,46.9823513,
5136,31.8911183,46.9832782,
5137,34.9455517,48.9042284,
5138,35.2633341,48.7573362,
5139,35.2798139,48.7753018,
5140,35.2801254,48.776057,
5141,35.2806882,48.7752221,
5142,35.415333,48.9991517,
5143,35.4154178,48.9987743,
5144,31.2356312,47.3554661,
5145,31.2354333,47.3552066,
5146,31.2852182,46.6133418,
5147,30.295185,47.8328517,
5148,30.2930489,47.8299207,
5149,30.297657,47.8433573,
5150,30.2929788,47.8304351,
5151,30.2923461,47.8296218,
5152,22.2880317,48.6205696,
5153,22.2882123,48.6210314,
5154,22.2889118,48.6212253,
5155,32.0015932,46.8355256,
5156,32.0013725,46.8352139,
5157,30.4908205,50.4090406,
5158,30.478028,50.4175429,
5159,30.4782451,50.4172837,
5160,30.4919058,50.4084582,
5161,30.4419752,50.4145276,
5162,30.443353,50.4141165,
5163,31.3410387,47.5623819,
5164,30.205259,46.480614,
5165,30.2300475,46.4655178,
5166,30.9062499,46.6994858,
5167,30.9015784,46.6968431,
5168,30.3564327,50.4709842,
5169,30.3566574,50.47095,
5170,30.3576482,50.4740156,
5171,30.3575155,50.4736964,
5172,31.8881488,46.9820906,
5173,30.3045106,47.3967355,
5174,30.3001227,47.3968102,
5175,30.3012098,47.3965997,
5176,30.3002862,47.3967726,
5177,30.2996292,47.3968479,
5178,30.2995908,47.396645,
5179,30.3000652,47.3965819,
5180,30.3002555,47.396584,
5181,30.3062417,47.3967793,
5182,30.3059327,47.3973339,
5183,31.6157507,46.9288251,
5184,30.357106,50.4739358,
5185,30.3554907,50.4647787,
5186,29.9758126,46.737051,
5187,29.3933473,48.8105153,
5188,29.3948667,48.7993121,
5189,29.0491478,49.2271417,
5190,29.3630362,48.2105808,
5191,22.3310551,48.3128742,
5192,26.4642836,50.8408264,
5193,26.463502,50.8407339,
5194,26.4635303,50.8405159,
5195,26.3776684,50.7394459,
5196,26.3776202,50.7393363,
5197,26.4615664,50.8597607,
5198,22.2652505,48.6545523,
5199,23.0028792,47.9931365,
5200,23.0027285,47.9927007,
5201,34.0998273,52.1990861,
5202,33.9251066,51.3290743,
5203,30.2469418,50.2110547,
5204,30.2469856,50.2108766,
5205,36.3255449,49.965335,
5206,36.3253583,49.9649713,
5207,36.3273341,49.9649893,
5208,36.3271634,49.9646188,
5209,25.8624736,51.3758025,
5210,35.7916889,47.5811903,
5211,35.792147,47.5813316,
5212,28.4086186,49.2089054,
5213,28.408302,49.2087446,
5214,28.4097508,49.2091246,
5215,23.8531834,49.1841739,
5216,23.8530915,49.1838416,
5217,34.7698444,48.42321,
5218,34.7692366,48.4273462,
5219,34.7690161,48.4263707,
5220,28.3614579,49.2517339,
5221,28.368431,49.2504239,
5222,28.3799628,49.245138,
5223,28.3966789,49.2403658,
5224,28.3800778,49.2452399,
5225,33.32563,46.8164509,
5226,33.3511138,46.787393,
5227,33.3253414,46.8174756,
5228,33.325216,46.8172519,
5229,33.3252513,46.8172208,
5230,33.3255465,46.8167734,
5231,33.3256176,46.8172957,
5232,33.3258579,46.8175134,
5233,33.3242688,46.8174441,
5234,32.5250674,46.6916708,
5235,32.7012696,46.7270403,
5236,32.704104,46.7262007,
5237,32.7136177,46.7220351,
5238,32.7162959,46.7179638,
5239,32.7215544,46.705629,
5240,32.7265065,46.692619,
5241,32.7236036,46.6870683,
5242,28.6714732,49.7201771,
5243,32.1024811,49.0423855,
5244,32.1009082,49.042128,
5245,32.1136021,49.0495033,
5246,22.7108473,48.4497921,
5247,22.7122607,48.4476789,
5248,22.712701,48.4470222,
5249,22.7047035,48.4554613,
5250,32.0873399,49.0683236,
5251,32.0876509,49.0687069,
5252,32.0864277,49.0701164,
5253,32.1010099,49.0418461,
5254,31.8994876,49.1944086,
5255,25.3798901,50.7441559,
5256,25.3734844,50.7675738,
5257,25.3728423,50.768038,
5258,25.3724782,50.7677211,
5259,25.3721237,50.7683477,
5260,25.3709019,50.7685944,
5261,25.3718024,50.7679646,
5262,25.7795625,50.4429869,
5263,25.7788127,50.4427907,
5264,25.4013053,50.7452193,
5265,25.3895747,50.7266238,
5266,25.7682403,49.0038263,
5267,25.4007802,50.7451801,
5268,25.6280146,49.3800217,
5269,25.9182347,48.3101344,
5270,25.6084578,49.5296834,
5271,29.9540081,50.0672445,
5272,29.9536409,50.067203,
5273,29.9535912,50.067052,
5274,29.9539303,50.0669226,
5275,29.9532945,50.0665192,
5276,28.5706871,49.9013443,
5277,28.6157906,49.9587198,
5278,28.6155589,49.9579263,
5279,31.4777693,49.7698094,
5280,24.7364592,51.2067131,
5281,24.7031377,51.2360784,
5282,24.7037978,51.2364589,
5283,25.371841,50.7678941,
5284,25.3673181,50.7640308,
5285,25.3538421,50.7559172,
5286,25.3541173,50.7559199,
5287,25.367526,50.763951,
5288,25.3689933,51.6616575,
5289,24.7029389,51.236251,
5290,25.3369212,50.7526682,
5291,25.3384079,50.7524772,
5292,25.3384933,50.752947,
5293,25.3318669,50.7531742,
5294,25.3314793,50.7534331,
5295,25.3302967,50.7535828,
5296,25.3305747,50.7533962,
5297,25.3261234,50.7545599,
5298,25.3255269,50.7553478,
5299,25.3245881,50.7546597,
5300,25.3179548,50.7486066,
5301,25.3179977,50.748876,
5302,25.3603916,50.7725284,
5303,25.3600898,50.7730245,
5304,25.3598937,50.7726465,
5305,25.3598606,50.7723592,
5306,25.3602789,50.7725148,
5307,25.352097,50.7602721,
5308,25.3517691,50.7601756,
5309,25.3516818,50.7596684,
5310,25.3519147,50.7599854,
5311,25.3515279,50.7600487,
5312,25.3515536,50.7599844,
5313,25.3514285,50.7603297,
5314,25.3393289,50.7531257,
5315,25.3533574,50.7549324,
5316,25.3538605,50.7535099,
5317,25.355212,50.7510541,
5318,25.3581207,50.74907,
5319,25.3679943,50.7428088,
5320,25.3460124,50.767146,
5321,25.3701975,50.7435351,
5322,25.3539956,50.7567166,
5323,25.3540649,50.7559852,
5324,25.3561426,50.756397,
5325,30.5295639,50.399479,
5326,30.5289958,50.4001326,
5327,30.5243162,50.4040602,
5328,30.5246357,50.4038866,
5329,30.52458,50.4042816,
5330,30.5260093,50.4042285,
5331,24.8332477,51.1707668,
5332,35.0594691,48.4495514,
5333,35.0617912,48.4565168,
5334,35.021199,48.467274,
5335,35.0211415,48.4669123,
5336,35.0472813,48.4560139,
5337,35.0475832,48.4561018,
5338,35.0503122,48.4546703,
5339,35.071466,48.4516233,
5340,30.516687,50.4393704,
5341,30.4976887,50.4461131,
5342,30.5111244,50.4403732,
5343,30.6306534,50.3979117,
5344,30.318371,47.5413942,
5345,30.3186631,47.5416576,
5346,30.3181406,47.5419006,
5347,25.5438616,49.5497054,
5348,25.5411146,49.5460959,
5349,35.0312593,48.5255681,
5350,25.3311597,50.7531497,
5351,34.9724553,48.4569902,
5352,35.0479531,48.4638091,
5353,35.0475374,48.4634567,
5354,28.400143,49.2394013,
5355,28.3999107,49.2393076,
5356,28.4046785,49.2366836,
5357,28.4051406,49.2369015,
5358,28.4052608,49.2372392,
5359,34.9989874,48.3811755,
5360,35.0143785,48.4292617,
5361,35.0090485,48.4214957,
5362,35.0084288,48.4206747,
5363,35.0011657,48.4083289,
5364,35.0145907,48.4292095,
5365,35.0166187,48.4327565,
5366,23.9700775,48.9694751,
5367,23.9601083,48.9783263,
5368,32.2069832,48.4997245,
5369,32.2573563,48.5024375,
5370,32.0029426,46.9591089,
5371,24.7180046,48.918595,
5372,24.6807767,48.9059061,
5373,24.6805811,48.9055521,
5374,36.5218729,49.8948231,
5375,32.335658,48.4968914,
5376,32.3355752,48.4976035,
5377,32.2604379,48.508623,
5378,32.2636119,48.5164546,
5379,32.2636392,48.5159262,
5380,30.2319986,48.9309762,
5381,30.235526,48.9276792,
5382,30.2387795,48.9246446,
5383,32.2618347,48.5175575,
5384,32.2582233,48.5025478,
5385,32.2589822,48.5027775,
5386,32.2652125,48.508126,
5387,31.9930201,46.9597268,
5388,36.484171,49.9125642,
5389,36.4839373,49.9124503,
5390,36.4610331,49.9232593,
5391,36.4608986,49.9230427,
5392,36.4391754,49.932222,
5393,36.6530049,49.8555208,
5394,36.6284234,49.8714749,
5395,36.6279289,49.8717494,
5396,36.6270345,49.8721744,
5397,36.6263574,49.8724541,
5398,36.4358018,49.932594,
5399,36.4362532,49.9331844,
5400,36.4355111,49.9322414,
5401,36.4333667,49.9323135,
5402,36.4343148,49.9320445,
5403,36.4329696,49.9328662,
5404,36.4325067,49.932156,
5405,32.2372222,48.4998319,
5406,32.2372248,48.5016392,
5407,25.9826201,48.220357,
5408,25.9824457,48.220428,
5409,25.9820235,48.2203898,
5410,25.9820976,48.2198407,
5411,25.9825647,48.2198708,
5412,25.9826833,48.219951,
5413,25.9823991,48.21948,
5414,26.5640833,49.1711852,
5415,28.530861,49.2295629,
5416,35.1081287,48.4135089,
5417,35.0861001,48.4105459,
5418,35.0855082,48.4103909,
5419,35.1043554,48.4126792,
5420,25.7113575,48.1698497,
5421,30.5505165,50.440102,
5422,35.1738587,48.5994118,
5423,35.173163,48.5990933,
5424,25.3118466,50.7428095,
5425,34.8902904,50.3000124,
5426,34.8907715,50.3002309,
5427,34.8904521,50.3004542,
5428,34.8901572,50.3003864,
5429,34.8909647,50.3006097,
5430,34.8892202,50.3001115,
5431,25.3390885,50.7527214,
5432,25.33859,50.7529648,
5433,36.5365786,49.8920583,
5434,36.5333585,49.8927312,
5435,36.5257031,49.8942704,
5436,30.5450216,50.435491,
5437,36.607989,49.8763884,
5438,36.6097002,49.8764456,
5439,36.5847706,49.8789305,
5440,36.5854406,49.8792492,
5441,36.6094401,49.8767268,
5442,25.3597143,50.7572371,
5443,25.359829,50.7571163,
5444,35.0184988,48.4748218,
5445,35.0200829,48.4745356,
5446,35.0544471,48.4597853,
5447,35.0546709,48.4596665,
5448,32.2434597,48.9700602,
5449,32.2431589,48.9697102,
5450,26.4837773,48.5336878,
5451,26.4845417,48.5337431,
5452,26.4826415,48.489649,
5453,26.4842944,48.5340671,
5454,25.3564119,50.7568018,
5455,25.3563487,50.7564408,
5456,25.3571675,50.7565994,
5457,29.9279179,50.0493077,
5458,35.1465419,47.8731606,
5459,35.1469846,47.8728659,
5460,35.1475544,47.8734932,
5461,35.1473078,47.8736291,
5462,24.0238328,51.2018019,
5463,24.0215785,51.2018779,
5464,24.0584703,51.2025565,
5465,24.0585666,51.2026831,
5466,24.1225601,51.2061636,
5467,23.9031033,51.2033911,
5468,23.8970201,51.2025926,
5469,23.8577356,51.1974334,
5470,23.8431953,51.195522,
5471,23.8408772,51.1952222,
5472,23.8398878,51.1951276,
5473,23.8393246,51.1950794,
5474,23.8339865,51.1947707,
5475,23.8331346,51.1946953,
5476,23.8324314,51.1946584,
5477,23.8258411,51.1942787,
5478,23.8250759,51.1942437,
5479,35.1414338,47.8556287,
5480,35.14193,47.854727,
5481,35.1425402,47.8553714,
5482,35.1603322,47.8583735,
5483,35.1602473,47.8586186,
5484,35.142276,47.8557367,
5485,27.7928213,48.4465495,
5486,27.7990563,48.4426143,
5487,25.2990545,50.7431099,
5488,25.3020895,50.7452022,
5489,25.4005651,50.7456899,
5490,35.1321102,47.8509281,
5491,35.1317519,47.8517989,
5492,35.1317097,47.8519128,
5493,35.1317774,47.8517107,
5494,35.1307476,47.8436335,
5495,35.1306372,47.8435435,
5496,26.5970699,48.6630067,
5497,31.2357872,47.3553084,
5498,31.2359331,47.3553305,
5499,31.2370024,47.3554646,
5500,25.3641041,50.7609012,
5501,25.3643144,50.7608192,
5502,30.3518006,46.9223495,
5503,35.0770971,48.4534404,
5504,35.0774833,48.453355,
5505,35.0780225,48.4545607,
5506,35.0776352,48.454629,
5507,30.7064767,46.4765735,
5508,30.705655,46.4762456,
5509,30.7064226,46.4648614,
5510,30.7050418,46.4764043,
5511,30.6262763,46.4339954,
5512,30.6286989,46.4329943,
5513,30.6301402,46.4323025,
5514,30.6438765,46.4256677,
5515,30.6260537,46.4336402,
5516,30.6262031,46.4339632,
5517,30.6252881,46.4349793,
5518,30.6256389,46.4338918,
5519,24.2918723,50.8320529,
5520,31.5509823,47.8720937,
5521,31.4848617,47.7937829,
5522,26.5645228,49.177591,
5523,24.1581477,50.8622922,
5524,24.146596,50.8575155,
5525,30.6138587,46.4865382,
5526,30.6146,46.4863799,
5527,30.6239379,46.4415296,
5528,30.6249099,46.4423259,
5529,30.625417,46.4426103,
5530,30.6400224,46.4466832,
5531,30.6413744,46.4470624,
5532,31.8309403,49.2249601,
5533,31.8271378,49.2249904,
5534,31.4200991,49.02497,
5535,31.4196344,49.0248833,
5536,31.419521,49.0246681,
5537,31.4195435,49.0245915,
5538,31.4197221,49.0244411,
5539,31.4204281,49.0247053,
5540,31.4190355,49.0248099,
5541,30.5254894,50.4680234,
5542,30.5239658,50.4694205,
5543,28.5945526,49.8866706,
5544,28.5941365,49.886827,
5545,28.575165,49.9004324,
5546,25.2942662,50.7239099,
5547,25.3024945,50.7224547,
5548,25.3034267,50.722288,
5549,25.3031976,50.7229429,
5550,25.2922312,50.7173771,
5551,25.2917697,50.7175777,
5552,25.2914616,50.7177484,
5553,33.3562511,50.419264,
5554,34.2988522,51.2462088,
5555,34.2988655,51.2715051,
5556,34.3118832,51.1458402,
5557,35.1302896,51.1691455,
5558,24.5239875,51.0829982,
5559,24.5337745,51.0964593,
5560,28.8806842,46.0514621,
5561,25.3862805,50.8061498,
5562,25.3904517,50.8042882,
5563,25.3849436,50.8053696,
5564,24.765945,51.1929906,
5565,28.58382,49.9004942,Berdychiv
5566,28.5787534,49.8996504,
5567,28.5759906,49.9002556,
5568,28.5797306,49.9000479,
5569,28.5789317,49.8996325,
5570,23.8034701,51.1824117,
5571,23.8015093,51.1807253,
5572,23.8003161,51.179098,
5573,23.8046626,51.1829133,
5574,23.8032633,51.1823506,
5575,23.8014754,51.1808547,
5576,23.8037323,51.182155,
5577,23.8012062,51.1799171,
5578,23.8027673,51.1799994,
5579,23.800621,51.1790666,
5580,30.4898634,50.5175246,
5581,23.8408127,51.1949425,
5582,23.8436227,51.1954517,
5583,23.8406344,51.1954034,
5584,23.8564397,51.1971382,
5585,23.8399812,51.1953069,
5586,23.8399106,51.1950289,
5587,23.8400243,51.1949061,
5588,23.8409024,51.195117,
5589,30.2219751,48.7478318,Uman
5590,30.226101,48.7471492,
5591,30.2267039,48.747045,
5592,30.2153425,48.7592473,
5593,34.9232169,48.4857491,
5594,28.0931574,49.0480705,
5595,30.5904768,46.5502268,
5596,30.5905604,46.5507637,
5597,30.516218,50.4033064,
5598,30.5189863,50.4066194,
5599,30.5178111,50.4061931,
5600,30.5179138,50.4052766,
5601,30.5170969,50.4054463,
5602,24.142368,50.8563028,
5603,24.1423819,50.8562935,
5604,29.950479,50.0965069,
5605,29.9498115,50.096121,
5606,29.9507419,50.0961224,
5607,28.6195019,49.8538663,
5608,25.0236687,48.5260335,
5609,25.0244136,48.5260152,
5610,34.9259879,50.3501704,
5611,24.1460485,50.8573946,
5612,36.4203123,49.9382945,
5613,30.4982942,50.522903,
5614,30.4891019,50.5178979,
5615,35.0328443,48.5262644,
5616,35.0339711,48.5270948,
5617,35.0359467,48.5243844,
5618,35.036288,48.5244179,
5619,24.0582538,49.7924452,
5620,24.0589645,49.792539,
5621,28.8206055,48.9745175,
5622,28.8219306,48.9753783,
5623,34.9621452,48.4868572,
5624,34.962451,48.4869692,
5625,36.3930894,49.9469834,
5626,32.2880768,48.5286264,
5627,32.2869139,48.5288683,
5628,32.2883667,48.5281036,
5629,32.2889868,48.5280827,
5630,36.3545259,49.9594015,
5631,36.340243,49.9870711,
5632,36.3403065,49.9880977,
5633,36.3400933,49.9880759,
5634,36.3382553,49.9878737,
5635,36.3396237,49.9880288,
5636,36.3720025,49.9945962,
5637,36.3688238,49.9930367,
5638,36.3639498,49.9913009,
5639,36.3622947,49.9910709,
5640,36.3617418,49.9909989,
5641,36.3552987,49.9901757,
5642,36.3553554,49.9899762,
5643,36.3403016,49.9882592,
5644,36.3401434,49.9882326,
5645,36.2902335,49.9742323,
5646,36.2956991,49.9743618,
5647,36.2960156,49.9747032,
5648,30.5247126,50.4121058,
5649,24.024867,49.8497595,
5650,27.6676083,49.0631357,
5651,27.6686917,49.0634393,
5652,24.0301627,49.8513969,
5653,24.0257652,49.8455636,
5654,24.0253089,49.8452866,
5655,28.3955312,49.2334902,
5656,28.3956276,49.2333772,
5657,30.7238899,46.3923069,
5658,30.7235604,46.3914288,
5659,33.1014264,48.6735499,
5660,24.3295577,50.8744511,
5661,36.1890524,50.048594,
5662,36.1974412,50.0635077,
5663,36.196747,50.0636475,
5664,36.1444745,50.0896176,
5665,36.1444336,49.9735081,
5666,36.1768201,50.0552752,
5667,36.3156898,49.9980594,
5668,36.3162282,49.9983419,
5669,36.3162626,49.9984291,
5670,36.3154459,49.9985799,
5671,36.2400192,49.9885684,
5672,36.2394745,49.9885577,
5673,36.3142282,49.9941982,
5674,36.3119879,49.9881656,
5675,36.315603,49.9984363,
5676,23.4559701,48.0677655,
5677,23.3876372,48.0699819,
5678,23.3158564,48.152004,
5679,22.6512978,48.2060171,
5680,23.0429976,48.1526302,
5681,23.0429805,48.1528719,
5682,23.0256357,48.1401155,
5683,23.0254478,48.1405205,
5684,32.0360268,49.6711126,
5685,31.9845444,49.6999289,
5686,30.5253362,50.4133276,
5687,30.5237102,50.4129194,
5688,36.3454487,49.9484792,
5689,36.348431,49.9492707,
5690,29.3432885,48.7814901,
5691,29.3428663,48.781086,
5692,29.3428663,48.7801512,
5693,28.0843427,49.1257244,
5694,28.0815493,49.1268208,
5695,28.0815225,49.1259278,
5696,28.0813944,49.1216646,
5697,28.0871338,49.1266177,
5698,28.0815793,49.1278285,
5699,28.0816435,49.1300092,
5700,28.0762748,49.1231927,
5701,28.0796096,49.1242288,
5702,28.0814305,49.1228674,
5703,28.078948,49.124023,
5704,28.083427,49.1254255,
5705,28.0814501,49.1235174,
5706,35.0090562,48.4631397,
5707,30.4943614,50.4892445,
5708,35.0252063,48.4435542,
5709,34.9382795,48.4257345,
5710,34.9390986,48.4257683,
5711,28.1255422,48.5397556,
5712,28.2290255,48.8126257,
5713,28.08194,48.7418109,
5714,28.0820716,48.7325172,
5715,28.0819389,48.7320596,
5716,35.0735593,47.8416726,
5717,35.0749091,47.8408371,
5718,35.0796721,47.8261938,
5719,29.3941362,48.7992602,
5720,29.3848099,48.798211,
5721,29.2300108,48.504164,
5722,28.8666282,48.3794006,
5723,28.8743889,48.3821415,
5724,29.528493,47.7602507,
5725,35.0755387,47.8405495,
5726,35.0772256,47.8402474,
5727,35.0759322,47.8402565,
5728,35.0750991,47.8415573,
5729,35.0762762,47.8395116,
5730,36.3689519,49.9929354,
5731,36.3640465,49.9911181,
5732,36.2756094,50.0437793,
5733,29.5227422,48.3613883,
5734,29.2418915,48.4068256,
5735,29.2403364,48.407724,
5736,27.8805913,48.4001857,
5737,27.879732,48.4000137,
5738,27.8793186,48.3997604,
5739,36.2756243,50.0439999,
5740,24.0401338,49.8535719,
5741,24.03979,49.8535443,
5742,30.4794577,50.3819714,
5743,30.4792262,50.3820806,
5744,30.4791824,50.382127,
5745,30.4783869,50.3831177,
5746,36.2780991,49.9839357,
5747,36.2777087,49.9836571,
5748,36.3121782,49.9881382,
5749,23.9571055,49.5204404,
5750,26.9386314,49.4130253,
5751,22.689383,48.4361241,
5752,32.0032292,46.9657815,
5753,32.0024153,46.9591384,
5754,32.0035225,46.9680975,
5755,22.8366897,48.1107517,
5756,30.7064547,46.4607858,
5757,22.6454069,48.2061243,
5758,30.9611406,49.6433601,
5759,30.9614349,49.6436253,
5760,30.9615534,49.6437322,
5761,34.9388956,48.4889166,
5762,28.6468611,50.2755405,
5763,28.6469047,50.2755666,
5764,28.6476804,50.2760902,
5765,26.8236074,49.6664828,
5766,23.8322847,51.1951455,
5767,28.783965,50.2449389,
5768,28.784062,50.2442519,
5769,28.7845451,50.2449611,
5770,28.7846121,50.2452702,
5771,28.784472,50.2449181,
5772,28.784472,50.2461432,
5773,28.7839869,50.2453707,
5774,28.7845623,50.2453308,
5775,24.7091511,48.9293422,
5776,24.6819861,48.9062529,
5777,24.6814973,48.9061954,
5778,24.681109,48.9055929,
5779,24.6817717,48.9058695,
5780,24.6812942,48.9062294,
5781,24.680885,48.9064045,
5782,24.7000427,48.9168427,
5783,24.6812711,48.9055741,
5784,24.6818797,48.9054012,
5785,24.6817449,48.9057914,
5786,24.6808095,48.9060187,
5787,24.7132554,48.9397378,
5788,24.7141081,48.9406911,
5789,28.6966595,50.2692026,
5790,28.6963831,50.2694114,
5791,28.6938651,50.2686146,
5792,28.6961605,50.2687756,
5793,25.9599929,48.300114,
5794,25.9630525,48.2955443,
5795,25.9588043,48.3044664,
5796,25.9609392,48.3206041,
5797,25.9606506,48.3206545,
5798,25.9597682,48.3175567,
5799,25.959508,48.3175992,
5800,25.9606229,48.3197893,
5801,25.960316,48.3198352,
5802,25.9615809,48.3221696,
5803,25.9609941,48.3221399,
5804,35.0404374,48.4257897,
5805,28.7857258,50.2450193,
5806,28.7839355,50.2453239,
5807,28.7828233,50.2452506,
5808,35.07605,47.8401038,
5809,36.1576716,49.9733245,
5810,36.1582042,49.9731634,
5811,36.1582778,49.9722714,
5812,23.8755204,51.640102,
5813,28.8222389,49.696449,
5814,28.823647,49.6966312,
5815,33.5253626,50.7288229,
5816,33.8773135,50.8354209,
5817,22.667808,49.4779107,
5818,22.667684,49.4780816,
5819,35.0102859,48.4305017,
5820,35.0107607,48.4303853,
5821,36.2001149,49.9747123,
5822,35.0136691,48.4690244,
5823,35.0134994,48.4687036,
5824,36.3592603,50.018359,
5825,36.3607745,50.019365,
5826,36.3605401,50.0194503,
5827,30.8655923,50.5327501,
5828,30.8660032,50.5328153,
5829,30.8664476,50.5325729,
5830,32.2177689,48.5045403,
5831,36.2304871,49.9835632,
5832,36.2297572,49.9835247,
5833,36.2468848,49.9794937,
5834,36.2183279,50.0034414,
5835,36.2181397,50.0033939,
5836,36.4205595,49.9836283,
5837,34.6026062,49.5582578,
5838,34.5813061,49.5567084,
5839,34.5828755,49.5563495,
5840,34.584534,49.5591573,
5841,34.3559726,49.5976185,
5842,34.5845136,49.5569493,
5843,34.5867595,49.5667174,
5844,34.5842801,49.557373,
5845,34.5847857,49.5570825,
5846,34.4916893,49.562625,
5847,34.4924599,49.5625976,
5848,34.58609,49.5570581,
5849,36.1547106,49.8935489,
5850,36.1537925,49.8934729,
5851,36.3584982,50.0332148,
5852,36.3597031,50.034604,
5853,36.3589167,50.033779,
5854,28.6606262,50.2027337,
5855,36.0475931,49.9600544,
5856,36.0486477,49.9603035,
5857,35.95943,49.8824147,
5858,35.957057,49.8798355,
5859,35.9607128,49.8618016,
5860,35.9603217,49.882862,
5861,35.9600206,49.8821608,
5862,35.98138,49.9421705,
5863,30.5702349,50.4165826,
5864,35.0197984,48.4274541,
5865,35.0192647,48.4275099,
5866,35.0203171,48.4276164,
5867,35.0198592,48.4274631,
5868,35.0196658,48.427243,
5869,35.0201314,48.4273263,
5870,36.3612215,50.0550696,
5871,36.3602655,50.0550146,
5872,24.656287,51.203136,
5873,36.3740913,49.9958875,
5874,36.2611508,49.9361909,
5875,36.3085406,49.9711437,
5876,36.3001697,49.9426144,
5877,36.3003724,49.9425439,
5878,36.3108516,49.9789941,
5879,36.3106719,49.9789986,
5880,36.270663,49.9280593,
5881,36.2709225,49.9279947,
5882,36.3068163,49.9714235,
5883,36.3016564,49.9514359,
5884,36.3018878,49.9514364,
5885,36.3065601,49.9655057,
5886,36.3077212,49.9701331,
5887,36.3016677,49.9507713,
5888,36.3018758,49.9507737,
5889,36.3072885,49.9707236,
5890,36.3050581,49.961501,
5891,36.3050625,49.9713804,
5892,36.2902963,49.9381503,
5893,36.2904068,49.9380163,
5894,36.3025693,49.9554752,
5895,36.3027929,49.9554436,
5896,36.3090534,49.9692234,
5897,36.309943,49.9694321,
5898,36.2824695,49.9355969,
5899,36.282577,49.9354685,
5900,35.127086,47.8583063,
5901,35.1250513,47.8592459,
5902,35.1197559,47.8617109,
5903,35.1196568,47.8617528,
5904,35.1126461,47.8650909,
5905,35.0618984,48.4236666,
5906,35.062723,48.4235744,
5907,35.0646799,48.4240458,
5908,35.0642279,48.4245732,
5909,32.5046441,51.1727054,
5910,35.0234839,48.4551747,
5911,35.0238178,48.4550857,
5912,35.0238621,48.4551684,
5913,35.0235268,48.4552565,
5914,35.0234963,48.4544694,
5915,35.0231889,48.4546045,
5916,35.0285875,48.4647365,
5917,35.0289224,48.4646527,
5918,30.602339,50.4200836,
5919,35.1260673,48.4434695,
5920,35.1326077,48.4475406,
5921,35.1312854,48.447181,
5922,35.1314899,48.4467164,
5923,35.1311703,48.4472101,
5924,36.3028429,50.0300844,
5925,36.3028445,50.0298997,
5926,30.2548073,48.7264966,
5927,30.2538072,48.7232429,
5928,30.2535176,48.7224659,
5929,22.696479,48.4154863,
5930,30.480157,50.3822095,
5931,31.2508948,51.5145666,
5932,31.2520632,51.5142362,
5933,31.2512135,51.5144236,
5934,31.2406348,51.5030296,
5935,31.2410413,51.5039133,
5936,31.2417388,51.5055946,
5937,31.2393331,51.5005754,
5938,31.2387238,51.4995393,
5939,31.2406466,51.5039865,
5940,31.2402689,51.5030899,
5941,22.6952857,49.4817397,
5942,31.1868191,51.5505078,
5943,31.1866797,51.5498556,
5944,31.2222455,51.6152771,
5945,31.2208691,51.6177904,
5946,31.2141262,51.5552934,
5947,31.1867916,51.5497531,
5948,31.1892814,51.5498661,
5949,31.2141683,51.5551867,
5950,31.2506153,51.5624699,
5951,31.2504142,51.5625485,
5952,31.2496367,51.5602311,
5953,31.2497638,51.5600852,
5954,31.2606682,51.5447224,
5955,31.2599613,51.5436706,
5956,31.2505794,51.561911,
5957,31.1858012,51.5494216,
5958,31.1858127,51.5492712,
5959,31.1900269,51.5508283,
5960,31.190071,51.5509635,
5961,31.1886645,51.5505895,
5962,31.1888724,51.5505232,
5963,30.573898,50.4129567,
5964,31.0750178,51.8068351,
5965,31.0854914,51.8115169,
5966,31.2771948,51.3525066,
5967,31.2786223,51.3474381,
5968,31.2793587,51.3523667,
5969,31.177806,51.4445715,
5970,31.1774194,51.4453628,
5971,31.1895662,51.4676395,
5972,31.189623,51.4709305,
5973,30.3957398,49.8149495,
5974,30.1843505,49.8159855,
5975,30.1771407,49.8226644,
5976,30.2015013,49.7981682,
5977,30.2017674,49.7979411,
5978,35.0629449,48.4241729,
5979,31.2190444,51.4674871,
5980,31.2244003,51.4671725,
5981,31.1894068,51.4709053,
5982,31.2212119,51.4671034,
5983,31.1895822,51.4713099,
5984,31.1901443,51.4712063,
5985,31.1962651,51.4713673,
5986,31.189227,51.4744874,
5987,31.1890402,51.4744782,
5988,31.1944728,51.4715092,
5989,30.2569931,48.8366883,
5990,30.2568461,48.8366975,
5991,30.2566981,48.8339277,
5992,30.2568789,48.8339236,
5993,35.1989476,47.8294009,
5994,35.1997758,47.8311932,
5995,30.3077473,47.9390312,
5996,30.3070368,47.9388184,
5997,30.3031587,47.9363531,
5998,29.5188842,48.3670031,
5999,29.5192655,48.3650323,
6000,25.7501292,49.0163301,
6001,24.920047,48.1733861,
6002,24.9201223,48.1735816,
6003,29.0791648,51.6315952,
6004,25.1660768,50.0695422,
6005,26.3386914,50.6095532,
6006,22.3313335,48.6311656,
6007,29.0796563,51.6364267,
6008,29.0783357,51.6353512,
6009,36.2683488,49.9243649,
6010,36.2736098,49.9320715,
6011,36.2923167,49.9386375,
6012,36.2926612,49.9387494,
6013,31.3969643,49.7624248,
6014,31.9177371,49.3227895,
6015,31.3025389,51.4761306,
6016,31.242282,51.470835,
6017,26.7521597,51.0123596,
6018,26.7530732,51.012624,
6019,32.0279651,46.8870782,
6020,32.0271569,46.8864933,
6021,32.027711,46.8868261,
6022,32.0274437,46.8872345,
6023,30.131647,49.7832519,
6024,26.5838403,48.6777525,
6025,26.5922203,48.6776384,
6026,30.5113596,50.3990479,
6027,30.1998269,49.8015562,
6028,30.2006751,49.8003432,
6029,30.2009605,49.7997681,
6030,26.2963084,51.3263537,
6031,33.3620959,47.883298,
6032,33.3681483,47.891001,
6033,33.3589196,47.8767989,
6034,33.3609275,47.8812489,
6035,29.2305941,49.2563144,
6036,29.2305322,49.2557772,
6037,29.2305145,49.2557605,
6038,29.2305098,49.2554772,
6039,29.23108,49.2553913,
6040,29.231266,49.2556479,
6041,29.2309931,49.255869,
6042,33.1138224,48.6841861,
6043,33.2050384,49.0432581,
6044,33.2058533,49.0436362,
6045,33.208284,49.0450494,
6046,36.3926581,49.8911681,
6047,36.4083116,49.9176957,
6048,36.4078678,49.9177792,
6049,24.7161609,48.9260666,
6050,24.7207221,48.9277036,
6051,35.0221654,48.47417,
6052,35.022285,48.4744253,
6053,25.603591,49.5434271,
6054,25.6032008,49.5435164,
6055,23.8535492,49.1842152,
6056,23.8533436,49.1840383,
6057,30.0784731,49.8149724,
6058,30.0936476,49.8101891,
6059,30.0752558,49.8167564,
6060,30.2003534,49.7999185,
6061,30.2013161,49.7994228,
6062,30.2016888,49.7998469,
6063,30.2009493,49.8002565,
6064,24.5464565,48.4368194,
6065,24.5455071,48.4404561,
6066,33.2224815,49.1851152,
6067,33.2237932,49.1844416,
6068,33.2220686,49.185939,
6069,33.2180879,49.1873859,
6070,33.2487979,49.0678624,
6071,22.7535174,48.4703069,
6072,22.7539433,48.4706231,
6073,22.7537932,48.4722984,
6074,22.7528678,48.4720984,
6075,22.7535961,48.4714693,
6076,22.7545817,48.4709471,
6077,22.7557049,48.4717412,
6078,22.7523511,48.4720261,
6079,22.753822,48.4715285,
6080,22.7532464,48.4708748,
6081,35.0257441,48.3993945,
6082,30.5109153,50.3982836,
6083,30.5315186,50.412608,
6084,30.4628044,50.3672206,
6085,22.98829,48.5457849,
6086,30.357459,46.130314,
6087,30.3132249,46.180644,
6088,30.1506752,49.7855937,
6089,30.1959886,47.3740695,
6090,30.1966287,47.3742511,
6091,35.2387534,47.8485728,
6092,35.0533,47.8216135,
6093,35.0478142,47.817085,
6094,35.048321,47.8174213,
6095,28.4928524,49.2459761,
6096,30.0938561,49.8104184,
6097,35.0539347,47.8212994,
6098,35.0637064,47.8155827,
6099,30.168155,50.3147615,
6100,30.21788,50.2371932,
6101,30.2179198,50.2379198,
6102,30.3655002,50.4242215,
6103,26.1740765,50.5997898,
6104,26.2824835,50.635887,
6105,23.8282423,49.2537013,
6106,26.2723819,50.6053145,
6107,26.2719652,50.6053838,
6108,26.272236,50.6052027,
6109,26.2718174,50.6051336,
6110,26.2758101,50.6117254,
6111,26.2732155,50.6048878,
6112,26.2816677,50.6032976,
6113,26.2728258,50.6052041,
6114,26.2815329,50.60324,
6115,26.2722778,50.605028,
6116,26.2726216,50.6049533,
6117,26.2728312,50.6057426,
6118,26.2578695,50.6110446,
6119,26.2583951,50.6112324,
6120,26.2828491,50.6028061,
6121,26.2822444,50.6030718,
6122,26.2821272,50.6028691,
6123,26.2562366,50.6244045,
6124,26.2607957,50.6258218,
6125,30.8613212,50.532923,
6126,30.8645051,50.5361306,
6127,26.1482125,50.5886657,
6128,26.145106,50.5858506,
6129,32.0036773,46.9693976,
6130,33.3513416,47.8978083,
6131,33.49243,47.9915778,
6132,33.4934283,47.992177,
6133,33.4915615,47.9937518,
6134,33.4917449,47.992172,
6135,33.4913794,47.9915491,
6136,33.4944127,47.9923517,
6137,33.4912712,47.9913648,
6138,35.8598348,49.7256695,
6139,35.860578,49.7252568,
6140,35.8696405,49.7195683,
6141,30.4103812,46.7942301,
6142,30.320908,47.0277172,
6143,22.2648199,48.6565179,
6144,22.2646876,48.6573143,
6145,22.2657526,48.6572473,
6146,34.4925908,49.5705561,
6147,34.4935553,49.5705731,
6148,34.4935505,49.5713696,
6149,34.4943697,49.5710243,
6150,34.4941882,49.570623,
6151,23.8345385,51.612477,
6152,36.1208198,50.1078523,
6153,35.9458115,49.8118391,
6154,35.9456815,49.812161,
6155,35.9467585,49.8133823,
6156,35.9457649,49.813103,
6157,35.8916496,49.762283,
6158,35.9451957,49.8117695,
6159,24.1484559,49.3768189,
6160,24.1488059,49.3766547,
6161,23.9213432,51.4906219,
6162,35.0595266,47.8651926,
6163,35.0591393,47.8650403,
6164,23.7415908,51.4971899,
6165,36.3495652,49.9892265,
6166,36.349508,49.9894609,
6167,36.3467772,49.9891145,
6168,36.3468148,49.9888851,
6169,33.2056423,51.239234,
6170,35.8686118,49.9667715,
6171,35.8665489,49.9663786,
6172,35.8660002,49.9662706,
6173,35.8618105,49.9654946,
6174,28.267372,50.1952345,
6175,28.2665861,50.1950306,
6176,35.9458357,49.81261,
6177,32.8131122,47.0965356,
6178,30.7087642,46.4831763,
6179,30.7081794,46.4832046,
6180,30.7214266,46.4064363,
6181,32.2513122,48.5146724,
6182,32.2511954,48.5143437,
6183,32.2577291,48.5020992,
6184,32.2509198,48.4943146,
6185,32.2840475,48.5201329,
6186,32.2490936,48.5144209,
6187,32.2494057,48.514174,
6188,32.2640611,48.5163557,
6189,32.2639011,48.5166825,
6190,32.2520063,48.5155849,
6191,32.2517029,48.5160124,
6192,32.2606058,48.5084526,
6193,32.2476496,48.5151509,
6194,32.2480924,48.513828,
6195,32.2483588,48.5134035,
6196,32.2576945,48.5023585,
6197,32.2619985,48.5078292,
6198,32.2631471,48.5075661,
6199,32.2797824,48.5006244,
6200,32.2508996,48.5146117,
6201,32.2745552,48.5027797,
6202,32.2648718,48.5166656,
6203,32.260923,48.5086517,
6204,32.2925757,48.5283127,
6205,32.262745,48.5171379,
6206,32.2616857,48.5043196,
6207,32.2484818,48.5128364,
6208,32.2494848,48.512988,
6209,32.2490698,48.5133995,
6210,32.2222375,48.5038427,
6211,32.2928475,48.5265862,
6212,32.2755735,48.503843,
6213,32.2604458,48.5079652,
6214,32.295225,48.5237138,
6215,32.2681872,48.4964265,
6216,32.2648723,48.5209911,
6217,32.1949562,48.5080926,
6218,30.3838472,50.4139981,
6219,30.3837772,50.4138051,
6220,30.7254913,46.4727605,
6221,30.7441349,46.4543518,
6222,30.6296285,46.3484492,
6223,32.0643872,49.4412618,
6224,32.0645783,49.4414141,
6225,32.0759226,49.4347774,
6226,32.0802847,49.4323084,
6227,32.0845859,49.4298805,
6228,32.1014889,49.4205957,
6229,24.1629466,50.7132095,
6230,24.1625825,50.7137657,
6231,24.1626218,50.7132213,
6232,23.832596,51.1949512,
6233,23.8254272,51.1956161,
6234,23.8341576,51.1946635,
6235,30.4096693,50.4074531,
6236,30.3845342,50.4142184,
6237,30.3905542,50.417269,
6238,30.388921,50.4176901,
6239,32.0331717,49.4588118,
6240,34.9383929,48.1314599,
6241,34.9384639,48.1312899,
6242,34.931356,48.0556869,
6243,34.9416321,48.1348943,
6244,34.9415482,48.1350213,
6245,34.949795,48.2474651,
6246,34.9496233,48.2474758,
6247,34.966996,48.1778125,
6248,34.967136,48.1777568,
6249,34.9841865,47.8887857,
6250,34.9834156,47.8893257,
6251,34.9830475,47.8888812,
6252,34.9827114,47.8899504,
6253,34.9817819,47.8892132,
6254,34.9283381,48.0760367,
6255,34.927744,48.0654715,
6256,34.9315935,48.102252,
6257,34.9314285,48.1023201,
6258,34.928665,48.0788749,
6259,34.9288981,48.059274,
6260,30.8508117,48.0228784,
6261,24.0442853,51.2019616,
6262,24.328798,50.8746522,
6263,24.3295222,50.8743582,
6264,24.0502935,51.2021624,
6265,24.0457348,51.2019178,
6266,34.9603502,48.2049232,
6267,34.9558353,48.2016895,
6268,34.960371,48.2021525,
6269,34.9611148,48.2026882,
6270,34.962273,48.199006,
6271,34.96216,48.2023706,
6272,34.9615954,48.2017521,
6273,34.9667273,48.2027845,
6274,34.9607165,48.2045168,
6275,30.8647021,48.0607139,
6276,34.9393994,48.1323544,
6277,34.9398767,48.1324166,
6278,35.0236562,48.4247058,
6279,35.0241249,48.4249967,
6280,26.7550483,50.9998512,
6281,36.2846291,49.9893943,
6282,36.2854277,49.9891922,
6283,35.0780278,48.4784669,
6284,35.0777245,48.4780337,
6285,35.0776692,48.4780116,
6286,35.077094,48.4781157,
6287,35.0781768,48.4778659,
6288,26.2550672,50.6294667,
6289,25.5462605,49.5465762,
6290,25.544753,49.54691,
6291,25.5446516,49.547076,
6292,25.5451464,49.5477386,
6293,25.5494752,49.5442686,
6294,25.5498479,49.5483186,
6295,25.546799,49.5474827,
6296,25.5436933,49.5501932,
6297,25.5583466,49.5419284,
6298,25.5392949,49.5454523,
6299,25.5406333,49.545777,
6300,25.6047231,49.5292151,
6301,25.6028592,49.5432644,
6302,25.6033213,49.5432897,
6303,25.6035452,49.5430527,
6304,25.6003626,49.5334685,
6305,30.6461353,51.3957577,
6306,35.1508424,48.4812161,
6307,26.2075868,50.6127288,
6308,26.2046531,50.6211082,
6309,25.6400533,49.5552555,
6310,25.6357406,49.5658726,
6311,25.6092211,49.5628871,
6312,25.6082798,49.5623216,
6313,25.6112695,49.5627915,
6314,25.6107693,49.5629456,
6315,25.5997529,49.5592958,
6316,25.5996261,49.5594447,
6317,25.6229228,49.5598141,
6318,25.6370877,49.5468638,
6319,25.6367669,49.546962,
6320,25.6362165,49.5472503,
6321,25.622983,49.55227,
6322,25.6235618,49.5536564,
6323,25.6236531,49.5567932,
6324,25.6219576,49.5584494,
6325,25.6217861,49.5591307,
6326,25.6219634,49.5596988,
6327,25.6359346,49.5468316,
6328,25.5990284,49.560209,
6329,25.6097577,49.5625838,
6330,25.635098,49.5469241,
6331,25.6350522,49.546046,
6332,25.6351317,49.5474559,
6333,25.6348158,49.5474191,
6334,25.6357628,49.5467821,
6335,25.5914266,49.5564805,
6336,25.6106244,49.5631825,
6337,25.6108357,49.5634888,
6338,25.6100223,49.5632952,
6339,25.597955,49.5589403,
6340,25.5988751,49.5589986,
6341,25.6003284,49.5595897,
6342,25.6222586,49.5598386,
6343,25.6359502,49.5475161,
6344,25.6356874,49.5477941,
6345,25.621441,49.5604483,
6346,25.6133199,49.5520118,
6347,25.6122677,49.5521292,
6348,26.2587385,50.5700887,
6349,26.2577999,50.569943,
6350,26.2556116,50.5696176,
6351,26.2228099,50.564151,
6352,26.2228988,50.5642493,
6353,26.2046455,50.5621149,
6354,26.2245651,50.5644225,
6355,26.207419,50.5623871,
6356,26.2136612,50.559819,
6357,26.2207146,50.5639432,
6358,24.8980839,49.8098884,
6359,24.903596,49.8075733,
6360,35.0007405,48.5135795,
6361,35.0268289,48.5238177,
6362,35.0027437,48.5142366,
6363,34.9934651,48.5187633,
6364,32.2752069,48.5336521,
6365,31.2081737,51.4697436,
6366,30.7715316,50.4827131,
6367,31.2634933,51.5410951,
6368,31.2627701,51.5407735,
6369,31.2640804,51.5412767,
6370,31.2651076,51.5413095,
6371,31.2630835,51.5401733,
6372,31.284811,51.5014269,
6373,31.2845102,51.5014501,
6374,30.7377716,51.3991331,
6375,32.2653454,48.5227986,
6376,36.1756106,50.0070725,
6377,36.2002684,49.9770027,
6378,36.1973716,49.9862275,
6379,36.3356561,50.0242276,
6380,31.2412398,51.4710772,
6381,31.2403798,51.4714999,
6382,31.2391066,51.4703191,
6383,31.2413991,51.4706022,
6384,31.2405179,51.4708712,
6385,31.2408099,51.4705158,
6386,30.2641612,50.5443793,
6387,30.2630869,50.5402994,
6388,30.3294574,50.4163399,
6389,31.2689529,51.485897,
6390,31.2698598,51.4863084,
6391,31.2750291,51.4875363,
6392,31.2686064,51.4864058,
6393,31.2488281,51.481325,
6394,31.249764,51.4814105,
6395,31.2499683,51.481407,
6396,31.2508916,51.4812414,
6397,30.4504682,50.4775117,
6398,31.3038036,51.4889296,
6399,31.3034203,51.4890674,
6400,31.3043795,51.4862406,
6401,31.304977,51.4861842,
6402,31.3056718,51.4865444,
6403,31.2763188,51.4978157,
6404,31.2839646,51.5012797,
6405,31.249469,51.4817012,
6406,31.249703,51.4825018,
6407,31.2495668,51.4818174,
6408,31.2502145,51.4816108,
6409,31.2501491,51.4817469,
6410,30.5171211,50.4554032,
6411,30.4731904,50.4866469,
6412,31.9870609,46.976024,
6413,30.5936981,50.4176219,
6414,31.2263525,51.5009417,
6415,31.2257968,51.500727,
6416,31.3177844,51.4982358,
6417,30.7116227,48.9108926,
6418,30.7121503,48.9103558,
6419,30.9852402,48.9412107,
6420,30.9853986,48.9414694,
6421,30.7076601,48.9061638,
6422,30.7081247,48.9060941,
6423,30.6972431,48.888594,
6424,30.6975193,48.8892609,
6425,30.7081695,48.9066541,
6426,30.702108,48.8864774,
6427,30.9727206,48.9426399,
6428,30.9720939,48.9431509,
6429,30.6810894,48.8838266,
6430,30.971807,48.94298,
6431,30.9717534,48.9432104,
6432,30.6969256,48.888678,
6433,36.1594814,50.0463548,
6434,35.8334268,49.7508192,
6435,30.55791,50.4424257,
6436,33.369043,47.8796565,
6437,33.4410349,47.9011093,
6438,31.2940071,51.4937755,
6439,30.3855902,50.4298038,
6440,28.0475162,48.5525383,
6441,28.1139316,48.601194,
6442,31.3066468,51.5007341,
6443,31.3087922,51.5019305,
6444,31.285831,51.4889915,
6445,30.5155438,50.4027077,
6446,26.539639,48.6569133,
6447,33.3572983,47.8467532,
6448,33.2705902,47.6975607,
6449,33.2710128,47.7168169,
6450,33.355257,47.8494565,
6451,33.3536237,47.8500571,
6452,33.3549286,47.8494941,
6453,35.0368043,48.5211839,
6454,35.0356585,48.5247132,
6455,33.4459744,47.9015551,
6456,33.4609916,47.8881797,
6457,33.4608749,47.8896301,
6458,33.4397887,47.9011376,
6459,33.384783,47.8983299,
6460,33.3848125,47.898215,
6461,33.2607952,47.889631,
6462,33.2602662,47.8898504,
6463,34.5194394,49.5923365,
6464,34.4146801,48.3051209,
6465,34.5006376,48.3392759,
6466,34.4170404,48.3012361,
6467,34.4182072,48.3067296,
6468,33.5218142,47.9789412,
6469,34.5006202,48.3408029,
6470,34.4995634,48.3410792,
6471,34.4983106,48.3417421,
6472,34.4346792,48.314711,
6473,34.4379812,48.3163415,
6474,34.4418005,48.3181785,
6475,34.4447763,48.319644,
6476,34.4541036,48.3241686,
6477,34.4573803,48.3257565,
6478,34.4767366,48.3320468,
6479,34.480684,48.3332843,
6480,34.4977919,48.3388767,
6481,34.5028531,48.341512,
6482,33.5569568,47.9475773,
6483,33.5545847,47.9440135,
6484,34.4136828,48.304908,
6485,33.5595193,47.9446691,
6486,34.4993998,48.3407481,
6487,34.3887908,48.2900993,
6488,34.3857035,48.2882918,
6489,34.3675424,48.2777147,
6490,34.364658,48.2757331,
6491,34.3160304,48.2440476,
6492,34.154978,48.1796896,
6493,34.1471607,48.1697192,
6494,34.4097777,48.3060665,
6495,34.4107024,48.302897,
6496,34.1451971,48.1754132,
6497,33.5616214,47.9452086,
6498,33.5572951,47.9472312,
6499,34.4133253,48.3043828,
6500,34.4148111,48.3050353,
6501,34.4148604,48.3042325,
6502,33.5080417,47.936582,
6503,33.5159094,47.9378572,
6504,33.5198527,47.9384903,
6505,33.5330417,47.940544,
6506,33.4970773,47.9349971,
6507,33.4342066,47.9319626,
6508,33.4337228,47.9332132,
6509,34.5581734,49.5911096,
6510,30.7403502,46.5391679,
6511,30.7349378,46.5562433,
6512,34.405802,48.3072318,
6513,24.4664145,50.6366032,
6514,24.6464576,50.728948,
6515,24.6530942,50.7450675,
6516,24.6520534,50.7452937,
6517,24.6532305,50.7461528,
6518,25.9592596,48.3163933,
6519,23.8534937,49.2445455,
6520,36.3503388,49.9963968,
6521,36.3469925,49.9966086,
6522,36.3456497,49.9965895,
6523,36.3451823,49.9965619,
6524,32.5631217,46.6391745,
6525,36.2975822,49.9740186,
6526,36.317884,49.9982646,
6527,36.3604298,49.9919428,
6528,36.3611445,49.9912989,
6529,36.2997365,49.9727187,
6530,36.3000149,49.9726267,
6531,31.2863888,51.5367871,
6532,28.3332279,49.0425853,
6533,28.3327522,49.0427212,
6534,23.9835753,49.811258,
6535,28.4214679,49.2126953,
6536,28.4075251,49.2082234,
6537,28.4084722,49.2086494,
6538,28.4086363,49.2164777,
6539,35.9744602,50.2743031,
6540,35.1512069,48.4812067,
6541,35.9698471,50.0316317,
6542,35.9695278,50.0312999,
6543,24.7812468,50.5146208,
6544,28.643873,50.2774844,
6545,28.6437424,50.2771512,
6546,36.340302,49.9883885,
6547,30.2881735,46.1757925,
6548,30.4541964,50.373106,
6549,33.4381157,47.9852969,
6550,33.4356398,47.9570194,
6551,30.9825509,50.7704737,
6552,30.9768045,50.7630676,
6553,30.9737038,50.759088,
6554,30.9625389,50.744912,
6555,30.9895326,50.7793459,
6556,30.9892053,50.7789264,
6557,30.9879531,50.7773713,
6558,30.9876132,50.776959,
6559,30.9857285,50.7746093,
6560,30.9853014,50.7740735,
6561,30.9826116,50.7705594,
6562,30.9846272,50.7730195,
6563,30.9862782,50.7751151,
6564,30.9894601,50.7790392,
6565,30.9898236,50.7794981,
6566,34.7887865,48.3888412,
6567,35.7893991,47.5805069,
6568,35.7915059,47.5811259,
6569,31.7747071,50.242202,
6570,35.0113947,47.8674233,
6571,35.0113925,47.8676432,
6572,30.4578601,50.3705445,
6573,30.4591088,50.369828,
6574,30.4746912,50.3572687,
6575,28.6151075,49.9533939,
6576,28.6150584,49.9537151,
6577,28.6119776,49.9462378,
6578,28.6111551,49.9435058,
6579,34.5708358,48.5898135,
6580,34.5716063,48.5900197,
6581,35.0768447,48.5112113,
6582,32.0211912,47.0458348,
6583,35.169355,47.8333552,
6584,34.5518144,49.5866528,
6585,28.5022253,49.3208053,
6586,28.5145237,49.3462967,
6587,28.5143857,49.357448,
6588,26.6184119,51.3276379,
6589,32.0202209,47.0461085,
6590,32.0238566,47.0469437,
6591,32.0233086,47.0477937,
6592,31.9725292,47.0405928,
6593,28.710867,50.2524471,
6594,28.7111805,50.2522646,
6595,28.7113134,50.2523696,
6596,28.7275603,50.2501425,
6597,35.7257139,50.376788,
6598,30.4801976,49.8201791,
6599,34.492575,49.597445,
6600,34.4936932,49.5981503,
6601,34.4955206,49.5992044,
6602,34.4965557,49.5998176,
6603,34.5398301,49.595133,
6604,34.5393671,49.5953536,
6605,34.5298418,49.5996553,
6606,34.4920853,49.5664382,
6607,34.4921258,49.566834,
6608,32.5929169,52.1719661,
6609,32.6385133,52.1583495,
6610,34.5308438,49.5993996,
6611,34.5305494,49.5991297,
6612,33.424335,49.0454733,
6613,31.772046,50.2450525,
6614,31.7733362,50.2434719,
6615,33.4326943,47.9310693,
6616,22.2850137,48.6249173,
6617,22.2991788,48.6092596,
6618,22.29917,48.6090297,
6619,22.2845946,48.6254179,
6620,22.2844575,48.6256488,
6621,28.8014666,50.2855814,
6622,28.8002444,50.2862595,
6623,28.8011145,50.2870261,
6624,31.7633714,50.2753964,
6625,31.7610012,50.2832767,
6626,30.6219583,50.4068737,
6627,28.5703193,49.2587387,
6628,28.5701431,49.2586129,
6629,28.5708295,49.260237,
6630,33.2500192,48.046678,
6631,33.251431,48.0459218,
6632,33.2462096,48.0454004,
6633,33.2506059,48.043513,
6634,33.3928377,47.9316263,
6635,33.3922977,47.9318621,
6636,35.5097279,49.2627031,
6637,33.2274185,47.7189049,
6638,37.6861766,49.850085,
6639,29.2422361,48.8221245,
6640,33.2701991,47.713079,
6641,33.6236604,47.066919,
6642,33.6278087,47.0682612,
6643,33.629167,47.0687365,
6644,34.4445591,47.62184,
6645,34.4446575,47.6218429,
6646,34.3842805,47.5831314,
6647,33.3308046,47.9076778,
6648,31.7739348,50.2433656,
6649,31.7737208,50.243585,
6650,36.0696347,49.7521078,
6651,36.0697376,49.7525762,
6652,30.2284493,50.12856,
6653,30.2282113,50.1288966,
6654,34.5468791,49.5758424,
6655,33.2776988,47.5163278,
6656,33.5859757,47.7437273,
6657,33.6741835,47.6608157,
6658,34.4933811,49.5663811,
6659,33.9317717,48.3460692,
6660,32.664389,48.7200803,
6661,32.6685869,48.7181549,
6662,31.2947736,51.4939497,
6663,31.294386,51.4937361,
6664,34.4095818,47.5847154,
6665,34.4038829,47.5721161,
6666,34.4447759,47.6228857,
6667,34.3862937,47.5682885,
6668,34.3921578,47.5691057,
6669,34.3951115,47.5560686,
6670,34.3873041,47.5681401,
6671,34.3914422,47.5689607,
6672,34.3913128,47.5692847,
6673,34.3373339,47.5787909,
6674,34.3918489,47.5694753,
6675,34.3894076,47.5737468,
6676,34.3879465,47.5764581,
6677,34.3878261,47.5766854,
6678,34.3851537,47.5682708,
6679,32.8102738,46.7439575,
6680,34.6379851,47.660469,
6681,34.3916332,47.5688956,
6682,34.3872332,47.5681324,
6683,34.4443299,47.6222002,
6684,31.5539953,47.8734366,
6685,31.5545531,47.8735298,
6686,35.1452208,47.8361204,
6687,35.1442414,47.835652,
6688,35.1449431,47.835682,
6689,31.7735329,50.2432244,
6690,22.5064306,48.5288847,
6691,22.5052378,48.5319423,
6692,22.5047135,48.5316565,
6693,35.1837809,47.7861244,
6694,35.1872587,47.7837055,
6695,35.188519,47.7819367,
6696,35.1836708,47.7869161,
6697,35.1830207,47.7874191,
6698,31.9677755,46.9681167,
6699,31.9695017,46.9680064,
6700,31.9460034,47.0652437,
6701,31.9451952,47.0674107,
6702,31.9678089,47.0429588,
6703,31.9459368,47.0672874,
6704,31.9461709,47.067708,
6705,36.7441365,48.2544448,
6706,36.7408025,48.2683156,
6707,36.7407516,48.2686245,
6708,33.5046792,48.0285417,
6709,25.7030839,50.4249541,
6710,36.7514241,48.2541108,
6711,26.4610825,50.8604183,
6712,26.4606274,50.8602932,
6713,26.4612529,50.860084,
6714,26.4611525,50.8601344,
6715,26.4618121,50.8601817,
6716,36.7407167,48.2688583,
6717,36.7413712,48.2678817,
6718,36.7393649,48.2683245,
6719,36.9267077,48.2392461,
6720,33.3438282,47.8325683,
6721,33.3471307,47.8396332,
6722,33.3471716,47.8397415,
6723,33.3575423,47.8377334,
6724,33.2045227,51.2418624,
6725,33.2050367,51.2401106,
6726,33.3825743,51.5246734,
6727,33.382525,51.5247234,
6728,33.3579148,51.536154,
6729,33.4187271,47.8998518,
6730,33.4187443,47.8999634,
6731,33.3926287,47.8847692,
6732,35.181445,47.7922252,
6733,31.1567399,51.0668913,
6734,32.465739,51.5225993,
6735,32.4650985,51.5229067,
6736,32.4648602,51.5233938,
6737,32.4611784,51.5226725,
6738,32.4648919,51.5226159,
6739,32.4953411,51.5369043,
6740,26.4477916,50.8761943,
6741,31.8620514,51.1393564,
6742,31.3055314,51.4138757,
6743,31.8512658,51.0050682,
6744,31.8393733,51.0153421,
6745,31.8383391,51.016687,
6746,31.8139811,51.037944,
6747,31.8127899,51.0388697,
6748,31.8037318,51.0457217,
6749,31.8032398,51.0459844,
6750,32.3933132,50.5840471,
6751,32.3939005,50.5839718,
6752,32.394395,50.5844354,
6753,32.3940876,50.5847459,
6754,32.3931997,50.5846517,
6755,31.6686241,51.1375128,
6756,32.292114,50.6362532,
6757,32.291076,50.6361714,
6758,32.393662,50.5851805,
6759,32.2909731,50.6361802,
6760,32.2900671,50.6363965,
6761,32.3709733,50.5970477,
6762,32.3838968,50.59512,
6763,32.3964544,50.5932415,
6764,32.3937031,50.5834859,
6765,32.2915182,50.6357943,
6766,32.2903868,50.6358858,
6767,31.3068925,51.4451393,
6768,32.2897518,50.6353779,
6769,32.2908206,50.6354654,
6770,32.2908802,50.6354604,
6771,32.2903783,50.6358379,
6772,32.3921392,50.58465,
6773,32.3810402,50.5875741,
6774,32.3676802,50.5975352,
6775,32.368538,50.5904579,
6776,32.3812963,50.5883912,
6777,32.3851509,50.6044665,
6778,32.392146,50.610668,
6779,32.3823815,50.6126142,
6780,32.3822658,50.6129296,
6781,32.4238742,50.6259438,
6782,32.3665645,50.6422698,
6783,32.3951111,50.5840448,
6784,32.4542801,50.2470985,
6785,32.454185,50.2470137,
6786,31.0220134,50.321604,
6787,30.5160519,50.4339459,
6788,26.6372505,50.334971,
6789,26.6372754,50.3350866,
6790,26.6372261,50.3351176,
6791,26.6370343,50.3350908,
6792,28.8019766,50.2861284,
6793,28.8015922,50.2855732,
6794,28.7973101,50.2919331,
6795,33.4264095,49.0679092,
6796,33.4279039,49.0695445,
6797,33.4288002,49.0704228,
6798,33.4283896,49.0697306,
6799,36.7034635,48.2446246,
6800,36.7445844,48.2541698,
6801,31.4454409,51.2469812,
6802,30.4397026,50.4434299,
6803,30.4463551,50.4545178,
6804,30.2425746,50.5108792,
6805,30.2421888,50.5108149,
6806,30.2422587,50.5106018,
6807,31.8193306,51.8765265,
6808,31.6480703,51.909397,
6809,28.8444236,48.6738254,
6810,30.6293506,50.0931948,
6811,31.8514654,51.0048828,
6812,31.8492851,51.0020687,
6813,30.5170512,50.4224363,
6814,32.6400201,52.2847511,
6815,30.8107308,48.001989,
6816,32.6254052,51.8653178,
6817,33.2504934,49.0386259,
6818,31.2956626,48.2968088,
6819,31.2957181,48.2957242,
6820,31.3325053,48.273703,
6821,31.3335152,48.2738875,
6822,31.530731,48.209976,
6823,32.1773312,48.0395525,
6824,33.4773682,48.3439859,
6825,32.2430248,48.2345771,
6826,30.679435,48.884198,
6827,34.5121417,48.8241277,
6828,34.5110924,48.8235332,
6829,28.3431773,49.1100561,
6830,28.3427211,49.1098088,
6831,28.341725,49.109031,
6832,28.3427976,49.1095733,
6833,28.3429505,49.1095262,
6834,34.5586888,48.5848184,
6835,34.4923066,48.9449263,
6836,34.4926636,48.9453041,
6837,30.3290672,50.375832,
6838,30.3296308,50.3760076,
6839,30.2802178,50.3443002,
6840,30.2803002,50.344492,
6841,30.2801756,50.3440595,
6842,30.280265,50.3441485,
6843,30.2800008,50.3443692,
6844,30.3301755,50.3760726,
6845,30.3295944,50.3761743,
6846,30.2798634,50.3443459,
6847,30.6627967,50.1390175,
6848,26.2538845,50.5693574,
6849,23.9814513,49.5521587,
6850,31.001486,47.6345173,
6851,31.001218,47.6348555,
6852,31.1650036,47.3020101,
6853,32.2672625,48.4560663,
6854,32.2662046,48.4563849,
6855,32.3173153,48.5384096,
6856,32.2878059,48.5282638,
6857,29.0373208,45.6938079,
6858,29.0367015,45.6936793,
6859,29.0359564,45.6933993,
6860,32.3357322,48.4962087,
6861,32.3366873,48.4967616,
6862,32.3158507,48.5397257,
6863,32.2658883,48.4573788,
6864,32.2652492,48.4564922,
6865,32.2902793,48.5276315,
6866,32.2651535,48.4558526,
6867,32.2660536,48.4557933,
6868,32.2661216,48.4558328,
6869,32.2661499,48.4564328,
6870,32.2651812,48.4564525,
6871,32.2650986,48.4559003,
6872,32.26379,48.4561864,
6873,32.3173036,48.5391911,
6874,32.3175937,48.5391979,
6875,30.6819352,48.2361558,
6876,30.6823064,48.2361246,
6877,31.6338625,48.6638355,
6878,30.8746867,48.233714,
6879,31.6536889,48.7260842,
6880,31.6526737,48.7271422,
6881,31.6531736,48.7943787,
6882,31.6374086,48.639917,
6883,31.3420685,48.5696403,
6884,30.0995922,46.8340309,
6885,30.0736605,47.6958541,
6886,29.732144,48.1262235,
6887,30.7360115,46.5567441,
6888,33.1142961,48.6828543,
6889,33.1141055,48.6828388,
6890,33.1113726,48.6918546,
6891,33.0739113,48.6738117,
6892,30.2297458,46.465504,
6893,30.4544427,46.25683,
6894,25.540501,49.545899,
6895,25.5521377,49.5489546,
6896,34.9965531,48.3776064,
6897,33.3940293,47.8992736,
6898,33.3940029,47.8993619,
6899,37.4762347,49.3388922,
6900,34.5361047,49.5969111,
6901,34.5357825,49.5966294,
6902,33.7206744,48.4243485,
6903,35.0121106,48.4693908,
6904,35.0116906,48.4691204,
6905,35.0279456,48.4731424,
6906,35.011927,48.469065,
6907,34.9958013,48.4386625,
6908,34.8936208,50.3092121,
6909,34.9748999,49.9833061,
6910,31.0597682,51.4463694,
6911,31.0643397,51.4472115,
6912,28.4991912,50.3031588,
6913,28.5124501,50.3047762,
6914,28.4982306,50.3034628,
6915,28.5137582,50.3055802,
6916,28.5078848,50.301562,
6917,28.5027558,50.3030501,
6918,33.4953777,50.7402578,
6919,25.2116111,50.1217317,
6920,25.2940602,50.1548056,
6921,25.2953118,50.155589,
6922,34.5169711,49.5517266,
6923,33.878058,51.3292727,
6924,33.8778671,51.3333395,
6925,33.8746843,51.3333005,
6926,25.8477872,48.5251529,
6927,25.8533946,48.5359298,
6928,24.7145164,48.9058369,
6929,24.6980649,48.903435,
6930,24.7198986,48.9182904,
6931,31.2971784,50.3638687,
6932,36.2471004,49.9794017,
6933,32.0572778,46.9414586,
6934,32.0569544,46.9426029,
6935,32.0564202,46.9423697,
6936,32.0556059,46.9416584,
6937,32.0563024,46.9416958,
6938,32.055752,46.9425069,
6939,32.0559774,46.9421467,
6940,30.1972405,51.288947,
6941,30.1673369,51.2778998,
6942,30.1669462,51.2758476,
6943,30.5315629,50.4047606,
6944,34.9053575,48.5570642,
6945,25.8459172,48.5250119,
6946,30.5094695,50.3975273,
6947,28.524887,49.4873168,
6948,28.4750875,49.2951863,
6949,35.1427104,47.8517404,
6950,34.7776923,48.4210558,
6951,34.7765973,48.421693,
6952,34.7700743,48.4245504,
6953,34.7227846,48.4657273,
6954,34.7106748,48.4700386,
6955,34.7030059,48.4727488,
6956,34.7106472,48.4699137,
6957,34.7226583,48.4656002,
6958,34.7700166,48.424435,
6959,34.7743886,48.4226195,
6960,34.7764948,48.4216038,
6961,34.7774675,48.4209982,
6962,30.5498109,50.44084,
6963,34.3161417,48.7379888,
6964,26.2578039,50.6113574,
6965,26.3461284,50.6100447,
6966,26.3411841,50.6110728,
6967,26.3418158,50.6104318,
6968,26.3433991,50.6120023,
6969,26.1483277,50.5876677,
6970,26.34091,50.609841,
6971,26.3405133,50.6104043,
6972,26.3419865,50.610284,
6973,26.3411114,50.6097369,
6974,31.8769953,49.2319544,
6975,34.5512305,49.5962738,
6976,25.4750023,50.7827,
6977,25.4735276,50.7832018,
6978,30.2494467,50.2132467,
6979,30.2496555,50.2132047,
6980,30.2508193,50.2134953,
6981,30.2508386,50.2142058,
6982,32.720055,46.6727686,
6983,32.6050828,46.6559053,
6984,32.6984121,46.7248181,
6985,32.7001345,46.7274975,
6986,32.7010383,46.7277095,
6987,32.6977938,46.7281575,
6988,32.7154162,46.7202251,
6989,32.7063339,46.7327646,
6990,32.6849333,46.6769961,
6991,32.6845028,46.6767655,
6992,32.7193584,46.6797289,
6993,32.7178076,46.6762492,
6994,32.7170633,46.675786,
6995,32.7228545,46.6765139,
6996,32.7217654,46.6769622,
6997,32.7195048,46.679724,
6998,32.6863356,46.6769512,
6999,32.7003348,46.726789,
7000,32.7001872,46.726847,
7001,32.6996033,46.7275541,
7002,32.6850894,46.6767558,
7003,32.7013739,46.7278464,
7004,32.7017569,46.727017,
7005,32.6853858,46.6767909,
7006,32.7230809,46.7496399,
7007,32.7676711,46.7566464,
7008,32.7197683,46.676866,
7009,32.7236479,46.6869311,
7010,32.7266768,46.6925318,
7011,32.721711,46.7056593,
7012,32.7164685,46.7179336,
7013,32.7137901,46.7221253,
7014,32.7071896,46.7338877,
7015,32.7062941,46.732957,
7016,32.705635,46.7322984,
7017,32.7025724,46.7292187,
7018,32.6850772,46.7115908,
7019,32.7189932,46.6760331,
7020,32.7178284,46.6764924,
7021,32.7195721,46.6767046,
7022,32.6944058,46.7288864,
7023,30.2180278,50.1832083,
7024,35.5203681,50.1590265,
7025,35.3590831,49.0178924,
7026,35.3660229,49.0241562,
7027,35.4184618,48.9969878,
7028,35.4125481,48.998521,
7029,35.4161255,48.9989873,
7030,35.4148783,48.9989341,
7031,27.0469268,48.3762506,
7032,35.8614966,48.5396274,
7033,35.8650884,48.5239459,
7034,35.8649499,48.524203,
7035,35.0066312,48.4213041,
7036,30.5124898,50.0833503,
7037,34.5390474,49.5950687,
7038,34.5395025,49.5948512,
7039,35.8567558,48.5262717,
7040,32.1497163,46.9669544,
7041,32.1470609,46.9617629,
7042,32.1319565,46.957682,
7043,32.1481154,46.9717354,
7044,32.1493562,46.9675096,
7045,35.1165218,47.8419588,
7046,35.1164157,47.8418721,
7047,35.1333635,47.831039,
7048,35.133279,47.830967,
7049,35.1331164,47.8310551,
7050,35.1332103,47.8311225,
7051,30.3660587,50.424137,
7052,30.4041939,50.4028131,
7053,30.3686924,50.4249775,
7054,30.3659798,50.4242923,
7055,30.3685418,50.4235862,
7056,30.3678218,50.4236342,
7057,30.3686798,50.4239028,
7058,30.3681521,50.4227623,
7059,36.2058933,49.9868394,
7060,36.207641,49.9870039,
7061,25.5931736,49.5508626,
7062,25.5938286,49.5509264,
7063,22.7010087,48.4284314,
7064,22.7004363,48.4283133,
7065,22.7006711,48.4281522,
7066,35.1451704,50.0500046,
7067,35.1452785,50.0497209,
7068,35.1447715,50.0497151,
7069,26.1267425,50.5765874,
7070,26.1222733,50.5743665,
7071,26.1009314,50.5617899,
7072,35.0352724,48.5250281,
7073,35.0357721,48.5249075,
7074,34.8798348,48.5668245,
7075,34.8531585,48.5761332,
7076,35.0977916,48.5602661,
7077,35.052012,48.4682957,
7078,35.083706,48.5269061,
7079,26.3153739,50.6510166,
7080,26.3157477,50.6508781,
7081,26.3160119,50.6511076,
7082,26.3156266,50.6512813,
7083,36.0006873,48.2499231,
7084,30.475077,50.3574957,
7085,36.2595933,49.9707775,
7086,32.0336563,46.9571353,
7087,32.0334552,46.9577245,
7088,32.0337679,46.9567668,
7089,32.034675,46.9567809,
7090,32.0331496,46.9567431,
7091,32.0333535,46.956317,
7092,34.3359059,48.6513031,
7093,34.3354152,48.6516076,
7094,32.0761071,49.4349196,
7095,32.0529534,49.4479565,
7096,32.0806434,49.4323354,
7097,32.0527509,49.4477976,
7098,32.0293817,49.4452207,
7099,34.335754,48.6517177,
7100,34.334944,48.6539722,
7101,34.3266089,48.6582103,
7102,34.3246202,48.6588854,
7103,22.444623,48.8637537,
7104,34.5286211,49.5659595,
7105,34.5294136,49.5654628,
7106,34.4954329,49.5706216,
7107,34.5039493,49.572265,
7108,34.5075312,49.5721252,
7109,34.5039861,49.5720045,
7110,30.2798925,50.5534762,
7111,30.2783264,50.5538619,
7112,33.2484197,49.1232951,
7113,34.566795,49.5707979,
7114,36.2907337,49.887361,
7115,36.2913255,49.8869906,
7116,34.3264198,48.6580293,
7117,22.2918624,48.6143865,
7118,22.2929928,48.6133178,
7119,31.3840864,50.7390103,
7120,31.39129,50.7474286,
7121,30.7464382,46.4677994,
7122,30.7424258,46.4681935,
7123,30.7412981,46.4686113,
7124,30.740603,46.4683549,
7125,30.7391145,46.4684542,
7126,30.739609,46.4684203,
7127,30.7382824,46.4685683,
7128,30.7307827,46.4373814,
7129,30.7264923,46.4377879,
7130,30.7391412,46.4695669,
7131,30.7251053,46.4377333,
7132,30.7246969,46.4379406,
7133,30.7307405,46.4371952,
7134,30.7263407,46.4376101,
7135,30.7263018,46.4377632,
7136,30.7261676,46.4383883,
7137,30.7260632,46.4382467,
7138,30.7253715,46.4377133,
7139,30.7254338,46.4379422,
7140,30.7384208,46.4516957,
7141,30.7286898,46.4301975,
7142,30.7294169,46.4304211,
7143,28.0071407,49.5736001,
7144,28.0085151,49.573402,
7145,30.7296205,46.4621179,
7146,30.7321472,46.4616867,
7147,30.7353177,46.4652145,
7148,30.7293234,46.4621762,
7149,22.8872045,48.5318842,
7150,22.888319,48.5321006,
7151,34.5850992,49.5668868,
7152,34.582473,49.565726,
7153,34.5770312,49.5651447,
7154,34.5807566,49.5775504,
7155,34.5865256,49.5748921,
7156,34.5865363,49.5689877,
7157,34.5863276,49.5689918,
7158,34.5825739,49.5656068,
7159,34.5865525,49.5767774,
7160,34.5840666,49.5798138,
7161,34.5865367,49.5678683,
7162,34.5860051,49.5678846,
7163,34.5855402,49.5794696,
7164,34.5771022,49.5645065,
7165,34.585523,49.5667045,
7166,25.5466115,48.4553517,
7167,30.6667957,50.1125109,
7168,30.6659002,50.1122708,
7169,30.6655415,50.1119231,
7170,30.6655317,50.1117022,
7171,22.5676629,48.1633532,
7172,34.9107692,48.9134114,
7173,34.5416342,48.536348,
7174,34.5407435,48.536537,
7175,34.5404642,48.536285,
7176,34.5400787,48.5364471,
7177,34.541392,48.5364888,
7178,34.5420832,48.5364719,
7179,34.5395191,48.5368336,
7180,34.4926161,49.5982892,
7181,33.6193811,47.9546692,
7182,33.6099811,47.9531384,
7183,33.6067681,47.9526122,
7184,33.603796,47.9521135,
7185,33.6428555,47.9628995,
7186,33.7446191,48.4210363,
7187,33.75203,48.4165052,
7188,33.7520663,48.4182747,
7189,33.7510875,48.4182672,
7190,33.7506188,48.4175459,
7191,24.697025,48.903685,
7192,24.6970155,48.9034941,
7193,24.724663,48.9175778,
7194,22.3003146,48.609796,
7195,22.2993584,48.6093576,
7196,34.1195301,48.1684115,
7197,34.1180313,48.1680398,
7198,34.1441054,48.1683205,
7199,34.135908,48.1730683,
7200,34.1457339,48.1689829,
7201,26.4178711,50.9116409,
7202,26.4168537,50.9113055,
7203,26.4180133,50.9116851,
7204,30.362185,50.5152273,
7205,30.3627602,50.5155691,
7206,34.9278599,48.0774296,
7207,34.9284476,48.0770142,
7208,22.730443,48.4416237,
7209,26.3327572,50.7024638,
7210,34.8614315,48.3217413,
7211,22.7337387,48.4296746,
7212,26.1755678,50.704667,
7213,26.1762775,50.7041685,
7214,26.1776794,50.7043457,
7215,26.1772321,50.7043653,
7216,26.1621757,50.6671469,
7217,26.1624578,50.6673535,
7218,26.1629208,50.6683013,
7219,26.1766043,50.7036579,
7220,26.1771663,50.7041377,
7221,26.162398,50.6678373,
7222,26.1621031,50.6675653,
7223,26.043041,50.8581931,
7224,26.0433583,50.8577025,
7225,27.9431119,49.4936359,
7226,27.9438574,49.4927609,
7227,30.7279393,46.4298196,
7228,30.7284229,46.4301349,
7229,33.0813393,48.6654176,
7230,33.1157854,48.6755518,
7231,33.1200939,48.6548061,
7232,33.1198161,48.6566347,
7233,33.1195084,48.6582245,
7234,33.119149,48.6600809,
7235,33.1186428,48.6626953,
7236,33.118571,48.6630662,
7237,33.1184428,48.6637662,
7238,33.1174812,48.6686842,
7239,33.1173467,48.6686684,
7240,33.1182968,48.6637534,
7241,33.1184347,48.6630539,
7242,33.1185092,48.6626851,
7243,33.119024,48.6600709,
7244,33.1193938,48.6582176,
7245,33.119702,48.6566249,
7246,33.1091601,48.6902112,
7247,26.2554997,50.5297325,
7248,22.7129362,48.4469977,
7249,22.7128519,48.4471058,
7250,35.4023935,48.6135361,
7251,26.225058,50.5108025,
7252,22.736378,48.4256461,
7253,33.039047,48.1441968,
7254,24.5877599,48.6510247,
7255,24.5877492,48.6510616,
7256,24.5871556,48.6511752,
7257,24.5871167,48.6511478,
7258,24.5872719,48.6507742,
7259,24.5873266,48.6507638,
7260,24.5784472,48.6492848,
7261,24.5788812,48.6494469,
7262,24.5788861,48.6495369,
7263,24.5785855,48.6495568,
7264,24.5793174,48.6494936,
7265,35.1715664,48.6403209,
7266,35.1654092,48.6420387,
7267,30.2596375,48.319056,
7268,30.2542681,48.3286731,
7269,30.2560107,48.3265986,
7270,35.0798879,48.369915,
7271,27.803069,49.1557023,
7272,27.8046919,49.1551882,
7273,29.3347405,47.4067222,
7274,32.4494251,46.701138,
7275,32.4490482,46.7011826,
7276,32.417574,46.7130361,
7277,32.5206874,46.6921684,
7278,32.5179008,46.6926523,
7279,32.5137202,46.693044,
7280,32.49797,46.6950804,
7281,32.4981748,46.6951582,
7282,32.4920253,46.6961437,
7283,32.4918347,46.6960498,
7284,32.3916278,46.7412691,
7285,32.3919334,46.7412606,
7286,32.3855922,46.7465457,
7287,32.3852689,46.7464924,
7288,32.1512501,46.9577624,
7289,32.1517804,46.954189,
7290,32.3929698,46.7393888,
7291,32.3933546,46.7387993,
7292,32.3736273,46.7528152,
7293,32.3728764,46.7531887,
7294,32.3443368,46.7662916,
7295,32.7216299,46.676934,
7296,32.7205682,46.6762249,
7297,36.1275632,48.1026078,
7298,36.5150559,48.0589405,
7299,31.6505107,51.3519176,
7300,31.6504041,51.3512266,
7301,26.3407757,50.6069165,
7302,31.6719597,50.5999867,
7303,31.6703531,50.5954317,
7304,25.1205904,48.3108843,
7305,25.163305,48.2487233,
7306,25.1629894,48.249287,
7307,25.0105454,50.7699072,
7308,33.4351613,47.918889,
7309,33.4311513,47.920778,
7310,31.3778279,50.7698961,
7311,31.1166281,50.9130299,
7312,31.1161505,50.9124062,
7313,31.9708841,47.0414516,
7314,31.807626,47.2645845,
7315,31.9608037,47.0481522,
7316,31.9453923,47.0678775,
7317,31.9457812,47.0672527,
7318,31.9455493,47.0679186,
7319,24.632904,48.8812794,
7320,25.7263556,48.8473015,
7321,27.9648645,49.5571635,
7322,25.8303102,49.0083087,
7323,25.2710466,50.9162647,
7324,25.2741696,50.9156316,
7325,25.2631168,50.9052896,
7326,25.263653,50.9057245,
7327,25.2227951,50.8796097,
7328,25.2794163,50.914037,
7329,25.2796188,50.9137525,
7330,25.2789528,50.914257,
7331,26.5922229,48.6775028,
7332,34.0900438,47.5841863,
7333,34.0950712,47.5882283,
7334,34.0977229,47.5903886,
7335,34.0899124,47.583885,
7336,34.0895136,47.5837302,
7337,34.0901148,47.5837322,
7338,34.4431415,47.6217868,
7339,30.613592,48.2495971,
7340,30.6465017,48.1821313,
7341,30.646888,48.1816378,
7342,30.5440448,48.3108354,
7343,30.4326483,48.3726112,
7344,30.2370377,48.4352457,
7345,30.2368684,48.4353479,
7346,30.234535,48.4542766,
7347,30.2347026,48.4541737,
7348,30.2341531,48.4586273,
7349,30.233987,48.4587218,
7350,30.2329668,48.4669935,
7351,30.2331358,48.4668722,
7352,30.2325757,48.471413,
7353,30.2324141,48.4714875,
7354,30.2275933,48.5243632,
7355,30.2308932,48.4832849,
7356,30.2314129,48.4791887,
7357,31.3264788,50.3675418,
7358,30.2535462,48.3416184,
7359,30.2528856,48.3413417,
7360,30.2287854,48.5444044,
7361,30.2294681,48.5463109,
7362,30.2288667,48.5411608,
7363,30.2281199,48.5326863,
7364,30.2353521,48.6205054,
7365,30.2368682,48.6224604,
7366,30.2364479,48.6227305,
7367,30.252523,48.7160121,
7368,30.2519767,48.7168732,
7369,30.2517169,48.7160718,
7370,33.2504099,48.0448459,
7371,34.2766146,48.650966,
7372,34.2756875,48.6510879,
7373,34.2765084,48.6510208,
7374,34.2770434,48.6505971,
7375,34.27715,48.6510858,
7376,34.2778864,48.6513409,
7377,34.2770657,48.6510113,
7378,34.2770551,48.6514002,
7379,34.2770088,48.6514233,
7380,34.2763979,48.6512951,
7381,33.3925476,47.9103877,
7382,33.392116,47.9105592,
7383,33.3916041,47.911042,
7384,33.3915248,47.9106566,
7385,33.391921,47.9106757,
7386,33.3921109,47.9102654,
7387,33.3913374,47.9103468,
7388,33.3915743,47.9101559,
7389,33.3918569,47.9097924,
7390,33.3919671,47.9101706,
7391,30.1954429,49.6968722,
7392,30.1947488,49.6914135,
7393,30.1948978,49.6912686,
7394,30.2389481,48.9246255,
7395,30.242852,48.9207194,
7396,30.2430218,48.920728,
7397,30.2571549,48.7838512,
7398,30.2595013,48.7557112,
7399,30.2944399,48.0595523,
7400,30.2942218,48.055807,
7401,30.294391,48.0556994,
7402,30.2961306,48.0838518,
7403,30.2975289,48.0837652,
7404,30.2969632,48.0842353,
7405,30.2968709,48.0833991,
7406,30.2996249,48.1097446,
7407,30.299839,48.1136541,
7408,30.3031677,48.147426,
7409,30.3034512,48.1513245,
7410,30.3026044,48.1593786,
7411,30.3014534,48.1638018,
7412,30.2889353,48.2091054,
7413,30.2878537,48.2130412,
7414,27.1830428,51.2365679,
7415,28.5784301,49.2156305,
7416,25.5080416,50.0037097,
7417,25.3828925,49.8014427,
7418,25.3811609,49.8015036,
7419,25.3823154,49.8012302,
7420,25.3826226,49.8011797,
7421,25.3829147,49.8011334,
7422,31.4630376,49.7551593,
7423,30.5335186,50.297237,
7424,30.5335312,50.2965635,
7425,36.2359346,50.0045576,
7426,36.2363949,50.0057352,
7427,25.2903555,50.7116396,
7428,22.7014008,49.4810701,
7429,22.6678981,49.4777726,
7430,22.6683592,49.4778381,
7431,22.6676486,49.4777933,
7432,22.6675154,49.4776201,
7433,30.3091671,47.9394269,
7434,30.3084968,47.9391345,
7435,30.3083181,47.9393151,
7436,30.308612,47.9367143,
7437,30.3141123,47.940844,
7438,30.3085233,47.9356817,
7439,30.3083328,47.9384326,
7440,30.3085096,47.9396424,
7441,30.3093129,47.9394702,
7442,30.3085884,47.9419417,
7443,31.8767758,49.1919177,
7444,31.8767621,49.191537,
7445,30.7463955,51.5220882,
7446,30.7465034,51.5219629,
7447,30.7471385,51.5218998,
7448,30.7465242,51.5223904,
7449,30.8506449,48.0222183,
7450,30.8503454,48.0217761,
7451,30.8513893,48.0219196,
7452,30.8512475,48.0221338,
7453,30.8511384,48.0223149,
7454,30.8507261,48.0223121,
7455,30.850901,48.0219429,
7456,30.8509452,48.0219421,
7457,30.7414876,47.9683601,
7458,31.0761897,48.0131764,
7459,30.8111794,48.0016636,
7460,34.3485067,48.616361,
7461,34.3473183,48.6190179,
7462,28.8187599,48.9533719,
7463,28.8238688,48.954195,
7464,30.4349185,48.3708396,
7465,25.0113129,50.7698348,
7466,22.6533765,48.1991848,
7467,22.6476379,48.198796,
7468,32.5315929,46.690828,
7469,32.5123918,46.6705741,
7470,32.5117336,46.6708552,
7471,32.5092968,46.671547,
7472,32.5747318,46.6797387,
7473,32.5317626,46.6911796,
7474,32.5320672,46.6911091,
7475,32.5507812,46.6910906,
7476,32.5320399,46.6908648,
7477,32.5317348,46.6909931,
7478,32.531048,46.6911919,
7479,30.5094255,50.3977857,
7480,30.4292253,48.374116,
7481,31.5543604,47.8737412,
7482,31.5547684,47.8738055,
7483,31.5544902,47.87384,
7484,35.1767394,47.7894955,
7485,35.1777596,47.7903363,
7486,27.4197403,49.2671552,
7487,34.3862383,48.5504703,
7488,34.3869836,48.5503749,
7489,22.6169142,48.1894519,
7490,34.1478695,48.5778769,
7491,31.1727039,51.9479328,
7492,26.6414415,50.3491682,
7493,30.2201937,48.761395,
7494,30.2192962,48.7601076,
7495,30.2201709,48.76034,
7496,30.4504427,50.4171111,
7497,35.9907964,50.015902,
7498,32.8970542,50.0491639,
7499,32.8907693,50.0397623,
7500,36.268669,49.9250892,
7501,28.5086157,49.1930272,
7502,28.5089884,49.1934262,
7503,29.2396831,50.7637275,
7504,25.9502242,48.2705942,
7505,25.9276439,48.2686752,
7506,25.9517754,48.2641787,
7507,25.9595092,48.2530518,
7508,25.9615368,48.323431,
7509,25.9308591,48.2525194,
7510,25.9270134,48.2686545,
7511,25.92768,48.2690694,
7512,26.2357994,50.5238677,
7513,32.6600359,50.84188,
7514,32.3911015,50.8620151,
7515,32.3916339,50.8590136,
7516,26.2418457,50.5244064,
7517,23.3917903,48.2453789,
7518,26.817488,50.1204564,
7519,34.5349112,49.5568024,
7520,32.1573722,46.9346178,
7521,31.3378023,47.5680279,Voznesensk
7522,31.3307469,47.565331,
7523,31.3335267,47.5589966,
7524,31.333086,47.5593323,
7525,31.3337526,47.5595063,
7526,31.329552,47.5781063,
7527,31.326298,47.5678493,
7528,31.3277964,47.5679508,
7529,30.3287597,50.4334455,
7530,30.3293971,50.4339539,
7531,30.3288529,50.4338905,
7532,26.2379719,50.4983134,
7533,36.2589572,49.960272,
7534,31.7738926,47.3100036,
7535,32.2805503,46.7971913,
7536,24.7396683,48.9152483,
7537,24.7411129,48.9161366,
7538,24.7427633,48.9147611,
7539,24.7425373,48.9156268,
7540,25.6399395,49.5684256,
7541,25.639157,49.5680648,
7542,30.5462159,50.418803,
7543,33.3558531,47.8509926,
7544,35.8640732,48.5240912,
7545,35.8646338,48.524014,
7546,34.5938611,48.5151567,
7547,34.5901816,48.5148164,
7548,25.4483805,50.8428985,
7549,25.6260556,51.1328239,
7550,25.6648946,51.0900287,
7551,25.9401912,48.2673736,
7552,35.1778404,47.8158687,
7553,35.1776875,47.8158024,
7554,35.1731989,47.8136973,
7555,31.2985941,51.4914337,
7556,31.0196185,50.8175881,
7557,31.0195092,50.8176567,
7558,31.0128799,50.8091901,
7559,31.0222096,50.820877,
7560,31.0230282,50.8219233,
7561,31.0325778,50.8340559,
7562,35.1630413,47.8177646,
7563,35.1632894,47.8180374,
7564,35.1641774,47.816915,
7565,35.1640877,47.8167733,
7566,24.4642017,50.6280088,
7567,23.9843523,50.0555061,
7568,23.9909872,50.0515896,
7569,25.3673968,50.7367235,
7570,25.2912759,50.7171709,
7571,25.2965457,50.7326438,
7572,25.2916374,50.7172011,
7573,25.3705756,50.7435565,
7574,35.1307867,47.8434614,
7575,23.2013811,49.5161744,
7576,23.2016355,49.5161076,
7577,30.3652027,50.499225,
7578,30.4758908,50.487604,
7579,35.8578062,48.5253236,
7580,35.8586561,48.5249517,
7581,35.8635363,48.5241743,
7582,27.421671,49.273892,
7583,26.8874597,49.4018278,
7584,26.8883604,49.4015027,
7585,26.8882922,49.4020672,
7586,26.8881741,49.4019374,
7587,26.8511805,49.1728896,
7588,26.8516324,49.173125,
7589,26.8504875,49.1726533,
7590,26.8510407,49.1731873,
7591,26.8508235,49.1732696,
7592,26.8504678,49.1736414,
7593,32.0564916,46.9416818,
7594,32.0559481,46.9419889,
7595,32.0563323,46.9423608,
7596,28.5072618,49.1952994,
7597,30.5588674,50.4412036,
7598,27.0158428,49.4347941,
7599,27.0166108,49.4344295,
7600,27.0178602,49.4340961,
7601,27.0171569,49.4345392,
7602,27.0174099,49.4349989,
7603,32.0334432,46.957637,
7604,32.0332237,46.9571948,
7605,32.0337301,46.9570593,
7606,32.0342117,46.9636313,
7607,26.9392357,49.4429434,
7608,24.8689205,49.8241392,
7609,33.4680189,47.9666781,
7610,33.4684017,47.9659789,
7611,33.4658253,47.9650266,
7612,33.4655313,47.965543,
7613,33.469604,47.9669667,
7614,33.4648249,47.9652493,
7615,33.4687792,47.96628,
7616,33.4695678,47.9652443,
7617,33.4704946,47.9659121,
7618,33.4699908,47.9672849,
7619,35.1504858,47.838786,
7620,35.1502187,47.8366722,
7621,35.1364755,47.8294218,
7622,35.1363861,47.829325,
7623,36.2861506,49.989202,
7624,36.2860079,49.9894209,
7625,36.2848582,49.9889306,
7626,26.0154094,48.3000168,
7627,26.016065,48.3002476,
7628,26.0468418,48.2845719,
7629,25.9316126,48.2806844,
7630,25.9313952,48.2800642,
7631,26.8503419,49.1731907,
7632,27.0168227,49.4342552,
7633,26.9618994,49.3614304,
7634,26.9629807,49.360431,
7635,36.2717702,49.9773176,
7636,36.2628175,49.9789949,
7637,36.2547699,49.9817869,
7638,36.2620908,49.9877533,
7639,36.2644335,49.9896704,
7640,36.2646219,49.9897587,
7641,33.3885081,46.8290001,
7642,33.3876265,46.8296052,
7643,33.3352226,46.9702022,
7644,36.2815381,49.9440932,
7645,36.2903337,49.9739259,
7646,36.1884432,49.9846726,
7647,36.2066635,49.9968937,
7648,36.2067582,49.9967882,
7649,36.2070272,49.9968472,
7650,36.2078403,49.9875724,
7651,36.207202,49.987038,
7652,28.4528247,49.2190176,
7653,25.6206335,47.9495539,
7654,30.409589,50.4076932,
7655,36.9851775,49.5965625,
7656,35.1241478,47.8304794,
7657,35.1719207,47.8144567,
7658,35.1717212,47.8143743,
7659,35.1736114,47.8037865,
7660,35.1738139,47.8037286,
7661,35.1239822,47.8305193,
7662,35.1287989,47.8291867,
7663,35.0976921,47.8401571,
7664,35.1503719,47.8232225,
7665,35.1498248,47.8227812,
7666,35.1523769,47.822168,
7667,35.1714794,47.8145346,
7668,35.1716548,47.8146318,
7669,35.1736634,47.8035027,
7670,35.1734639,47.8035543,
7671,25.3002963,50.7160887,
7672,25.7103967,48.3647904,
7673,25.7090612,48.3387089,
7674,29.3410766,48.7810375,
7675,36.3013109,49.9439242,
7676,36.3010778,49.9439356,
7677,36.2603678,49.9466369,
7678,36.273466,49.9322235,
7679,30.8377297,50.5013762,
7680,30.8377457,50.5008979,
7681,35.1335786,47.857943,
7682,35.1360355,47.8606774,
7683,35.1382168,47.8632025,
7684,35.8399921,49.7493128,
7685,35.8400924,49.7498947,
7686,35.839199,49.7500155,
7687,35.8404329,49.7504414,
7688,24.2191314,50.3662408,
7689,24.2304493,50.3921692,
7690,24.2300591,50.391672,
7691,24.2273144,50.3891377,
7692,24.2305565,50.3915973,
7693,24.23276,50.3819768,
7694,34.0783373,49.5325624,
7695,34.0777523,49.5324988,
7696,34.0615012,49.5391353,
7697,25.7916685,48.5315711,
7698,25.7928784,48.5319468,
7699,25.9775757,48.2901295,
7700,25.9771926,48.2900281,
7701,25.9756632,48.2882677,
7702,25.9773468,48.289937,
7703,24.7385501,48.9154318,
7704,24.7393802,48.9149975,
7705,30.4277228,50.4601857,
7706,30.4438682,50.4626989,
7707,32.7007568,49.8271372,
7708,30.5041086,48.5329434,
7709,30.5203198,48.5351588,
7710,30.4909289,50.4472471,
7711,35.1356722,47.8273051,
7712,35.1341312,47.8277247,
7713,30.6511128,46.3062251,
7714,30.6489259,46.3024918,
7715,26.954609,49.4455252,
7716,24.144855,50.8568661,
7717,28.5197648,48.5342031,
7718,28.5147301,48.5367505,
7719,28.514765,48.5369359,
7720,28.5147826,48.5357669,
7721,30.4058234,50.4808723,
7722,30.4062674,50.4809846,
7723,28.7999818,48.9906638,
7724,28.777808,48.9997785,
7725,28.7668451,49.0081172,
7726,28.7776726,48.9996921,
7727,27.8046929,48.4481212,
7728,27.8046905,48.4480864,
7729,27.8047941,48.4480437,
7730,27.8048265,48.448053,
7731,27.8048569,48.4481255,
7732,27.8048337,48.4481459,
7733,27.8051197,48.4480593,
7734,27.7971996,48.4513521,
7735,30.4976461,50.4458761,
7736,25.7142467,48.7018262,
7737,28.7859886,50.2859191,
7738,28.7987904,50.2904093,
7739,28.8121991,50.2863317,
7740,28.7992632,50.2898956,
7741,28.7964066,50.2861595,
7742,28.7973177,50.2860328,
7743,28.8011045,50.2816253,
7744,28.8013509,50.2865896,
7745,28.8019244,50.2862903,
7746,28.9223017,50.2911142,
7747,34.3465556,48.6185103,
7748,32.6051494,46.655013,
7749,32.6057324,46.6546813,
7750,32.6057608,46.6549108,
7751,32.6574342,46.6619448,
7752,32.6049682,46.6558716,
7753,34.3829427,47.5691683,
7754,32.6047746,46.6478619,
7755,32.6039022,46.6479867,
7756,32.5942361,46.651098,
7757,32.5954761,46.6512072,
7758,32.5936668,46.6513091,
7759,34.2763879,48.6512637,
7760,32.5943204,46.6516682,
7761,28.6894816,50.319963,
7762,28.6811261,50.3216012,
7763,28.6839346,50.3184063,
7764,28.7378165,50.2127002,
7765,28.7320334,50.2127683,
7766,28.6865372,50.3205336,
7767,28.68532,50.3201716,
7768,28.6848875,50.3197802,
7769,28.6843854,50.3209797,
7770,28.6858063,50.321301,
7771,28.6838849,50.3181753,
7772,28.6865164,50.3231701,
7773,28.6856233,50.3212198,
7774,28.5939041,50.9295517,
7775,30.2778497,50.4499312,
7776,30.179271,50.4426498,
7777,30.1790458,50.4425139,
7778,30.1321565,50.4389031,
7779,29.9831074,50.4272608,
7780,29.9821811,50.4272085,
7781,29.8006576,50.42152,
7782,29.7999263,50.4201678,
7783,29.8005611,50.4149861,
7784,28.9273566,50.2912765,
7785,28.9290137,50.291041,
7786,28.9279549,50.2910818,
7787,26.9479164,49.4375296,
7788,27.002578,50.121972,
7789,27.005116,50.1226601,
7790,26.8517008,50.119676,
7791,26.8467261,50.1266104,
7792,26.8360023,50.1217457,
7793,32.5935105,46.6516449,
7794,33.0757123,48.6738486,
7795,33.4289156,47.9154525,
7796,33.4329381,47.9137902,
7797,31.8686597,51.1394145,
7798,31.1380539,51.0043137,
7799,31.1377577,51.0033247,
7800,31.119986,50.9421324,
7801,31.1175735,50.9371242,
7802,31.137656,51.0024162,
7803,31.1382413,51.0043645,
7804,31.0628948,50.8732974,
7805,31.0617617,50.8715874,
7806,31.0805865,50.8974387,
7807,31.0832356,50.9087314,
7808,31.0866651,50.9134611,
7809,31.0537662,50.8613796,
7810,31.0567998,50.8652809,
7811,31.0584146,50.8673322,
7812,31.0572159,50.8660241,
7813,31.0557811,50.864198,
7814,31.054269,50.8622348,
7815,31.0509574,50.8579884,
7816,31.0491118,50.8556098,
7817,31.0497537,50.856173,
7818,31.0338079,50.8359263,
7819,31.0330461,50.8349197,
7820,31.0231433,50.8223429,
7821,31.0355943,50.8380782,
7822,31.042544,50.8469662,
7823,31.0436613,50.8484035,
7824,31.0480942,50.8540356,
7825,31.0482681,50.8545036,
7826,31.0480119,50.8541665,
7827,31.046905,50.8527614,
7828,31.0413067,50.8456128,
7829,31.0393276,50.8430531,
7830,30.9157732,50.6849504,
7831,30.8835904,50.6433858,
7832,30.8431341,50.5593963,
7833,30.8472923,50.5568801,
7834,30.8299249,50.5699665,
7835,30.8290337,50.573219,
7836,30.8462382,50.5952314,
7837,31.3960797,50.0735876,
7838,30.8506664,50.5129577,
7839,30.8360326,50.4994357,
7840,31.0260448,50.3210199,
7841,31.0221048,50.3217137,
7842,31.0265931,50.3205572,
7843,32.5939952,46.6561554,
7844,32.5954907,46.6562406,
7845,32.5945651,46.6566778,
7846,32.5934781,46.6588017,
7847,32.592991,46.6592565,
7848,32.5930351,46.6584477,
7849,32.5931748,46.6573085,
7850,32.5931908,46.6569988,
7851,32.5944915,46.6574176,
7852,33.5706352,48.132522,
7853,33.570469,48.1335246,
7854,33.5672464,48.1026994,
7855,33.566773,48.1033879,
7856,33.5892235,48.1460539,
7857,33.5618941,48.1442745,
7858,33.5941588,48.1322529,
7859,33.5752931,48.1192585,
7860,33.5680329,48.10239,
7861,33.5647311,48.1434913,
7862,33.5510631,48.1558495,
7863,33.5516499,48.1553991,
7864,33.552206,48.1569666,
7865,33.5514116,48.156707,
7866,33.5515354,48.155982,
7867,33.5516764,48.1564913,
7868,33.4896612,48.0576217,
7869,30.112604,49.7819615,
7870,33.5721174,48.1374857,
7871,33.5697598,48.1332505,
7872,24.7213513,48.923401,
7873,24.7216586,48.9230923,
7874,24.7218851,48.9233025,
7875,24.7222554,48.923583,
7876,24.7211116,48.9234626,
7877,33.357422,47.8375689,
7878,32.0273061,46.8870101,
7879,30.2836972,50.4503713,
7880,30.2840274,50.4505274,
7881,30.3063698,50.4519646,
7882,30.3158332,50.452767,
7883,34.3219575,51.8743364,
7884,34.3331808,51.8786563,
7885,34.3420064,51.882042,
7886,30.7953941,50.5297277,
7887,30.8215966,50.56362,
7888,31.2381638,49.4212555,
7889,31.2387037,49.4222907,
7890,27.5497388,50.5949183,
7891,30.650712,50.4314184,
7892,30.6510681,50.4313689,
7893,30.6514022,50.4311309,
7894,30.0767917,50.4343319,
7895,30.0769135,50.4344558,
7896,30.0640387,50.4334549,
7897,30.0637982,50.4333169,
7898,30.0376731,50.4314562,
7899,30.0374926,50.4312981,
7900,30.042668,50.4317757,
7901,30.0031009,50.4283317,
7902,30.0036077,50.4286204,
7903,37.6152698,49.7099556,
7904,37.6135246,49.7136559,
7905,37.6020068,49.7272856,
7906,37.6048868,49.7281126,
7907,27.6116496,50.6191575,
7908,27.5596941,50.5957812,
7909,27.5364803,50.5966576,
7910,30.2011542,50.4443161,
7911,30.2012638,50.444444,
7912,30.2492479,50.4478893,
7913,30.1045492,50.4365744,
7914,30.104665,50.4366985,
7915,28.6580357,50.2741816,
7916,26.9868946,50.8264909,
7917,26.9873513,50.8262866,
7918,27.8016976,50.8720964,
7919,30.543413,50.2586475,
7920,30.5476339,50.2589357,
7921,30.5442215,50.2619519,
7922,30.8061781,48.6636287,
7923,26.169155,50.3878482,
7924,27.0620751,50.1730429,
7925,27.063193,50.1718004,
7926,26.6376798,50.3350771,
7927,26.6372324,50.335302,
7928,28.1128327,50.0527386,
7929,28.1117928,50.0530044,
7930,32.0194394,49.4540514,
7931,32.4488147,50.416601,
7932,32.3966132,50.5089335,
7933,32.4024946,50.4671667,
7934,32.2050184,50.7017581,
7935,32.2050679,50.7015162,
7936,32.2051101,50.7013045,
7937,32.2057896,50.6979684,
7938,32.2058192,50.6978142,
7939,32.1273269,50.8050774,
7940,31.3957367,50.0740089,
7941,31.4317454,50.0482495,
7942,31.7844584,49.813607,
7943,32.0309084,49.4147992,
7944,31.8215526,49.2245921,
7945,31.2383598,49.4236989,
7946,30.9614238,49.6440531,
7947,30.9625073,49.644018,
7948,30.8230019,49.8651544,
7949,30.82302,49.8654786,
7950,30.8226668,49.8653333,
7951,30.8228373,49.8651589,
7952,30.7859993,46.5825849,
7953,31.3910419,49.0014173,
7954,32.0188715,49.4220523,
7955,31.4676886,51.5461379,
7956,31.2945775,51.4938442,
7957,31.2993934,51.4909694,
7958,31.2986942,51.4904883,
7959,31.2993365,51.4906437,
7960,30.2309046,48.557835,
7961,30.2309154,48.5606639,
7962,32.6235009,49.0583209,
7963,32.6223864,49.0580815,
7964,32.6274948,49.1194627,
7965,31.8622309,51.13858,
7966,31.8651092,51.1391954,
7967,31.8617601,51.1389777,
7968,31.8560889,51.1386171,
7969,31.8561006,51.1385227,
7970,31.8651069,51.139095,
7971,31.8534217,51.1383824,
7972,26.6533703,50.305033,
7973,25.0375858,48.5250241,
7974,26.1886915,50.6512096,
7975,26.1344945,50.6844212,
7976,25.7191419,50.78224,
7977,26.1352423,50.6849971,
7978,26.1618746,50.6673355,
7979,26.1346353,50.6844352,
7980,26.1350806,50.6842511,
7981,26.1763517,50.704092,
7982,26.1766597,50.7046094,
7983,35.4836863,50.4342677,
7984,37.612637,49.7097292,
7985,33.9102981,51.2350765,
7986,33.4634438,50.7560077,
7987,33.3815285,50.563687,
7988,32.5216746,50.2190648,
7989,24.0176201,49.8009125,
7990,24.0457556,49.8084994,
7991,24.0472551,49.807765,
7992,31.9658773,49.3627371,
7993,31.9593208,49.3574928,
7994,31.9461962,49.3470542,
7995,31.9394722,49.3417565,
7996,31.9397756,49.3415806,
7997,31.9464706,49.3469048,
7998,31.9595983,49.3573325,
7999,31.966144,49.3625944,
8000,31.9858126,49.3786562,
8001,31.9230156,49.3282874,
8002,31.923224,49.3280923,
8003,31.9211673,49.3266967,
8004,31.9213944,49.3265419,
8005,32.1681434,48.07961,
8006,32.0225234,47.0471286,
8007,32.0217247,47.0464413,
8008,32.237592,48.5928599,
8009,32.2366823,48.5924579,
8010,32.2380278,48.592298,
8011,32.2383692,48.5931794,
8012,32.2373088,48.593409,
8013,32.3165029,48.5391671,
8014,31.8734964,49.2649781,
8015,35.321443,50.6321279,
8016,26.0113439,48.0441896,
8017,25.909677,48.0746361,
8018,26.4981152,48.4395469,
8019,26.4526919,48.4462966,
8020,26.6211693,51.3165106,
8021,26.6184838,51.2552113,
8022,34.4856928,49.5893277,
8023,34.4856521,49.5894843,
8024,28.8207487,48.9546676,
8025,34.1907306,51.6432356,
8026,34.1419954,51.6477389,
8027,30.4021946,46.8282177,
8028,30.4027482,46.8268982,
8029,30.4125707,46.8023699,
8030,30.4139833,46.7988766,
8031,30.3344181,46.9593493,
8032,30.3345808,46.9593035,
8033,30.3273568,46.9866335,
8034,30.3271873,46.9866836,
8035,30.6466203,46.4961188,
8036,30.6440606,46.4964605,
8037,30.6443579,46.4974458,
8038,30.6462444,46.4963762,
8039,30.64422,46.4958106,
8040,30.6487113,46.4955196,
8041,30.648639,46.4956834,
8042,30.644958,46.4980768,
8043,30.6146537,46.4865974,
8044,30.6146182,46.4865537,
8045,24.0589324,49.7849236,
8046,28.839058,48.9566388,
8047,24.0320725,51.2012201,
8048,24.0441125,51.2018332,
8049,28.7396153,50.2100971,
8050,30.6766763,46.4882787,
8051,30.6732856,46.4826556,
8052,30.6692605,46.4703588,
8053,30.6233155,46.521292,
8054,34.8342914,50.9164435,
8055,36.2678845,50.1016206,
8056,36.2691657,50.1028132,
8057,24.181556,50.5406439,
8058,25.9596764,48.3472683,
8059,25.960477,48.347829,
8060,25.9177747,48.3100586,
8061,32.0605664,49.4383339,
8062,32.0586466,49.4368775,
8063,24.0267995,49.8446818,
8064,24.0268735,49.8447781,
8065,30.6112579,46.5131597,
8066,30.6107734,46.5131667,
8067,24.0376077,49.8245072,
8068,24.0373952,49.8249296,
8069,37.5972538,49.7342992,
8070,30.7275281,46.4715394,
8071,35.0071175,47.8370816,
8072,30.5064107,50.4889124,
8073,30.5076546,50.4887424,
8074,30.5072939,50.4952988,
8075,30.5081971,50.4962344,
8076,30.4982327,50.4948027,
8077,30.4892967,50.5074152,
8078,30.4887528,50.5073944,
8079,30.494153,50.5119425,
8080,30.4942776,50.5119835,
8081,30.4943099,50.5126386,
8082,30.4980328,50.5116736,
8083,30.4990261,50.5129351,
8084,30.5184974,50.4964377,
8085,31.344208,51.5096986,
8086,31.3350042,51.5057511,
8087,31.3619742,51.5213793,
8088,31.2574863,51.5428677,
8089,30.5216132,50.493074,
8090,30.5235156,50.4910756,
8091,30.5243114,50.4906099,
8092,30.5217826,50.4931434,
8093,30.5055707,50.5125173,
8094,30.5117037,50.5225315,
8095,30.6512482,46.306298,
8096,35.5151808,49.3390598,
8097,35.5108338,49.3350262,
8098,35.5199329,49.5957678,
8099,35.5224238,49.5975189,
8100,35.4933927,49.4677513,
8101,35.492564,49.4675931,
8102,35.4926915,49.4685597,
8103,35.4919885,49.4668162,
8104,35.4945346,49.4703358,
8105,35.4910963,49.4721588,
8106,35.4903727,49.4645319,
8107,35.5143466,49.3336814,
8108,35.5154815,49.3374699,
8109,30.6234415,50.4178987,
8110,30.6058302,50.4209444,
8111,23.9821241,49.8266891,
8112,22.2651885,48.6549294,
8113,22.2653197,48.6554753,
8114,31.3362563,47.5605069,
8115,32.5393512,47.7123714,
8116,32.5388421,47.7121919,
8117,32.5417088,47.7134168,
8118,32.5398789,47.7125745,
8119,32.5394992,47.711712,
8120,32.5399504,47.7120054,
8121,32.54034,47.7123085,
8122,32.539343,47.7121172,
8123,30.2802094,50.3439178,
8124,30.2981792,50.3132011,
8125,30.2796346,50.3439998,
8126,30.3007753,50.3432636,
8127,30.3003207,50.3432738,
8128,30.3002707,50.3431836,
8129,35.0209128,48.4279125,
8130,35.0210543,48.4279457,
8131,34.9501252,48.2367981,
8132,34.9539669,48.2253166,
8133,34.8562236,48.4018209,
8134,35.0068204,48.3061485,
8135,34.9969629,48.3039772,
8136,34.9689571,48.3467337,
8137,34.969213,48.3449541,
8138,34.9693708,48.3443462,
8139,34.9967264,48.3038311,
8140,34.9991163,48.2991397,
8141,34.9726744,48.3333305,
8142,34.9748837,48.3293115,
8143,34.8556228,48.4024379,
8144,35.0041119,48.3034554,
8145,34.7860306,50.892478,
8146,33.1106549,48.674908,
8147,34.8455298,50.9056294,
8148,34.8459677,50.904782,
8149,34.3698715,47.5738744,
8150,34.3757682,47.5717515,
8151,34.3769419,47.5713289,
8152,34.3875674,47.5766147,
8153,34.3876876,47.5763878,
8154,34.3891042,47.5736728,
8155,34.3913945,47.5693811,
8156,34.3844667,47.5832197,
8157,34.3657239,47.5685618,
8158,34.4030445,47.5717874,
8159,34.40317,47.5718129,
8160,36.6958244,49.845661,
8161,36.6963003,49.8447856,
8162,24.9198128,48.1734712,
8163,25.0414996,48.1138906,
8164,32.7919954,47.2965459,
8165,25.172284,48.2477608,
8166,34.8160668,50.9221188,
8167,34.8162507,50.9244603,
8168,31.6534487,48.7941362,
8169,31.6789811,48.8048698,
8170,34.7778903,50.9134196,
8171,34.7759285,50.9463989,
8172,31.6504206,48.8150537,
8173,31.6505532,48.8162672,
8174,31.6453408,48.7802728,
8175,35.1730588,47.8137023,
8176,35.1639193,47.8169828,
8177,35.1631527,47.8171684,
8178,35.1626964,47.8172831,
8179,35.1520482,47.822365,
8180,35.1519772,47.8231955,
8181,35.1506429,47.8231082,
8182,24.0526768,49.8648191,
8183,29.6855433,46.0147045,
8184,30.452719,46.2553957,
8185,30.0530786,46.1746281,
8186,30.0515834,46.1761332,
8187,31.6528612,48.7267895,
8188,31.6532659,48.7258946,
8189,31.6533483,48.7255246,
8190,30.6877047,46.4669817,
8191,30.5262099,46.1450495,
8192,30.5261597,46.1454228,
8193,30.7380931,46.452128,
8194,30.7381583,46.4519282,
8195,30.7388582,46.4525105,
8196,30.7383898,46.4526294,
8197,30.7414379,46.4683323,
8198,30.7468891,46.4706701,
8199,30.7275443,46.4666018,
8200,30.7390156,46.4712319,
8201,30.7418518,46.4679548,
8202,30.7419264,46.4681126,
8203,30.7135389,46.4641057,
8204,30.7311014,46.4732562,
8205,30.6822066,46.4567519,
8206,30.6816549,46.4568647,
8207,31.6537054,48.7943819,
8208,30.4406645,46.2565482,
8209,30.4402582,46.2418599,
8210,31.6834802,48.8054409,
8211,30.4030175,46.4651445,
8212,30.4030406,46.4650018,
8213,34.8381547,50.8944446,
8214,30.57219,50.4122202,
8215,30.6141659,50.4048784,
8216,30.613835,50.4047832,
8217,31.227137,51.5006509,
8218,31.2266907,51.5008743,
8219,25.160031,50.3541296,
8220,24.7569874,50.5021608,
8221,24.7710625,50.5027488,
8222,25.0994066,50.3686817,
8223,24.5569518,49.7509571,
8224,24.0464521,49.803141,
8225,24.0464778,49.8041537,
8226,32.9994614,50.0170206,
8227,32.9996338,50.0166439,
8228,33.0084746,50.0195666,
8229,26.271219,50.626144,
8230,24.5248065,51.6709418,
8231,29.2952828,50.5411762,
8232,29.2951337,50.54089,
8233,29.2747013,51.0454926,
8234,26.2577429,50.6115367,
8235,26.2569557,50.6132173,
8236,26.2737654,50.6165514,
8237,30.3250312,50.4418936,
8238,30.3249239,50.4422414,
8239,30.3115507,50.4523453,
8240,30.3122675,50.4523943,
8241,30.3156785,50.4526349,
8242,30.3293563,50.4161658,
8243,30.3324176,50.4242653,
8244,30.3129303,50.4424116,
8245,30.3239469,50.4423819,
8246,32.9935889,50.0181381,
8247,32.9977476,50.0026535,
8248,32.9976513,50.0029111,
8249,32.9710823,50.0573946,
8250,32.9710223,50.0575156,
8251,30.4789317,50.4878344,
8252,24.7134862,50.9876841,
8253,24.7186178,50.7942509,
8254,31.098606,51.4516657,
8255,31.1004091,51.4522115,
8256,32.989424,50.0190326,
8257,32.9903207,50.0186728,Lubny
8258,32.9910079,50.0184869,
8259,32.9919522,50.0182901,
8260,32.9924893,50.018239,
8261,32.9928757,50.01823,
8262,30.3587966,50.444449,
8263,30.3591061,50.44255,
8264,25.5725694,49.5510923,
8265,25.5729301,49.5508201,
8266,25.5728373,49.5510906,
8267,25.5746233,49.5463969,
8268,25.5725254,49.5511246,
8269,25.6191978,49.5453764,
8270,25.6192053,49.5452847,
8271,25.6197757,49.5450952,
8272,25.6194487,49.5453033,
8273,25.623471,49.5567352,
8274,25.6215075,49.5597156,
8275,25.621651,49.5591286,
8276,25.6218064,49.5584304,
8277,25.6234115,49.5536995,
8278,25.622715,49.5523517,
8279,25.6033348,49.5441611,
8280,25.6189298,49.5452523,
8281,25.6038266,49.544184,
8282,25.6036921,49.544017,
8283,25.7056365,50.4132582,
8284,25.7173982,50.4176168,
8285,25.7060122,50.4017898,
8286,24.0139331,49.7776317,
8287,24.0141533,49.777632,
8288,23.9994686,49.8107017,
8289,30.5393933,50.4270948,
8290,30.5396368,50.4272124,
8291,30.5403301,50.4266411,
8292,30.5400649,50.4265287,
8293,30.5262889,50.437584,
8294,30.526565,50.4377357,
8295,30.531412,50.433937,
8296,30.5311024,50.4337799,
8297,30.5384498,50.4278698,
8298,33.3845214,47.8982479,
8299,34.9604007,48.4900143,
8300,34.9377177,48.4882343,
8301,34.9394635,48.4885109,
8302,34.944514,48.4802656,
8303,34.9582594,48.492601,
8304,34.9375601,48.488658,
8305,34.9423537,48.4890705,
8306,34.928334,48.47963,
8307,34.9277811,48.4800602,
8308,22.2889193,48.6214069,
8309,22.287991,48.6214303,
8310,35.949552,49.8131062,
8311,32.9739878,50.0228309,
8312,32.9729051,50.0232238,
8313,32.9668467,50.0249272,
8314,32.9675804,50.0246202,
8315,32.9727425,50.0230389,
8316,33.0002179,50.0167424,
8317,32.9599431,50.0272945,
8318,28.4570826,49.2327015,
8319,28.4603996,49.2342301,
8320,30.1101252,49.2392133,
8321,30.0868112,49.2449489,
8322,23.5899272,50.27633,
8323,23.5853554,50.2777119,
8324,29.8975597,50.9210665,
8325,29.898096,50.9209543,
8326,29.8986975,50.9215327,
8327,29.8972713,50.9217368,
8328,29.8971409,50.9217155,
8329,29.8973771,50.9225218,
8330,28.6810661,49.1114606,
8331,28.6814101,49.1112877,
8332,29.8735761,50.9339133,
8333,29.9034415,50.932906,
8334,30.0826633,49.2400426,
8335,30.0858834,49.2466739,
8336,30.0861028,49.2471569,
8337,30.0777162,49.1949084,
8338,30.0785539,49.1905781,
8339,32.972011,50.0599553,
8340,32.971749,50.0594427,
8341,32.9713067,50.0597213,
8342,32.9732941,50.0582106,
8343,32.9727634,50.0584098,
8344,32.9708625,50.059426,
8345,32.9711529,50.0594626,
8346,32.9711461,50.058521,
8347,30.2551814,50.4931226,
8348,30.2513847,50.4954517,
8349,30.2502167,50.4953419,
8350,30.249789,50.4957108,
8351,30.249998,50.495191,
8352,30.2506073,50.4951485,
8353,30.2505345,50.4960816,
8354,30.250482,50.495685,
8355,30.2509979,50.4957743,
8356,31.2893744,51.4981887,
8357,31.3033328,51.514349,
8358,30.0877668,49.2488178,
8359,30.0842988,49.2404164,
8360,24.0148602,49.802305,
8361,24.0105424,49.802757,
8362,24.0363512,49.7999295,
8363,24.0001728,49.8036417,
8364,24.0002123,49.8038226,
8365,30.1017779,49.2462396,
8366,32.9961422,50.0205802,
8367,32.9677298,50.058338,
8368,36.3551676,49.6803617,
8369,30.909428,49.0792997,
8370,30.8283378,49.2526538,
8371,30.8278038,49.2521952,
8372,30.8281905,49.2515288,
8373,30.8279798,49.2520014,
8374,35.0705096,48.379013,
8375,35.0705082,48.3805365,
8376,35.0303231,48.3670736,
8377,35.0735564,48.3787652,
8378,35.0740819,48.3787989,
8379,35.0702306,48.3810878,
8380,35.0704354,48.3805956,
8381,35.0735196,48.3791899,
8382,35.0734928,48.3788041,
8383,35.0712414,48.3805148,
8384,33.2328845,50.1100301,
8385,36.9395628,50.2861121,
8386,37.3738421,50.0561433,
8387,25.8289561,49.009051,
8388,25.82123,49.0089032,
8389,25.8276735,49.0044067,
8390,25.7752682,49.0162951,
8391,25.8361414,49.0075847,
8392,30.3972202,46.6130608,
8393,36.9441883,50.2764716,
8394,35.0102588,48.4739934,
8395,35.0722749,48.4149894,
8396,35.0166796,48.4334458,
8397,35.0168922,48.4331936,
8398,34.9999626,48.4083477,
8399,35.0280627,48.4733959,
8400,35.0328289,48.4644247,
8401,35.0425214,48.4592645,
8402,35.0365705,48.4624753,
8403,35.0421848,48.4589868,
8404,35.047403,48.4562708,
8405,35.0290077,48.4654034,
8406,35.0287929,48.4651224,
8407,35.0292289,48.4653399,
8408,35.0092508,48.4214453,
8409,35.031628,48.4071839,
8410,35.0318293,48.4072621,
8411,35.023613,48.4225649,
8412,35.0757468,48.4503215,
8413,35.0748593,48.4484048,
8414,35.0742181,48.4470153,
8415,35.0724258,48.4431416,
8416,35.0718593,48.4419249,
8417,35.0645179,48.4122129,
8418,35.0646181,48.4122466,
8419,35.0715222,48.4156273,
8420,35.0353813,48.4028346,
8421,35.0351936,48.4027691,
8422,35.0595585,48.4496201,
8423,35.065471,48.4547086,
8424,35.0558354,48.4516467,
8425,35.064982,48.4542793,
8426,27.2565605,49.0327238,
8427,27.224761,49.0326242,
8428,33.4992269,48.0039556,
8429,35.0557434,48.4466112,
8430,35.2584856,48.6357118,
8431,34.8564779,48.4050629,
8432,30.1989035,48.7241152,
8433,30.1985425,48.7242617,
8434,30.197981,48.7244866,
8435,29.0646832,50.3441453,
8436,29.0617458,50.3454089,
8437,34.5766358,48.5903544,
8438,34.5770189,48.5920125,
8439,34.5773404,48.5922108,
8440,34.5877306,48.5755517,
8441,34.5882446,48.5754617,
8442,34.5881553,48.5757536,
8443,34.5761307,48.5902592,
8444,34.5770558,48.5929087,
8445,34.57287,48.5900991,
8446,33.2962614,48.0333231,
8447,33.2888389,47.7053012,
8448,33.2564615,47.6633524,
8449,33.4770426,48.0403629,
8450,33.4748482,48.0374279,
8451,33.4878138,48.0545866,
8452,33.4888832,48.0565221,
8453,34.8065424,48.5945199,
8454,34.7949731,48.6013956,
8455,31.7571366,48.2472744,
8456,30.1240506,49.1263521,
8457,30.1236711,49.1264485,
8458,30.0941409,49.1350072,
8459,33.6814048,48.4096073,
8460,33.706658,48.4127236,
8461,34.922193,48.6124472,
8462,29.7080936,50.4236371,
8463,29.6335187,50.4171084,
8464,29.6336191,50.4172503,
8465,29.6269355,50.4159573,
8466,29.3731383,50.367484,
8467,29.3328217,50.3604586,
8468,26.6671305,50.3582281,
8469,28.5231327,49.4232552,
8470,28.5188372,49.4265133,
8471,28.5185893,49.4265202,
8472,28.5175169,49.4278106,
8473,28.5130021,49.4322278,
8474,28.5018776,49.4683577,
8475,28.5017405,49.4684906,
8476,28.500111,49.4640777,
8477,28.5138304,49.4766274,
8478,28.5137499,49.4764716,
8479,28.5235656,49.4827477,
8480,28.5156539,49.377376,
8481,28.5158372,49.377361,
8482,28.5152121,49.3802719,
8483,28.5150329,49.3803075,
8484,28.5144691,49.3615528,
8485,28.5146318,49.361501,
8486,34.7688917,48.4256719,
8487,34.7695714,48.4264896,
8488,34.7762588,48.4212446,
8489,31.0172981,50.5099736,
8490,31.0170074,50.509842,
8491,31.0188608,50.516992,
8492,30.3760244,50.4170431,
8493,30.3658204,50.424162,
8494,30.3659042,50.4242886,
8495,28.737672,50.2108835,
8496,28.7309323,50.2132037,
8497,28.74321,50.2088612,
8498,28.6742736,50.2342004,
8499,28.6740361,50.2347915,
8500,28.673798,50.2343125,
8501,24.0266843,49.8440968,
8502,24.1673383,49.8402415,
8503,28.4001119,49.2276848,
8504,24.6754247,50.791673,
8505,30.0495506,46.1745872,
8506,26.6588966,50.6151762,
8507,26.6534044,50.6147824,
8508,26.6534285,50.614606,
8509,26.6166562,50.6039254,
8510,26.6176275,50.6040183,
8511,26.6466983,50.6118454,
8512,26.6458086,50.6114111,
8513,26.5551828,50.6036894,
8514,26.5549211,50.6035584,
8515,26.5561742,50.6035688,
8516,26.4929857,50.601565,
8517,26.4802361,50.6008378,
8518,26.4802056,50.6009575,
8519,26.472841,50.6005361,
8520,26.4727125,50.6004048,
8521,26.4741756,50.6004888,
8522,26.4049557,50.6045484,
8523,26.404837,50.6044376,
8524,26.3546076,50.609279,
8525,26.3407289,50.6071937,
8526,26.3463272,50.6099093,
8527,26.3375702,50.6108476,
8528,26.3409163,50.6075478,
8529,26.3410328,50.6125308,
8530,28.514613,49.3786069,
8531,28.515375,49.3787621,
8532,28.5149228,49.3802011,
8533,28.5146224,49.3797519,
8534,28.5158096,49.3641226,
8535,28.5156605,49.3641853,
8536,26.4502303,49.846888,
8537,36.3469175,49.9494932,
8538,36.3466471,49.9495761,
8539,36.3464989,49.9492646,
8540,31.6535642,48.7260869,
8541,31.6540231,48.7258055,
8542,36.3608135,49.990881,
8543,28.478468,49.2436152,
8544,25.4124025,49.0844877,
8545,25.4121798,49.0844519,
8546,25.4119374,49.0840774,
8547,25.4119817,49.08401,
8548,25.4126557,49.0838958,
8549,25.4128861,49.0841244,
8550,25.3249593,49.0748784,
8551,26.3509606,49.5153863,
8552,25.6899308,49.3001876,
8553,25.1418304,49.269859,
8554,25.6287752,49.4391959,
8555,25.6158087,49.4952099,
8556,25.6265579,49.4433553,
8557,25.6282532,49.4400001,
8558,25.6257077,49.4442176,
8559,25.6264005,49.4419411,
8560,25.6268643,49.4417666,
8561,25.6282601,49.4415584,
8562,25.6280628,49.4416136,
8563,24.02843,49.8447604,
8564,24.0268985,49.8450345,
8565,24.0272246,49.8448132,
8566,24.0527987,49.8644318,
8567,33.6690387,47.5392803,
8568,36.3464602,49.961361,
8569,36.3462651,49.9609826,
8570,36.3513059,49.9603877,
8571,36.3511367,49.960019,
8572,27.6616554,49.2196075,
8573,23.4764838,48.5656279,
8574,35.8353683,49.7532044,
8575,34.6396285,48.4988404,
8576,26.1863234,49.0767175,
8577,23.9559933,49.81663,
8578,22.9552257,48.561817,
8579,24.0008638,49.6001981,
8580,24.0010617,49.6001927,
8581,35.5149204,50.1745881,
8582,35.5140621,50.1749561,
8583,25.9580523,48.9574217,
8584,25.9590371,48.956845,
8585,25.9521921,48.9622235,
8586,35.7114415,50.0902592,
8587,26.1936097,49.0721951,
8588,26.2113453,49.0736472,
8589,34.9443119,50.4850403,
8590,26.2943151,50.5998196,
8591,26.3223283,50.5838593,
8592,24.583935,49.9633475,
8593,24.1052867,49.7684633,
8594,24.1052847,49.7692725,
8595,24.1074446,49.7688025,
8596,24.1058018,49.7695565,
8597,24.1078749,49.7679946,
8598,34.632657,48.610547,
8599,34.6318516,48.610877,
8600,34.6322241,48.6104336,
8601,22.6257828,48.2528654,
8602,26.2583399,50.5694456,
8603,30.0511788,46.8533962,
8604,34.8183271,48.5878724,
8605,34.8184787,48.5879793,
8606,34.814149,48.590328,
8607,34.8139028,48.5902865,
8608,34.7655432,48.6120316,
8609,34.7653275,48.6120323,
8610,34.7699155,48.6093167,
8611,34.7702043,48.6093148,
8612,34.8067212,48.5945903,
8613,34.8494841,48.5769293,
8614,34.8492654,48.5768733,
8615,34.794664,48.6012603,
8616,34.8112348,48.5917196,
8617,34.8114634,48.5918075,
8618,34.8530152,48.5760428,
8619,24.0205825,49.8122074,
8620,24.0175171,49.8125727,
8621,24.020433,49.8118178,
8622,24.0248978,49.8108737,
8623,24.0218898,49.8118062,
8624,23.9797383,51.2017676,
8625,23.9790247,51.2017337,
8626,23.9744817,51.2014313,
8627,24.0037851,51.2023284,
8628,24.0014484,51.202157,
8629,24.0338153,51.2013907,
8630,24.0062571,51.2022641,
8631,24.0078494,51.2024203,
8632,25.3620521,50.7585004,
8633,25.3618569,50.7585851,
8634,23.0816391,48.1349191,
8635,36.2642941,49.9899117,
8636,36.2641658,49.9898115,
8637,36.2618507,49.9878695,
8638,36.2610842,49.9871914,
8639,36.2648421,49.9898554,
8640,36.2651276,49.9899675,
8641,34.5754572,48.591109,
8642,34.5713154,48.5900439,
8643,36.3649593,50.0405589,
8644,24.0591968,49.7879554,
8645,34.5649524,48.5869565,
8646,34.5534776,48.5913207,
8647,34.5627324,48.5859005,
8648,34.5516665,48.5927481,
8649,23.9331661,49.8242657,
8650,23.6213402,50.2333707,
8651,23.4343635,50.1035913,
8652,36.3618576,49.9908176,
8653,36.3615015,49.9909684,
8654,36.3615765,49.9907793,
8655,36.3585939,49.9903953,
8656,36.3585393,49.9905753,
8657,36.3605549,49.9920112,
8658,36.3613801,49.9913069,
8659,24.0255568,49.8444989,
8660,24.0250541,49.8443294,
8661,24.0262929,49.8446605,
8662,36.2682097,49.9242273,
8663,36.2684339,49.9239821,
8664,36.2688111,49.9236365,
8665,28.4932291,49.239031,
8666,28.4933923,49.2383969,
8667,35.4830196,50.4151036,
8668,25.5991519,49.55909,
8669,25.599533,49.5595921,
8670,26.9470277,49.4372541,
8671,26.946077,49.4354336,
8672,25.5990947,49.559293,
8673,28.5166403,49.2315082,
8674,28.5039951,49.2317507,
8675,23.3838384,49.9447412,
8676,23.3840486,49.9445971,
8677,23.384163,49.9448018,
8678,23.384137,49.9372613,
8679,23.3837041,49.937592,
8680,23.3612817,49.9341511,
8681,23.3585478,49.9344409,
8682,23.3564295,49.9345816,
8683,23.3900941,49.9480717,
8684,23.3728957,49.9454112,
8685,24.3578215,49.0347908,
8686,24.3579427,49.0351203,
8687,24.3574059,49.034981,
8688,24.3579635,49.035152,
8689,24.3583103,49.0353969,
8690,24.3646764,49.0364771,
8691,24.3430019,49.0449226,
8692,24.3481519,49.0210799,
8693,24.333371,49.0109293,
8694,24.3568722,49.0351307,
8695,24.3572854,49.0350318,
8696,24.3571477,49.0353373,
8697,24.3432464,49.0446079,
8698,24.3554328,49.0171544,
8699,24.3551161,49.0164314,
8700,24.4320287,49.0324274,
8701,24.4290232,49.0315106,
8702,24.3661333,49.0433592,
8703,24.365882,49.0431441,
8704,24.3657221,49.0432556,
8705,24.365929,49.0432611,
8706,24.366004,49.0432895,
8707,24.4295792,49.0323051,
8708,24.4308818,49.0326359,
8709,24.4302438,49.0328922,
8710,24.4301834,49.0329484,
8711,24.4297956,49.0329927,
8712,24.4297487,49.0329744,
8713,24.4296422,49.0326986,
8714,24.429651,49.0326882,
8715,24.4299904,49.032578,
8716,24.4300905,49.0325982,
8717,24.3667209,49.0224707,
8718,24.3688349,49.0226289,
8719,24.3669706,49.029422,
8720,24.3610861,49.0285668,
8721,24.3609319,49.0284436,
8722,24.3543328,49.0168234,
8723,23.9875511,49.5559701,
8724,23.9557657,49.518168,
8725,24.7093421,48.9435512,
8726,24.6970205,48.9498228,
8727,24.7061431,48.9367159,
8728,24.7063991,48.9365551,
8729,24.7057121,48.9356914,
8730,24.7054015,48.9355276,
8731,24.7065383,48.9369351,
8732,24.7058687,48.936699,
8733,26.5590624,48.9505691,
8734,35.3847675,48.610495,
8735,35.3847934,48.6103895,
8736,35.3869978,48.6109145,
8737,35.3865717,48.6110257,
8738,23.4797665,49.3559153,
8739,23.5053676,49.2869296,
8740,23.5048935,49.2869056,
8741,23.5056798,49.2869227,
8742,23.5055206,49.2873049,
8743,23.5053775,49.2869361,
8744,23.4802035,49.3555674,
8745,23.5092415,49.3576544,
8746,23.5093452,49.3576586,
8747,23.479629,49.354783,
8748,23.505339,49.2867677,
8749,23.5104618,49.3578366,
8750,23.5112988,49.3519105,
8751,23.4158875,49.2870817,
8752,23.4182938,49.2916766,
8753,23.4955656,49.3582273,
8754,23.5152656,49.3509515,
8755,23.4156067,49.2865828,
8756,30.0997278,46.8344897,
8757,32.6693483,48.7203282,
8758,32.6633745,48.720265,
8759,32.6644201,48.7202542,
8760,34.8830679,48.5659577,
8761,34.8817131,48.5660243,
8762,30.1943961,47.3707443,
8763,30.2986433,47.3968276,
8764,30.8455099,48.0492765,
8765,30.1902732,47.3844032,
8766,30.1958657,47.3750251,
8767,30.1941256,47.3719521,
8768,30.1942532,47.3723137,
8769,36.2728948,49.9985238,
8770,25.4317611,49.0526209,
8771,36.2688806,50.1019402,
8772,30.6789714,48.8833751,
8773,30.4085647,49.0863449,
8774,30.4084396,49.090085,
8775,30.7067551,46.4234149,
8776,30.7150706,46.4192855,
8777,30.1171993,49.7903025,
8778,32.070709,49.4473748,
8779,37.007523,48.9122457,
8780,23.5815494,49.3535623,
8781,26.2109045,50.5627707,
8782,36.3289044,49.9974282,
8783,36.3297871,49.9861082,
8784,25.7176128,50.118234,
8785,25.7480041,50.0801913,
8786,25.6778882,50.1187013,
8787,25.7481013,50.0803074,
8788,27.0971327,50.6118205,
8789,27.0933466,50.6111596,
8790,36.2356723,50.0038469,
8791,36.2288124,50.0066397,
8792,36.2284979,50.0078281,
8793,30.5684333,50.4228607,
8794,33.6377848,49.0128116,
8795,34.5376668,49.5841779,
8796,34.5378252,49.5846178,
8797,24.69396,48.9447413,
8798,24.6937574,48.9459718,
8799,24.6931926,48.9452449,
8800,30.5202862,50.4422001,
8801,30.5202725,50.4425259,
8802,27.7699553,48.4621469,
8803,27.7700756,48.4622948,
8804,27.7700224,48.4623011,
8805,27.7699252,48.4622672,
8806,27.7699046,48.4621938,
8807,28.2704189,48.2386047,
8808,36.2017415,50.0593579,
8809,30.5692384,50.4228982,
8810,30.5683919,50.424898,
8811,30.5668275,50.4238584,
8812,32.0488918,49.4447889,
8813,30.2878658,47.7449996,
8814,30.2704329,47.739352,
8815,32.0847689,49.4300305,
8816,32.1013125,49.4204815,
8817,31.3272623,50.3675536,
8818,31.3271999,50.3673531,
8819,30.5630244,50.4355454,
8820,30.5663309,50.4312129,
8821,24.7422503,48.9171632,
8822,32.0394374,49.410727,
8823,30.2574417,48.7540173,
8824,30.2580843,48.7541012,
8825,30.2608306,48.7544926,
8826,30.261389,48.7544629,
8827,30.2603573,48.7545528,
8828,30.0311258,46.432803,
8829,22.2872509,48.603554,
8830,32.0340105,49.4586028,
8831,32.0337973,49.4584481,
8832,30.6076562,50.4951781,
8833,30.3613964,50.5159006,
8834,32.0228928,49.4656719,
8835,32.022794,49.4657519,
8836,36.3607779,50.054468,
8837,28.493455,49.2391312,
8838,32.0512327,49.4044446,
8839,32.071364,49.3933119,
8840,36.1988992,49.936142,
8841,36.1647082,49.9500947,
8842,36.1649895,49.9503829,
8843,36.1774498,49.9810133,
8844,36.1916744,49.9720873,
8845,36.2397267,49.9421472,
8846,35.7916434,49.9511422,
8847,30.1938421,49.7186552,
8848,30.1129244,49.7821347,
8849,28.4041104,49.2376692,
8850,35.1610874,47.8582533,
8851,31.8610723,50.2338642,
8852,31.8082139,50.2168524,
8853,34.0979312,49.5810644,
8854,30.623844,50.4172271,
8855,30.6200495,50.4235278,
8856,30.6190588,50.4231789,
8857,36.4554581,49.9255847,
8858,36.4593697,49.923778,
8859,32.5869225,46.6722134,
8860,35.0477621,47.8174336,
8861,35.0364519,47.8161709,
8862,35.0365251,47.8158627,
8863,35.0537442,47.8212975,
8864,35.0363541,47.8162211,
8865,35.0358889,47.8161863,
8866,35.0363251,47.8152983,
8867,35.0364556,47.8157946,
8868,35.0359181,47.8157608,
8869,31.237936,49.4222756,
8870,31.8944861,46.9833215,
8871,31.7884262,47.0410766,
8872,31.3295984,50.3644235,
8873,35.0781588,48.4779159,
8874,35.077646,48.477685,
8875,35.0775912,48.4777277,
8876,35.109573,48.4679013,
8877,29.6699523,49.73844,
8878,29.6635468,49.7340329,
8879,34.4921476,49.5904868,
8880,34.4951813,49.5996865,
8881,25.7689608,49.0035735,
8882,34.9673526,48.3464855,
8883,34.9688514,48.3445784,
8884,34.9721754,48.3469908,
8885,34.9692759,48.3471147,
8886,23.9812986,50.068691,
8887,23.9927531,50.0547606,
8888,30.5622699,50.4361878,
8889,30.5628894,50.4354714,
8890,30.5897061,50.4952032,
8891,31.0413882,49.9681471,
8892,31.0378427,49.965543,
8893,30.5668336,50.423617,
8894,30.5703269,50.4239979,
8895,30.5687744,50.4245855,
8896,30.5703879,50.423622,
8897,30.5611189,50.4395196,
8898,31.0466174,49.9750054,
8899,32.4308217,51.2541293,
8900,32.4211019,51.2544337,
8901,32.4221737,51.2545747,
8902,30.9428375,49.0800783,
8903,30.9420541,49.0804386,
8904,24.033636,49.8265483,
8905,24.0411151,49.8536569,
8906,24.0349061,49.8318682,
8907,27.2212702,49.7612696,
8908,27.2214619,49.7615788,
8909,27.2212114,49.7607929,
8910,27.2212325,49.7612001,
8911,27.221031,49.7611685,
8912,27.2210763,49.761378,
8913,30.3875042,50.410826,
8914,36.4129731,49.9406079,
8915,36.4216545,49.937747,
8916,36.4236786,49.9371125,
8917,36.4006688,49.944568,
8918,24.0617201,49.8162276,
8919,24.0616256,49.8161066,
8920,24.0783725,49.813988,
8921,24.1816922,50.540752,
8922,24.1777196,50.4889283,
8923,24.1723609,50.4013765,
8924,25.8899009,49.1191515,
8925,34.1013099,48.3486114,
8926,35.3864253,48.8602532,
8927,35.3742027,48.8647867,
8928,35.3722256,48.8652281,
8929,35.3699969,48.8656171,
8930,35.3717015,48.8648001,
8931,35.373872,48.8638542,
8932,35.3825617,48.8620025,
8933,35.3791518,48.8638877,
8934,35.3792738,48.8644771,
8935,35.3773693,48.8615668,
8936,35.382097,48.8611582,
8937,35.3773117,48.8619122,
8938,35.3841858,48.8606499,
8939,35.3845667,48.8611679,
8940,35.3772401,48.863253,
8941,35.2758308,48.7710879,
8942,35.27765,48.7725099,
8943,35.2790982,48.7794567,
8944,35.2809985,48.7760742,
8945,35.282349,48.778041,
8946,35.2832073,48.7783994,
8947,35.5165461,49.2626086,
8948,35.5174529,49.2630377,
8949,35.5119381,49.2623285,
8950,35.5147811,49.2592409,
8951,35.5119904,49.2644561,
8952,35.8413985,49.7509821,
8953,36.005749,49.9683003,
8954,36.0731015,49.9549552,
8955,36.0682706,49.9555496,
8956,36.0518734,49.9596647,
8957,36.0453726,49.9608726,
8958,36.0117989,49.966675,
8959,36.0089049,49.9674359,
8960,35.9611441,49.8611517,
8961,35.9472349,49.8153579,
8962,30.8273455,49.2524286,
8963,30.8147296,49.2371257,
8964,30.737218,48.9053814,
8965,30.6541012,48.8550563,
8966,30.7028799,48.8861338,
8967,35.8152626,47.5538359,
8968,35.8149629,47.553565,
8969,35.8100456,47.5489287,
8970,35.8099106,47.5486062,
8971,35.718879,47.564225,
8972,35.717718,47.5640249,
8973,35.7188908,47.5641724,
8974,35.8091824,47.5488634,
8975,35.7677132,47.5665693,
8976,35.7913563,47.5827454,
8977,35.7910454,47.5815881,
8978,35.7918018,47.5815627,
8979,35.7918328,47.5814693,
8980,35.3644835,47.9191653,
8981,28.828121,45.3438077,
8982,28.8136199,45.3751748,
8983,24.0581656,49.7941007,
8984,24.0616351,49.8063976,
8985,27.2518738,49.7590572,
8986,27.2516861,49.7594831,
8987,34.0244135,48.4935866,
8988,33.9366314,48.6775613,
8989,27.3368175,49.7551825,
8990,27.2036598,49.7540403,
8991,27.2045779,49.754206,
8992,27.210051,49.7552049,
8993,27.210574,49.7553549,
8994,23.5820354,49.3530882,
8995,28.8258143,45.3440641,
8996,27.2035972,49.7542739,
8997,24.037728,49.8336712,
8998,24.0623854,49.8064807,
8999,24.0622957,49.8069153,
9000,24.062205,49.8069607,
9001,24.0352437,49.8333202,
9002,36.228114,49.9900459,
9003,23.9758516,49.7780153,
9004,23.9761098,49.7779141,
9005,34.8935911,48.4178575,
9006,30.6148207,46.4862085,
9007,23.9743271,51.2012921,
9008,23.9804742,51.2016591,
9009,24.0150931,49.7883815,
9010,28.3991157,49.2394809,
9011,28.3998527,49.2391961,
9012,28.3994512,49.2393555,
9013,28.4731911,49.2682174,
9014,28.4733352,49.2689098,
9015,28.4732321,49.270298,
9016,28.4734454,49.2742843,
9017,25.3554031,50.7511264,
9018,25.3540294,50.7535411,
9019,35.0413794,48.3959642,
9020,35.0402255,48.3961489,
9021,35.0406957,48.3939886,
9022,35.0411542,48.3920089,
9023,35.041269,48.3915169,
9024,35.041444,48.3907207,
9025,23.5829086,49.3532703,
9026,33.3306433,47.9076953,
9027,32.5089932,47.7085615,
9028,32.5074032,47.6912715,
9029,32.2605001,48.5036264,
9030,35.0119048,47.8677868,
9031,34.4442898,47.6221549,
9032,35.2000291,47.7833921,
9033,25.3256578,50.7471641,Lutsk
9034,33.332367,50.4661431,
9035,25.3527544,50.7565897,
9036,25.3577987,50.7566084,
9037,25.3176724,50.7412663,
9038,25.3171404,50.7415135,
9039,23.506913,49.3125605,
9040,23.5074754,49.3127575,
9041,23.5130407,49.3576445,
9042,28.8329624,45.3350202,
9043,28.8348645,45.3521648,
9044,28.8358352,45.3520818,
9045,28.8338912,45.3400043,
9046,28.8337374,45.3349215,
9047,28.8339211,45.3359444,
9048,28.84232,45.3390127,
9049,22.3088231,48.6282089,
9050,26.3410458,50.614554,
9051,25.0811334,48.5439407,
9052,25.1077538,48.5193674,
9053,26.8487523,48.3909508,
9054,25.3578804,50.756739,
9055,23.9545649,49.8281804,
9056,23.9896618,49.8249458,
9057,23.9901118,49.8280646,
9058,33.3826387,48.9929425,
9059,33.3827353,48.9935306,
9060,25.8225491,48.3541305,
9061,25.8230264,48.3535124,
9062,25.8213834,48.3534131,
9063,25.8225516,48.353221,
9064,25.8227047,48.3531909,
9065,33.4715022,51.862001,
9066,33.4650524,51.8517952,
9067,33.1805377,52.0123292,
9068,33.1796536,52.0106266,
9069,33.1805582,52.0123503,
9070,33.4719923,51.8644868,
9071,33.4619903,51.8663956,
9072,34.9395841,50.834189,
9073,34.9399689,50.8333705,
9074,35.1425288,50.811629,
9075,35.1417312,50.8115769,
9076,28.295504,45.469151,
9077,28.2854894,45.4526585,
9078,24.0349748,49.8374102,
9079,24.0349446,49.8361532,
9080,24.00461,49.8360665,
9081,22.2897537,48.621309,
9082,23.9689158,49.8206981,
9083,24.0187276,49.8711261,
9084,24.0229128,49.8692619,
9085,26.2527289,49.5412042,
9086,31.2890099,51.3730694,
9087,29.3907772,51.2943245,
9088,23.9819909,49.8330881,
9089,23.9770432,49.836177,
9090,25.7706384,49.6490925,
9091,25.7797548,49.6556902,
9092,24.521675,48.7857621,
9093,23.4096279,49.9571732,
9094,23.3741834,49.9471051,
9095,23.3803912,49.9384249,
9096,26.4527628,49.9564657,
9097,23.5165188,49.321515,
9098,28.1249808,48.540355,
9099,31.9609441,47.0482234,
9100,33.1659725,51.2679684,
9101,30.7885568,49.3291261,
9102,24.02873,49.8407214,
9103,29.6833618,46.0268844,
9104,29.6844509,46.0278327,
9105,28.2784896,48.2394582,
9106,23.3513213,48.0596596,
9107,35.7877497,47.5755124,
9108,30.6203139,50.5282682,
9109,23.5056836,49.286753,
9110,31.4207932,49.0250329,
9111,22.3331724,48.5786868,
9112,30.7275617,46.4704415,
9113,34.8488026,49.4346403,
9114,34.8413305,49.4445069,
9115,31.8625323,51.1390299,
9116,31.663555,51.1378453,
9117,31.5135874,51.1170737,
9118,31.5130793,51.1170012,
9119,31.5125271,51.1169223,
9120,31.0989411,50.9111585,
9121,31.087009,50.9116636,
9122,31.0864131,50.9115149,
9123,31.0860004,50.9114114,
9124,31.0859292,50.9108097,
9125,31.0865668,50.9112438,
9126,31.8940412,49.1901047,
9127,30.8714675,48.0660462,
9128,35.4753398,49.3467253,
9129,35.1383889,49.4537573,
9130,35.1119933,49.4627819,
9131,34.905212,49.4377004,
9132,28.8562335,48.6734677,
9133,31.3052925,51.4527834,
9134,31.3037643,51.4545034,
9135,30.6356711,50.3984292,
9136,30.6377906,50.3988599,
9137,30.6326435,50.39795,
9138,30.6333594,50.4007501,
9139,30.631036,50.3981222,
9140,31.8213219,48.582113,
9141,30.662819,46.4506586,
9142,30.6594354,46.4507405,
9143,30.6245531,46.4426544,
9144,30.6732586,46.4521882,
9145,30.6763573,46.4413845,
9146,30.6765246,46.4417844,
9147,30.6768947,46.4414468,
9148,36.1531865,49.8925927,
9149,25.6224192,49.5601332,
9150,29.0497708,49.2272904,
9151,29.0497215,49.2272993,
9152,29.0495906,49.2272719,
9153,29.0495464,49.2271539,
9154,29.049609,49.2271018,
9155,29.0498541,49.2271478,
9156,29.0504223,49.2272512,
9157,29.0494238,49.2272179,
9158,29.049122,49.227489,
9159,25.3207504,48.1685118,
9160,32.3971058,50.8588529,
9161,34.9708343,47.949602,
9162,34.9698374,47.948704,
9163,34.9704398,47.9222202,
9164,34.9712768,47.9191895,
9165,34.9713698,47.9188482,
9166,34.9722331,47.9158072,
9167,34.9735628,47.9117496,
9168,34.9745863,47.9086618,
9169,34.977173,47.9011898,
9170,34.9775951,47.9000209,
9171,34.9778548,47.8993197,
9172,34.9783405,47.8980405,
9173,34.970647,47.9515676,
9174,34.9703675,47.9505904,
9175,34.9701386,47.9497255,
9176,34.9696755,47.9504557,
9177,35.1291326,47.8290925,
9178,35.1338716,47.8462374,
9179,35.1664442,47.8196901,
9180,35.1582033,47.82655,
9181,35.1629381,47.8178519,
9182,35.140849,47.8379383,
9183,35.1409603,47.8380193,
9184,35.1387174,47.8392315,
9185,35.1388044,47.8390703,
9186,35.1622032,47.8287125,
9187,35.0937403,47.8619763,
9188,35.1334037,47.8279227,
9189,35.1354295,47.8273691,
9190,35.1638418,47.8168354,
9191,35.1736949,47.8132945,
9192,35.1772671,47.8154544,
9193,35.1777755,47.8157268,
9194,35.1763044,47.7905968,
9195,35.1039166,47.8580827,
9196,35.1014042,47.8560135,
9197,35.0994755,47.8542891,
9198,35.0994255,47.8512423,
9199,35.0997305,47.854182,
9200,35.1064194,47.8355524,
9201,35.1134422,47.8334201,
9202,35.1105236,47.8342405,
9203,35.104054,47.8581979,
9204,35.1623337,47.828783,
9205,35.1455894,47.8327009,
9206,35.2360312,47.7861108,
9207,35.2371989,47.7857256,
9208,35.2378656,47.7861214,
9209,35.2370631,47.78613,
9210,35.2133591,47.7907377,
9211,35.2121426,47.7912911,
9212,35.2142384,47.7902203,
9213,35.2132375,47.7906493,
9214,35.2530455,47.7372832,
9215,35.2515086,47.7387025,
9216,35.104238,47.8579002,
9217,35.1654967,47.8261327,
9218,35.1637667,47.8275829,
9219,35.1309015,47.8435473,
9220,35.1636487,47.8275163,
9221,30.3119756,50.1807843,
9222,30.3113376,50.1802667,
9223,30.3115449,50.1801834,
9224,30.3119774,50.1803595,
9225,32.4046509,50.8472207,
9226,30.7236374,46.4754928,
9227,30.7457553,46.4381475,
9228,30.7426717,46.4453821,
9229,30.7422811,46.4451508,
9230,30.7383426,46.4527507,
9231,30.7426244,46.4809273,
9232,30.7403127,46.4795517,
9233,30.744728,46.4807653,
9234,30.7444952,46.4792897,
9235,37.2766917,49.1837608,
9236,30.1911879,49.3844418,
9237,30.1908702,49.3845117,
9238,30.1797236,49.3875875,
9239,30.1906835,49.3844179,
9240,36.8567481,49.4503376,
9241,36.1921594,49.3876485,
9242,30.1907957,49.3845299,
9243,30.1908819,49.3843981,
9244,24.0051179,49.8375355,
9245,30.6916985,46.4795203,
9246,30.7388018,46.4695874,
9247,23.9682281,49.8306573,
9248,25.1413115,50.0821269,
9249,25.1559861,50.0735044,
9250,25.1558949,50.074245,
9251,30.3179205,50.1775214,
9252,30.3062746,50.182327,
9253,24.068389,49.8360273,
9254,24.067921,49.8360567,
9255,29.9416604,49.530225,
9256,29.9427455,49.5293396,
9257,30.2001277,49.801482,
9258,31.5652519,50.9364778,
9259,28.4035135,49.2381529,
9260,30.1085184,49.3591274,
9261,30.1090237,49.3596508,
9262,30.1087729,49.3621328,
9263,35.0221405,47.8877861,
9264,24.2297852,50.3882672,
9265,31.3104212,51.5021452,
9266,31.3102415,51.5025092,
9267,30.3652182,50.4969436,
9268,30.3654506,50.4969572,
9269,27.4174971,49.4723642,
9270,23.913335,49.8204978,
9271,30.1329922,49.7967487,
9272,30.1330356,49.7968678,
9273,30.1330882,49.7970481,
9274,25.1433948,50.0816227,
9275,25.1530762,50.065135,
9276,25.1523012,50.0638198,
9277,25.1541293,50.065366,
9278,25.1534204,50.0656593,
9279,25.1685121,50.0747453,
9280,25.1694156,50.0759341,
9281,30.5260064,50.4605697,
9282,34.5851649,49.5800848,
9283,34.5145848,49.961606,
9284,34.5863167,49.5671291,
9285,25.8504409,51.3470695,
9286,25.8578551,51.3404145,
9287,25.8576021,51.340289,
9288,25.8501399,51.3469736,
9289,25.8502272,51.3473498,
9290,25.8499106,51.347259,
9291,25.8489212,51.3499143,
9292,25.8483402,51.3492713,
9293,33.4329749,47.9316891,
9294,34.2789529,51.1358953,
9295,34.768462,48.3838477,
9296,34.8084363,48.3946533,
9297,34.7809861,48.386506,
9298,25.8654535,51.3516368,
9299,32.8284879,51.1760323,
9300,32.8285193,51.1764711,
9301,35.0195058,50.3712095,
9302,28.575489,49.9000138,
9303,24.0195931,49.8128731,
9304,24.0612337,49.8744472,
9305,35.5477694,50.4246899,
9306,35.0052111,48.5133181,
9307,23.9815292,49.8062579,
9308,24.0140771,49.7742157,
9309,35.0536689,48.4696767,
9310,35.0039224,48.4791036,
9311,34.7740301,48.422644,
9312,34.8799353,48.566906,
9313,35.1508905,48.4813113,
9314,35.1581319,48.4790415,
9315,35.1574526,48.4787182,
9316,35.2491528,48.5794297,
9317,35.0360367,48.4968681,
9318,34.7044471,50.863014,
9319,34.7060512,50.8634629,
9320,34.7462572,50.8861547,
9321,34.7064641,50.864212,
9322,34.7070512,50.8638694,
9323,34.7060865,50.8640425,
9324,34.7064088,50.8635796,
9325,34.7065592,50.8635691,
9326,34.7070045,50.8637556,
9327,22.193156,48.4401399,
9328,22.1887887,48.440535,
9329,24.0178288,49.8347227,
9330,28.4086817,49.2087087,
9331,30.5581174,50.4424631,
9332,30.5606346,50.4395619,
9333,34.3336445,50.7897919,
9334,35.0827761,50.8287503,
9335,22.996644,48.2877874,
9336,34.4739003,50.5804767,
9337,34.5137076,50.6041258,
9338,34.5142005,50.6039789,
9339,34.5146367,50.6042986,
9340,34.4868382,50.5689754,
9341,34.487279,50.5688449,
9342,34.4666194,50.5707273,
9343,34.4603334,50.5889068,
9344,34.4595266,50.5890877,
9345,34.460218,50.5894147,
9346,34.4837492,50.5795403,
9347,34.4837417,50.5796212,
9348,34.4836086,50.5796628,
9349,34.4835369,50.5796435,
9350,34.4835082,50.5795295,
9351,34.4835595,50.5794993,
9352,34.4836496,50.5826872,
9353,34.4837362,50.5797756,
9354,34.8801844,50.8247047,
9355,34.8808836,50.8240556,
9356,26.5818926,51.0986764,
9357,32.3778649,50.5837597,
9358,32.3783502,50.5839317,
9359,32.3782763,50.5841406,
9360,32.3779509,50.5842289,
9361,32.3777682,50.5841879,
9362,32.3776939,50.583832,
9363,32.319913,50.5373065,
9364,32.3770372,50.5840551,
9365,32.378227,50.5833783,
9366,32.382699,50.6127553,
9367,25.5999876,49.559511,
9368,34.7712106,50.9014793,
9369,30.3888818,49.6700357,
9370,30.3882709,49.6701721,
9371,22.4861275,48.5375034,
9372,30.8259538,50.5692353,
9373,30.5484166,50.3419905,
9374,33.8172489,50.5661044,
9375,23.9557069,49.8164251,
9376,23.9555742,49.8166674,
9377,23.9553967,49.8166782,
9378,32.213571,51.5221424,
9379,32.2136441,51.5220441,
9380,32.2131023,51.5220585,
9381,32.2133014,51.5217361,
9382,32.213801,51.5221851,
9383,27.2250105,51.2646349,
9384,27.2130985,51.2840702,
9385,27.2237669,51.2809093,
9386,26.5679587,51.6045498,
9387,26.5680434,51.6039309,
9388,26.5677105,51.6033657,
9389,26.5681863,51.6030421,
9390,26.5691431,51.6041281,
9391,26.5685783,51.6042742,
9392,26.5685438,51.6042686,
9393,26.5692296,51.6049456,
9394,26.5674315,51.602772,
9395,34.4783022,49.5880917,
9396,34.4835576,49.5889438,
9397,34.4910612,49.5902607,
9398,34.4531353,49.571135,
9399,32.3719427,50.871458,
9400,32.3935529,50.8643371,
9401,26.817029,51.7159683,
9402,30.6277662,50.4602303,
9403,30.6300517,50.4599968,
9404,29.219411,49.7217475,
9405,26.6234736,51.3171955,
9406,26.6228123,51.3172572,
9407,30.5498679,50.3660562,
9408,30.5500049,50.373856,
9409,30.5496283,50.3682532,
9410,33.5672441,48.1024236,
9411,26.5717367,49.1756367,
9412,29.2349673,49.2870964,
9413,29.2330936,49.286789,
9414,29.2343429,49.286215,
9415,31.8057038,50.2159024,
9416,36.9763496,49.1026448,
9417,34.5590574,49.5837193,
9418,34.5590931,49.5835595,
9419,32.7227487,50.4987809,
9420,33.1826317,52.0105114,
9421,22.3338548,48.6328335,
9422,22.332022,48.6305948,
9423,22.3323019,48.6303785,
9424,35.1503084,47.8421384,
9425,34.5600413,49.5542923,
9426,34.5602489,49.5543963,
9427,27.2203561,49.755454,
9428,27.2206501,49.7558547,
9429,27.2199474,49.756013,
9430,27.2203839,49.7558283,
9431,27.2208149,49.7560737,
9432,27.2204649,49.7559855,
9433,27.2526459,49.7593113,
9434,26.8604452,49.7810299,
9435,33.1758989,49.4204481,
9436,24.6341272,50.2898998,
9437,30.4474786,50.4149795,
9438,30.4460161,50.4145862,
9439,30.443515,50.4145552,
9440,30.4464306,50.4142434,
9441,32.72241,50.4987981,
9442,32.722683,50.4988576,
9443,34.7958203,50.9083457,
9444,32.5834459,50.482016,
9445,32.3815797,50.5879869,
9446,32.3819487,50.587935,
9447,32.5892932,50.4752528,
9448,32.593835,50.4799921,
9449,24.8369913,50.2337965,
9450,24.8340053,50.2330727,
9451,33.0551305,49.9922546,
9452,33.0556699,50.0037224,
9453,31.4350992,51.4341182,
9454,31.6510261,51.3512712,
9455,24.6112263,49.9641768,
9456,24.6108936,49.9641996,
9457,24.6127782,49.965646,
9458,24.613873,49.9658432,
9459,24.6112993,49.9645845,
9460,24.6156232,49.9721576,
9461,24.5825636,49.9630362,
9462,24.5843127,49.9624705,
9463,25.8491154,51.3487805,
9464,25.8489821,51.3495763,
9465,25.8490861,51.3500979,
9466,25.5393805,49.5616331,
9467,33.259407,49.7795265,
9468,33.26036,49.7800549,
9469,32.8368258,50.7459916,
9470,26.3399124,51.2753799,
9471,26.2397896,50.4910789,
9472,26.238661,50.497647,
9473,26.8714858,50.3134098,
9474,27.1663043,50.6005658,
9475,27.1695216,50.6004891,
9476,27.1740747,50.6011448,
9477,27.174018,50.6012707,
9478,27.1694577,50.6012144,
9479,27.1662883,50.6006929,
9480,25.5991648,50.5127254,
9481,25.5845321,50.5090214,
9482,26.2674898,50.9867507,
9483,26.3025546,50.8608129,
9484,32.4307983,50.2502978,
9485,23.6761503,49.7864324,
9486,23.640785,49.7634237,
9487,23.6419661,49.763232,
9488,23.6392509,49.7827147,
9489,23.6966189,49.7870949,
9490,23.6460029,49.7639126,
9491,23.6424245,49.7659426,
9492,23.6433116,49.7612676,
9493,23.6459233,49.7636825,
9494,25.5858451,50.994675,
9495,28.660455,50.9890843,
9496,31.4442705,50.0639015,
9497,32.9920255,50.0184815,
9498,32.9904473,50.0188638,
9499,32.967675,50.0248048,
9500,31.4572048,50.069461,
9501,31.4446615,50.0640876,
9502,31.4443701,50.0642862,
9503,31.4453917,50.0644819,
9504,25.8581196,51.3401674,
9505,30.8783883,50.9485146,
9506,25.1050468,48.5199009,
9507,25.2834282,48.4671532,
9508,23.1159369,49.9549721,
9509,23.1154555,49.954812,
9510,23.1219114,49.9560529,
9511,23.121872,49.9564769,
9512,23.1214583,49.9559405,
9513,31.5676444,50.9362478,
9514,30.8558093,51.4194861,
9515,33.9659078,50.3794551,
9516,33.9658313,50.3797108,
9517,26.8971374,51.3111237,
9518,32.1017095,49.4058514,
9519,32.1009343,49.4063965,
9520,24.4153169,49.7755942,
9521,24.3440559,50.0994781,
9522,24.4370317,49.9794044,
9523,28.6702327,50.4966917,
9524,28.6714535,50.4500301,
9525,28.6724838,50.449887,
9526,34.5368915,49.5751174,
9527,34.53797,49.5761867,
9528,25.9999983,51.254376,
9529,29.8938789,50.9212572,
9530,34.4925447,49.5716918,
9531,34.4924552,49.5706145,
9532,34.4925167,49.5702805,
9533,34.5289599,49.5996904,
9534,32.5024444,50.2278965,
9535,32.5001825,50.2283314,
9536,24.0159923,49.8669982,
9537,24.0161796,49.8666192,
9538,24.0165595,49.866671,
9539,30.8636788,50.3793791,
9540,30.8612233,50.3783674,
9541,26.742373,51.743799,
9542,24.0572343,49.869867,
9543,30.8961189,50.35432,
9544,30.8946837,50.3516679,
9545,30.8945883,50.3509357,
9546,30.894694,50.3518085,
9547,30.8959863,50.3543844,
9548,30.894843,50.3542744,
9549,24.0608504,49.8739902,
9550,24.0613043,49.8741929,
9551,30.5500221,50.3707304,
9552,28.6569003,49.8860432,
9553,28.6537054,49.8810421,
9554,28.6469574,49.8825427,
9555,28.6517585,49.8783722,
9556,32.2499947,48.5152247,
9557,26.5717106,48.6743668,
9558,36.0117186,49.9665727,
9559,36.0126447,49.9663198,
9560,36.0451938,49.9607535,
9561,36.0460457,49.960658,
9562,36.0471065,49.9605331,
9563,36.0516402,49.9595906,
9564,36.0680255,49.9554838,
9565,36.0730046,49.95483,
9566,35.7562942,49.9081059,
9567,35.7575075,49.9100503,
9568,32.5763609,52.1763578,
9569,24.4200425,51.5028159,
9570,34.9400789,50.8328315,
9571,34.9404235,50.8331501,
9572,30.3106762,50.2578902,
9573,30.3106862,50.2580583,
9574,30.281775,50.24688,
9575,30.2822355,50.2472907,
9576,30.2785928,50.2438299,
9577,30.2786411,50.2435998,
9578,30.3020778,50.2545576,
9579,30.3020506,50.2544075,
9580,30.6259742,50.1103108,
9581,30.6475446,50.0887523,
9582,30.6477992,50.0894665,
9583,30.6662117,50.1130331,
9584,30.6467896,50.0891178,
9585,29.9495547,49.8020574,
9586,30.5688726,50.4224354,
9587,24.6346674,50.2924148,
9588,30.4464749,50.4627985,
9589,30.4413887,50.4553443,
9590,25.8572231,50.7689305,
9591,30.4469009,50.4577601,
9592,25.8552035,50.7695468,
9593,25.8598734,50.7684919,
9594,25.8573969,50.7690497,
9595,25.9263721,50.7533802,
9596,25.8596915,50.7683864,
9597,25.8549932,50.7694699,
9598,30.4994742,50.5228822,
9599,30.4530615,50.5272563,
9600,26.8475745,48.886912,
9601,26.8617921,48.8956853,
9602,36.0451618,49.9605736,
9603,36.0873087,49.957249,
9604,26.8624333,48.8957609,
9605,23.3835521,49.9374725,
9606,25.8072058,49.6649429,
9607,25.8067227,49.6648245,
9608,25.7784116,49.6639221,
9609,36.2013614,50.0594382,
9610,36.2016035,50.0592343,
9611,26.854934,48.8857641,
9612,26.8542086,48.8829922,
9613,26.8480591,48.8867002,
9614,26.845327,48.8823706,
9615,23.4458878,48.8451938,
9616,26.2074604,50.5624701,
9617,36.0113583,49.9660731,
9618,23.6432546,49.7639362,
9619,23.6423193,49.7638544,
9620,23.6418223,49.7637628,
9621,23.6425768,49.7632215,
9622,23.6433109,49.7632832,
9623,23.6438131,49.7633342,
9624,23.6436582,49.7639567,
9625,23.7559695,49.9021896,
9626,23.6477068,49.7640064,
9627,23.6716776,49.7868877,
9628,24.1472507,50.8604043,
9629,26.863209,48.911482,
9630,26.862719,48.9113354,
9631,26.86345,48.9116512,
9632,26.8632128,48.9111904,
9633,26.863496,48.9110126,
9634,26.8639158,48.9110161,
9635,26.8639462,48.9116522,
9636,26.8637102,48.9120587,
9637,26.8636925,48.9106828,
9638,25.5830836,49.5502996,
9639,25.5827949,49.5505864,
9640,25.5891442,49.5505666,
9641,25.6034952,49.5438163,
9642,25.5833197,49.5505448,
9643,25.5820333,49.5506351,
9644,25.7140595,49.5309844,
9645,25.7153629,49.5306022,
9646,25.7758368,49.661127,
9647,30.0015981,50.4284605,
9648,30.0018309,50.4282432,
9649,30.0015342,50.4282282,
9650,29.4754183,51.4180534,
9651,22.729361,48.4447396,
9652,22.7543415,48.4361542,
9653,22.7306611,48.4417822,
9654,22.7176844,48.4368146,
9655,32.9052052,48.9377162,
9656,23.9879924,49.5558757,
9657,24.8342812,50.2323147,
9658,22.70988,48.4585421,
9659,22.7092718,48.4583937,
9660,22.7085135,48.4581534,
9661,26.2584704,50.5930197,
9662,36.628062,49.8713427,
9663,26.8516345,48.8853375,
9664,24.72475,49.122225,
9665,24.7244184,49.1223211,
9666,24.7241917,49.1220606,
9667,24.7245929,49.1220378,
9668,24.7300363,49.1369036,
9669,24.725103,49.122791,
9670,23.3949553,49.9112912,
9671,26.0120785,49.3321354,
9672,26.0123713,49.3326137,
9673,26.1081755,49.5280768,
9674,25.8464662,49.6731787,
9675,26.0290284,48.807713,
9676,26.0291657,48.8081086,
9677,26.0275143,48.8153666,
9678,26.0641606,48.8053116,
9679,32.6101677,50.1487421,
9680,26.1933756,49.0718226,
9681,24.0017701,49.8368484,
9682,24.0020061,49.8366331,
9683,25.1711103,49.6560631,
9684,25.1237072,49.6784214,
9685,25.1214406,49.6749867,
9686,25.3687169,49.3091209,
9687,24.0026821,49.8367607,
9688,29.0294704,50.3417176,
9689,28.6713256,50.4505163,
9690,25.4036303,49.061325,
9691,25.3961481,49.0627458,
9692,25.9759601,49.4257085,
9693,26.0702634,49.9655817,
9694,24.0007736,49.6537649,
9695,24.0009259,49.6536559,
9696,32.6301729,49.1187711,
9697,28.75599,50.285198,
9698,28.7859015,50.2857933,
9699,30.1337369,50.3507994,
9700,23.9777147,49.7875495,
9701,24.0147009,49.7876849,
9702,24.0143418,49.7859533,
9703,28.677159,50.264937,
9704,28.6771856,50.2648933,
9705,23.9792176,49.7938862,
9706,23.9783972,49.7875322,
9707,25.564595,51.9654644,
9708,23.7374158,49.9142965,
9709,24.1375958,49.8968541,
9710,25.780232,50.4431791,
9711,25.3862619,50.8053547,
9712,25.4750983,51.8730342,
9713,25.5329642,51.2610169,
9714,25.4968606,51.7664387,
9715,25.7792773,50.4435969,
9716,25.7793926,50.4431959,
9717,25.7794353,50.4433498,
9718,23.5024156,49.0292395,
9719,23.9818358,48.9767951,
9720,23.9823851,48.9766852,
9721,23.981524,48.9769883,
9722,23.9812121,48.9770728,
9723,23.981091,48.976943,
9724,23.9813818,48.9768045,
9725,23.9814146,48.9768135,
9726,35.8617534,49.9653891,
9727,35.8660435,49.9662003,
9728,35.8665884,49.966321,
9729,23.5777613,48.0112495,
9730,23.5777563,48.0111322,
9731,23.5777874,48.0111148,
9732,23.5779797,48.0111639,
9733,23.5772614,48.011169,
9734,32.4736305,50.2391995,
9735,32.5014053,50.2275741,
9736,32.5023576,50.2273606,
9737,28.6561672,50.1885772,
9738,22.6676857,49.4778879,
9739,30.4477189,50.4629932,
9740,30.4470143,50.4638064,
9741,30.4449589,50.4628965,
9742,23.6730706,49.7746802,
9743,23.6740533,49.7743714,
9744,22.6679072,49.4778602,
9745,22.6677918,49.4777314,
9746,28.6929961,50.2682388,
9747,25.5467198,48.4537083,
9748,25.5471264,48.4536927,
9749,25.8224366,48.3535552,
9750,25.7935385,48.5332954,
9751,25.7898587,48.5321187,
9752,25.7892655,48.5322752,
9753,25.7917988,48.5289275,
9754,25.7959612,48.5304168,
9755,25.7937024,48.5337167,
9756,25.7923991,48.530754,
9757,25.79373,48.5310145,
9758,25.7925582,48.5306582,
9759,25.79304,48.5318634,
9760,25.7934577,48.5310865,
9761,25.7877746,48.5327096,
9762,34.3883403,48.5509546,
9763,34.390653,48.5498396,
9764,34.1328412,51.6481931,
9765,31.4309492,49.2627671,
9766,33.2441563,52.3660117,
9767,33.0573382,49.9899694,
9768,33.0552217,49.9925165,
9769,33.0572258,49.9898943,
9770,33.065039,49.9970065,
9771,33.0652533,49.9973677,
9772,33.0651996,49.9974367,
9773,33.0647789,49.9974652,
9774,33.0644425,49.9972216,
9775,33.0647039,49.9969632,
9776,33.066012,49.9970174,
9777,32.9991781,50.0047765,
9778,30.9724729,49.0524365,
9779,30.9856695,48.9419184,
9780,30.9735366,49.0521709,
9781,30.9740182,49.0515351,
9782,30.964703,49.0722503,
9783,30.9741659,49.0528364,
9784,30.9730255,49.0528216,
9785,30.972597,49.0508962,
9786,30.9734247,49.0513601,
9787,30.9721619,49.0556988,
9788,23.9703586,49.8600738,
9789,32.9578939,50.0281506,
9790,32.9551468,50.0292836,
9791,32.9528193,50.0304633,
9792,32.9549921,50.0291501,
9793,26.1936009,49.0719075,
9794,26.1936766,49.0717911,
9795,26.1939332,49.072019,
9796,26.1936479,49.0719878,
9797,26.2115035,49.0737218,
9798,33.0629758,49.9963889,
9799,33.0651877,49.9977994,
9800,26.1397989,51.4176488,
9801,25.9935008,51.3070268,
9802,23.3019988,48.894134,
9803,23.3012015,48.8937046,
9804,23.3019559,48.893876,
9805,23.3021595,48.8938917,
9806,30.9725468,49.0515318,
9807,30.9724215,49.0531185,
9808,30.9726793,49.0499538,
9809,24.2722378,49.2636549,
9810,24.2728262,49.263498,
9811,30.9050668,49.0766746,
9812,30.906879,49.0784906,
9813,30.931717,49.0797369,
9814,30.9344855,49.0804531,
9815,30.9344937,49.0791125,
9816,30.9407781,49.0801161,
9817,30.9416945,49.0804178,
9818,30.9419998,49.0802555,
9819,30.93445,49.0777526,
9820,30.9665924,49.0754984,
9821,30.9669168,49.0754035,
9822,30.9066403,49.0790848,
9823,30.9061201,49.0788333,
9824,30.9351648,49.0797012,
9825,30.934569,49.0801866,
9826,30.9056508,49.0792427,
9827,30.9419328,49.0802501,
9828,34.0413755,49.9543717,
9829,34.0412016,49.9547139,
9830,34.0403638,49.9546414,
9831,34.0409847,49.9542954,
9832,30.9792699,49.0713114,
9833,30.9795919,49.0715869,
9834,31.7960419,50.2134978,
9835,36.1613407,49.9737759,
9836,36.1551434,49.9702695,
9837,30.078689,49.1904919,
9838,30.0778657,49.1949218,
9839,23.9960072,49.5815205,
9840,23.9958378,49.5815558,
9841,30.7145482,48.9126407,
9842,30.7109635,48.881634,
9843,30.7106367,48.8814197,
9844,30.7104001,48.881782,
9845,33.9234529,50.0175917,
9846,33.922748,50.0180807,
9847,33.92055,50.0186598,
9848,34.4178421,49.5749464,
9849,34.10906,49.5814484,
9850,34.1080713,49.5814111,
9851,34.1643643,49.5828589,
9852,34.1134086,49.5814501,
9853,24.0449721,49.8163848,
9854,23.834193,49.2516112,
9855,23.3888288,49.4641237,
9856,24.0627496,49.4515266,
9857,24.0631566,49.4506918,
9858,24.2725337,49.2640689,
9859,24.097489,49.3834174,
9860,24.0982776,49.383629,
9861,24.0983815,49.3838513,
9862,24.0632634,49.4518743,
9863,24.0624619,49.4521502,
9864,24.0634319,49.4514464,
9865,24.0635024,49.4515173,
9866,24.0634066,49.4518182,
9867,35.0236216,48.3507192,
9868,35.0234079,48.3503883,
9869,35.0237346,48.3501815,
9870,35.0230901,48.3529215,
9871,35.0234696,48.3525681,
9872,35.0235239,48.3533128,
9873,23.6538913,49.7146741,
9874,30.8153199,49.2371957,
9875,30.8279927,49.252071,
9876,25.9181945,48.3103378,
9877,26.5348578,51.558449,
9878,23.9907784,49.8334712,
9879,28.5150642,48.5372673,
9880,28.5148439,48.5372083,
9881,28.5149751,48.5371321,
9882,28.5150402,48.5371471,
9883,28.5156639,48.5371903,
9884,28.5972068,48.5395265,
9885,28.5957531,48.5393962,
9886,35.8437688,49.9601066,
9887,35.833271,49.957474,
9888,35.8270803,49.9569334,
9889,33.8587873,49.192779,
9890,32.9717764,50.0583694,
9891,23.1210853,49.9563776,
9892,30.6406979,46.4462936,
9893,30.8460939,50.5953299,
9894,30.4491083,49.6599811,
9895,30.4485241,49.6601672,
9896,29.814357,50.4803076,
9897,29.8156848,50.4820636,
9898,29.9169185,50.6399425,
9899,29.9179547,50.6399309,
9900,29.9190145,50.6404121,
9901,29.9179048,50.6404083,
9902,29.801077,50.4137144,
9903,23.8972007,49.8733228,
9904,30.8623408,49.5296057,
9905,30.8636283,49.5297461,
9906,30.881644,49.5626675,
9907,30.8810775,49.5622436,
9908,30.8812009,49.5619676,
9909,30.8823014,49.5617788,
9910,30.881502,49.5621323,
9911,30.8637282,49.5305704,
9912,30.8635264,49.5300066,
9913,30.8697197,49.5466033,
9914,30.8804865,49.561928,
9915,30.8811181,49.5619831,
9916,30.8814795,49.5621842,
9917,30.8810167,49.5622058,
9918,29.5270109,50.2845147,
9919,29.51999,50.2821842,
9920,30.6295378,46.3486841,
9921,30.6287187,46.3486189,
9922,33.3607937,48.9219399,
9923,24.3384746,50.1062387,
9924,35.7698282,49.9345863,
9925,35.7696387,49.936129,
9926,35.7726014,49.9409435,
9927,35.7735449,49.9419457,
9928,35.7894061,49.9502208,
9929,35.7946491,49.9513361,
9930,23.9833709,49.833343,
9931,35.3377658,47.5747534,
9932,35.3415799,47.577928,
9933,35.3396329,47.575128,
9934,35.339107,47.5759396,
9935,34.3877004,48.5516146,
9936,34.1199608,48.1688265,
9937,30.5683489,46.5966763,
9938,30.5632236,46.5953428,
9939,30.5644355,46.5931768,
9940,30.5686827,46.59634,
9941,30.5595586,46.5923011,
9942,30.5642549,46.5931279,
9943,30.5630347,46.5953042,
9944,30.5592573,46.592623,
9945,34.5371656,49.5842887,
9946,33.4239663,49.0776893,
9947,33.4235075,49.0776204,
9948,33.4236365,49.0777039,
9949,33.4231253,49.0775721,
9950,33.4233818,49.0776073,
9951,34.8303494,49.6066882,
9952,34.8277793,49.607446,
9953,33.4291321,49.0698572,
9954,33.4286502,49.069895,
9955,33.3412555,50.2635155,
9956,24.0510511,49.8623983,
9957,24.0342756,49.8266059,
9958,30.3619914,50.5157435,
9959,30.5384448,50.341993,
9960,34.7071786,50.86357,
9961,34.7073894,50.8640066,
9962,34.7066716,50.8633955,
9963,33.4322683,49.0975027,
9964,34.7073275,50.8630651,
9965,29.942476,49.5294944,
9966,29.9423404,49.5296365,
9967,33.0546081,49.9952207,
9968,33.0547973,49.9952096,
9969,33.325398,46.8174818,
9970,33.3255969,46.8172591,
9971,33.3246095,46.8174112,
9972,26.6665521,50.614477,
9973,26.6557669,50.6152442,
9974,26.6537283,50.6146832,
9975,26.6547216,50.614899,
9976,23.2946309,48.1693307,
9977,23.8144113,49.9553619,
9978,30.8977173,48.2578913,
9979,31.5250832,48.3216405,
9980,31.6603142,48.2689085,
9981,31.6595976,48.2692563,
9982,31.6592704,48.2693902,
9983,31.6587393,48.2692688,
9984,31.6575631,48.2692866,
9985,31.6592543,48.2689296,
9986,31.6583343,48.2689465,
9987,32.7544898,48.1369619,
9988,32.5961658,51.8711463,
9989,32.5690462,51.9427531,
9990,32.9549164,51.5666131,
9991,32.9592955,51.5692928,
9992,30.4416231,50.179104,
9993,27.0538892,49.4752048,
9994,27.0537522,49.4753248,
9995,27.0422929,49.466079,
9996,27.056204,49.4800998,
9997,27.0563369,49.4799724,
9998,27.0516922,49.4716447,
9999,27.0302159,49.4549697,
10000,24.3369741,50.8168535,
10001,32.9981348,50.0028024,
10002,22.8525224,47.9672183,
10003,24.0708228,49.7986663,
10004,23.9990755,49.8039308,
10005,23.997161,49.8041228,
10006,31.9476874,51.5689783,
10007,33.4751586,51.8606722,
10008,33.4830512,51.8661389,
10009,24.0703043,49.8359485,
10010,24.0687811,49.8359889,
10011,32.9570337,51.5660283,
10012,33.0296739,51.5948926,
10013,32.7168428,51.7492376,
10014,32.7983025,51.7757184,
10015,30.5525337,50.443115,
10016,30.880491,48.2372893,
10017,30.8806619,48.237038,
10018,30.8806534,48.2369767,
10019,30.8805055,48.2368284,
10020,30.8808228,48.2371043,
10021,30.880829,48.2368918,
10022,31.1727419,51.5384073,
10023,31.182904,51.4996231,
10024,30.7460613,51.5222754,
10025,23.9397246,49.9039034,
10026,34.0980703,47.5887977,
10027,36.0319507,48.2069027,
10028,36.0245302,48.2151534,
10029,35.8775404,47.6414024,
10030,34.451508,49.5695486,
10031,34.9328415,50.4162753,
10032,34.9733504,50.4079194,
10033,34.4467662,49.5687483,
10034,24.532481,49.0305169,
10035,25.2716563,50.9171497,
10036,36.3856633,49.9769149,
10037,29.8856663,50.4214107,
10038,29.885804,50.4215368,
10039,28.6558637,49.8842041,
10040,28.6521926,49.8789789,
10041,28.615714,49.9579174,
10042,28.62288,49.9812579,
10043,28.6251536,49.988431,
10044,28.6267785,49.9942979,
10045,28.6398564,50.0369034,
10046,25.922638,48.3235481,
10047,25.9229244,48.3235329,
10048,28.6798058,49.7373801,
10049,28.6795301,49.7377926,
10050,28.6646046,49.7063905,
10051,28.6504176,49.6723511,
10052,28.6548447,49.6870174,
10053,30.231193,48.5574843,
10054,30.230565,48.5587361,
10055,30.2305411,48.5584599,
10056,30.2313127,48.5650255,
10057,30.2198243,48.7604507,
10058,28.6335417,49.6160412,
10059,28.625029,49.6093914,
10060,28.5698092,49.5787613,
10061,28.5672685,49.5768565,
10062,28.5634962,49.571037,
10063,28.5605327,49.5657341,
10064,28.5492355,49.5462499,
10065,28.560659,49.565604,
10066,28.5636518,49.5708726,
10067,28.5673859,49.5767329,
10068,28.5698839,49.5785839,
10069,28.6250504,49.6092291,
10070,35.0423713,48.4725298,
10071,35.0277264,48.4123362,
10072,35.0275238,48.4122565,
10073,35.0292918,48.4103925,
10074,35.0290986,48.4103237,
10075,22.7139834,48.4480089,
10076,24.0268359,49.8509523,
10077,30.6110066,46.5127609,
10078,30.6113691,46.5130125,
10079,30.6121206,46.5131616,
10080,30.2261272,48.7472988,
10081,30.4407411,50.4434709,
10082,30.4977371,50.4403067,
10083,30.3978322,50.4324762,
10084,30.4997485,50.4411651,
10085,24.0853067,49.8403439,
10086,23.9960205,49.8492681,
10087,23.9944825,49.8498082,
10088,29.7151894,48.7955992,
10089,29.7155438,48.7955646,
10090,29.7161447,48.7955297,
10091,24.0472154,49.8003442,
10092,29.3835578,48.7971072,
10093,29.3830707,48.7963365,
10094,29.3840555,48.7978569,
10095,29.3841046,48.7978929,
10096,29.3840625,48.7981233,
10097,29.3836329,48.7979998,
10098,29.3953074,48.799116,
10099,29.3949761,48.7993234,
10100,29.3947799,48.7992853,
10101,29.3946816,48.7989831,
10102,29.3837309,48.7970294,
10103,29.383696,48.797201,
10104,29.1343604,48.8561004,
10105,30.5616144,50.4246122,
10106,36.1756083,49.9841831,
10107,34.4866601,50.5686286,
10108,27.9314366,50.1473106,
10109,27.9316583,50.1469102,
10110,29.4529469,49.9523923,
10111,35.1634528,48.6347746,
10112,35.2773388,48.7726666,
10113,33.227792,48.0436123,
10114,33.2941977,48.0362168,
10115,33.2929315,48.0353013,
10116,33.2161831,48.0453387,
10117,33.2951181,48.0390015,
10118,33.286639,48.0380345,
10119,27.9615353,50.0845971,
10120,27.9616354,50.0848502,
10121,27.9610034,50.0848886,
10122,27.9603151,50.0847359,
10123,27.962482,50.0845047,
10124,28.1133307,50.052628,
10125,28.2561306,50.4635536,
10126,32.2227207,46.8537141,
10127,32.2399988,46.8303845,
10128,32.2392048,46.8309451,
10129,30.6196597,50.4242201,
10130,30.6189167,50.4245831,
10131,32.2965456,46.7857027,
10132,32.2971337,46.7854609,
10133,32.3177887,46.7769042,
10134,32.3184234,46.7766416,
10135,32.3185304,46.7767277,
10136,32.3179467,46.776969,
10137,32.2975502,46.7854041,
10138,32.296989,46.7856532,
10139,32.3385527,46.7684029,
10140,31.4633015,50.0704526,
10141,31.4458577,50.0713719,
10142,24.1485361,49.3764146,
10143,25.8101343,50.4512458,
10144,25.8104588,50.4517241,
10145,25.8106141,50.4519022,
10146,25.8099897,50.4520691,
10147,24.1183729,49.8433933,
10148,36.1752807,50.00625,
10149,36.1753236,50.0066477,
10150,36.1758244,50.0068593,
10151,24.0105066,49.8026014,
10152,24.0148328,49.8021686,
10153,24.0155866,49.8021598,
10154,24.0268808,49.8600904,
10155,24.0268376,49.8605002,
10156,31.0402526,51.9346238,
10157,23.9482379,49.8270695,
10158,23.9480572,49.8269081,
10159,23.9826623,49.8121382,
10160,22.7162024,48.4601657,
10161,24.0280412,49.8531042,
10162,31.9321768,46.9904697,
10163,30.6105541,50.1896568,
10164,30.6107794,50.1897014,
10165,25.7375038,50.3837183,
10166,28.0998738,49.0435438,
10167,28.100038,49.044021,
10168,28.0999175,49.0439171,
10169,28.0999397,49.0438637,
10170,28.1001968,49.0438418,
10171,28.0933399,49.0478936,
10172,28.0997344,49.0441359,
10173,28.0934194,49.0480356,
10174,28.0954302,49.0402716,
10175,28.0953943,49.0404033,
10176,28.0954843,49.0404337,
10177,25.7629881,50.4075531,
10178,28.8405244,48.9562434,
10179,28.8402955,48.9568028,
10180,35.2688191,48.5755351,
10181,35.2676418,48.5756293,
10182,24.014343,49.8545939,
10183,24.0143027,49.8544744,
10184,24.0142646,49.8543451,
10185,24.0165707,49.8674633,
10186,28.5037017,49.2317684,
10187,28.5033678,49.2313296,
10188,28.5044932,49.2316686,
10189,28.5051875,49.2314174,
10190,28.5031214,49.2317223,
10191,28.5038558,49.2316513,
10192,28.5032228,49.2312237,
10193,28.5029048,49.2317754,
10194,36.2448793,50.0930639,
10195,28.5887671,49.2363471,
10196,28.5893739,49.2374416,
10197,28.5883541,49.2356547,
10198,24.1607992,49.9204508,
10199,24.160848,49.9200723,
10200,32.0528063,46.9668498,
10201,31.9810216,46.9676527,
10202,31.9808074,46.9676131,
10203,31.9807143,46.967236,
10204,25.5704648,49.6153296,
10205,32.3816698,50.5881752,
10206,23.9672294,49.7801378,
10207,23.9667995,49.7792672,
10208,32.3772078,50.5839977,
10209,32.3782474,50.584305,
10210,30.6968594,48.8886552,
10211,30.6961165,48.8887997,
10212,30.6968554,48.8883805,
10213,36.1914393,49.9317723,
10214,33.9954416,49.6353787,
10215,33.9641771,49.6560824,
10216,34.3138513,49.6074911,
10217,34.2447214,49.5979013,
10218,34.2197366,49.592485,
10219,34.8617859,49.616205,
10220,34.3608748,49.5936118,
10221,35.8231674,49.9565064,
10222,35.8277852,49.9568782,
10223,35.8486828,49.9616234,
10224,33.7108527,49.6711821,
10225,33.5718972,49.6703199,
10226,33.5842286,49.6685472,
10227,34.7769435,49.5952526,
10228,33.2733943,49.8015268,
10229,33.2906331,49.796129,
10230,34.2820969,49.6016393,
10231,32.9346791,50.6866875,
10232,31.9811642,46.9671622,
10233,31.981322,46.9675383,
10234,31.9964535,47.0154263,
10235,31.9958822,47.0157524,
10236,32.0331651,46.9571729,
10237,32.0330576,46.9568092,
10238,36.3503184,49.996291,
10239,30.7019985,48.8863335,
10240,34.8939282,50.3080369,
10241,34.8945733,50.3082423,
10242,31.985476,46.9737522,
10243,35.1760478,50.0586479,
10244,35.1668498,50.0635834,
10245,34.7229442,49.5835979,
10246,34.7061331,49.5799353,
10247,34.7061949,49.5798155,
10248,34.7191288,49.582774,
10249,34.7189761,49.5825927,
10250,34.7227815,49.5834187,
10251,34.4903904,49.5626751,
10252,32.0646078,46.9514598,
10253,25.8876403,50.477828,
10254,25.8877009,50.4779833,
10255,25.8979169,50.4806498,
10256,25.8442638,50.4630827,
10257,25.8288884,50.4577153,
10258,25.871764,50.4725249,
10259,25.8716522,50.4723398,
10260,25.8770285,50.4742482,
10261,25.8770407,50.4743927,
10262,25.8517664,50.4657342,
10263,25.8226644,50.4554923,
10264,25.8180888,50.4538532,
10265,25.8355666,50.4601786,
10266,25.8356085,50.4603417,
10267,25.9143006,50.4850835,
10268,25.7906271,50.4462427,
10269,25.8073939,50.4508628,
10270,34.5884551,48.5755385,
10271,28.6096091,50.6634004,
10272,31.9923028,46.9716,Mykolaiv
10273,31.9293722,46.9904669,
10274,32.2886109,48.5284239,
10275,32.1971336,48.5077439,
10276,32.1964069,48.5080887,
10277,32.1962021,48.5076785,
10278,28.6736484,50.2343303,
10279,28.6737323,50.2341351,
10280,28.6742787,50.2341007,
10281,30.7093957,46.4750883,
10282,25.7626276,50.4074534,
10283,31.9221076,49.3275294,
10284,34.8943092,50.3085595,
10285,34.8950466,50.3084925,
10286,34.8953235,50.3087449,
10287,34.894288,50.30846,
10288,34.8948361,50.3086952,
10289,32.3937812,50.8640504,
10290,30.7360086,51.8342876,
10291,30.2554502,48.7753376,
10292,35.036179,47.8189056,
10293,30.6875967,46.4663748,
10294,30.6889623,46.4662813,
10295,30.7262925,46.437802,
10296,30.726069,46.4378183,
10297,30.7260866,46.437745,
10298,30.7280386,46.4300028,
10299,30.7042684,46.4240351,
10300,30.7057874,46.4419441,
10301,33.1340878,50.8327236,
10302,33.1344363,50.832475,
10303,33.1342496,50.8323486,
10304,33.1347236,50.8317176,
10305,33.1347415,50.8322928,
10306,33.1344142,50.8321726,
10307,25.8097992,50.4516722,
10308,30.7256863,46.4378035,
10309,32.0560907,46.9674385,
10310,32.0926844,46.9728028,
10311,32.040193,46.9377626,
10312,32.040325,46.9374766,
10313,32.040077,46.9379985,
10314,32.2832164,50.7428619,
10315,32.205525,50.7016936,
10316,31.9574328,46.9684451,
10317,30.6358489,50.4288247,
10318,32.2507254,48.5159523,
10319,32.2610171,48.5080837,
10320,32.2512035,48.5155282,
10321,32.152897,46.9501415,
10322,32.1531283,46.950022,
10323,32.1519923,46.9540916,
10324,28.5044448,49.2315766,
10325,30.727028,46.4708162,
10326,31.9676422,47.0432087,
10327,36.2596054,50.088301,
10328,36.260042,50.0881286,
10329,31.3464033,46.7808124,
10330,30.8336921,46.6247201,
10331,30.8340179,46.6247367,
10332,30.8838579,46.6790928,
10333,32.0037992,46.9660746,
10334,32.8915735,48.9120575,
10335,32.8919112,48.9118834,
10336,31.9626574,51.8290143,
10337,31.9425445,51.8246529,
10338,31.6037699,51.8254419,
10339,33.4373674,49.1068402,
10340,33.4364959,49.10696,
10341,33.4364386,49.106662,
10342,32.499786,51.5255659,
10343,32.5751396,51.2708815,
10344,32.805209,51.1976783,
10345,31.9292798,46.9898331,
10346,31.5131803,51.1166479,
10347,31.8931986,46.9829679,
10348,31.8912464,46.9827184,
10349,29.6074799,47.9302913,
10350,28.859202,48.0968019,
10351,31.9957652,47.0183007,
10352,23.9080976,49.827265,
10353,28.8398136,48.9569743,
10354,27.4192562,49.2666237,
10355,27.4203622,49.2667602,
10356,36.7218271,48.6722166,
10357,36.2502007,49.9778471,
10358,30.6176734,50.4242381,
10359,31.8883605,46.9821251,
10360,36.1940097,49.9128451,
10361,36.3078961,49.969003,
10362,36.2063087,49.9985738,
10363,36.3153978,48.895291,
10364,24.0587154,49.7938515,
10365,32.2484643,48.5137256,
10366,30.3956968,50.4250425,
10367,30.615776,50.396281,
10368,30.6304711,50.3977289,
10369,34.6278714,48.7139169,
10370,34.7365696,48.7227542,
10371,30.1555497,48.6788356,
10372,30.1560118,48.6791621,
10373,30.154818,48.6792079,
10374,30.1542898,48.6791777,
10375,30.1554425,48.6791746,
10376,30.1546198,48.6789367,
10377,29.4110112,47.7877808,
10378,26.5769164,49.1807551,
10379,26.5765686,49.1806827,
10380,26.5766636,49.1806123,
10381,26.5773262,49.1813249,
10382,29.542596,47.7341306,
10383,29.5641206,47.7393656,
10384,35.860116,49.7190152,
10385,35.8598871,49.7186849,
10386,30.5497974,50.4402661,
10387,30.681582,50.4029687,
10388,30.5707662,50.4954477,
10389,30.5716312,50.4951491,
10390,30.6380121,50.428017,
10391,30.6198256,50.4248088,
10392,30.5500545,50.3715401,
10393,24.0180819,49.8630764,
10394,27.7698265,48.4624479,
10395,27.7970972,48.4513412,
10396,27.7972273,48.4514015,
10397,27.794364,48.4481366,
10398,27.8092024,48.4490575,
10399,27.8168681,48.4508073,
10400,27.8171084,48.4506946,
10401,27.8170263,48.4509668,
10402,27.8013033,48.4401561,
10403,30.4840689,50.5315574,
10404,30.4804465,50.5293187,
10405,30.4796119,50.5291541,
10406,30.4838158,50.5273186,
10407,30.4988301,50.5295638,
10408,30.4876951,50.5294123,
10409,30.485019,50.5293822,
10410,30.4843053,50.5315541,
10411,35.0011015,48.4072213,
10412,35.0012948,48.4072195,
10413,34.5261836,47.7497545,
10414,34.6281059,47.6654726,
10415,26.4842693,48.5489732,
10416,35.3893571,48.6112316,
10417,35.3893024,48.6113541,
10418,24.6104279,49.9641843,
10419,24.6531792,49.4046391,
10420,24.6534127,49.4043609,
10421,24.6107716,49.3833071,
10422,26.5702046,48.6737063,
10423,24.9491363,51.6306976,
10424,24.9567643,51.6233504,
10425,33.3188055,51.1883042,
10426,28.5855887,49.9038274,
10427,30.6374491,50.4280946,
10428,30.6373447,50.4277649,
10429,23.9464456,49.8266789,
10430,23.9476096,49.8268264,
10431,23.9473247,49.8268943,
10432,23.9478371,49.8269926,
10433,35.269066,47.9012692,
10434,25.6070248,50.5123918,
10435,30.3689182,50.3986569,
10436,30.3294284,50.376297,
10437,30.4194375,50.3970636,
10438,30.3297096,50.3760261,
10439,30.4116548,50.3947951,
10440,30.4849292,50.5178809,
10441,30.5073472,50.4959973,
10442,30.5079397,50.4956873,
10443,27.0046143,50.121004,
10444,31.9580107,46.9687678,
10445,31.9580029,46.9690501,
10446,25.6395404,49.5684805,
10447,29.7541403,47.3316983,
10448,29.7576444,47.3327986,
10449,29.7580321,47.3328105,
10450,27.7219613,50.5756537,
10451,27.7217484,50.5755625,
10452,30.5611367,50.439733,
10453,30.6849429,50.4022303,
10454,26.6227037,51.3172817,
10455,26.6220769,51.3177363,
10456,26.6220376,51.3170962,
10457,26.6231385,51.3168593,
10458,26.6220414,51.3150343,
10459,30.573876,50.4896214,
10460,30.5719015,50.4954419,
10461,30.5337465,50.4746109,
10462,30.527216,50.4744192,
10463,35.185651,47.8088159,
10464,26.9599599,50.5992392,
10465,26.9585068,50.5991638,
10466,26.951275,50.5987884,
10467,26.922709,50.5971584,
10468,26.9239619,50.5972232,
10469,26.9296887,50.5976388,
10470,26.9284469,50.5975754,
10471,26.8727502,50.5948003,
10472,26.8741328,50.5947087,
10473,26.8873359,50.595425,
10474,26.8859909,50.595357,
10475,36.2183229,50.0032027,
10476,32.1520327,48.5007528,
10477,24.6068681,51.2073529,
10478,24.7702021,51.1925843,
10479,27.1014888,49.3874142,
10480,27.1016064,49.3880313,
10481,27.1017701,49.3900763,
10482,27.1011177,49.3907187,
10483,27.1004002,49.3903076,
10484,27.1004631,49.3879562,
10485,27.1010227,49.3899307,
10486,27.1010077,49.3897941,
10487,27.09916,49.3884594,
10488,32.2503559,51.7743542,
10489,26.8243085,50.1368272,
10490,30.4908261,50.4204902,
10491,30.4908969,50.4206774,
10492,29.2901462,50.5578402,
10493,32.0215009,49.700065,
10494,32.0219363,49.700251,
10495,30.8308867,46.5626846,
10496,30.8309556,46.5625694,
10497,30.8312244,46.5625997,
10498,30.8310435,46.5627958,
10499,23.9835689,49.8123081,
10500,23.9844032,49.8127695,
10501,26.8234338,50.1371339,
10502,26.8236242,50.1369982,
10503,26.8237769,50.1369877,
10504,26.8240368,50.1372145,
10505,26.8232307,50.1368317,
10506,36.2600178,49.9466435,
10507,29.6750178,49.3728682,
10508,29.674403,49.37286,
10509,33.259823,49.7797818,
10510,33.2592916,49.78005,
10511,33.2595549,49.7798738,
10512,33.2595621,49.7798444,
10513,33.2598628,49.7798063,
10514,33.2597539,49.7799813,
10515,34.9571058,50.4695348,
10516,34.9583271,50.470362,
10517,33.4264099,49.04304,
10518,36.2315799,49.982694,
10519,36.2377993,49.9836051,
10520,36.2373501,49.9833025,
10521,36.2379125,49.9833354,
10522,36.2326157,49.988354,
10523,36.2302152,49.9876679,
10524,36.2379702,49.9833098,
10525,36.238574,49.9834634,
10526,36.2385526,49.9834268,
10527,36.1891347,50.04832,
10528,36.1892655,50.0484162,
10529,34.9653171,50.4801475,
10530,23.8782301,49.8349528,
10531,34.6499858,47.6369909,
10532,34.6488244,47.6368129,
10533,31.3661124,49.704559,
10534,31.3666807,49.7045086,
10535,31.3668287,49.7047544,
10536,31.3666687,49.7040826,
10537,31.3671796,49.7044418,
10538,31.366752,49.7047183,
10539,31.3667352,49.7044345,
10540,30.6139098,50.4051129,
10541,35.0795613,47.8736965,
10542,23.5307821,49.0525106,
10543,23.5308753,49.0523232,
10544,34.966573,50.488096,
10545,34.9852918,50.486637,
10546,30.3949892,50.4248771,
10547,30.4427876,50.4442164,
10548,32.1440698,49.9539364,
10549,34.8045856,50.9132703,
10550,34.805449,50.913245,
10551,34.9654843,50.4810737,
10552,28.1290757,49.695306,
10553,31.2105457,48.272059,
10554,31.2109676,48.2713194,
10555,31.39955,49.0161629,
10556,27.2099901,49.7553198,
10557,27.2048606,49.7543648,
10558,34.8519325,50.3158381,
10559,34.9349487,50.3115676,
10560,35.2565302,48.748988,
10561,35.140898,48.5854283,
10562,35.1455233,48.5868777,
10563,35.6521927,49.2332014,
10564,35.7837447,49.2932487,
10565,35.1885936,47.8013305,
10566,35.1831903,47.7984543,
10567,35.1855742,47.7952415,
10568,35.2359945,47.7859192,
10569,34.7470311,47.8057802,
10570,34.7459734,47.7965868,
10571,34.9688242,48.3472872,
10572,34.4991852,48.3409411,
10573,36.2044008,49.3937545,
10574,35.2497774,47.8635408,
10575,25.2739144,50.9280093,
10576,35.2401786,47.8445692,
10577,35.2402855,47.8510854,
10578,22.8373793,48.0942942,
10579,30.6249173,46.3212839,
10580,30.6463839,46.3210368,
10581,30.6419663,46.3194903,
10582,30.6402957,46.319282,
10583,31.951794,50.2331844,
10584,31.9211335,50.2339784,
10585,32.9891484,50.2459018,
10586,32.1102373,50.2287211,
10587,33.3353143,50.8120241,
10588,24.2297517,50.388151,
10589,24.2295234,50.3880883,
10590,24.2297302,50.3879384,
10591,34.7195693,50.3367999,
10592,23.3740667,49.7867469,
10593,23.3310516,49.795874,
10594,23.3306997,49.7964454,
10595,33.6171326,49.1231023,
10596,30.4688371,50.5178983,
10597,30.7970242,46.5772567,
10598,30.7973818,46.5771366,
10599,30.8039959,46.5870971,
10600,30.8061525,46.5900767,
10601,30.8071986,46.5915717,
10602,30.7914191,46.5693598,
10603,30.7942886,46.5734257,
10604,30.7956158,46.5753199,
10605,30.7967771,46.5769109,
10606,30.7887216,46.5659609,
10607,30.7858619,46.5639615,
10608,30.7755755,46.5589876,
10609,30.7721945,46.5574213,
10610,30.7968041,46.5773501,
10611,30.7953926,46.5753935,
10612,30.794076,46.5734903,
10613,30.3064311,50.4520903,
10614,30.3729385,46.0272648,
10615,32.0789077,49.4256156,
10616,32.0808305,49.4270536,
10617,32.0546163,49.4174521,
10618,25.565335,49.5507354,
10619,25.5651545,49.550377,
10620,25.0241164,49.9584913,
10621,25.0240274,49.958206,
10622,25.565352,49.5511051,
10623,30.8849514,46.6795848,
10624,31.2359857,47.3555078,
10625,34.9285357,48.0778116,
10626,24.847133,50.2195816,
10627,24.8419794,50.2254167,
10628,35.5197529,49.5981863,
10629,35.5201882,49.5962899,
10630,35.5225394,49.5955909,
10631,35.5215093,49.5951316,
10632,24.7131564,48.9047726,
10633,24.7131307,48.9009029,
10634,24.7139543,48.9050972,
10635,24.7141489,48.9054687,
10636,24.7131567,48.9041729,
10637,24.7135608,48.9045533,
10638,24.7135888,48.9052887,
10639,35.5224334,49.597839,
10640,35.841842,49.7510785,
10641,35.8887511,49.7622163,
10642,32.2280446,48.2566135,
10643,32.2128662,48.2506064,
10644,32.2281849,48.2564749,
10645,35.4256577,49.0454235,
10646,35.4278346,49.0455587,
10647,34.1455734,48.168756,
10648,34.3248087,47.9114237,
10649,31.2396224,49.4225274,
10650,31.2387632,49.4223994,
10651,25.282752,48.467159,
10652,35.6591016,49.2167494,
10653,36.3071113,48.8912284,
10654,34.2519109,47.9117879,
10655,36.4136958,48.4248789,
10656,36.4140909,48.4255382,
10657,36.4147473,48.4253759,
10658,30.4187209,46.7954061,
10659,30.4139305,46.7994585,
10660,30.4167139,46.7920051,
10661,30.4170299,46.7917599,
10662,30.4194873,46.7955657,
10663,35.8176527,48.5356407,
10664,35.7851121,48.5453657,
10665,35.7793182,48.5466349,
10666,35.7578239,48.5513425,
10667,35.7259611,48.5583238,
10668,36.2177033,47.9810229,
10669,36.0316263,48.2060896,
10670,36.0321461,48.2062101,
10671,36.0322428,48.206454,
10672,36.0319586,48.2064237,
10673,36.0319205,48.2063515,
10674,36.0207043,48.2183511,
10675,36.020682,48.2177889,
10676,36.0208458,48.2175883,
10677,36.0215963,48.2173117,
10678,36.0210863,48.2177599,
10679,36.0210473,48.2178047,
10680,35.7783549,48.5467159,
10681,30.3342414,50.2605145,
10682,30.3285533,50.2506547,
10683,30.3337342,50.2599383,
10684,30.3338259,50.2597483,
10685,29.2731374,51.341062,
10686,26.2294223,50.6229628,
10687,33.287245,49.9893931,
10688,22.9986682,48.2862417,
10689,36.0352341,48.789414,
10690,32.3345395,48.4970271,
10691,30.40132,46.8299356,
10692,30.4015468,46.8276248,
10693,30.4005425,46.8328056,
10694,30.4031366,46.82641,
10695,30.4053246,46.8306992,
10696,30.3084061,47.9422318,
10697,30.3099039,47.9691855,
10698,32.1625175,46.9158574,
10699,27.9345528,50.7897755,
10700,28.0402297,50.8495074,
10701,36.5033357,48.1997201,
10702,30.1143674,49.3958194,
10703,30.1178377,49.3958396,
10704,30.1192627,49.3965974,
10705,30.1181664,49.3977468,
10706,30.7383631,49.4199682,
10707,36.2593417,49.9678998,
10708,30.1060645,49.3233214,
10709,30.1572718,49.4646968,
10710,30.1198946,49.4037579,
10711,30.1197427,49.4038139,
10712,30.1083605,49.3571181,
10713,30.1187523,49.4000023,
10714,30.118898,49.3999213,
10715,34.9652449,50.4804068,
10716,23.0932304,48.7535387,
10717,30.1663493,49.4979024,
10718,30.191289,49.6735721,
10719,30.1911235,49.6736914,
10720,30.1922198,49.6790679,
10721,30.1923508,49.6788946,
10722,30.1927698,49.6809673,
10723,30.192627,49.6810709,
10724,30.1698535,49.5106877,
10725,30.1787081,49.6138263,
10726,30.1902726,49.6696419,
10727,30.1904429,49.6694138,
10728,30.1783077,49.6108286,
10729,30.1730526,49.5663132,
10730,30.1183237,49.3977105,
10731,30.0918493,49.2766864,
10732,30.0915882,49.2748468,
10733,30.0915394,49.2741829,
10734,30.0914844,49.2730062,
10735,30.0906341,49.2602849,
10736,30.0906261,49.2600482,
10737,30.0874746,49.2502272,
10738,30.1054568,49.3230345,
10739,30.1055779,49.3236541,
10740,30.1086262,49.3602809,
10741,30.1540953,49.4542801,
10742,30.1883717,49.6594174,
10743,30.1861205,49.64855,
10744,30.1859293,49.6486927,
10745,30.188797,49.6625256,
10746,30.1849148,49.6437981,
10747,30.1851108,49.6436747,
10748,30.192458,49.6802349,
10749,30.1923304,49.679617,
10750,30.1881806,49.6595527,
10751,30.1781232,49.6109569,
10752,30.1738294,49.5898057,
10753,24.3246974,51.8191527,
10754,36.2048371,49.9983057,
10755,36.205316,49.998205,
10756,30.1729999,49.564763,
10757,30.1725129,49.5645648,
10758,34.9502889,48.2368579,
10759,34.9541256,48.2253421,
10760,32.0209106,49.4571174,
10761,32.0211755,49.4578061,
10762,32.0356458,51.1627366,
10763,32.0413905,51.172797,
10764,25.2570445,50.8018142,
10765,31.9473822,51.5690819,
10766,22.5061076,48.5291216,
10767,22.2685791,48.6469117,
10768,22.2679509,48.6465753,
10769,22.5013279,48.532945,
10770,26.4693639,50.8859826,
10771,26.4691234,50.8857937,
10772,23.1446484,48.1951876,
10773,23.1422842,48.1954242,
10774,23.1420994,48.1954318,
10775,23.1426858,48.1959803,
10776,33.3569671,50.1301851,
10777,30.3650449,50.4983292,
10778,33.9707193,52.0416787,
10779,33.850046,52.0346439,
10780,32.6380088,51.9360598,
10781,32.3383033,51.7372193,
10782,30.0913668,49.1359911,
10783,30.1642986,48.994563,
10784,30.1634385,48.9969024,
10785,30.1629779,48.9958634,
10786,30.163837,48.9933686,
10787,30.1625205,48.9955148,
10788,30.1630488,48.9982109,
10789,30.1625757,48.9960038,
10790,30.1703032,48.9787839,
10791,30.1642381,48.9922911,
10792,30.8755841,49.5476779,
10793,30.8756003,49.5497175,
10794,30.8735864,49.5474743,
10795,30.7757039,46.5588544,
10796,33.3469797,47.8397772,
10797,33.3469341,47.8396706,
10798,33.9473238,48.7961627,
10799,36.22282,50.0424206,
10800,30.6676937,50.159052,
10801,30.6628574,50.1357432,
10802,30.605162,50.1916738,
10803,30.5820445,50.2383714,
10804,30.6620995,50.1724834,
10805,30.661979,50.1724249,
10806,30.6053875,50.1917193,
10807,36.2283133,50.0079535,
10808,36.2303566,50.0079902,
10809,32.1680784,48.0523192,
10810,28.5415696,51.0036069,
10811,29.2089364,50.9807058,
10812,29.2097479,50.98022,
10813,34.5939099,48.5150497,
10814,34.5919451,48.519079,
10815,29.4027721,51.2415144,
10816,32.1516023,48.0654284,
10817,32.1594368,48.0612003,
10818,22.8513288,48.9837014,
10819,25.6169208,50.5102447,
10820,25.6174343,50.51016,
10821,25.6174886,50.5103759,
10822,25.6170823,50.5104736,
10823,25.6164912,50.5104782,
10824,25.6178761,50.5101897,
10825,25.5980556,50.5042385,
10826,30.9502758,49.2733141,
10827,23.5001859,48.5288632,
10828,25.3922075,50.5562584,
10829,34.5940458,48.520928,
10830,34.5953743,48.5212264,
10831,34.5946945,48.520806,
10832,30.1193419,49.4022715,
10833,30.118666,49.4019346,
10834,32.628521,49.1187478,
10835,32.6288811,49.1185128,
10836,32.6293081,49.1182622,
10837,32.6293675,49.1190178,
10838,32.62878,49.1191046,
10839,32.6293144,49.1185862,
10840,32.6294396,49.1187046,
10841,25.704478,50.4135567,
10842,25.7431134,50.4286621,
10843,26.6222159,51.3166257,
10844,26.6230542,51.3167256,
10845,25.5971449,50.2843789,
10846,25.4042986,50.1824335,
10847,25.2925126,50.1552355,
10848,25.2923945,50.1551084,
10849,25.3739654,50.1656478,
10850,25.3602067,50.1617683,
10851,25.3677077,50.1625516,
10852,25.3692227,50.1626037,
10853,25.246339,50.1305956,
10854,35.3472992,48.5421135,
10855,32.1601414,48.5129836,
10856,32.16108,48.5133,
10857,32.1602808,48.5138967,
10858,32.1595561,48.5135343,
10859,31.787551,51.5782197,
10860,23.9030669,51.2032567,
10861,30.8095232,47.9030979,
10862,23.696758,49.6251722,
10863,29.0798762,51.6363452,
10864,29.0825213,51.635453,
10865,29.0926724,51.6351292,
10866,35.4778653,48.6034208,
10867,35.4297497,48.6106408,
10868,34.9331742,50.7889422,
10869,32.905155,47.2792327,
10870,32.725278,47.4804196,
10871,32.8756147,47.4488111,
10872,32.8561594,47.4466449,
10873,33.0090899,51.6202739,
10874,33.0707771,51.8491614,
10875,37.6916202,49.5270678,
10876,33.9651361,50.3796376,
10877,33.0736175,51.4059191,
10878,32.7199124,48.7105604,
10879,32.7204829,48.7104752,
10880,25.8487504,51.3494086,
10881,25.848741,51.3490983,
10882,25.8487378,51.3488119,
10883,32.6336213,46.6678878,
10884,26.7934008,48.442801,
10885,26.7928163,48.442886,
10886,26.7924837,48.4431179,
10887,26.7924176,48.4435113,
10888,32.1878232,47.0414863,
10889,30.313603,47.9073069,
10890,30.3132342,47.9070807,
10891,27.4338998,48.5796859,
10892,27.434095,48.5800441,
10893,27.4334946,48.5800168,
10894,27.4325015,48.5790809,
10895,32.2622812,48.9750665,
10896,32.2601789,48.9753797,
10897,30.1517785,49.0737757,
10898,30.1517422,49.0740657,
10899,30.1490856,49.0979591,
10900,30.1491112,49.0976876,
10901,30.305821,48.9219089,
10902,36.2972388,49.9736917,
10903,30.149299,49.0976922,
10904,30.1492717,49.0979648,
10905,30.1515578,49.0740583,
10906,30.1515953,49.0737682,
10907,30.3060356,48.9225821,
10908,30.2883178,48.2114071,
10909,30.2877992,48.2109775,
10910,29.9257761,50.0527734,
10911,25.7232283,50.6438668,
10912,26.5249527,50.3290529,
10913,26.5212228,50.3289571,
10914,33.8835273,51.7201856,
10915,33.2636258,48.3493215,
10916,35.2335216,51.2049372,
10917,33.4565033,49.0249321,
10918,33.4568302,49.0251018,
10919,33.2235313,49.1851324,
10920,33.2242707,49.185378,
10921,33.2217151,49.1855047,
10922,33.2233351,49.1856035,
10923,33.382223,49.1433869,
10924,33.3820023,49.1430715,
10925,33.3830237,48.9946583,
10926,33.3823309,48.9937112,
10927,33.3823115,48.9936992,
10928,33.2098756,49.0402615,
10929,33.2082858,49.0500059,
10930,33.2132934,49.0525232,
10931,33.213764,49.0527335,
10932,33.2149597,49.0533372,
10933,33.2195308,49.0536183,
10934,33.2210909,49.053716,
10935,33.2252017,49.0542182,
10936,33.2259936,49.0544424,
10937,33.2292072,49.0554422,
10938,33.251238,49.0428191,
10939,33.2136148,49.052872,
10940,34.5797483,49.5772727,
10941,34.5800532,49.5771798,
10942,34.5801681,49.5772866,
10943,31.6586749,48.2688474,
10944,36.2414587,49.9817955,
10945,36.2412281,49.9818959,
10946,35.386287,48.6107779,
10947,35.4340207,48.6101373,
10948,30.6135765,50.4050106,
10949,31.0438247,49.9711683,
10950,36.3048402,50.0291592,
10951,33.0591573,48.7919856,
10952,33.8680009,47.4313255,
10953,28.7166901,48.5426774,
10954,28.6090566,48.5444512,
10955,28.5980682,48.5398187,
10956,28.6097884,48.5457851,
10957,28.6097772,48.5450719,
10958,28.6102564,48.5451358,
10959,28.6106383,48.5445633,
10960,33.7775967,51.9296401,
10961,33.4733479,51.8689741,
10962,30.3097312,47.2627735,
10963,30.3095529,47.2627836,
10964,30.3071087,47.2435626,
10965,30.3066633,47.2400358,
10966,30.3066223,47.2397106,
10967,30.3052891,47.2286362,
10968,30.3122004,47.1986165,
10969,30.3123093,47.1982212,
10970,30.3263813,47.1281548,
10971,30.3255683,47.1240725,
10972,30.3130788,47.0400039,
10973,30.3131958,47.039533,
10974,30.3074612,47.3321406,
10975,30.3073193,47.3342662,
10976,30.3072824,47.33476,
10977,30.3071665,47.3367265,
10978,30.3115661,47.2752092,
10979,30.311678,47.2756727,
10980,30.311408,47.2752804,
10981,30.3113006,47.2747998,
10982,30.3064041,47.2363815,
10983,30.3067761,47.2366178,
10984,30.3063676,47.2398882,
10985,30.3067839,47.2396269,
10986,30.3071247,47.2398361,
10987,33.3827472,48.9935655,
10988,24.7969939,48.8358333,
10989,24.7978687,48.8356018,
10990,24.7986526,48.8357214,
10991,24.7986074,48.8357995,
10992,24.798132,48.8359189,
10993,24.7980213,48.8358814,
10994,24.7980013,48.8354638,
10995,24.798272,48.8354027,
10996,24.7985074,48.8354593,
10997,29.8005698,50.4202401,
10998,29.7998783,50.417483,
10999,34.9301102,48.0528931,
11000,30.3639305,46.5511775,
11001,30.4795118,46.6938473,
11002,30.4812222,46.6916907,
11003,30.5241284,46.6525461,
11004,30.4260566,46.7692385,
11005,30.4254664,46.7707174,
11006,35.142682,47.8513547,
11007,35.1432561,47.8512698,
11008,29.618031,46.9873377,
11009,35.1099696,47.8626219,
11010,35.1106062,47.8631847,
11011,30.3160477,47.0288645,
11012,30.3115605,47.0266331,
11013,30.5135914,50.4339919,
11014,30.4832391,50.422125,
11015,30.3566047,50.4573053,
11016,30.3463667,50.4547985,
11017,30.3422436,50.4545353,
11018,30.4810634,50.4488036,
11019,30.4918945,50.4415487,
11020,30.4915399,50.4415011,
11021,35.8651199,50.0529046,
11022,29.7429601,48.1311676,
11023,28.8800579,48.2115318,
11024,28.8812915,48.2115351,
11025,28.8820568,48.2114516,
11026,23.8093462,49.5712426,
11027,23.8095417,49.5715641,
11028,23.8085634,49.5733596,
11029,23.8084405,49.5731761,
11030,23.5808686,49.784423,
11031,35.0707569,48.439546,
11032,35.0709599,48.4395061,
11033,26.6535097,50.3043415,
11034,26.6534386,50.3045706,
11035,26.653078,50.3045369,
11036,31.2884482,51.4976568,
11037,31.3621279,51.5215118,
11038,30.4410901,46.2446944,
11039,30.4212895,46.2603603,
11040,34.0310806,52.1889956,
11041,34.8138724,50.3152569,
11042,29.2397355,50.7642619,
11043,29.2395689,50.7640785,
11044,29.2393787,50.7643289,
11045,27.1690685,50.6192724,
11046,34.0188118,52.1920174,
11047,30.553461,50.3434317,
11048,30.5543123,50.3385824,
11049,25.0009924,48.8812617,
11050,36.3649268,49.9558999,
11051,26.9265018,51.2814905,
11052,36.377112,49.9520548,
11053,27.583353,50.591698,
11054,33.9203344,51.3666359,
11055,27.0026602,48.646272,
11056,22.2583391,48.6548526,
11057,32.9669124,51.569932,
11058,32.966431,51.569733,
11059,30.6094787,50.4374387,
11060,29.2932692,49.4966683,
11061,23.825434,51.1944808,
11062,23.8393473,51.1949875,
11063,23.8969728,51.2024582,
11064,24.3608435,49.028655,
11065,24.3578529,49.0354524,
11066,24.0061442,49.6803197,
11067,24.0053223,49.681239,
11068,33.2055794,49.0438781,
11069,27.0529857,49.473914,
11070,34.1095664,50.834631,
11071,25.7609461,50.2199027,
11072,34.5055568,48.3426788,
11073,34.5030863,48.3417768,
11074,34.4806246,48.3333866,
11075,34.4766468,48.3321608,
11076,34.457285,48.3258532,
11077,34.4540076,48.324248,
11078,34.4446838,48.3197249,
11079,34.4416914,48.318277,
11080,34.4378782,48.3164286,
11081,34.4345684,48.3147939,
11082,34.4739356,48.3795122,
11083,34.4842604,48.3496613,
11084,27.2668169,49.117608,
11085,27.2663211,49.118331,
11086,33.4103857,51.5669037,
11087,33.7993512,50.5575057,
11088,33.2543915,49.0616864,
11089,33.2433541,49.0540005,
11090,32.5658256,46.7188537,
11091,32.5675114,46.7192137,
11092,32.5649934,46.719117,
11093,32.5631735,46.7187378,
11094,32.5651583,46.7187213,
11095,29.7004467,50.4236178,
11096,31.984483,49.7004252,
11097,32.1116496,49.6561374,
11098,32.1109974,49.6561207,
11099,32.1114815,49.6558311,
11100,28.2060183,50.4244739,
11101,28.1258603,50.456102,
11102,28.114382,50.4595431,
11103,27.7848028,50.5591917,
11104,27.7856694,50.5587943,
11105,28.0442471,50.4804074,
11106,28.0440549,50.4803253,
11107,28.0581169,50.4761464,
11108,28.2855298,50.375446,
11109,28.2862646,50.3751716,
11110,28.4889543,50.3050365,
11111,28.48919,50.3051263,
11112,28.4032015,50.3211037,
11113,28.4030156,50.3210086,
11114,28.2278917,50.4110131,
11115,27.7097289,50.5776713,
11116,27.7108752,50.5774752,
11117,28.2063103,50.4244733,
11118,27.7936966,50.5550448,
11119,28.3920414,50.3230578,
11120,28.3922542,50.3231531,
11121,27.7296563,50.5742969,
11122,27.763575,50.5683007,
11123,27.7633369,50.5682156,
11124,27.8876055,50.5266641,
11125,27.8873883,50.5265945,
11126,28.2135949,50.4198118,
11127,28.2138349,50.4198391,
11128,27.7849088,50.5592861,
11129,27.7846517,50.5592611,
11130,28.0121376,50.4897986,
11131,28.0123654,50.4898677,
11132,27.7708879,50.5656722,
11133,27.7711034,50.5657165,
11134,27.8931677,50.52489,
11135,27.8933933,50.5249509,
11136,28.1803356,50.4396712,
11137,28.1805585,50.4397414,
11138,28.299574,50.3667854,
11139,28.1141502,50.4594762,
11140,28.0517851,50.4780359,
11141,28.0519409,50.4781254,
11142,27.7548281,50.5697246,
11143,27.7550407,50.5698151,
11144,28.2682327,50.3861269,
11145,27.7395971,50.5724157,
11146,27.7398053,50.5725074,
11147,28.007255,50.4913775,
11148,28.007011,50.4913188,
11149,28.3255271,50.3507546,
11150,28.3261932,50.350518,
11151,27.7466503,50.5712879,
11152,27.7464674,50.5711943,
11153,27.8610644,50.5344717,
11154,27.8608229,50.5344073,
11155,28.4548946,50.3113179,
11156,28.4551255,50.3114079,
11157,27.9380473,50.5116931,
11158,27.9382808,50.5117654,
11159,28.1502126,50.4486893,
11160,28.1503943,50.4487786,
11161,28.1009734,50.4633949,
11162,28.101251,50.4634466,
11163,28.0961149,50.4649761,
11164,28.0958914,50.4649047,
11165,27.8101103,50.549428,
11166,27.8747729,50.5304382,
11167,27.8745798,50.5303655,
11168,27.879554,50.5288944,
11169,27.8797429,50.5289755,
11170,28.3461065,50.3381992,
11171,28.3458633,50.3381785,
11172,28.1458813,50.4501232,
11173,28.1457408,50.4500228,
11174,27.9995717,50.4935219,
11175,27.9997776,50.4935978,
11176,27.9286972,50.5145914,
11177,27.9284802,50.5145184,
11178,28.0648543,50.4742876,
11179,28.1751074,50.4413922,
11180,28.174819,50.4413416,
11181,28.125607,50.4560497,
11182,27.8660514,50.532869,
11183,27.8662991,50.5329305,
11184,28.1310118,50.4545657,
11185,28.1095597,50.4609734,
11186,28.109307,50.4609162,
11187,28.6873137,50.2519019,
11188,28.6327143,49.8846946,
11189,36.2768346,50.0440008,
11190,33.2259024,49.0545982,
11191,33.2251235,49.0543685,
11192,33.2210421,49.0538811,
11193,33.2194971,49.0537978,
11194,33.2149434,49.0534934,
11195,33.2132086,49.0525973,
11196,26.8749029,50.3242963,
11197,26.8753682,50.3247478,
11198,26.8748219,50.3248111,
11199,29.51697,48.3668772,
11200,33.1537095,49.0452698,
11201,33.2047716,49.0434863,
11202,33.2326279,49.0399627,
11203,23.017482,48.1398797,
11204,23.042084,48.1397181,
11205,23.0409158,48.1398656,
11206,32.4047796,50.8461148,
11207,30.7924151,50.5259155,
11208,37.2896987,49.2071269,
11209,37.2886145,49.2046509,
11210,24.3440948,50.1060636,
11211,24.3441344,50.106233,
11212,24.3449425,50.1094051,
11213,24.6107798,49.9641959,
11214,30.0329467,46.3359426,
11215,30.033043,46.3357255,
11216,30.0332381,46.3357801,
11217,30.0335991,46.3353428,
11218,30.0333647,46.3356649,
11219,30.0331907,46.3355459,
11220,30.4826767,50.4862636,
11221,25.1083143,48.3234654,
11222,27.1006255,48.3919134,
11223,32.4974964,51.5355222,
11224,32.5005831,51.5252159,
11225,32.5003384,51.5255307,
11226,32.5004266,51.5260277,
11227,26.9390747,49.3604242,
11228,31.2848259,47.5754579,
11229,23.0938936,48.7551545,
11230,23.0941636,48.7561858,
11231,25.8422778,48.5247675,
11232,25.2419545,48.3575896,
11233,35.078724,48.4810633,
11234,22.8279882,48.0922102,
11235,22.8116112,48.0956764,
11236,29.760594,47.3330202,
11237,29.760646,47.3329007,
11238,29.763042,47.3262685,
11239,29.7630778,47.3258844,
11240,25.8536815,48.5361018,
11241,25.8538394,48.5361303,
11242,25.8533396,48.5362973,
11243,32.2443532,51.7770161,
11244,26.9869358,49.6601325,
11245,26.9959581,49.6583125,
11246,29.4788279,48.1846516,
11247,25.5952637,49.5510525,Ternopil
11248,23.955387,49.5198775,
11249,26.1100095,50.1240508,
11250,26.1105367,50.1244133,
11251,26.1104156,50.124763,
11252,26.032634,50.0658029,
11253,26.0327242,50.0662588,
11254,26.0319147,50.0658205,
11255,26.0322756,50.0656361,
11256,26.1104099,50.1241816,
11257,26.1074235,50.1297151,
11258,26.107934,50.1291098,
11259,26.1081077,50.1296532,
11260,26.1081778,50.1299719,
11261,26.1085878,50.1307918,
11262,26.1102056,50.1244533,
11263,26.1101074,50.1243067,
11264,26.0323254,50.065851,
11265,26.032294,50.0658359,
11266,25.7154691,50.7824088,
11267,25.7155372,50.7819604,
11268,25.7098665,50.3810888,
11269,26.1379143,50.2389837,
11270,30.2659748,46.4131506,
11271,25.3367588,50.7624993,
11272,25.336339,50.7628397,
11273,32.2335535,51.7534917,
11274,26.8220718,49.1781653,
11275,26.8085697,49.1919703,
11276,32.249509,51.7652837,
11277,35.7577024,48.5512496,
11278,23.1895588,48.715307,
11279,33.4239749,49.078137,
11280,33.4236567,49.0779191,
11281,33.4240899,49.0782267,
11282,33.4236671,49.0778334,
11283,33.4233492,49.0779831,
11284,34.9245304,50.3441604,
11285,26.4005213,49.8347796,
11286,29.5893544,47.3479757,
11287,33.4055552,51.5310264,
11288,33.4057041,51.5309778,
11289,33.4062905,51.5307866,
11290,23.1324434,48.9121145,
11291,23.1321294,48.9109903,
11292,25.5660802,48.5337224,
11293,25.5660055,48.533442,
11294,25.5661538,48.5337216,
11295,22.2747276,48.5821261,
11296,22.2749071,48.5823195,
11297,32.2439457,51.7775662,
11298,28.0145032,49.4732324,
11299,28.012293,49.4744349,
11300,24.026478,49.8598008,
11301,24.0277776,49.8608801,
11302,24.026919,49.8597589,
11303,30.8388427,50.5020356,
11304,30.849943,50.5124371,
11305,30.8366671,50.5000794,
11306,30.8394387,50.502898,
11307,28.8769044,50.9114982,
11308,28.8813199,50.9098147,
11309,29.2258199,50.8395902,
11310,31.9721647,52.0237832,
11311,35.0988239,47.8388662,
11312,35.0994888,47.8382688,
11313,35.0997185,47.8381223,
11314,35.1007199,47.8375667,
11315,35.1009325,47.8374694,
11316,35.103142,47.83664,
11317,35.1455044,47.8245848,
11318,29.7079854,50.4235142,
11319,29.9740829,50.4266422,
11320,23.6207168,50.2409865,
11321,23.6199351,50.2408937,
11322,25.3924803,49.0648436,
11323,32.6118255,48.72142,
11324,32.6139719,48.7213889,
11325,30.7261028,46.4376732,
11326,30.7258066,46.4378709,
11327,29.2891924,50.5608346,
11328,29.2892272,50.5596714,
11329,29.2893115,50.5593062,
11330,29.2899966,50.5593177,
11331,26.9468761,49.4349314,
11332,26.9481805,49.4369962,
11333,32.0844903,49.4374233,
11334,29.2953057,50.5407567,
11335,29.2956482,50.540945,
11336,22.2859092,48.6550213,
11337,22.2884014,48.65514,
11338,22.272826,48.6536515,
11339,22.2859491,48.6552171,
11340,22.2853123,48.6556629,
11341,22.2857318,48.6552735,
11342,22.285322,48.6549547,
11343,22.2878632,48.6551224,
11344,22.2655492,48.652711,
11345,23.9806379,51.2017942,
11346,30.5022961,48.6945446,
11347,30.5034304,48.6946474,
11348,24.2199964,50.3662513,
11349,33.2820953,48.3419867,
11350,24.3494324,50.1015173,
11351,35.3354162,48.5937327,
11352,35.4002841,48.6132501,
11353,35.4003333,48.6131524,
11354,35.4822198,48.6029077,
11355,35.7922377,48.5431651,
11356,35.8027106,48.5391686,
11357,35.8577368,48.5256233,
11358,35.9581352,48.4985791,
11359,35.9557326,48.5010074,
11360,35.9561647,48.4990037,
11361,35.958248,48.4985072,
11362,35.5477928,48.5928706,
11363,35.5699009,48.5897024,
11364,35.559905,48.5912064,
11365,35.5035934,48.5995412,
11366,35.5077257,48.599096,
11367,35.4154319,48.6129069,
11368,35.4089903,48.6138407,
11369,35.3704574,48.6084365,
11370,30.3284242,50.4340854,
11371,35.0285205,48.5100241,
11372,25.6279987,49.3807464,
11373,25.62827,49.3803762,
11374,25.6276694,49.3808419,
11375,25.6271942,49.3813286,
11376,25.6271147,49.3807529,
11377,31.1160975,50.9123636,
11378,31.1162857,50.9121352,
11379,31.1163715,50.9121381,
11380,31.116649,50.9121463,
11381,31.1165632,50.9122918,
11382,26.0424346,50.8576823,
11383,31.2950478,51.4943244,
11384,31.2953624,51.4942936,
11385,31.3088382,51.5021332,
11386,31.3086144,51.5020192,
11387,22.3582446,48.562239,
11388,22.3583732,48.5623292,
11389,22.3819032,48.5498569,
11390,22.3819823,48.5499519,
11391,22.3774003,48.5514722,
11392,22.37733,48.5513566,
11393,23.9977063,49.6399993,
11394,23.9975255,49.6400199,
11395,23.9129143,49.7057636,
11396,32.5520919,46.6910555,
11397,32.5603919,46.6871713,
11398,29.2898628,50.5597384,
11399,31.3082591,51.4951496,
11400,26.859183,49.78009,
11401,26.8596908,49.7804784,
11402,26.8587177,49.7809603,
11403,26.8596028,49.7808537,
11404,26.8591043,49.7806271,
11405,25.2284832,48.3649419,
11406,31.0906842,50.9088339,
11407,31.0910063,50.9087887,
11408,30.5681725,50.4245682,
11409,31.2750849,51.4866479,
11410,33.8789361,50.8364407,
11411,34.2721482,51.1384756,
11412,26.9311097,51.281339,
11413,29.7521788,50.4165444,
11414,33.8783839,50.8357521,
11415,26.8600872,50.2916249,
11416,25.5117959,50.7735545,
11417,25.5102416,50.7728378,
11418,25.5087752,50.7721617,
11419,25.5001313,50.768138,
11420,25.4978533,50.7670713,
11421,25.490365,50.7635806,
11422,25.4808043,50.7591114,
11423,25.4809368,50.7590093,
11424,25.49049,50.7634816,
11425,25.4979715,50.7669829,
11426,25.5002499,50.7680444,
11427,25.5118951,50.7734676,
11428,25.6068223,50.7794722,
11429,25.6068686,50.7800358,
11430,25.7854261,50.7794252,
11431,25.7854425,50.7795484,
11432,25.7805342,50.7797604,
11433,25.7805203,50.7796329,
11434,35.4779359,49.1307485,
11435,36.1548083,50.2090185,
11436,30.7467259,51.521483,
11437,25.2082341,47.864841,
11438,25.2523528,47.8958348,
11439,33.7448523,49.6711222,
11440,33.7369527,49.671368,
11441,23.9790307,49.7939214,
11442,30.4127366,46.8024184,
11443,30.3801881,46.8741502,
11444,28.3582867,51.3783795,
11445,26.1579009,49.5351117,
11446,35.0271148,48.4795178,
11447,32.565711,46.7192206,
11448,28.7839035,50.2450054,
11449,34.4737734,50.5811275,
11450,34.4932704,50.5735197,
11451,34.4837579,50.5793637,
11452,33.4855899,50.7510713,
11453,33.4672473,50.7551015,
11454,35.3355262,50.4908288,
11455,32.8914473,51.8599835,
11456,34.2621117,50.9596399,
11457,34.3740061,50.9383628,
11458,31.2264378,51.5007351,
11459,35.1410097,51.1741361,
11460,35.1335853,51.1708341,
11461,33.4725554,51.8638528,
11462,33.4735047,51.8689659,
11463,33.5011392,51.8626166,
11464,33.5005865,51.8623228,
11465,33.5004205,51.8622424,
11466,33.5003666,51.8620791,
11467,33.5007879,51.8622096,
11468,25.1756121,48.2417188,
11469,33.4726867,51.8644538,
11470,33.4726622,51.8644364,
11471,33.4726324,51.864296,
11472,33.4726753,51.8642529,
11473,33.4729255,51.8642111,
11474,33.4729434,51.8644841,
11475,33.5242603,51.8843592,
11476,33.523997,51.8843159,
11477,23.0939752,48.7543917,
11478,23.0937778,48.75479,
11479,23.0936014,48.7543927,
11480,31.6465298,48.5386925,
11481,33.5240583,51.8827647,
11482,33.5228571,51.8885593,
11483,33.500123,51.8621282,
11484,33.4984085,51.8568074,
11485,33.4993222,51.8567368,
11486,33.4989712,51.8567639,
11487,33.4982237,51.8564919,
11488,33.4990941,51.8566213,
11489,23.1897595,48.7151363,
11490,26.0627626,47.9866177,
11491,26.0613954,47.9877499,
11492,26.0621977,47.986525,
11493,26.0587737,47.9906681,
11494,26.0559976,47.9937222,
11495,26.0551683,47.9946178,
11496,22.1703336,48.4211979,
11497,32.6222809,49.0584075,
11498,33.8927309,51.2226465,
11499,31.9863447,48.5182377,
11500,33.6276321,51.0631163,
11501,33.8763957,50.9871324,
11502,33.8102178,51.1573249,
11503,23.8023767,51.1802961,
11504,23.8552144,49.2464189,
11505,33.2961183,48.0340043,
11506,33.216219,48.0454387,
11507,29.3101569,47.8870652,
11508,32.2620477,49.5927242,
11509,22.8104824,49.5196191,
11510,22.8093629,49.51937,
11511,22.9440586,49.7998738,
11512,22.9445384,49.7996582,
11513,22.9466772,49.7995536,
11514,22.9471759,49.7996709,
11515,22.9448425,49.7994503,
11516,22.9450643,49.799335,
11517,22.9464747,49.7994519,
11518,22.9465967,49.7994873,
11519,22.9422291,49.799999,
11520,23.8031074,51.1823071,
11521,23.8027961,51.1821693,
11522,23.8013622,51.1810483,
11523,23.8014054,51.1809863,
11524,23.8014397,51.1809373,
11525,31.4775239,50.0758133,
11526,31.4759417,50.0748388,
11527,31.6831754,51.137643,
11528,30.6442863,46.4753973,
11529,30.6638492,46.471498,
11530,27.6183051,49.5940631,
11531,27.6181812,49.594075,
11532,27.61821,49.5939973,
11533,31.2838887,51.5021984,
11534,25.6037027,49.5425924,
11535,31.2940852,51.4935603,
11536,32.8916588,51.8062029,
11537,25.1532067,50.0646843,
11538,25.1416897,50.0462482,
11539,25.1418568,50.0461749,
11540,25.1231124,50.0156116,
11541,25.1232774,50.0155552,
11542,25.1302565,50.0274096,
11543,25.1303797,50.0272884,
11544,25.1261059,50.0202335,
11545,25.1259794,50.020365,
11546,25.1489664,50.0579592,
11547,25.1487932,50.0580071,
11548,25.1341714,50.0335333,
11549,25.1340182,50.0336131,
11550,30.7054787,46.424019,
11551,30.7050349,46.4242154,
11552,28.2279598,45.4817726,
11553,28.2257557,45.4813441,
11554,26.4564772,48.7667155,
11555,26.3773615,48.8962172,
11556,26.3767903,48.895925,
11557,26.5401493,48.6570257,
11558,35.3841871,50.813884,
11559,32.1950147,46.8843217,
11560,32.3097446,49.6773443,
11561,32.3085022,49.6778616,
11562,33.3195941,49.974157,
11563,25.3178358,50.7483082,
11564,25.3308024,50.753741,
11565,25.3723153,50.7677049,
11566,25.1612979,48.248645,
11567,25.6330552,49.5422238,
11568,30.8645581,49.5297553,
11569,30.8634994,49.5299848,
11570,30.8638063,49.529754,
11571,30.8639159,49.5299723,
11572,30.8638822,49.5300031,
11573,34.1541465,51.344277,
11574,28.6284484,45.6748246,
11575,28.6288177,45.6750489,
11576,26.2830605,48.098025,
11577,30.5680287,50.4266658,
11578,28.9998122,51.6477902,
11579,29.0786131,51.6369188,
11580,33.105675,51.1570002,
11581,31.8805031,51.0441129,
11582,31.8810294,51.0421098,
11583,31.8832608,51.0336885,
11584,30.5242217,46.6526706,
11585,30.5028396,46.6664131,
11586,30.5024747,46.6667171,
11587,30.4941095,46.6757763,
11588,30.4938,46.6761606,
11589,26.5507048,49.185984,
11590,22.3287459,48.5919016,
11591,34.6827324,50.13629,
11592,34.7689867,50.1830999,
11593,29.6265684,47.9356763,
11594,29.6204751,47.9366551,
11595,35.2444655,49.2009571,
11596,35.8554144,49.134277,
11597,35.7175417,49.6062661,
11598,28.0276214,49.3585522,
11599,28.0269336,49.3587987,
11600,28.0228509,49.3596432,
11601,24.8673137,49.8051995,
11602,23.201622,49.9558458,
11603,23.216471,49.9550145,
11604,23.1941736,49.9533196,
11605,23.1870644,49.9492703,
11606,27.2392253,49.3853625,
11607,27.2719868,49.38984,
11608,33.5182102,49.1093391,
11609,33.608678,49.1223602,
11610,33.6081751,49.1223266,
11611,33.6072693,49.1222276,
11612,33.608795,49.1217857,
11613,25.7461337,50.4189085,
11614,25.7286262,50.4191181,
11615,25.7044617,50.4137303,
11616,35.3030812,50.3454252,
11617,35.3421481,50.3876723,
11618,30.8055589,46.5939935,
11619,33.441579,51.5467458,
11620,25.1422997,49.2696451,
11621,25.1420719,49.269752,
11622,31.6268276,50.2047965,
11623,31.6263282,50.2043282,
11624,31.6336664,50.2207954,
11625,30.6898185,49.4733274,
11626,30.6913681,49.4726896,
11627,30.6919389,49.4731338,
11628,36.1258456,49.9629761,
11629,32.7668128,47.0973489,
11630,29.9704004,45.9123991,
11631,30.2507157,50.2143333,
11632,30.1846204,50.3832455,
11633,30.2012603,50.386865,
11634,30.1439334,50.3234351,
11635,30.1437717,50.324051,
11636,30.1572923,50.3176915,
11637,30.0735016,50.3781621,
11638,31.4993558,50.0598186,
11639,32.1993194,50.227199,
11640,32.1993964,50.2270778,
11641,28.6510344,50.2619587,
11642,28.6504445,50.2617549,
11643,29.9883253,46.7845457,
11644,29.9881061,46.784545,
11645,30.8695749,49.5467683,
11646,29.1120759,51.2139012,
11647,29.1120413,51.214467,
11648,29.1115649,51.214131,
11649,29.112471,51.2142015,
11650,29.1133422,51.2153204,
11651,29.8153419,50.4795963,
11652,25.4080235,49.0620205,
11653,25.4079255,49.0623795,
11654,30.6151988,46.4862451,
11655,27.4081077,49.9391155,
11656,29.549206,47.7250696,
11657,26.3452759,51.2771713,
11658,25.2352045,50.3589152,
11659,25.23489,50.3593234,
11660,30.3170383,47.0258369,
11661,30.3157496,47.0299776,
11662,30.3168361,47.025921,
11663,30.3171137,47.0248845,
11664,30.3195907,47.0154135,
11665,30.3217471,47.0072368,
11666,30.3257341,47.1240139,
11667,30.3260656,47.1256841,
11668,30.3261968,47.1263447,
11669,30.3265503,47.1281239,
11670,30.3153558,47.1872219,
11671,30.3152326,47.1876898,
11672,30.3125156,47.1981161,
11673,30.3123533,47.1986931,
11674,30.3054541,47.2285524,
11675,30.3064599,47.2368292,
11676,30.3068362,47.2400267,
11677,30.307275,47.2435063,
11678,30.3642922,46.5509425,
11679,30.2983752,46.4245786,
11680,30.738597,46.4521339,
11681,30.739034,46.452406,
11682,29.7278971,47.6318522,
11683,32.4909323,51.5727756,
11684,35.370543,48.6083338,
11685,35.2554239,50.7724446,
11686,29.2738583,47.8791428,
11687,29.1498406,46.1844651,
11688,32.8007401,50.0635851,
11689,32.8008449,50.0636914,
11690,34.7747448,47.8083351,
11691,30.4850073,50.5292321,
11692,30.4876641,50.5292622,
11693,30.4985872,50.5290944,
11694,30.4841076,50.5268936,
11695,30.4228328,47.5307115,
11696,36.1543528,49.8933408,
11697,36.153453,49.8927698,
11698,32.5003697,51.5257187,
11699,32.5006425,51.5255108,
11700,30.1858536,49.9373326,
11701,32.5003788,51.5255065,
11702,32.5003313,51.5256934,
11703,24.8818107,48.9044791,
11704,24.3326059,49.0101104,
11705,23.5343149,49.0534836,
11706,23.5018775,49.0291896,
11707,36.4397185,48.1555719,
11708,36.4616134,48.1716178,
11709,30.3281949,46.1700611,
11710,30.3262252,46.1758686,
11711,30.3412151,46.1939049,
11712,34.530311,47.7577242,
11713,28.5080739,49.1910929,
11714,28.12537,48.5404626,
11715,27.5359296,48.7133833,
11716,28.3623754,49.0718014,
11717,28.501079,49.4661903,
11718,28.8943483,48.2029277,
11719,36.255129,50.0113333,
11720,31.002231,49.6692341,
11721,31.0023229,49.6692818,
11722,31.0022011,49.6694751,
11723,31.0021382,49.669477,
11724,31.0019891,49.669292,
11725,31.0020226,49.6692628,
11726,24.7040586,48.9361472,
11727,24.7045101,48.9362928,
11728,29.749127,47.3325816,
11729,29.7494504,47.3327014,
11730,30.2263554,50.4463822,
11731,24.936383,48.9155556,
11732,24.9373492,48.9160595,
11733,28.0900806,49.1276311,
11734,33.4924665,51.307333,
11735,30.4720143,50.4890443,
11736,29.9194314,47.3103537,
11737,29.919974,47.3101819,
11738,29.9287513,47.3074295,
11739,29.9288049,47.3074127,
11740,29.928954,47.307366,
11741,29.9291058,47.3073209,
11742,29.9291805,47.3072992,
11743,33.1833813,51.2402369,
11744,30.5027793,50.5010574,
11745,27.7169196,49.0360342,
11746,23.9966022,49.6361806,
11747,23.9967589,49.6360468,
11748,24.0845698,51.2039734,
11749,24.0918173,51.2043658,
11750,24.1108774,51.2054003,
11751,27.6442558,51.2208074,
11752,35.790988,47.58149,
11753,34.7448989,50.8852998,
11754,34.7459501,50.8851645,
11755,34.7571362,50.8638933,
11756,34.7568082,50.8636187,
11757,34.7576803,50.8636737,
11758,34.75728,50.8639016,
11759,34.7578868,50.8640736,
11760,34.7565007,50.8638221,
11761,32.23205,51.7571285,
11762,35.5303892,48.3374672,
11763,29.7637666,47.3400981,
11764,29.757938,47.3377985,
11765,29.757641,47.33765,
11766,29.7501409,47.3345734,
11767,31.1832643,51.4991213,
11768,31.1836751,51.4994121,
11769,25.5751391,50.2801286,
11770,25.3353341,49.8658199,
11771,25.3354048,49.8654238,
11772,28.2022371,48.6841831,
11773,31.3094031,51.5141197,
11774,26.9866817,49.6600879,
11775,29.8952131,50.4219634,
11776,23.8584785,49.241245,
11777,29.7628215,47.3261486,
11778,28.6192934,48.5339089,
11779,30.4828409,50.5293538,
11780,28.5973289,48.5393153,
11781,28.5979941,48.5388571,
11782,24.2193893,50.3656906,
11783,24.2198496,50.3655271,
11784,25.6164737,50.2968447,
11785,32.1882069,47.0406957,
11786,30.6193073,50.5232914,
11787,29.6629649,49.7339457,
11788,29.6624637,49.7339605,
11789,25.6042198,50.2861881,
11790,25.578319,50.2822546,
11791,25.5822112,50.2872191,
11792,25.5694138,50.2780269,
11793,25.5858461,50.2906161,
11794,25.5510008,50.2749446,
11795,25.6127103,50.2949776,
11796,25.6125894,50.2948111,
11797,25.5695267,50.2781827,
11798,25.5821075,50.2873777,
11799,25.5726841,50.2791629,
11800,25.5725482,50.2789877,
11801,25.5858042,50.2907535,
11802,25.5782894,50.2824131,
11803,25.5511267,50.2750898,
11804,25.6149681,50.2954005,
11805,25.7092262,50.3815982,
11806,25.7090787,50.3813614,
11807,25.7088748,50.3809775,
11808,25.7094028,50.3814312,
11809,25.7092894,50.3814286,
11810,25.7097412,50.3812901,
11811,25.7092947,50.3811866,
11812,25.7094748,50.3819777,
11813,25.7096992,50.3811845,
11814,25.7093704,50.381366,
11815,25.7404795,50.4278718,
11816,25.7421846,50.4281214,
11817,25.7420485,50.4282955,
11818,25.8096978,50.4515047,
11819,25.8122428,50.4523554,
11820,30.3376933,50.7201708,
11821,27.4494289,48.412796,
11822,27.4495846,48.4125851,
11823,23.1932654,49.9526251,
11824,29.7479058,47.3319176,
11825,29.7478579,47.3322442,
11826,29.7461838,47.3324403,
11827,29.7462721,47.3327646,
11828,29.646998,47.4230284,
11829,29.6791917,47.3951994,
11830,29.6888842,47.3869571,
11831,26.9488406,49.3605133,
11832,26.9542642,49.3607233,
11833,26.9488579,49.36112,
11834,24.6481302,51.2037046,
11835,24.6545768,51.2033013,
11836,24.3397072,51.2145402,
11837,24.599952,51.2080304,
11838,24.6545512,51.2031837,
11839,24.6481366,51.203838,
11840,25.2080656,50.9130776,
11841,30.5227399,50.5862712,
11842,30.3264708,46.1732902,
11843,34.8815112,50.8242271,
11844,34.8813656,50.8246756,
11845,34.9323604,50.7901921,
11846,22.701525,49.481078,
11847,25.5647854,49.5507193,
11848,25.5661504,49.5508029,
11849,25.5657465,49.5507636,
11850,25.5725405,49.5512864,
11851,25.572881,49.5511211,
11852,30.7210468,46.4349652,
11853,30.7408619,46.4625383,
11854,25.6038595,50.2859768,
11855,25.6037893,50.2859398,
11856,25.6034946,50.2858118,
11857,25.6038398,50.2855887,
11858,25.6040059,50.2858506,
11859,25.6038467,50.285699,
11860,30.619875,50.5226682,
11861,31.7785682,52.0957157,
11862,31.7782626,52.0954646,
11863,31.7893218,52.0824382,
11864,31.7887995,52.0824901,
11865,24.0208088,49.8565103,
11866,24.0214491,49.8565164,
11867,24.015014,49.854885,
11868,24.0217454,49.857001,
11869,24.0212332,49.856854,
11870,36.307361,50.0290356,
11871,36.2245923,50.0214309,
11872,33.8282561,51.1956399,
11873,30.54931,50.3715677,
11874,31.6561572,48.5432967,
11875,31.7385157,48.5628557,
11876,31.7525723,48.5653382,
11877,35.5801034,50.4293078,
11878,35.6368801,48.5776092,
11879,35.5924809,48.5862531,
11880,35.6273805,48.5794806,
11881,35.5863186,48.5870519,
11882,35.6474137,48.5753521,
11883,35.6407492,48.576585,
11884,35.2496683,48.5788694,
11885,27.874445,48.397888,
11886,27.874884,48.3972004,
11887,30.2165672,50.3171587,
11888,35.2506455,48.5790494,
11889,30.4716087,50.4677204,
11890,29.6744299,49.3731243,
11891,31.4761801,50.074641,
11892,31.4720417,50.0724071,
11893,31.4721651,50.072317,
11894,31.4770277,50.0751497,
11895,33.878984,50.8359254,
11896,33.8789639,50.8361332,
11897,33.8801402,50.8362196,
11898,33.8792634,50.836165,
11899,33.8786853,50.8360957,
11900,33.8786235,50.8360204,
11901,33.8788839,50.8358965,
11902,22.7129451,48.4467946,
11903,22.7130469,48.4469115,
11904,30.5048596,50.4888399,
11905,30.5700354,50.4955787,
11906,30.5981224,50.4507047,
11907,30.4721838,50.4892568,
11908,30.4671638,50.4938916,
11909,34.9181202,48.4851051,
11910,34.9496729,48.4808677,
11911,35.0353089,48.4026204,
11912,35.0209463,48.4673315,
11913,22.710799,48.4587341,
11914,27.6494801,51.2230768,
11915,22.7517771,48.4368087,
11916,22.7526596,48.4365836,
11917,35.0476043,48.4712401,
11918,35.0146468,48.4751346,
11919,30.7809941,50.3874906,
11920,25.3577474,50.7567117,
11921,35.0013608,48.4082812,
11922,35.0147331,48.4749743,
11923,35.0081189,48.4730198,
11924,35.0216789,48.4671595,
11925,35.0325994,48.4642129,
11926,35.0101553,48.4302693,
11927,35.0106416,48.430154,
11928,30.324718,47.4724518,
11929,30.3245543,47.4725242,
11930,30.3207569,47.4582871,
11931,30.320938,47.4581713,
11932,33.8125246,51.3284139,
11933,26.1837827,48.2534026,
11934,26.1836433,48.2534126,
11935,26.2678119,48.2294999,
11936,26.2680828,48.2292871,
11937,26.2680895,48.2295511,
11938,26.2726115,48.2185307,
11939,33.4494664,50.9532685,
11940,23.3293091,48.1913722,
11941,22.9973368,48.2876462,
11942,22.997614,48.2876782,
11943,30.5345061,50.403608,
11944,30.5352554,50.4035301,
11945,32.5118019,46.6706383,
11946,34.9872473,48.4035822,
11947,34.9999581,48.4082329,
11948,28.4575046,49.2325354,
11949,28.457169,49.2325931,
11950,28.4493277,49.2274256,
11951,28.4528505,49.2295914,
11952,28.452544,49.2292714,
11953,28.452377,49.2291422,
11954,28.456948,49.2325519,
11955,24.0158327,49.8429941,
11956,28.4524782,49.2290724,
11957,28.4530811,49.229417,
11958,28.4573613,49.2327971,
11959,28.4572633,49.2325283,
11960,28.4576075,49.2324226,
11961,34.7682739,50.9191656,
11962,24.0845493,51.2041138,
11963,24.0155242,49.8428585,
11964,28.3906426,49.2315284,
11965,28.390385,49.2314256,
11966,28.3953155,49.2285131,
11967,28.3952325,49.2282953,
11968,28.390006,49.2314376,
11969,30.6118297,46.5136195,
11970,31.9988762,48.4389408,
11971,28.9869144,51.51808,
11972,29.0825719,51.6355893,
11973,29.0799002,51.6365146,
11974,29.6153577,46.3548026,
11975,28.7099514,45.3698336,
11976,28.7096953,45.3701546,
11977,29.9704733,50.4264237,
11978,29.9705784,50.4265448,
11979,29.9623893,50.4261123,
11980,29.9621944,50.4259773,
11981,31.2385502,51.2478695,
11982,31.2140239,51.2094579,
11983,31.2137832,51.2091376,
11984,31.2074981,51.2007724,
11985,31.2323273,51.2338667,
11986,31.1705923,51.1144178,
11987,31.4062105,51.5391347,
11988,31.4129513,51.539901,
11989,31.4586081,51.5454522,
11990,31.4353554,51.5420172,
11991,31.4448224,51.5431785,
11992,31.4441604,51.5430481,
11993,31.435332,51.5421089,
11994,36.279277,49.9199941,
11995,36.5865447,49.8777774,
11996,36.5872287,49.8781068,
11997,36.6260901,49.8722563,
11998,36.5219469,49.8949939,
11999,36.3380771,49.9629763,
12000,36.3378964,49.9625767,
12001,32.2953314,48.9694411,
12002,33.5666855,48.102179,
12003,30.4849727,50.5417209,
12004,30.485204,50.5417275,
12005,26.1917604,48.8399789,
12006,32.2602916,48.9756423,
12007,32.2507862,48.9767924,
12008,31.0909848,50.9091686,
12009,31.0351165,50.8376514,
12010,31.3067812,51.4466338,
12011,31.171647,51.1188141,
12012,31.2566106,51.2932211,
12013,31.2383774,51.2478951,
12014,30.4711781,50.56414,
12015,30.4713846,50.5641269,
12016,32.6123551,48.7230387,
12017,32.6130911,48.7230381,
12018,32.6139486,48.7230608,
12019,32.6850777,48.7355103,
12020,24.091825,51.2044983,
12021,31.2972846,48.2959788,
12022,24.0155992,49.8415996,
12023,24.0176292,49.84276,
12024,24.0340521,49.8270648,
12025,26.4366943,50.2570958,
12026,32.2687017,48.5118826,
12027,32.275901,48.5187039,
12028,23.2783008,50.0963763,
12029,30.4766628,50.4476174,
12030,23.1117052,49.9555857,
12031,30.3287476,51.2996039,
12032,23.1085143,49.9555157,
12033,23.108774,49.9550312,
12034,23.1091409,49.9546665,
12035,23.1112005,49.9545751,
12036,23.1126893,49.9545708,
12037,23.1131536,49.9546421,
12038,23.1123281,49.9545374,
12039,23.11265,49.9543772,
12040,23.1127637,49.9544168,
12041,27.3713735,48.5683954,
12042,27.3708571,48.5679652,
12043,24.0220008,49.8431985,
12044,34.7990732,50.9226827,
12045,34.7372793,50.8488278,
12046,30.5599592,50.4242996,
12047,30.5619043,50.4244784,
12048,23.1149438,49.9566056,
12049,23.114821,49.9566212,
12050,23.1147556,49.9566295,
12051,23.1146865,49.9566383,
12052,30.5230959,50.449178,Kyiv
12053,22.743816,48.4387331,
12054,22.7441884,48.4385754,
12055,22.7444473,48.4385032,
12056,22.7451545,48.4383981,
12057,22.7445346,48.4386154,
12058,22.7442767,48.4387078,
12059,22.7521874,48.4367365,
12060,22.7520288,48.4366433,
12061,22.7520646,48.4365727,
12062,22.7522109,48.4365404,
12063,22.7522886,48.4365702,
12064,22.7522861,48.4367062,
12065,22.7520522,48.4363789,
12066,22.7094194,48.4580924,
12067,22.7100448,48.4582272,
12068,28.446942,49.225938,
12069,28.4494053,49.2273252,
12070,28.4448436,49.2245877,
12071,31.5181142,48.3202862,
12072,32.8994417,48.5679031,
12073,27.0477746,48.3758418,
12074,27.0657422,48.3674479,
12075,36.1643917,49.9499144,
12076,36.1295824,49.9538157,
12077,28.7026161,51.1403606,
12078,28.7021516,51.1387061,
12079,34.7458518,50.8858735,
12080,28.8060207,51.3347414,
12081,28.80175,51.3274009,
12082,28.7954552,51.3136239,
12083,28.7951136,51.3133736,
12084,36.2650047,49.9900386,
12085,36.2646151,49.9902703,
12086,36.2962379,49.9893928,
12087,35.4763918,50.4142908,
12088,35.4750137,50.4145688,
12089,35.4754095,50.4138518,
12090,35.3732003,50.5645371,
12091,35.5142129,50.1751901,
12092,28.80991,51.3150346,
12093,28.8087561,51.31513,
12094,28.1307453,50.4545068,
12095,27.6722965,50.587235,
12096,27.6730072,50.5865856,
12097,27.9909989,50.4961833,
12098,27.9907665,50.4961098,
12099,28.5943863,49.8861704,
12100,30.706621,46.4607885,
12101,27.2339427,49.7658897,
12102,27.6639666,50.5857788,
12103,28.4729301,49.2530007,
12104,27.6448926,51.2197963,
12105,27.6451658,51.2193859,
12106,27.6621663,51.2070725,
12107,29.0463265,50.3444869,
12108,29.0618636,50.3455106,
12109,29.0648006,50.3454601,
12110,34.5749134,49.5651305,
12111,34.574188,49.565064,
12112,34.5865332,49.571482,
12113,26.3342064,49.0218372,
12114,26.338338,49.0140909,
12115,32.7923667,47.0703666,
12116,32.7889097,47.0574202,
12117,32.7888314,47.0571376,
12118,32.7886214,47.0572988,
12119,32.7884116,47.0570385,
12120,32.7887065,47.0566427,
12121,32.788818,47.0570857,
12122,26.6217563,48.2643961,
12123,32.2013217,46.8791052,
12124,25.3383181,50.4300602,
12125,29.9034593,50.0805074,
12126,29.9038775,50.0805197,
12127,23.5784445,48.0107554,
12128,23.5783005,48.010657,
12129,23.5786027,48.0106213,
12130,23.5785463,48.0107433,
12131,23.5790275,48.0107216,
12132,34.036306,50.3634956,
12133,34.9236122,50.3442107,
12134,26.0642892,48.8048246,
12135,26.0651199,48.8048168,
12136,26.0642953,48.8049506,
12137,26.0641029,48.8049565,
12138,26.0640923,48.8048299,
12139,26.0293941,48.8042441,
12140,26.0287604,48.8080784,
12141,24.0201745,49.8344743,
12142,35.2862174,48.0617689,
12143,35.2854982,48.0610335,
12144,23.3135564,50.0826975,
12145,23.3134408,50.0825281,
12146,23.3135716,50.0822812,
12147,23.3138529,50.0821891,
12148,23.3142193,50.0827335,
12149,23.3140326,50.0827944,
12150,30.5422375,50.4295133,
12151,30.5420598,50.4299032,
12152,23.5098588,49.3575697,
12153,30.5257082,50.4386131,
12154,30.5168942,50.4393497,
12155,30.5293716,50.4507359,
12156,34.6028127,48.7047361,
12157,34.6142725,48.6968607,
12158,26.3381489,49.0861888,
12159,36.2526455,49.9770529,
12160,30.3351377,50.4187053,
12161,30.3684403,50.3986501,
12162,36.3568128,49.9946404,
12163,36.3569278,49.994729,
12164,30.4977522,50.5014886,
12165,29.5274472,48.3610868,
12166,37.6120098,49.7134025,
12167,23.0013892,49.452339,
12168,22.9999258,49.4522341,
12169,30.4873271,50.5071958,
12170,30.5073536,50.4960536,
12171,30.5180337,50.4958452,
12172,30.509609,50.5062108,
12173,30.5095201,50.5063204,
12174,30.5086893,50.5063652,
12175,30.5066015,50.51224,
12176,30.4991904,50.5217024,
12177,30.4993766,50.5224144,
12178,30.4983564,50.5229589,
12179,30.4994846,50.5279467,
12180,30.4841668,50.5288026,
12181,33.37974,51.5237169,
12182,35.0925324,47.8471352,
12183,35.093318,47.8483642,
12184,35.0901018,47.8434969,
12185,30.4790606,50.4881591,
12186,30.4795009,50.4881841,
12187,30.4889738,50.4811961,
12188,30.48468,50.4845734,
12189,30.5073728,50.4552438,
12190,29.1842918,51.7596632,
12191,22.3917605,48.4221408,
12192,26.0845873,49.8638449,
12193,27.809887,50.5493597,
12194,30.1641723,50.4414603,
12195,30.1636705,50.4415178,
12196,32.6569241,48.3653413,
12197,36.2119018,47.7065625,
12198,24.1617649,48.9914652,
12199,24.1599343,48.9911977,
12200,24.550217,48.8196087,
12201,24.5499061,48.8193479,
12202,33.1923135,51.2214755,
12203,28.6737704,50.2342393,
12204,28.6736239,50.23426,
12205,33.565153,48.1437261,
12206,28.5023304,49.3207271,
12207,28.671429,50.2266973,
12208,25.150833,49.4345185,
12209,25.1474236,49.4468924,
12210,34.865484,50.2749115,
12211,30.689902,48.6769518,
12212,33.4305871,49.0944219,
12213,33.4308963,49.0943705,
12214,25.388225,50.8029181,
12215,30.0994992,49.8217639,
12216,29.0688519,49.2290731,
12217,29.0688849,49.2287668,
12218,28.881361,48.212098,
12219,29.9146698,50.642545,
12220,35.8767668,49.7175952,
12221,25.4591059,50.8430517,
12222,25.4628047,50.8427495,
12223,29.8781514,50.4210751,
12224,29.8777987,50.4209284,
12225,32.241709,46.8287212,
12226,31.9802831,46.8023492,
12227,34.4758845,50.5813302,
12228,34.4759731,50.5804431,
12229,26.4926002,49.5915747,
12230,30.4066647,49.0867306,
12231,30.5624555,50.43597,
12232,33.2165264,51.2265701,
12233,33.2191014,51.2217371,
12234,33.216952,51.2484441,
12235,33.2201747,51.2480792,
12236,33.2201816,51.2481997,
12237,33.2191977,51.2215447,
12238,33.2193194,51.2216101,
12239,33.2051083,51.2394652,
12240,33.2052355,51.2395736,
12241,33.2051802,51.2396479,
12242,33.2049926,51.2396663,
12243,24.0191895,49.8614581,
12244,34.4943704,50.5863015,
12245,22.1712771,48.4090101,
12246,24.0189561,49.8614129,
12247,24.0197292,49.8599862,
12248,24.0198138,49.8598318,
12249,23.9793423,49.8426239,
12250,33.1810231,52.0122151,
12251,28.3907268,49.2314281,
12252,28.3908561,49.231735,
12253,28.3907721,49.2318468,
12254,28.3904563,49.2313422,
12255,26.6319333,48.7433186,
12256,30.1853703,49.9792527,
12257,30.1824447,49.9740002,
12258,30.22687,50.1285059,
12259,23.9835938,49.8274372,
12260,30.4840894,50.5096855,
12261,24.5704135,48.6320337,
12262,24.9376594,49.4464479,
12263,35.2758449,48.7706076,
12264,35.149893,48.5945958,
12265,26.4980958,49.5986249,
12266,24.5564306,48.453746,
12267,26.8342096,49.1903812,
12268,27.7819086,48.4519334,
12269,30.9912542,50.7812834,
12270,30.9920467,50.7823084,
12271,31.0096091,50.8047633,
12272,30.9627364,50.7448564,
12273,30.9746352,50.7600729,
12274,30.9779507,50.7643109,
12275,30.9815767,50.7689078,
12276,27.631889,49.3841908,
12277,27.4956296,48.9865605,
12278,23.1112965,49.9547147,
12279,34.3369931,49.0393471,
12280,34.3054686,49.0575424,
12281,34.1927546,49.1513336,
12282,34.2458216,49.1104912,
12283,30.7507231,46.4569752,
12284,31.4364107,49.2897561,
12285,23.5897465,50.2768484,
12286,24.6359344,48.8828163,
12287,22.944403,49.7998601,
12288,22.945472,49.7996457,
12289,22.9455952,49.7996388,
12290,22.94572,49.7996318,
12291,22.9458267,49.7996262,
12292,22.9458561,49.800385,
12293,22.9457358,49.8003898,
12294,22.9455636,49.8003967,
12295,22.9453172,49.8005253,
12296,23.6006745,50.2621864,
12297,23.9970774,49.8489122,
12298,28.682543,50.2638653,
12299,28.6824851,50.2638376,
12300,28.6791286,50.262374,
12301,33.9231535,50.0184564,
12302,24.134599,50.8587634,
12303,24.1383704,50.8586485,
12304,24.1368467,50.8589871,
12305,24.4290544,49.032949,
12306,24.0888784,50.5784634,
12307,24.0887988,50.578527,
12308,24.0864102,50.5786437,
12309,24.0862985,50.5785962,
12310,24.0861872,50.5784842,
12311,24.0850605,50.5779554,
12312,24.0851771,50.5778605,
12313,24.0852622,50.5778037,
12314,24.0853792,50.5777259,
12315,24.0877311,50.5776104,
12316,24.0877904,50.5776582,
12317,24.0878275,50.5777275,
12318,24.087892,50.5777773,
12319,24.0898068,50.5780116,
12320,24.0918723,50.5779515,
12321,24.0889717,50.5784081,
12322,24.0888492,50.5784106,
12323,24.0849019,50.5784132,
12324,24.0842564,50.578255,
12325,24.0839322,50.5783368,
12326,24.4302678,49.033251,
12327,32.1615054,48.0254374,
12328,28.5886676,49.7568887,
12329,28.5895446,49.7564325,
12330,33.2934528,49.9569371,
12331,32.166742,48.0269945,
12332,32.1673998,48.0268686,
12333,35.537022,48.9654232,
12334,24.6923607,48.9457856,
12335,24.0143648,49.8533837,
12336,35.8876007,49.1304066,
12337,25.4118586,49.0833466,
12338,30.9811423,49.6598741,
12339,30.9578418,49.6829879,
12340,30.9577421,49.6826991,
12341,25.1442114,49.6637394,
12342,25.1107748,49.6828834,
12343,25.9002781,49.0940632,
12344,23.1188522,49.9549711,
12345,23.117207,49.954887,
12346,23.1197988,49.9548911,
12347,23.1215979,49.9559397,
12348,23.1177074,49.953852,
12349,23.1182828,49.9539072,
12350,23.1184883,49.9539601,
12351,23.1186291,49.9540267,
12352,23.1151266,49.9542133,
12353,23.1152437,49.9541116,
12354,23.1153572,49.9540173,
12355,23.1154835,49.953912,
12356,27.0552283,50.1671886,
12357,27.063118,50.1702727,
12358,27.0621077,50.1733918,
12359,27.061561,50.1734581,
12360,27.0409293,50.1887135,
12361,30.9750549,49.6494531,
12362,30.9755943,49.6494892,
12363,25.2633343,50.9055235,
12364,25.2632798,50.9056244,
12365,25.2650517,50.9183991,
12366,25.2638511,50.9184524,
12367,25.2643527,50.9183943,
12368,25.2646483,50.918441,
12369,25.2724707,50.9224001,
12370,25.2723274,50.9222574,
12371,25.2727063,50.9220783,
12372,30.4531044,50.5203646,
12373,22.4214643,48.8831042,
12374,22.4195811,48.8845015,
12375,25.2793864,50.9140568,
12376,30.9608695,49.6937558,
12377,30.9612959,49.6940716,
12378,30.9618422,49.6941505,
12379,30.9614268,49.6943474,
12380,30.9610319,49.6949341,
12381,30.9756268,49.64998,
12382,30.958274,49.6823373,
12383,30.9579232,49.6824747,
12384,30.9754025,49.649677,
12385,24.6451993,48.9687869,
12386,24.6454139,48.9683384,
12387,24.644752,48.9681173,
12388,24.6456234,48.967899,
12389,31.8684829,49.2087126,
12390,26.9869274,49.66026,
12391,33.2409561,49.0462212,
12392,26.2533336,50.5133108,
12393,31.8062519,47.2671786,
12394,24.3338179,49.0102815,
12395,24.3346256,49.010376,
12396,24.3342637,49.0106498,
12397,24.3333201,49.010501,
12398,24.3342015,49.010403,
12399,24.3339247,49.0104772,
12400,24.3520986,49.0079904,
12401,24.7126749,49.123324,
12402,26.0630867,49.8772078,
12403,23.9951403,49.6144876,
12404,23.9953221,49.6144869,
12405,32.0559486,46.9676281,
12406,24.3611174,49.0284607,
12407,30.063148,46.3132927,
12408,29.0357134,45.6937706,
12409,30.589779,46.5510482,
12410,33.1316132,50.7196285,
12411,30.5576553,46.6052852,
12412,30.5574682,46.6052387,
12413,30.5986561,46.5401686,
12414,35.415665,48.9986975,
12415,35.4155553,48.9992281,
12416,24.5213969,48.7851048,
12417,24.5212739,48.7855333,
12418,24.5208628,48.7854952,
12419,30.4537942,50.527458,
12420,30.4533692,50.5278001,
12421,30.0625435,46.313056,
12422,30.0629933,46.3127522,
12423,28.8210693,48.9770414,
12424,30.2970977,47.6862405,
12425,30.2984666,47.6818979,
12426,30.3085179,47.6474587,
12427,30.2734478,47.7571374,
12428,30.2719562,47.7610391,
12429,30.2655498,47.7773695,
12430,30.2649063,47.7790649,
12431,30.2646818,47.7796571,
12432,30.2640578,47.7812381,
12433,35.0507072,48.4543936,
12434,31.2592692,47.7165365,
12435,26.6382134,48.5675225,
12436,31.063307,51.4461426,
12437,30.4835703,50.5195296,
12438,30.4835397,50.5184247,
12439,30.4714266,50.5644543,
12440,30.545427,50.4437681,
12441,30.5467143,50.4208198,
12442,35.8234207,49.9566346,
12443,30.5206141,50.4713759,
12444,30.4625465,50.4928678,
12445,30.4582692,50.5048742,
12446,30.5201352,50.4422217,
12447,30.4834281,50.4484684,
12448,30.4810876,50.4486038,
12449,36.0002216,48.7186453,
12450,35.9999074,48.7187009,
12451,35.9999111,48.7184518,
12452,36.000235,48.7185134,
12453,36.0003901,48.7181952,
12454,30.4474771,50.4541989,
12455,30.4204132,50.4468576,
12456,25.7505742,49.9014086,
12457,35.0475165,48.4563224,
12458,30.409852,50.435812,
12459,30.426975,50.4236001,
12460,30.4917091,50.4413897,
12461,34.2040482,49.1457475,
12462,32.1036413,48.5173462,
12463,35.1117286,47.8641303,
12464,35.1102252,47.8633404,
12465,35.1095448,47.8628149,
12466,29.6815737,46.9231753,
12467,30.0635418,46.3124077,
12468,23.0459128,48.139904,
12469,23.6741717,49.7751209,
12470,30.233631,50.3900727,
12471,30.5246218,50.4671309,
12472,35.871524,49.719342,
12473,35.8709308,49.7194444,
12474,35.8604187,49.7185709,
12475,35.8708224,49.7191116,
12476,30.2278067,50.367809,
12477,30.2272668,50.3674672,
12478,30.2270702,50.3673832,
12479,30.2272895,50.367052,
12480,30.2279945,50.3667354,
12481,30.2276688,50.3672297,
12482,24.9557422,48.4042512,
12483,24.9562298,48.4046958,
12484,24.9570814,48.4051518,
12485,24.9560831,48.4050995,
12486,29.608111,50.7337652,
12487,28.1012285,50.0588345,
12488,27.7697832,49.9238591,
12489,27.7619375,49.9228218,
12490,27.7612928,49.9225985,
12491,27.761137,49.9226934,
12492,27.7610527,49.922669,
12493,27.7610574,49.9225332,
12494,27.7611294,49.922511,
12495,27.7612686,49.922553,
12496,27.7612864,49.9226293,
12497,30.2263023,50.2251963,
12498,30.2265518,50.2251092,
12499,30.2264781,50.2254586,
12500,30.2262511,50.2253417,
12501,27.5356597,50.5968917,
12502,27.5222846,50.5985729,
12503,32.5005832,51.5257397,
12504,25.715349,49.5308485,
12505,30.2934279,50.3145593,
12506,32.279177,48.5076697,
12507,22.3046532,48.5786373,
12508,28.4853523,49.0390359,
12509,28.4860418,49.0392599,
12510,28.4861212,49.0387044,
12511,24.3486083,49.0209073,
12512,31.3090978,51.5063855,
12513,25.3618438,49.091839,
12514,24.1609892,48.9913547,
12515,25.0241732,48.5261809,
12516,24.9563268,48.4047921,
12517,24.9557296,48.4047114,
12518,24.8290832,48.9046153,
12519,24.8809848,48.9049431,
12520,25.3690297,49.3093102,
12521,26.0610438,47.9882624,
12522,24.8288779,48.9044656,
12523,24.3334078,49.010226,
12524,24.1947683,48.049322,
12525,32.4742041,46.6985229,
12526,32.4744725,46.6986831,
12527,32.4706099,46.6988575,
12528,32.4702891,46.6987481,
12529,27.535961,48.7130601,
12530,27.5359547,48.7130108,
12531,27.5361112,48.7129009,
12532,27.5362411,48.7129163,
12533,27.5363352,48.7130179,
12534,27.5361763,48.7131526,
12535,27.5356839,48.7126529,
12536,24.9355636,48.9158237,
12537,24.9360257,48.915932,
12538,24.9358964,48.9159306,
12539,24.9350429,48.9160575,
12540,22.5622612,48.480425,
12541,22.5634334,48.4801477,
12542,25.5394215,49.5620556,
12543,25.5004909,49.5718427,
12544,25.4993693,49.5722121,
12545,23.5667696,48.0134883,
12546,23.5667398,48.0132788,
12547,27.0961484,50.6109742,
12548,27.3280007,50.6104033,
12549,27.3735302,50.6074469,
12550,27.4009371,50.6063994,
12551,27.4190341,50.6057875,
12552,29.2299189,49.2556409,
12553,29.2317535,49.255413,
12554,22.8347364,48.0933749,
12555,24.0145723,49.7859359,
12556,24.0149385,49.7876704,
12557,31.3917106,49.0133043,
12558,32.1597728,48.0610302,
12559,31.3993265,49.0159712,
12560,23.8930418,49.8165846,
12561,31.4663539,49.2857669,
12562,29.8670231,48.3476811,
12563,30.3032309,47.868374,
12564,30.3041151,47.8723359,
12565,30.3114161,47.9219281,
12566,30.3105862,47.9256738,
12567,30.0814841,49.1761461,
12568,30.0812839,49.1763591,
12569,30.0919774,49.2764633,
12570,26.8563792,50.2931219,
12571,30.2303709,48.7441713,
12572,25.016696,51.7899785,
12573,26.8726772,50.3130653,
12574,30.4510675,48.9892848,
12575,30.4504455,48.9895029,
12576,30.4459354,48.9898767,
12577,30.4503335,48.9892592,
12578,28.8752871,48.6743165,
12579,28.8746399,48.6743507,
12580,28.8751705,48.6740379,
12581,28.8756802,48.6742979,
12582,28.8755188,48.6746983,
12583,28.8753303,48.674332,
12584,28.875223,48.6739874,
12585,28.8758747,48.6733472,
12586,28.8757722,48.6740578,
12587,26.8839916,50.3095755,
12588,24.5879703,48.6518624,
12589,24.5861678,48.6506893,
12590,24.588282,48.6503227,
12591,25.4133475,49.0848097,
12592,25.4111549,49.0844346,
12593,32.0534375,46.9665821,
12594,32.0540023,46.9668762,
12595,24.6101565,49.3982365,
12596,24.7238138,49.1216316,
12597,24.6110029,49.3978447,
12598,25.0604879,48.5524163,
12599,25.0605527,48.5521592,
12600,25.0599222,48.551397,
12601,25.0608568,48.5525204,
12602,25.0585059,48.5527424,
12603,25.057868,48.5525838,
12604,25.058743,48.5523101,
12605,25.5452376,48.4558578,
12606,25.5461092,48.4554253,
12607,25.5456322,48.4561052,
12608,25.546171,48.4550692,
12609,25.5455912,48.4561565,
12610,25.5452237,48.4558624,
12611,34.4167331,48.3019944,
12612,22.7095327,48.4580541,
12613,22.709987,48.458152,
12614,27.7819372,48.451534,
12615,27.7818189,48.4516568,
12616,27.7844869,48.449597,
12617,27.7852039,48.4490687,
12618,27.7853468,48.449189,
12619,27.7853307,48.4489565,
12620,27.7856222,48.4487268,
12621,27.7855379,48.4490159,
12622,27.7855526,48.449031,
12623,27.7855053,48.4491642,
12624,27.7926457,48.446547,
12625,27.791501,48.444915,
12626,27.7935942,48.4441537,
12627,27.7990502,48.4424988,
12628,27.7971405,48.441384,
12629,27.8022678,48.4403152,
12630,27.8028348,48.4403151,
12631,27.8022405,48.440453,
12632,27.8020882,48.4402882,
12633,27.802099,48.4404655,
12634,31.5590869,46.6286705,
12635,26.0768002,50.0656139,
12636,34.9750772,48.3293384,
12637,34.9728614,48.3333514,
12638,35.1839749,47.8301392,
12639,33.4800299,50.7525743,
12640,33.8293814,51.1964971,
12641,33.4313909,49.096324,
12642,33.4317265,49.0962715,
12643,33.4856693,50.7506929,
12644,29.612114,47.9405118,
12645,34.2468938,49.1020685,
12646,30.189323,46.4985381,
12647,30.1896958,46.4986169,
12648,30.189963,46.4975374,
12649,30.1887675,46.4986698,
12650,30.1892944,46.4985668,
12651,23.2736206,48.1805634,
12652,23.2734735,48.1806477,
12653,33.431918,49.0975651,
12654,24.0683047,49.8356325,
12655,24.0683315,49.8357574,
12656,33.4285531,49.0699899,
12657,33.428233,49.0699207,
12658,35.0338833,48.3722953,
12659,35.035375,48.3745715,
12660,33.4263914,49.091068,
12661,33.4266413,49.0911602,
12662,30.579658,46.5659094,
12663,30.579963,46.5665107,
12664,30.57919,46.5667285,
12665,30.602375,46.536051,
12666,30.6047425,46.533195,
12667,33.4344621,49.1018226,
12668,33.4346605,49.1019962,
12669,33.1420393,49.8594816,
12670,25.3391054,50.4297919,
12671,30.3119012,50.4519909,
12672,30.3127658,50.4426782,
12673,28.966248,50.3298901,
12674,28.8327087,50.2868874,
12675,28.1248554,50.0527971,
12676,30.3569093,50.4651945,
12677,30.3135994,47.906358,
12678,30.314126,47.9069841,
12679,31.0015196,47.634184,
12680,31.0015905,47.6342324,
12681,31.0015755,47.6344684,
12682,31.0011839,47.6345039,
12683,31.0011231,47.6344651,
12684,31.0010662,47.6343051,
12685,31.0011413,47.6342082,
12686,31.002091,47.6344566,
12687,31.0005453,47.6345365,
12688,31.0014384,47.633828,
12689,33.5671698,48.1024032,
12690,33.5673313,48.1026377,
12691,33.5668766,48.1025956,
12692,33.5668833,48.1025118,
12693,32.7053996,46.7329414,
12694,23.9810368,49.805435,
12695,24.0614021,49.8158493,
12696,24.0616842,49.8159333,
12697,30.6462013,48.1818113,
12698,27.0042008,50.4689625,
12699,22.645147,48.2053713,
12700,33.4368856,49.0266406,
12701,33.4368181,49.0264876,
12702,33.4366582,49.0267448,
12703,33.4368723,49.0266666,
12704,33.4370433,49.0264745,
12705,33.4367915,49.0269276,
12706,33.4718433,49.0196704,
12707,33.4719368,49.0203794,
12708,35.0290932,47.8883631,
12709,35.0291723,47.888191,
12710,35.031623,47.8886905,
12711,35.0316941,47.888533,
12712,34.9925157,47.8913019,
12713,34.9925578,47.8911472,
12714,27.2341595,50.6166767,
12715,27.2466665,50.6158457,
12716,27.246573,50.6157275,
12717,27.2531548,50.615285,
12718,27.2533545,50.6153895,
12719,27.2739195,50.6139084,
12720,27.2739906,50.6140176,
12721,27.295887,50.6124459,
12722,27.2960003,50.6125595,
12723,27.2861484,50.6132206,
12724,27.2861273,50.6131036,
12725,32.3935044,46.7388438,
12726,32.3931215,46.7394304,
12727,32.4111596,46.7159823,
12728,27.2176784,50.6160402,
12729,27.2674472,50.6143359,
12730,27.1844425,50.6019087,
12731,27.184521,50.6020396,
12732,27.0775111,50.6093567,
12733,27.1790123,50.6016348,
12734,27.1789471,50.6015114,
12735,31.8472285,47.6820852,
12736,29.5493326,47.7248228,
12737,29.5495869,47.7248946,
12738,27.34529,48.5131102,
12739,32.2281426,48.9501523,
12740,30.9975463,50.3575751,
12741,27.8482812,48.8057696,
12742,36.4298123,49.93525,
12743,36.4315013,49.9309863,
12744,30.3172779,47.0249447,
12745,30.3232193,47.0022396,
12746,30.326529,47.0057196,
12747,30.3219294,47.0072564,
12748,30.7391155,46.5584676,
12749,27.9080406,49.0491703,
12750,27.9079589,49.0489172,
12751,27.908426,49.0492783,
12752,27.9082582,49.0493445,
12753,27.9080369,49.0492308,
12754,27.9079995,49.0495338,
12755,27.9088865,49.0491207,
12756,30.6775876,46.4882652,
12757,33.423519,49.0947181,
12758,33.4233813,49.0948639,
12759,33.4190242,49.0994939,
12760,33.4282547,49.0888641,
12761,33.4186663,49.0645558,Kremenchuk
12762,33.4087731,49.1079078,
12763,33.4129151,49.1045057,
12764,33.4139781,49.103611,
12765,33.4137487,49.1034914,
12766,33.4148984,49.1028753,
12767,33.4146671,49.1027533,
12768,33.4104361,49.1065308,
12769,33.4160681,49.1015876,
12770,33.4163067,49.1017105,
12771,30.5279168,50.4529181,
12772,27.8039085,49.1560016,
12773,33.4356497,49.1066504,
12774,33.4361293,49.1065351,
12775,33.424136,49.0781184,
12776,33.4168898,49.0638253,
12777,33.4187603,49.0993811,
12778,33.4231312,49.0947673,
12779,33.4232634,49.0946158,
12780,33.4339115,49.1021817,
12781,33.4341381,49.1021157,
12782,33.4342858,49.1019321,
12783,32.8893779,47.3550991,
12784,32.9376183,47.3632832,
12785,28.2881603,45.4462901,
12786,28.2885634,45.4463832,
12787,30.4909155,50.5887367,
12788,32.7079127,50.1145232,
12789,32.598716,50.1550228,
12790,32.7081048,50.1145946,
12791,31.2384689,49.4235805,
12792,27.8749485,48.3979092,
12793,26.3093506,51.1305744,
12794,22.4193006,48.8848115,
12795,35.5374406,48.9654366,
12796,27.8752893,48.3850348,
12797,34.9622213,48.492239,
12798,30.9717144,50.3394391,
12799,24.3652078,49.0201411,
12800,24.3674044,49.0207978,
12801,24.3609936,49.0282609,
12802,24.3660396,49.0430245,
12803,31.1830999,51.4995685,
12804,31.1830056,51.4997911,
12805,31.1729234,51.5383989,
12806,30.6016649,50.5050534,
12807,32.5604852,46.6872513,
12808,34.6082431,48.5002533,
12809,34.6084263,48.5004196,
12810,34.6082773,48.5006614,
12811,34.6521867,47.9363615,
12812,30.4498624,50.5208483,
12813,34.3889078,48.2900106,
12814,34.3858174,48.2882061,
12815,34.3647836,48.2756674,
12816,34.3676508,48.2776326,
12817,25.3579305,50.7566314,
12818,34.7390592,50.8491441,
12819,30.4986812,49.5488801,
12820,30.5023544,49.5552724,
12821,30.4987357,49.5488457,
12822,30.4984279,49.5487788,
12823,30.5989316,49.4883169,
12824,34.3161552,48.2439545,
12825,31.2850065,51.5012879,
12826,33.4657843,49.0818075,
12827,25.7706543,50.0533726,
12828,25.7712697,50.0537066,
12829,31.072096,48.4432303,
12830,31.0720192,48.4427394,
12831,31.3933023,48.2337928,
12832,31.3922562,48.2340819,
12833,22.8151732,49.7227078,
12834,31.3959387,50.2944743,
12835,22.8308008,48.0923347,
12836,27.4755076,50.6035897,
12837,24.5820878,49.9629687,
12838,23.1916509,49.5164282,
12839,30.9158627,50.6848014,
12840,30.912103,50.680238,
12841,30.9122545,50.6801525,
12842,24.05537,49.8628812,
12843,30.1510455,49.7860263,
12844,33.4117108,49.0156187,
12845,25.1172708,50.0058776,
12846,25.2240424,50.1467915,
12847,25.2080233,50.1188816,
12848,25.2239501,50.1469237,
12849,25.2603003,50.1579926,
12850,25.4977662,50.243191,
12851,25.8810054,50.4756156,
12852,25.8978327,50.4805069,
12853,24.4506201,49.9769471,
12854,29.6066521,47.4671629,
12855,33.3832631,49.142644,
12856,33.2577547,49.0380794,
12857,34.6356755,48.5001372,
12858,34.6318653,48.5013828,
12859,34.6409306,48.4984121,
12860,34.6493278,48.4956524,
12861,31.2672271,47.3886507,
12862,31.2672247,47.3880306,
12863,31.2674678,47.3661959,
12864,30.3173253,47.543417,
12865,30.3171117,47.5434171,
12866,30.3186666,47.5396608,
12867,30.3188749,47.539594,
12868,34.6282292,48.713721,
12869,32.9501971,49.4286629,
12870,32.9702793,50.6933175,
12871,32.9694559,50.6932944,
12872,32.8169441,50.6731124,
12873,32.7586058,50.665151,
12874,25.1417727,49.2695423,
12875,25.9975505,51.9875483,
12876,31.8075349,47.2674027,
12877,28.2907893,48.2477536,
12878,28.0165853,48.5580627,
12879,28.0172543,48.5580742,
12880,30.41132,50.4115278,
12881,28.4567472,49.2340568,
12882,30.8311076,46.5624469,
12883,30.8312312,46.5622927,
12884,30.7378463,46.5570642,
12885,31.1704307,51.1144971,
12886,31.1718405,51.1187372,
12887,29.8923612,47.0401669,
12888,30.7911918,46.5694397,
12889,30.7992972,46.5808509,
12890,28.0824631,48.7323084,
12891,27.620533,49.3818,
12892,27.6310137,49.3896847,
12893,28.8334193,48.4115195,
12894,28.8329563,48.4099841,
12895,25.3741134,49.7958715,
12896,25.3742236,49.7958291,
12897,25.3744768,49.7955925,
12898,29.7381266,48.6640273,
12899,23.1131277,49.954774,
12900,23.1139462,49.9546196,
12901,23.1110611,49.954909,
12902,23.1116947,49.9548359,
12903,30.2203607,48.7605942,
12904,26.4189848,50.9110299,
12905,26.4182563,50.9115937,
12906,30.4830683,50.5204953,
12907,30.4813056,50.5177487,
12908,29.0691403,49.2289441,
12909,22.9456646,49.8004892,
12910,22.9454944,49.8005069,
12911,22.9455705,49.7997382,
12912,22.945453,49.7997445,
12913,22.9456855,49.7997325,
12914,22.9457943,49.7997548,
12915,22.9456331,49.7998991,
12916,22.9459476,49.7997455,
12917,22.9457565,49.799893,
12918,22.9460955,49.7997374,
12919,22.9454732,49.7999063,
12920,33.6833712,48.8916209,
12921,33.6508059,48.8567086,
12922,35.3702693,48.3630437,
12923,23.3362823,49.2306944,
12924,28.7040915,51.139567,
12925,25.7422327,48.6177543,
12926,26.8561137,50.5965298,
12927,26.8545713,50.5966765,
12928,26.8441392,50.5976766,
12929,26.8247382,50.5995347,
12930,23.5067431,49.3128591,
12931,26.8560035,50.2929075,
12932,26.875282,50.3247002,
12933,26.8753778,50.3249924,
12934,23.592798,50.2706661,
12935,23.592655,50.2705994,
12936,30.473951,46.9656235,
12937,32.3087925,48.5436411,
12938,32.3087111,48.543715,
12939,36.2812888,49.9440974,
12940,33.4800957,50.7522825,
12941,33.4805743,50.7523773,
12942,33.4803362,50.752518,
12943,33.4771758,50.7527169,
12944,33.4737381,50.7528895,
12945,33.4699134,50.7530136,
12946,33.4737131,50.7525925,
12947,33.4771561,50.7524253,
12948,33.4802942,50.7523385,
12949,33.4697686,50.7530044,
12950,26.5512982,49.1858567,
12951,26.5537472,49.1853391,
12952,35.0761689,47.8407272,
12953,29.5612819,45.4328153,
12954,27.00186,49.4385865,
12955,26.9907653,49.424429,Khmelnytskyi
12956,33.3307299,47.9075883,
12957,32.651,46.6658749,
12958,30.6235399,46.4426461,
12959,35.1857799,47.7953114,
12960,35.1833549,47.7984936,
12961,29.7789185,47.2720416,
12962,33.2657365,48.3359123,
12963,29.7578222,47.3372996,
12964,29.7582372,47.3332039,
12965,29.7471673,47.3322819,
12966,29.6628079,49.7337979,
12967,29.6629728,49.7337098,
12968,29.6632601,49.7335563,
12969,25.2795728,50.9140401,
12970,25.2794354,50.9141727,
12971,23.6080522,49.5064456,
12972,30.565855,50.4318989,
12973,30.6845885,46.4665678,
12974,30.7825966,50.3880879,
12975,30.89642,50.3581932,
12976,34.7660426,50.0340933,
12977,24.1374441,49.8169011,
12978,25.2460378,50.1300776,
12979,33.3153508,49.7851458,
12980,33.3410611,49.7570577,
12981,33.3033043,49.7921223,
12982,33.4650758,49.684717,
12983,28.4590194,50.3106795,
12984,28.458888,50.3105738,
12985,35.1725116,47.8134026,
12986,33.3155792,49.7852168,
12987,33.3186181,49.781692,
12988,33.3412695,49.7571057,
12989,30.4540519,47.5076388,
12990,30.46514,47.5041893,
12991,25.9821611,48.2207918,
12992,26.0034968,48.2685788,
12993,22.7179037,48.4368928,
12994,30.3134483,47.6125437,
12995,30.3110944,47.6133967,
12996,30.3100363,47.6155639,
12997,30.3105017,47.6152521,
12998,30.3077572,47.6163522,
12999,30.2941028,47.6336483,
13000,23.9343813,49.824366,
13001,24.0234175,49.8688384,
13002,24.0194649,49.8708089,
13003,24.023723,49.8692191,
13004,35.2493704,48.5786056,
13005,35.2483932,48.5794683,
13006,28.6878385,50.2431611,
13007,23.1054839,48.1332455,
13008,23.1060679,48.1327723,
13009,23.1063851,48.1330653,
13010,23.1061022,48.1327249,
13011,23.1066129,48.132685,
13012,29.0687588,49.228799,
13013,30.6340207,50.3991102,
13014,31.183436,51.4994749,
13015,30.3106358,47.6131321,
13016,30.3106435,47.6136682,
13017,30.3111261,47.6249989,
13018,30.3292552,47.4988159,
13019,30.3294749,47.494583,
13020,30.3283035,47.4867083,
13021,30.3271009,47.4821969,
13022,30.3233188,47.4678534,
13023,30.3109624,47.6249984,
13024,30.3087417,47.6473277,
13025,30.29868,47.681793,
13026,30.2973319,47.6861264,
13027,30.310512,47.615715,
13028,34.0800805,49.5648057,
13029,34.079951,49.5648134,
13030,32.1124881,49.6556516,
13031,31.8248169,49.7693396,
13032,31.8252328,49.7697269,
13033,31.5465222,49.7854747,
13034,30.3619862,50.4651592,
13035,36.3428291,49.9797827,
13036,24.0403868,49.8538214,
13037,22.5185129,48.5059288,
13038,22.5102484,48.5196401,
13039,30.0824184,50.4348976,
13040,30.0822695,50.4347652,
13041,22.5623355,48.480531,
13042,22.540396,48.4856453,
13043,22.5403373,48.4855388,
13044,35.8696838,49.7087229,
13045,23.5828708,49.3538844,
13046,32.1557596,50.2275616,
13047,32.1228539,50.2284861,
13048,32.3075242,50.2560651,
13049,32.3001601,50.2544822,
13050,32.3000855,50.2543098,
13051,31.1515106,50.3054261,
13052,31.1512615,50.3053241,
13053,31.0855705,50.3075128,
13054,31.0857049,50.3076257,
13055,31.1632439,50.3049319,
13056,31.163411,50.3050424,
13057,32.5270382,50.2151513,
13058,32.5273075,50.2151594,
13059,32.7030874,50.1173816,
13060,32.7029497,50.1172804,
13061,32.6771339,50.1311109,
13062,32.6773469,50.1311763,
13063,32.6718645,50.134096,
13064,32.6717369,50.1339981,
13065,32.6422033,50.1439623,
13066,32.6422194,50.1440875,
13067,32.6352462,50.1443887,
13068,32.6351858,50.1442668,
13069,32.6078076,50.1501283,
13070,32.6076366,50.1500507,
13071,31.3449956,50.3015804,
13072,31.3449334,50.3014698,
13073,31.3094773,50.3040709,
13074,31.3095339,50.3041776,
13075,31.3959998,50.2945978,
13076,32.5624833,50.1833374,
13077,32.5623092,50.1832712,
13078,31.2140816,50.3037305,
13079,31.2141263,50.303838,
13080,31.3711724,50.2981141,
13081,31.3712166,50.2982088,
13082,31.1944108,50.3040504,
13083,31.1942964,50.3039339,
13084,31.2770031,50.3045731,
13085,31.2769956,50.3046855,
13086,32.5985789,50.1549078,
13087,32.5792401,50.172904,
13088,32.5794384,50.1729421,
13089,31.2977981,50.3048567,
13090,31.2977625,50.3047381,
13091,31.2697637,50.3045882,
13092,31.269762,50.3044814,
13093,32.5653679,50.1811397,
13094,32.5655022,50.18119,
13095,32.5747875,50.1754288,
13096,32.5746218,50.1753417,
13097,32.6035509,50.1522425,
13098,32.6036999,50.1523291,
13099,32.6199699,50.1455741,
13100,32.6200937,50.1456822,
13101,31.5328585,50.2570869,
13102,31.5330121,50.2571636,
13103,31.5220154,50.2611249,
13104,31.5219141,50.2610042,
13105,31.452537,50.286055,
13106,31.4524156,50.2859642,
13107,31.5994499,50.2332751,
13108,31.5993306,50.2331757,
13109,31.4111236,50.2915203,
13110,31.4112123,50.2916153,
13111,31.5596341,50.2474749,
13112,31.5597657,50.2475599,
13113,31.4714794,50.2791448,
13114,31.4715784,50.2792532,
13115,31.5510587,50.250688,
13116,31.5509649,50.2505844,
13117,31.6283998,50.222843,
13118,31.6282641,50.2227514,
13119,31.6080267,50.2300514,
13120,31.6082174,50.2301125,
13121,32.2222728,50.2345408,
13122,32.2223475,50.2344351,
13123,32.0332173,50.2309913,
13124,32.033193,50.2308878,
13125,32.0434169,50.2305876,
13126,32.0434898,50.2307167,
13127,32.4735031,50.2390833,
13128,32.2085192,50.2298812,
13129,32.2084248,50.2300006,
13130,32.3074763,50.2561672,
13131,32.2292609,50.2363813,
13132,32.2291839,50.2364975,
13133,32.1720189,50.2271026,
13134,32.1720099,50.2269623,
13135,32.2881273,50.2513081,
13136,32.2880698,50.2514277,
13137,32.102018,50.2290802,
13138,32.1019349,50.2289596,
13139,32.1795188,50.2267507,
13140,32.1795181,50.2268725,
13141,32.3751744,50.2535851,
13142,32.375145,50.2534275,
13143,31.9955429,50.2319138,
13144,31.9960663,50.2320257,
13145,32.4944206,50.2307015,
13146,32.4943025,50.2305701,
13147,32.3912495,50.25255,
13148,32.3912731,50.2526929,
13149,32.1630421,50.2272262,
13150,32.16303,50.2273514,
13151,32.2801751,50.2494302,
13152,32.2802511,50.2492974,
13153,32.1557475,50.2274262,
13154,32.1228446,50.2283748,
13155,32.786565,50.0708475,
13156,32.7864025,50.0707388,
13157,32.757113,50.0869575,
13158,32.7572495,50.0870504,
13159,32.7134783,50.1116928,
13160,32.7133082,50.1116117,
13161,32.718759,50.108785,
13162,32.7188806,50.1088818,
13163,32.5412254,50.2074221,
13164,32.5413832,50.2074906,
13165,32.5534659,50.196989,
13166,32.5532814,50.1969666,
13167,32.8234387,50.0557359,
13168,32.8235132,50.0558603,
13169,32.5369599,50.2098421,
13170,32.5368056,50.2097765,
13171,32.5553134,50.1932468,
13172,32.5554515,50.1932641,
13173,33.4214348,49.7062348,
13174,33.0413014,50.0266843,
13175,33.0020172,50.0476933,
13176,34.0776435,49.5809035,
13177,34.0775107,49.5804473,
13178,34.1642211,49.5827417,
13179,26.0617335,48.2769082,
13180,26.0509523,48.282223,
13181,26.0470304,48.2847253,
13182,26.0672581,48.2761363,
13183,31.3332276,48.2733677,
13184,23.9804498,48.9773089,
13185,25.1744411,47.7623034,
13186,30.1749575,50.3487769,
13187,33.6948333,49.2857109,
13188,34.1472051,48.1695412,
13189,34.1441254,48.1684876,
13190,33.1808992,52.0128985,
13191,27.7903241,48.4361769,
13192,27.7843687,48.4433464,
13193,23.9820243,48.9768183,
13194,23.9907483,48.9741592,
13195,23.9808583,48.9763892,
13196,23.9811826,48.9765772,
13197,23.9809207,48.9771899,
13198,23.9807383,48.9771917,
13199,24.0640334,49.451717,
13200,22.7334471,48.4301621,
13201,22.7333483,48.4300149,
13202,22.7333713,48.4299885,
13203,22.7336329,48.4300065,
13204,22.7330465,48.4303429,
13205,30.3614634,50.29579,
13206,30.33679,50.2651336,
13207,24.7016631,48.922299,
13208,24.7172139,48.9130338,
13209,24.7054604,48.9165178,
13210,24.6974549,48.9039198,
13211,30.3161359,47.0291974,
13212,30.7563075,46.4272398,
13213,34.4921086,48.9453998,
13214,29.3167605,50.3577827,
13215,29.3166929,50.3576529,
13216,29.4317746,50.3785942,
13217,29.4317368,50.3784744,
13218,29.4377449,50.3796094,
13219,30.3272647,47.4820883,
13220,30.3284537,47.4865864,
13221,30.3294197,47.498786,
13222,30.3296442,47.4945077,
13223,30.3132503,47.9050268,
13224,29.7007299,50.4237463,
13225,29.8463251,50.4191896,
13226,29.8460043,50.4190451,
13227,29.8625815,50.4200319,
13228,29.9176078,50.4234162,
13229,29.9174127,50.4232607,
13230,29.9279929,50.4239106,
13231,29.9280553,50.4240339,
13232,30.01284,50.4294471,
13233,30.0125815,50.4293079,
13234,30.0188867,50.4297836,
13235,30.0189811,50.4299102,
13236,30.1121476,50.4372895,
13237,30.1544435,50.4406768,
13238,30.1537999,50.4404993,
13239,30.1967754,50.4440627,
13240,34.3933207,48.3106942,
13241,32.691313,47.2855663,
13242,23.0409304,48.1397059,
13243,23.046579,48.139824,
13244,22.9514757,49.7993004,
13245,30.567594,50.4272558,
13246,30.3061478,47.3527081,
13247,30.3059608,47.3528133,
13248,30.3053928,47.357854,
13249,30.3051989,47.3578757,
13250,30.3069782,47.3367814,
13251,30.3072716,47.3322486,
13252,30.3017501,47.385167,
13253,30.3075415,47.3345198,
13254,30.31227,47.4259544,
13255,30.3121356,47.4254583,
13256,30.3050899,47.39865,
13257,30.3034601,47.392358,
13258,30.3027267,47.3896068,
13259,30.3241171,47.4700866,
13260,30.3246656,47.4702655,
13261,30.3234811,47.467778,
13262,30.3242343,47.4706008,
13263,30.2335092,50.1183896,
13264,30.2328173,50.1209793,
13265,30.2319303,50.1261505,
13266,30.2319308,50.1332437,
13267,30.2333509,50.1352819,
13268,30.2350963,50.1375076,
13269,30.235306,50.1379251,
13270,30.2375204,50.1425165,
13271,30.2377208,50.1430484,
13272,30.2379159,50.1435947,
13273,30.238102,50.1476957,
13274,30.234146,50.1530155,
13275,30.2314735,50.1307223,
13276,30.2318211,50.1252267,
13277,30.2331592,50.1190839,
13278,30.2333573,50.1182153,
13279,30.2338083,50.1164521,
13280,30.2338061,50.0992642,
13281,30.233796,50.0854183,
13282,30.2258452,50.0723828,
13283,30.22137,50.0671149,
13284,30.2193174,50.0648462,
13285,30.3124656,47.4260154,
13286,30.3129423,47.4261712,
13287,30.3116808,47.4257776,
13288,30.3125768,47.4264624,
13289,30.2378338,48.4301128,
13290,30.2463973,48.3819198,
13291,30.2532106,48.3435123,
13292,27.3364907,50.6098326,
13293,27.3362849,50.6097053,
13294,30.3121103,47.2754354,
13295,30.3123826,47.2757075,
13296,30.3126407,47.2757678,
13297,30.3110703,47.2750629,
13298,30.3114066,47.2768735,
13299,27.4285721,50.605295,
13300,27.4189535,50.6056658,
13301,24.709204,48.9381267,
13302,24.7103683,48.9372084,
13303,23.0810137,48.135402,
13304,29.9873457,48.8033459,
13305,29.961887,48.8113737,
13306,22.6265916,48.2526234,
13307,23.2962339,48.1769437,
13308,23.2954005,48.1767652,
13309,28.731848,48.1157884,
13310,35.0172011,48.432732,
13311,35.0170396,48.4334487,
13312,35.0414726,48.4666606,
13313,28.3900561,49.2314555,
13314,28.389974,49.2315726,
13315,24.706137,48.9289409,
13316,24.7059757,48.9291798,
13317,24.7056975,48.9287647,
13318,24.706548,48.9290909,
13319,24.7059298,48.9288636,
13320,23.2611661,50.1000929,
13321,23.2748442,50.0956065,
13322,24.47239,49.9728599,
13323,28.3674339,49.2236601,
13324,28.368476,49.2235646,
13325,28.3995983,49.202995,
13326,28.3988203,49.2026237,
13327,26.5808634,48.689633,
13328,26.5803364,48.6901567,
13329,31.9219404,47.0537224,
13330,32.312375,48.5453143,
13331,32.3122855,48.5453947,
13332,32.3116555,48.5458445,
13333,32.3121852,48.5453465,
13334,32.3122689,48.5452651,
13335,32.5179602,50.2202639,
13336,32.5135979,50.2225723,
13337,32.5126026,50.2229454,
13338,30.347712,49.6557144,
13339,30.3425109,49.6610809,
13340,30.3427602,49.6608915,
13341,30.3470092,49.6566114,
13342,30.3428536,49.660919,
13343,30.3469356,49.6566188,
13344,30.3449307,49.6591004,
13345,30.345117,49.6594537,
13346,30.3444961,49.6595502,
13347,30.3881546,49.6699188,
13348,30.388211,49.66994,
13349,30.3877855,49.6700809,
13350,30.3875078,49.6697156,
13351,30.4495039,49.6604349,
13352,30.1594963,49.8494847,
13353,30.1596216,49.8491542,
13354,30.1613258,49.8537424,
13355,30.4070785,50.4585646,
13356,33.0656199,51.6431252,
13357,35.1446435,47.8316976,
13358,37.2199088,49.3636294,
13359,37.1520108,49.4584972,
13360,37.1747455,49.4347079,
13361,37.1767123,49.432227,
13362,37.1926809,49.4119935,
13363,37.1946333,49.4094941,
13364,37.201898,49.4002447,
13365,37.2039543,49.3976448,
13366,37.2048126,49.3965511,
13367,37.2070895,49.3936567,
13368,37.2130279,49.3860917,
13369,37.2160479,49.3822209,
13370,37.2162515,49.3822315,
13371,37.213212,49.3861232,
13372,37.2072734,49.393687,
13373,37.205283,49.3962266,
13374,37.2046295,49.3970586,
13375,37.2020649,49.4003005,
13376,37.1948064,49.4095516,
13377,37.1928458,49.4120481,
13378,37.1768854,49.432285,
13379,37.1749133,49.434765,
13380,37.3792273,49.0325117,
13381,37.1653912,49.4465536,
13382,37.165561,49.4466101,
13383,37.1636157,49.4490827,
13384,37.1634454,49.4490261,
13385,28.5472268,48.1258014,
13386,36.3269419,49.1015669,
13387,30.5526954,50.4002193,
13388,32.2953115,48.5244166,
13389,35.7573877,49.9101874,
13390,35.7568473,49.9094225,
13391,35.7561445,49.9082358,
13392,35.178082,47.8154597,
13393,31.2051623,46.6673269,
13394,29.5886146,45.3986122,
13395,35.1839094,47.8300836,
13396,35.1851502,47.8305367,
13397,30.7859768,46.5638431,
13398,23.0146595,49.3678365,
13399,30.6247084,50.0739951,
13400,30.6250034,50.0752557,
13401,31.1744074,48.3858109,
13402,35.562907,48.5905701,
13403,31.0712646,48.4432454,
13404,27.3736221,50.6075677,
13405,29.6059427,47.9200425,
13406,29.6055188,47.9206128,
13407,28.3905364,49.2316212,
13408,33.2715337,49.969729,
13409,30.2046261,48.7336892,
13410,30.2043197,48.733449,
13411,30.20418,48.7339173,
13412,35.0407273,48.3963715,
13413,35.040202,48.3962271,
13414,29.9875352,48.8030598,
13415,30.1984575,48.7239639,
13416,30.1984472,48.7240204,
13417,30.2122917,48.7358674,
13418,30.2119738,48.7354622,
13419,30.2116568,48.7350578,
13420,30.2121787,48.7354653,
13421,30.211955,48.735055,
13422,30.2118524,48.7350879,
13423,30.3610447,50.2976334,
13424,30.2112065,48.734819,
13425,30.2054138,48.7333844,
13426,28.6405106,50.0397135,
13427,28.6461763,50.0949171,
13428,28.6460117,50.0995254,
13429,28.4260645,49.2251025,
13430,28.4437102,49.2262458,
13431,28.4091452,49.2165398,
13432,30.2409793,48.9227481,
13433,30.2405045,48.9231942,
13434,30.2356722,48.9277172,
13435,30.2321551,48.9310364,
13436,30.2017199,48.9595679,
13437,30.5912229,46.3973498,
13438,31.4264362,49.2901874,
13439,36.177344,49.9811298,
13440,28.3701403,50.327264,
13441,28.369959,50.3271689,
13442,34.6995933,47.5966856,
13443,34.7004529,47.5968049,
13444,35.0347261,48.4026127,
13445,35.0355748,48.4026038,
13446,35.0375544,48.3998583,
13447,35.0376497,48.399743,
13448,23.3265361,48.1470384,
13449,30.4744368,46.6915344,
13450,24.028227,49.8534967,
13451,22.7307596,48.4416159,
13452,30.5286808,50.3998559,
13453,23.465097,49.0030936,
13454,35.602329,50.4355577,
13455,32.22407,48.4957801,
13456,32.2819257,48.5197875,
13457,31.592753,48.1295382,
13458,24.7061172,48.9351518,
13459,24.7062077,48.9357191,
13460,35.8601237,49.7251331,
13461,23.9131543,49.8208025,
13462,23.9130985,49.8208186,
13463,34.9623499,48.1993234,
13464,34.9660032,48.2027953,
13465,34.9398146,48.1328248,
13466,30.4528429,50.5268701,
13467,23.5938544,49.1092906,
13468,27.8128236,51.5763016,
13469,28.3867927,51.0533889,
13470,28.659617,50.9885818,
13471,23.8497,49.2540442,
13472,27.4962119,50.6018321,
13473,34.923975,50.3443568,
13474,34.923744,50.3445863,
13475,34.9242658,50.3455609,
13476,28.493332,49.2330356,
13477,29.9585773,47.7277121,
13478,28.3420478,48.2616979,
13479,25.3698365,49.3087292,
13480,25.3693374,49.3086014,
13481,25.14754,49.4483517,
13482,29.7414369,47.342059,
13483,29.5248989,47.7573726,
13484,24.0370421,49.8247828,
13485,24.0366587,49.8252067,
13486,24.0361098,49.8251828,
13487,31.8813734,51.0421462,
13488,30.7308988,46.4718364,
13489,31.8808662,51.0441433,
13490,28.8817204,48.2117617,
13491,23.7517377,49.4300996,
13492,31.8914655,51.0663104,
13493,31.891351,51.0664928,
13494,31.8910991,51.0663266,
13495,30.3127504,47.0397026,
13496,33.8278262,51.1958767,
13497,25.7042723,50.4136719,
13498,29.4418448,45.7214387,
13499,29.2651646,45.4408295,
13500,28.8509162,45.3364056,
13501,28.8596329,45.3395404,
13502,27.9614902,50.0849628,
13503,27.961219,50.0853971,
13504,30.3042572,47.3957528,
13505,31.5548747,47.87412,
13506,34.9415729,50.8329726,
13507,24.0424983,49.8009684,
13508,24.0481412,49.8025208,
13509,24.0458422,49.8019802,
13510,34.6278553,48.7136162,
13511,31.4630516,51.5457893,
13512,30.7471103,46.4720857,
13513,24.472234,49.972755,
13514,24.6888126,49.9842715,
13515,24.6887087,49.9841648,
13516,24.6631839,49.9859079,
13517,24.663338,49.9860259,
13518,24.6558644,49.9865139,
13519,24.6557157,49.9863887,
13520,24.6975312,49.9835194,
13521,24.6977148,49.9836254,
13522,24.6391077,49.9833385,
13523,23.6199387,50.240434,
13524,23.6199546,50.2392421,
13525,24.7219598,48.9235151,
13526,24.7218722,48.9234442,
13527,24.721841,48.923416,
13528,24.7218195,48.92343,
13529,24.7217372,48.9234605,
13530,35.3362526,47.684259,
13531,35.3344387,47.6873397,
13532,35.0927119,47.847083,
13533,35.0695609,47.8789048,
13534,35.0694593,47.8785433,
13535,35.0415666,48.3907299,
13536,35.0413916,48.3915304,
13537,35.0412818,48.3920188,
13538,35.0408162,48.3939993,
13539,34.9424784,48.0354198,
13540,34.9443314,48.0330783,
13541,34.9501445,48.0257123,
13542,34.9535186,48.0219708,
13543,34.9583107,48.016917,
13544,34.9593443,48.0158459,
13545,34.9598863,48.0152842,
13546,34.9611123,48.0139554,
13547,34.9767801,47.9971625,
13548,34.9777478,47.9961258,
13549,34.9782042,47.9956361,
13550,34.9798261,47.9938425,
13551,34.9780587,47.9767355,
13552,34.9762422,47.9705417,
13553,34.9740618,47.9632215,
13554,34.973176,47.9601535,
13555,35.0026874,48.3021616,
13556,34.9662345,48.1863665,
13557,34.9664111,48.1863922,
13558,34.9641791,48.1935447,
13559,34.9612906,48.2027133,
13560,27.4427608,49.2687572,
13561,24.047183,49.8028944,
13562,35.0378285,48.4685718,
13563,35.0382624,48.4689252,
13564,25.9588172,48.956395,
13565,30.2119132,48.7349884,
13566,24.5563722,48.4536667,
13567,30.2290114,50.5413279,
13568,28.6946202,50.2687523,
13569,29.6304171,47.921358,
13570,28.6968384,50.2683604,
13571,28.6973717,50.2686519,
13572,34.654514,47.9378551,
13573,34.6544144,47.9379365,
13574,28.1003005,50.0587934,
13575,28.0688551,50.0264581,
13576,28.1004669,50.0590875,
13577,28.1004028,50.0591287,
13578,28.0999065,50.0590456,
13579,28.0998937,50.0589823,
13580,28.1002454,50.0587843,
13581,28.0997244,50.0595672,
13582,28.6248103,45.7422074,
13583,28.6241318,45.7422625,
13584,28.6156928,45.6964277,
13585,34.7442294,50.1040666,
13586,25.369113,49.2240364,
13587,25.3688528,49.2242774,
13588,25.3688021,49.2243365,
13589,25.3687446,49.2245327,
13590,30.6663171,46.471217,
13591,26.1687044,50.4440376,
13592,26.1693141,50.4440043,
13593,26.1690132,50.4443668,
13594,30.4223777,48.7091222,
13595,30.4231038,48.7087852,
13596,30.7532175,48.6644855,
13597,30.7557718,48.663659,
13598,28.4648637,49.2383005,
13599,26.2019441,50.6287335,
13600,30.7051534,46.4414673,
13601,22.9443592,48.2792862,
13602,30.7545998,46.4048081,
13603,24.0489891,49.7985797,
13604,24.0492348,49.7987675,
13605,30.5789454,50.4954043,
13606,30.6033694,50.3943832,
13607,36.2813875,49.9533738,
13608,36.2811994,49.9534089,
13609,36.2817757,49.9548944,
13610,36.2819774,49.9548635,
13611,34.6567665,47.9394827,
13612,28.2811127,45.4580028,
13613,26.0225799,49.5442768,
13614,30.36012,50.435767,
13615,36.6086549,49.876047,
13616,36.6087658,49.8761411,
13617,36.6099199,49.8764446,
13618,35.0924663,47.8619788,
13619,27.2206484,49.7559163,
13620,27.2204185,49.7559724,
13621,27.2272467,49.7646037,
13622,27.2205439,49.7614118,
13623,26.9385291,49.4123233,
13624,34.841095,49.4445917,
13625,32.169008,51.187122,
13626,30.4529339,50.5663249,
13627,35.8591537,49.7166588,
13628,23.8441472,49.2669163,
13629,23.8439378,49.2670349,
13630,30.6268075,50.1108863,
13631,35.0492518,48.4625539,
13632,30.2193387,50.0646337,
13633,30.221305,50.0668085,
13634,30.2258387,50.072066,
13635,30.2338498,50.0851505,
13636,30.2339961,50.0990887,
13637,30.2340059,50.1164071,
13638,30.2133763,50.0286045,
13639,30.2055396,50.0152492,
13640,30.2020864,50.0091615,
13641,30.1752466,49.9550282,
13642,30.1819766,49.9424765,
13643,30.18329,49.9396485,
13644,30.1824594,49.9737473,
13645,30.1838606,49.976202,
13646,30.1841085,49.9766589,
13647,30.1851246,49.9784819,
13648,30.1881299,49.9838214,
13649,30.1884048,49.9842993,
13650,30.2021539,50.0088862,
13651,30.2055911,50.0150049,
13652,30.2134066,50.0283365,
13653,26.5815745,48.2570641,
13654,30.161487,49.853498,
13655,35.0377493,48.3999267,
13656,35.0378427,48.3998103,
13657,35.1017403,47.8558442,
13658,33.4051492,51.5312262,
13659,32.3078008,48.5432922,
13660,32.3110602,48.5448124,
13661,23.0400491,48.3117016,
13662,23.0398543,48.3117764,
13663,23.0399517,48.3116642,
13664,30.288509,48.2106849,
13665,30.1191158,49.4014015,
13666,30.1738076,49.5642127,
13667,30.1729836,49.5642307,
13668,28.2957468,45.4290331,
13669,28.2956758,45.4303311,
13670,28.279189,45.4562146,
13671,23.9087523,49.258682,
13672,35.078963,47.8287624,
13673,35.0777464,47.8350694,
13674,35.1004233,47.850728,
13675,35.0944691,47.862521,
13676,30.4508474,50.4629051,
13677,31.0029521,49.6696238,
13678,35.2406004,47.8154477,
13679,23.5170776,49.3221378,
13680,23.5172235,49.3217475,
13681,32.2281147,48.9491426,
13682,33.4081571,51.5319768,
13683,33.4050145,51.530851,
13684,33.3865468,51.5258134,
13685,33.4030508,51.5302794,
13686,33.4062759,51.5311692,
13687,23.2802133,50.0969039,
13688,23.3132994,50.0826853,
13689,23.2769097,50.0961379,
13690,35.1891809,47.8012149,
13691,35.1895463,47.8010414,
13692,23.194819,49.5159219,
13693,23.2085774,49.5120509,
13694,29.9909765,49.8060069,
13695,24.0611413,49.8743347,
13696,35.0768908,48.4085589,
13697,28.2958431,45.4694305,
13698,26.8365216,49.1925502,
13699,26.8366734,49.1922218,
13700,26.8368648,49.1921189,
13701,26.8375605,49.1922397,
13702,26.836862,49.1922548,
13703,26.8368513,49.1922592,
13704,26.8366618,49.1921939,
13705,26.836829,49.1921069,
13706,36.22508,50.0048279,
13707,36.2256254,50.0049568,
13708,36.2276513,50.0054026,
13709,36.155941,49.9711946,
13710,35.9704744,50.0313453,
13711,35.0770446,48.5111467,
13712,35.0291332,48.4650522,
13713,34.3787072,47.5639076,
13714,29.3876128,48.4016073,
13715,29.3873534,48.4015503,
13716,24.040195,49.8535944,
13717,24.0408092,49.8536811,
13718,31.9728739,51.1512105,
13719,24.0474255,49.7995958,
13720,24.0472452,49.7994711,
13721,23.9953017,49.619465,
13722,23.9951191,49.6195534,
13723,28.2917625,48.2486585,
13724,23.6851678,49.6279682,
13725,32.5687039,51.2483693,
13726,23.9869639,49.5505622,
13727,27.6679163,49.0641023,
13728,23.9860535,49.5501938,
13729,23.9868664,49.5499895,
13730,27.0397749,50.1902818,
13731,30.7250791,46.5561169,
13732,23.3594064,49.9330012,
13733,33.8643506,51.3351844,
13734,33.8688602,51.3332274,
13735,26.8362958,49.191874,
13736,26.0139542,48.2360214,
13737,26.01348,48.2357022,
13738,30.8302972,46.5619059,
13739,30.8314202,46.5617783,
13740,30.3285928,50.4337801,
13741,30.3286612,50.4337117,
13742,30.3288943,50.4337335,
13743,30.3289194,50.4337623,
13744,30.4546069,50.4724663,
13745,30.4545762,50.4723864,
13746,27.4515191,49.9377127,
13747,26.871406,49.8089545,
13748,23.3833923,49.9375512,
13749,31.8617809,51.1388876,
13750,31.802587,51.0462762,
13751,32.4586322,50.2453185,
13752,30.7257518,46.4736596,
13753,36.7100487,48.4008451,
13754,35.4320843,47.9430707,
13755,29.53341,48.3980138,
13756,29.5276302,48.3611244,
13757,29.3425888,48.7813482,
13758,27.7865009,48.6087161,
13759,30.5786618,50.4951228,
13760,35.2422242,47.813578,
13761,35.23672,47.7864952,
13762,27.7696645,48.4623913,
13763,35.2763606,48.7711612,
13764,28.5977588,48.5392301,
13765,28.5975617,48.5394181,
13766,28.8136905,45.3595746,
13767,30.4942684,50.5804225,
13768,35.2563266,48.749195,
13769,35.2534808,48.7313754,
13770,30.6862095,46.4669148,
13771,27.8797907,48.3997363,
13772,27.880225,48.400233,
13773,27.8797665,48.4000833,
13774,30.9708963,48.9432104,
13775,30.3251507,46.1850947,
13776,30.5988376,50.4506305,
13777,25.7703511,50.0537398,
13778,26.267327,50.1631929,
13779,25.6126713,49.5523693,
13780,25.619255,49.5451948,
13781,25.619327,49.5451818,
13782,29.7646848,47.3195954,
13783,29.7647394,47.3191999,
13784,23.8474495,49.2566314,
13785,25.5549401,49.542567,
13786,26.5711698,48.6738672,
13787,26.571117,48.6740161,
13788,23.8438726,49.2667492,
13789,23.833329,49.2519839,
13790,30.1907135,49.6707976,
13791,30.1914754,49.6712026,
13792,30.6949803,46.4903982,
13793,30.2173271,50.2375903,
13794,33.4357916,49.1062268,
13795,33.4342455,49.1026542,
13796,33.4348402,49.1018337,
13797,30.8234284,49.8793159,
13798,30.8245979,49.879646,
13799,33.4345418,49.1020706,
13800,33.4344303,49.1020734,
13801,35.9821959,49.9438556,
13802,35.964889,49.8893931,
13803,23.5070492,49.3122955,
13804,30.8215124,50.5636436,
13805,23.5056918,49.2867604,
13806,24.0148584,49.788405,
13807,29.9016521,48.3247214,
13808,29.9022052,48.3244052,
13809,31.0018996,49.6689825,
13810,31.00128,49.6694845,
13811,30.9758413,49.6497499,
13812,30.9754461,49.6497424,
13813,24.0153464,49.8430551,
13814,29.3841345,48.7971482,
13815,29.3839823,48.7970344,
13816,22.4455838,48.2455693,
13817,34.7600092,50.2458266,
13818,30.957587,49.6515713,
13819,30.9582115,49.6520114,
13820,30.9581719,49.6528289,
13821,30.9578439,49.6521187,
13822,32.0930867,49.4100183,
13823,32.0598372,49.4440758,Cherkasy
13824,32.0588087,49.4446495,
13825,32.0843217,49.4350885,
13826,28.5713941,48.7937442,
13827,32.0847194,49.4349735,
13828,32.0609037,49.4462281,
13829,30.9610625,49.6438103,
13830,30.9611495,49.6436382,
13831,30.9608029,49.6436624,
13832,30.9575794,49.6821084,
13833,30.9572891,49.6827438,
13834,32.7179143,46.6758929,
13835,32.7180561,46.6759113,
13836,32.721698,46.6763677,
13837,32.7215701,46.6763515,
13838,28.8423725,48.9523778,
13839,24.0365709,49.8249661,
13840,34.7764273,48.42211,
13841,30.1436832,50.32439,
13842,30.1436083,50.3246829,
13843,30.771657,50.4818612,
13844,34.6376228,48.6973984,
13845,34.6374089,48.6972395,
13846,34.6650705,48.66795,
13847,34.6712932,48.6604954,
13848,34.671599,48.6604405,
13849,34.6497083,48.6956247,
13850,34.6498965,48.6957052,
13851,33.4183858,47.9423772,
13852,30.7179264,50.5910289,
13853,30.3936286,50.4061094,
13854,30.3951971,50.4054704,
13855,29.6823715,49.3699597,
13856,29.6823102,49.3700053,
13857,29.6820506,49.3698684,
13858,29.6821553,49.3698025,
13859,29.6831148,49.3696303,
13860,29.6817983,49.370506,
13861,24.7978835,48.8351293,
13862,28.2927116,48.2488032,
13863,28.2923926,48.24896,
13864,27.7704648,48.4620905,
13865,32.279816,48.5193779,
13866,32.2806773,48.5191828,
13867,32.2808542,48.5195747,
13868,32.2812306,48.5191973,
13869,30.3869965,51.3232835,
13870,24.0618375,49.8160934,
13871,24.0617848,49.8159396,
13872,24.092626,49.7670762,
13873,30.0429809,50.4196162,
13874,30.0396677,50.4314482,
13875,30.1118834,50.3575141,
13876,30.1121433,50.3577239,
13877,24.0477866,49.767102,
13878,24.1594464,49.8170592,
13879,24.1598643,49.8198995,
13880,24.1591452,49.8159043,
13881,24.1597965,49.8193756,
13882,24.1596656,49.8184644,
13883,24.1647304,49.8730766,
13884,24.6128062,51.4096781,
13885,35.6281147,48.5794785,
13886,35.7143502,48.5607147,
13887,35.7257136,48.558254,
13888,35.408806,48.6137331,
13889,35.6682809,48.5706612,
13890,35.6689087,48.5700657,
13891,35.6702607,48.5703858,
13892,35.6698555,48.5708306,
13893,35.6661466,48.5711225,
13894,30.7179243,50.5908982,
13895,35.5588686,48.5911711,
13896,35.5069305,48.5990415,
13897,35.5488187,48.5928898,
13898,35.5914222,48.5862672,
13899,35.6465904,48.5753287,
13900,35.6889885,48.5661893,
13901,35.6943242,48.5650318,
13902,35.6415715,48.576604,
13903,35.6736009,48.5696597,
13904,30.6139563,50.5130148,
13905,30.1647951,48.9948057,
13906,30.1647809,48.9949508,
13907,30.1647585,48.9951633,
13908,28.4529559,49.2384822,
13909,28.4510489,49.2337109,
13910,28.4506971,49.2340701,
13911,30.5511196,50.4405377,
13912,24.722882,48.9255791,
13913,26.2534405,50.5136701,
13914,26.2387967,50.4982292,
13915,24.6971847,48.9037602,
13916,30.9688606,52.0754734,
13917,35.1417541,50.8117396,
13918,24.1905844,51.2098123,
13919,34.318078,51.8728455,
13920,32.248959,48.5141974,
13921,32.0730811,49.4210963,
13922,30.3424795,50.4546397,
13923,34.0430377,49.9550572,
13924,33.9937938,49.9627326,
13925,33.9932938,49.9628031,
13926,23.1132427,49.9551087,
13927,23.1131805,49.95518,
13928,35.3377267,47.5780226,
13929,22.3039466,48.6136898,
13930,32.1645187,46.9119471,
13931,30.5544167,50.2531989,
13932,30.5548545,50.2527816,
13933,30.5802211,50.2390305,
13934,33.2559745,49.8093328,
13935,33.2628645,49.8061349,
13936,33.2561756,49.8094183,
13937,33.2907345,49.7962395,
13938,33.0724475,49.9573776,
13939,31.2466654,51.5702072,
13940,31.2468901,51.5701972,
13941,31.2369052,51.5884402,
13942,31.236683,51.5884434,
13943,31.2260203,51.6083613,
13944,31.2258257,51.608371,
13945,31.2324197,51.5963867,
13946,31.2326193,51.5963799,
13947,31.2387647,51.5846322,
13948,31.2389682,51.5846285,
13949,31.2288126,51.6029543,
13950,31.2290198,51.6029456,
13951,31.2312918,51.5988153,
13952,31.2310914,51.5988222,
13953,26.1347885,50.683806,
13954,25.4012269,50.7457881,
13955,25.3176143,50.7487338,
13956,25.4801934,50.6509527,
13957,25.6184868,50.5366177,
13958,25.6600031,50.5146913,
13959,27.7874545,48.4425213,
13960,26.6251919,48.264971,
13961,26.6246368,48.2648489,
13962,24.7043917,48.9359542,
13963,24.7067934,48.9370396,
13964,24.706451,48.9367346,
13965,24.7064995,48.9368533,
13966,36.2444523,50.0013087,
13967,25.8134919,50.7780269,
13968,27.772115,49.9244881,
13969,32.0842062,49.4384083,
13970,32.0844739,49.4379182,
13971,28.84284,45.3417488,
13972,28.8345147,45.3432055,
13973,28.8351971,45.3431422,
13974,29.6046465,47.919906,
13975,34.0799935,49.5647656,
13976,36.7709484,49.7917059,
13977,31.9107344,49.2972504,
13978,31.9106924,49.2992018,
13979,22.274896,48.5803218,
13980,22.9885878,48.5457057,
13981,22.9885384,48.5456459,
13982,23.1894416,48.7151654,
13983,24.799325,48.8353308,
13984,24.7987168,48.8364731,
13985,25.6786331,50.1183941,
13986,28.1129807,50.0526955,
13987,28.6617551,50.2600249,
13988,28.113075,50.0525843,
13989,28.1125799,50.0524918,
13990,26.8187118,50.1202967,
13991,26.8182399,50.1203568,
13992,26.8179094,50.1202215,
13993,26.8180717,50.1200259,
13994,27.0650624,50.1711807,
13995,28.099494,50.0585852,
13996,28.92795,50.2908578,
13997,29.1071376,50.3217857,
13998,23.04265,48.1526349,
13999,23.0466375,48.1401858,
14000,31.7494621,50.1976496,
14001,31.7985673,50.2135906,
14002,32.5161306,50.2210524,
14003,32.5147756,50.221735,
14004,31.8017517,50.2147421,
14005,31.8010196,50.2145025,
14006,31.7652544,50.2028706,
14007,31.7495788,50.1978065,
14008,30.6660751,50.1145337,
14009,31.0440855,49.9711931,
14010,31.7808405,50.2772356,
14011,30.6671508,50.1127832,
14012,24.4368378,51.4313759,
14013,26.5714716,48.67398,
14014,26.5712527,48.6740852,
14015,24.7216779,48.9281849,
14016,24.6965434,48.9035277,
14017,24.6975274,48.9036439,
14018,24.6974318,48.9034364,
14019,24.6974672,48.9037098,
14020,33.0389437,50.0292836,
14021,25.1556194,50.0748354,
14022,33.0058173,50.0116509,
14023,31.4445683,50.0645546,
14024,31.4443843,50.0643709,
14025,33.9905638,49.9631519,
14026,33.9901433,49.963201,
14027,34.5494246,49.5903702,
14028,24.0630555,49.4522079,
14029,26.1474877,50.7005096,
14030,35.3710694,48.3631683,
14031,33.2917476,49.3813886,
14032,23.1061053,48.1322035,
14033,23.6200074,50.2381999,
14034,23.6200203,50.2376535,
14035,23.0204653,48.0694699,
14036,22.9990375,48.0148753,
14037,22.4450484,48.2452919,
14038,24.0468973,49.7995703,
14039,24.0470927,49.7993763,
14040,24.0477469,49.7992709,
14041,30.5584979,46.2032547,
14042,36.2345175,49.9872295,
14043,23.9463998,50.067451,
14044,23.9816114,50.0685887,
14045,23.992043,50.0519437,
14046,23.9924527,50.0507307,
14047,22.4525097,48.540351,
14048,24.3694273,51.5515062,
14049,24.2768278,51.5107022,
14050,24.2214879,51.4786311,
14051,30.1820484,49.9417958,
14052,30.1890725,49.9285028,
14053,30.1879361,49.9315886,
14054,30.1861468,49.9349149,
14055,24.033767,49.8270717,
14056,24.3436242,49.0447682,
14057,33.2361118,49.8163413,
14058,33.2358555,49.8162849,
14059,33.0726031,49.9574221,
14060,31.3586588,49.0254417,
14061,33.4293846,49.0907547,
14062,33.4290588,49.0908093,
14063,33.4291815,49.090192,
14064,33.4288396,49.0902593,
14065,26.6256122,48.8993476,
14066,26.6316377,48.896433,
14067,27.6850317,50.5821381,
14068,27.7064041,50.5784224,
14069,27.9760927,50.5005804,
14070,27.9692004,50.5024928,
14071,27.9702382,50.5021724,
14072,28.4224235,50.3173946,
14073,28.4226469,50.3174898,
14074,28.4272674,50.316626,
14075,28.4270247,50.3165398,
14076,28.8263589,50.2866311,
14077,28.8609836,50.287396,
14078,28.8918813,50.2878592,
14079,29.1178187,50.3237995,
14080,29.6148678,50.4136152,
14081,27.4011066,50.6065122,
14082,27.3278689,50.6102902,
14083,30.1332827,49.796875,
14084,27.0035505,48.6450462,
14085,27.0022782,48.6460457,
14086,26.799171,50.133029,
14087,25.9610096,51.2511369,
14088,31.3914515,49.0009912,
14089,31.3911561,49.0008897,
14090,31.3907821,49.0007111,
14091,31.3911608,49.0005486,
14092,31.3911447,49.0008638,
14093,29.1176703,50.3236449,
14094,28.8607501,50.2872679,
14095,27.6848167,50.5820582,
14096,27.9693685,50.5025714,
14097,28.8920476,50.2879837,
14098,27.9759174,50.5004982,
14099,28.82657,50.2867561,
14100,27.7062332,50.5783273,
14101,33.4287277,49.0891243,
14102,23.5821622,49.3534114,
14103,23.5823914,49.3533474,
14104,23.5825024,49.3534631,
14105,23.5822767,49.3535621,
14106,34.9613929,48.2017717,
14107,35.8950299,47.9696515,
14108,35.8975644,47.9707907,
14109,35.8984035,47.9711701,
14110,35.8987902,47.9713449,
14111,34.8232333,50.927857,
14112,22.2676584,48.6468605,
14113,26.8591838,49.7805,
14114,26.8597612,49.7805354,
14115,26.8594872,49.7808741,
14116,26.5520595,49.186359,
14117,28.342858,49.109099,
14118,23.2849944,48.1771311,
14119,31.7930054,50.2118874,
14120,26.7576417,49.5034661,
14121,26.7614805,49.4938613,
14122,34.5762693,48.9556923,
14123,26.8616438,50.2902685,
14124,23.2959032,48.1739418,
14125,24.0458059,49.811804,
14126,30.7216892,46.4158978,
14127,26.627187,48.2655384,
14128,26.6234765,48.2643669,
14129,26.2770675,50.1422148,
14130,30.7424042,46.4794354,
14131,30.728906,46.4293988,
14132,23.2959563,48.1734593,
14133,22.2932942,48.6130611,
14134,27.7927051,48.4466525,
14135,27.7926435,48.4466221,
14136,27.792631,48.4465689,
14137,27.7927279,48.4465165,
14138,27.7928192,48.4466221,
14139,32.8332486,49.9342234,
14140,36.2332657,48.1384306,
14141,36.232868,48.1381269,
14142,36.2286741,48.1433408,
14143,36.229146,48.1436531,
14144,24.0551979,49.8384775,
14145,22.391816,48.8993629,
14146,30.6254024,46.4423314,
14147,31.3065573,51.5007858,
14148,24.0444834,49.8167103,
14149,24.0448092,49.8167543,
14150,24.0465163,49.810221,
14151,24.046245,49.8102162,
14152,31.1809611,48.3867953,
14153,24.0834122,49.8489754,
14154,30.3972079,49.815256,
14155,25.5867159,49.5375093,
14156,28.6867965,50.3236899,
14157,23.9781217,49.7881731,
14158,23.977993,49.7879978,
14159,23.9781765,49.7877934,
14160,23.9782666,49.787775,
14161,23.9786136,49.7878375,
14162,23.9786778,49.7880915,
14163,34.078308,49.5322746,
14164,25.7417889,50.4280096,
14165,25.741951,50.4276281,
14166,25.293683,50.1552636,
14167,25.0597179,48.5511463,
14168,28.27732,45.4572405,
14169,28.8331735,45.3360514,
14170,28.8346239,45.3438257,
14171,28.8353017,45.3437688,
14172,28.8503093,45.3336605,
14173,22.3350942,48.577268,
14174,22.333843,48.5784918,
14175,33.2636223,47.6259857,
14176,23.981709,49.8054183,
14177,23.98125,49.8051059,
14178,23.981779,49.8054696,
14179,23.9818084,49.8057943,
14180,24.021029,49.8250998,
14181,24.0615703,49.8160343,
14182,30.738575,46.4542277,
14183,35.0631425,48.4242725,
14184,28.5552319,45.338035,
14185,28.5552775,45.3385492,
14186,23.2235215,49.4191673,
14187,30.5129507,50.5222259,
14188,30.5130062,50.5227348,
14189,30.5980814,50.5323119,
14190,30.598886,50.5321127,
14191,32.8319774,47.8200448,
14192,24.0631366,49.8067881,
14193,22.9528421,49.7995855,
14194,22.9523704,49.7995392,
14195,36.8086628,49.8714029,
14196,28.4588472,49.2342115,
14197,28.4583283,49.2340616,
14198,28.4581299,49.2341744,
14199,28.4590011,49.2341098,
14200,30.5246071,50.4503578,
14201,35.0441315,48.4652465,
14202,30.1909062,49.6719416,
14203,34.450168,49.5703728,
14204,34.445336,49.5692937,
14205,31.1165474,50.912345,
14206,30.0787782,49.1925869,
14207,30.0781558,49.1933953,
14208,30.6291902,50.4090422,
14209,31.9705269,47.0413722,
14210,31.9678193,47.043096,
14211,23.8100193,49.571613,
14212,35.0406275,48.3960384,
14213,35.036984,48.3996498,
14214,35.0362685,48.4622332,
14215,35.0445616,48.4719617,
14216,35.0557606,48.4515866,
14217,35.0661259,48.429067,
14218,35.065922,48.4291075,
14219,30.6822067,50.4750624,
14220,30.682124,50.4751896,
14221,30.6803276,50.474697,
14222,30.6804161,50.4745653,
14223,30.7054367,46.4243192,
14224,34.9641263,48.4404631,
14225,34.9638983,48.4404971,
14226,29.4691607,51.1976011,
14227,35.3402662,47.5741916,
14228,31.0072233,52.0240444,
14229,30.9706182,52.0733375,
14230,31.0611278,51.8777781,
14231,35.3352137,47.6863126,
14232,30.1750094,50.3487844,
14233,34.512023,48.8234614,
14234,34.5112203,48.8242004,
14235,28.2699373,48.238497,
14236,30.3633593,50.4656314,
14237,24.2129037,48.625895,
14238,26.3410566,50.6139673,
14239,31.3042005,51.4887178,
14240,31.3037805,51.4886607,
14241,25.147203,50.091464,
14242,25.1388834,50.0938754,
14243,30.3795828,50.4569586,
14244,26.0977389,50.5600555,
14245,26.0755044,50.5505684,
14246,26.0718807,50.5486635,
14247,26.4473317,50.8759482,
14248,26.1009461,50.5616378,
14249,26.0977397,50.5601995,
14250,26.0718785,50.5488158,
14251,26.0755347,50.5504273,
14252,25.9639416,48.0166605,
14253,25.9637964,48.0166275,
14254,25.9640056,48.0166273,
14255,28.757436,45.4011009,
14256,30.2336074,50.1532743,
14257,30.2379267,50.1441845,
14258,30.2337332,50.1358848,
14259,26.3704388,48.4267082,
14260,26.3708707,48.4263912,
14261,30.2314452,50.1554492,
14262,30.2301716,50.1566123,
14263,35.2436325,49.2007661,
14264,35.2439805,49.2007553,
14265,35.2438536,49.2009101,
14266,35.4410644,49.3924784,
14267,35.4418162,49.3921713,
14268,26.9988818,49.4348509,
14269,35.3732078,50.5648131,
14270,28.6486766,49.1833063,
14271,35.2400798,47.8500902,
14272,35.2400972,47.8495946,
14273,35.240109,47.8494948,
14274,30.4050493,50.4584368,
14275,28.2625644,48.2342889,
14276,34.8148659,50.9018285,
14277,36.2014987,50.0595638,
14278,36.2010358,50.0599816,
14279,35.0927624,48.3680984,
14280,35.0011592,48.4082137,
14281,28.4084199,49.2167787,
14282,28.408827,49.2167106,
14283,28.4088756,49.2168442,
14284,31.3098631,51.5024182,
14285,31.2843757,51.5012973,
14286,31.284435,51.5011946,
14287,31.2843167,51.5013991,
14288,31.3038417,51.4891118,
14289,31.2820394,51.4940271,
14290,31.9996164,49.3902915,
14291,23.1950232,49.5158274,
14292,23.2016002,49.51641,
14293,23.2013973,49.5163359,
14294,23.1949776,49.5158446,
14295,23.194815,49.5157939,
14296,23.195,49.5156908,
14297,23.1986639,49.5164075,
14298,23.1983638,49.5164011,
14299,23.2015442,49.5162655,
14300,23.8864786,49.2971833,
14301,23.1480692,49.792166,
14302,23.5959792,49.1096626,
14303,24.0035726,49.6779333,
14304,24.00371,49.6778348,
14305,24.0018607,49.6575359,
14306,24.0016875,49.6576387,
14307,24.4609817,49.7596771,
14308,23.5313151,49.0526181,
14309,23.5322245,49.0527212,
14310,31.9786826,49.4483237,
14311,31.9795546,49.4497009,
14312,31.9794621,49.4499472,
14313,31.9552528,49.4067399,
14314,30.9133878,50.6816271,
14315,30.9138889,50.6822761,
14316,24.5664356,49.6371796,
14317,26.0134009,48.2361208,
14318,26.0141031,48.2356654,
14319,26.2772718,50.1422176,
14320,26.0156203,48.2365484,
14321,35.6691038,48.5706373,
14322,22.446864,48.2475939,
14323,22.4471544,48.2480526,
14324,22.4473182,48.2484098,
14325,31.3291103,51.5239946,
14326,31.3300748,51.524009,
14327,31.3292077,51.524478,
14328,25.6460203,49.36271,
14329,22.4407125,48.2425201,
14330,22.4448521,48.2451027,
14331,22.4450802,48.2451666,
14332,35.065169,47.8149064,
14333,35.0667176,47.8147482,
14334,35.0650125,47.8147907,
14335,28.2923972,48.2492591,
14336,32.0847702,49.4376811,
14337,32.0849107,49.4379759,
14338,32.084469,49.4377942,
14339,32.0848095,49.4376894,
14340,32.0849705,49.4379168,
14341,28.2704903,48.2382013,
14342,24.0146,49.7413476,
14343,24.0142449,49.7406088,
14344,24.0149244,49.7408778,
14345,30.7381882,50.4905983,
14346,31.2610658,51.5439429,
14347,33.9824204,50.9941044,
14348,25.2827294,48.5786395,
14349,23.9126012,49.820666,
14350,23.9126855,49.8204091,
14351,23.8960925,49.8170957,
14352,30.6371242,50.4276962,
14353,30.6377082,50.4279249,
14354,24.0460676,49.8118372,
14355,22.1703947,48.4188757,
14356,22.1703872,48.4190368,
14357,22.1707468,48.4164798,
14358,22.8292883,48.0923621,
14359,33.244553,52.3652882,
14360,33.2410415,52.3709347,
14361,33.2365803,52.3774705,
14362,22.7574145,48.4561013,
14363,34.7942289,50.9097419,
14364,30.2806137,50.3441919,
14365,30.8614266,50.6147726,
14366,30.8965029,50.6600202,
14367,30.8964151,50.6601308,
14368,30.89407,50.6571206,
14369,34.6623831,49.1634556,
14370,23.9814144,50.0685502,
14371,33.4793292,48.0432231,
14372,24.0465208,49.8025679,
14373,30.2330827,50.1539653,
14374,30.2295898,50.1569607,
14375,30.2322939,50.1544684,
14376,22.9526406,49.7995218,
14377,33.6292427,47.068497,
14378,33.6279426,47.0680471,
14379,33.6237681,47.0667724,
14380,23.4117711,49.7905137,
14381,23.9803299,49.8012486,
14382,29.092264,51.1996881,
14383,23.9815316,50.0687669,
14384,29.6733623,51.2899306,
14385,24.7216342,48.9280027,
14386,24.7215228,48.9280733,
14387,35.0739778,48.503925,
14388,36.3209619,49.9660999,
14389,34.2239963,47.6015877,
14390,30.4078063,50.4801751,
14391,29.9383893,50.1071293,
14392,23.1139628,49.9573156,
14393,23.1138281,49.957344,
14394,23.1136831,49.9573741,
14395,23.1135086,49.9574082,
14396,23.1129803,49.9575137,
14397,23.1126564,49.9575586,
14398,23.1139978,49.9573722,
14399,24.0468646,49.8002434,
14400,33.1843583,50.0768553,
14401,30.8395538,50.5028005,
14402,34.6051722,48.4982368,
14403,34.56416,48.5865747,
14404,28.2222675,45.4802881,
14405,29.9793882,46.3881832,
14406,35.0786358,47.8735973,
14407,35.177916,47.8157993,
14408,23.3847049,49.9273431,
14409,36.2320663,49.9931494,
14410,30.7715637,50.4993553,
14411,28.4734045,49.2685919,
14412,28.4730078,49.2687913,
14413,28.4730331,49.2686529,
14414,23.8986682,49.8396077,
14415,23.8993165,49.8386554,
14416,23.8990208,49.839093,
14417,23.976327,49.7780745,
14418,23.9759236,49.7782038,
14419,23.9734007,49.7789435,
14420,24.1644512,49.8737382,
14421,31.669999,50.5953721,
14422,28.2673545,50.1943715,
14423,25.7483328,50.0802571,
14424,27.4382257,49.2702315,
14425,24.0372243,49.8252417,
14426,32.5176911,46.6925518,
14427,32.5139344,46.6931506,
14428,32.5316296,46.6911826,
14429,30.7323004,46.3995356,
14430,30.7325544,46.3992273,
14431,28.6835939,50.3179554,
14432,24.6145195,49.9804601,
14433,24.6137362,49.9660941,
14434,24.6107276,49.9640728,
14435,24.053576,49.8655757,
14436,24.0528856,49.865304,
14437,30.3619637,50.5153417,
14438,31.4443772,50.064555,
14439,31.4441103,50.0645757,
14440,31.4444006,50.0647061,
14441,31.4451127,50.0643626,
14442,35.0770423,47.841059,
14443,35.0765111,47.8409221,
14444,36.8788955,49.4625827,
14445,30.5494416,50.3682098,
14446,34.800793,50.9064316,
14447,34.8008905,50.9064901,
14448,34.8014837,50.9068036,
14449,23.3143247,50.0829369,
14450,27.7503822,49.9295296,
14451,26.0593195,47.990091,
14452,32.9667073,51.5696473,
14453,32.9663279,51.5696844,
14454,32.9663936,51.5694929,
14455,32.965356,51.5694932,
14456,30.4886387,50.4608518,
14457,30.4886036,50.4609473,
14458,30.7094902,51.3980368,
14459,30.7119061,51.3980649,
14460,29.078468,51.6353053,
14461,33.2427924,52.3681217,
14462,24.0255001,49.8174581,
14463,24.0192098,49.8124762,
14464,23.9986736,49.8105481,
14465,24.0144114,49.8542444,
14466,24.0144426,49.8543953,
14467,30.7384688,46.4696086,
14468,30.7316602,46.477339,
14469,24.2201082,50.3658623,
14470,24.2197046,50.3660238,
14471,24.8633003,49.9642791,
14472,24.8458481,50.219683,
14473,30.7456873,46.4376905,
14474,30.6377114,50.3989982,
14475,24.0252323,49.8178369,
14476,24.7380307,48.9388424,
14477,30.7079855,46.4842653,
14478,35.5209004,49.5984147,
14479,35.5107431,49.2646155,
14480,35.4220202,49.0502559,
14481,35.4239081,49.0502347,
14482,35.3792309,48.8626172,
14483,30.6728993,46.4823596,
14484,30.86161,50.6142723,
14485,30.8942034,50.6570409,
14486,30.9141639,50.6818861,
14487,30.683036,46.4512127,
14488,30.6836457,46.451304,
14489,31.1784178,51.4451697,
14490,31.1771348,51.4437169,
14491,31.178035,51.4436435,
14492,31.180355,51.6912315,
14493,29.5337068,48.3988117,
14494,30.2308487,50.1286348,
14495,30.741266,46.4646172,
14496,30.7413445,46.4648064,
14497,30.7414359,46.4650237,
14498,30.1918243,49.6800722,
14499,30.1705916,49.5095862,
14500,30.1694954,49.5094019,
14501,30.1687711,49.5089906,
14502,30.1692896,49.508653,
14503,30.0859232,49.2471774,
14504,30.0857273,49.2467051,
14505,30.0911199,49.2745485,
14506,30.1047583,49.3233668,
14507,29.9822707,50.4270974,
14508,29.9825624,50.4268229,
14509,29.7548495,50.4162801,
14510,29.7547358,50.4159529,
14511,30.236413,48.6222999,
14512,30.2351649,48.6108139,
14513,30.2308771,48.5573598,
14514,29.5326135,50.3973475,
14515,29.5331103,50.3975787,
14516,29.5330528,50.397671,
14517,29.5320301,50.3976325,
14518,30.2537322,48.3416089,
14519,30.2538276,48.3411486,
14520,30.2536489,48.3410978,
14521,30.2588908,48.3187218,
14522,30.2590615,48.3180615,
14523,30.2584035,48.3214596,
14524,30.2596132,48.3170151,
14525,30.30305,48.1613914,
14526,30.3015543,48.1613694,
14527,30.3021809,48.1611245,
14528,30.3020529,48.1615965,
14529,30.3040443,48.1493037,
14530,30.3033392,48.149596,
14531,30.3028726,48.1493413,
14532,30.3033067,48.1490856,
14533,30.3135121,47.9067881,
14534,30.3138494,47.9078118,
14535,30.3037109,47.8701717,
14536,30.30421,47.8703235,
14537,30.3030273,47.8703279,
14538,30.3034881,47.8700163,
14539,30.3036771,47.8706956,
14540,30.3038134,47.8705567,
14541,30.2653841,47.7793984,
14542,30.3053032,47.3984701,
14543,30.3123489,47.2760959,
14544,30.3097685,47.2645406,
14545,30.3099433,47.2645319,
14546,30.3267381,47.126054,
14547,30.3156398,47.1875062,
14548,30.3127725,47.1984594,
14549,30.3119625,47.1983865,
14550,30.4313523,46.7710209,
14551,30.741102,46.5589044,
14552,30.7370191,46.5572696,
14553,30.7394489,46.5581046,
14554,30.660122,46.3885953,
14555,30.6593636,46.3885,
14556,30.6592,46.3885957,
14557,30.6594407,46.3878719,
14558,30.6597749,46.3882902,
14559,27.6941478,50.5804339,
14560,27.6954005,50.5802164,
14561,27.6452108,50.625562,
14562,27.6451226,50.6254176,
14563,27.6582051,50.6241072,
14564,27.6616328,50.6208289,
14565,27.6612666,50.6215198,
14566,27.6384433,50.6241652,
14567,27.6116974,50.6192813,
14568,27.6054104,50.6178969,
14569,27.6053477,50.617737,
14570,26.7146194,50.6100398,
14571,26.7133737,50.6101565,
14572,26.7248219,50.6089364,
14573,26.7300219,50.6084513,
14574,26.7301922,50.6085819,
14575,26.7069624,50.610763,
14576,26.7067683,50.6106561,
14577,26.1286293,50.576466,
14578,30.5747445,50.4898253,
14579,30.5745912,50.4897053,
14580,30.0871367,49.2474627,
14581,30.7994914,46.5807788,
14582,32.1528876,48.5014186,
14583,23.2790598,50.0969154,
14584,23.2760444,50.0953705,
14585,22.9558844,48.561404,
14586,22.955175,48.5616346,
14587,30.611051,50.4463248,
14588,31.3041512,50.3045082,
14589,31.303826,50.3043913,
14590,31.6791629,50.2052382,
14591,31.6790462,50.2051343,
14592,31.6862791,50.2036234,
14593,31.6865876,50.2036877,
14594,36.3075052,50.0019729,
14595,28.4249717,49.2344567,
14596,28.4285501,49.2344419,
14597,22.307474,48.5790432,
14598,22.3068691,48.579218,
14599,22.3066438,48.5789811,
14600,22.3069554,48.578809,
14601,22.3061829,48.5788075,
14602,22.3066962,48.5785638,
14603,32.4176985,50.2511189,
14604,32.4174855,50.2510063,
14605,32.4305789,50.2501801,
14606,24.0457853,49.8131791,
14607,24.0455279,49.8131751,
14608,27.5638424,50.5931572,
14609,27.5687364,50.5925278,
14610,27.5726347,50.5920277,
14611,27.5766777,50.591497,
14612,33.7108093,49.6713128,
14613,33.5842767,49.6686736,
14614,33.5719383,49.6704437,
14615,34.0279883,49.6171459,
14616,34.0137618,49.6248018,
14617,33.9850877,49.6434345,
14618,33.9642923,49.6562021,
14619,34.4506961,49.5704834,
14620,34.6619275,49.5701477,
14621,34.662724,49.5699509,
14622,34.6630476,49.5703881,
14623,35.7924538,49.9510172,
14624,35.7913969,49.9508064,
14625,35.7894192,49.950365,
14626,35.7947107,49.9514666,
14627,36.4245853,49.9369065,
14628,36.4240944,49.9369972,
14629,28.6604637,50.9882693,
14630,28.660305,50.9885272,
14631,28.6602348,50.9887013,
14632,28.6597893,50.9885179,
14633,28.6600006,50.9881189,
14634,28.6601214,50.9880685,
14635,28.6605292,50.9882454,
14636,36.4351449,49.9320961,
14637,36.4355189,49.9319292,
14638,36.4348566,49.9320412,
14639,36.4346786,49.9318167,
14640,27.2427264,51.2187711,
14641,27.2435027,51.2190237,
14642,27.2419886,51.2200149,
14643,27.2412585,51.2196772,
14644,36.2681096,49.9243365,
14645,36.2677195,49.9237798,
14646,36.2679847,49.9240027,
14647,36.2682481,49.9245088,
14648,36.6277833,49.8722926,
14649,37.2056175,49.3968129,
14650,37.2036284,49.3968915,
14651,30.5026924,48.6948602,
14652,30.4230452,48.7091837,
14653,30.1654048,48.7341974,
14654,30.1667362,48.7341014,
14655,28.8397905,48.9566022,
14656,28.8212346,48.9757789,
14657,28.0268736,49.3587071,
14658,28.0229392,49.3597099,
14659,27.9242232,49.384792,
14660,27.9229344,49.3844258,
14661,27.9251029,49.3839258,
14662,27.92422,49.3845145,
14663,27.1153323,49.402571,
14664,27.1152759,49.4024882,
14665,30.7231105,46.4971466,
14666,28.4426662,49.233912,
14667,28.2939888,45.4678688,
14668,28.2942049,45.4678059,
14669,28.295043,45.4679503,
14670,28.2963498,45.4673019,
14671,30.5749226,50.4902863,
14672,33.0757115,48.6734775,
14673,33.7485829,48.4182889,
14674,33.7478036,48.4180658,
14675,36.8130781,48.3642056,
14676,36.8106731,48.3643911,
14677,36.8130394,48.3640779,
14678,36.2276047,49.9905687,
14679,35.1113895,48.468034,
14680,30.4771951,50.3810276,
14681,30.3828558,50.4132088,
14682,26.6741111,51.3175407,
14683,26.6750257,51.3171957,
14684,26.6757304,51.3179186,
14685,26.6757339,51.3175901,
14686,26.6762907,51.3176162,
14687,26.6749416,51.3175537,
14688,24.1224717,51.2060121,
14689,36.3400924,49.9877499,
14690,30.2936176,46.6113269,
14691,30.2939884,46.6115998,
14692,24.0837215,49.8487434,
14693,30.80272,46.5954348,
14694,30.8085231,46.599586,
14695,26.01343,48.236875,
14696,30.9479763,46.7047922,
14697,30.9411538,46.7040709,
14698,30.940386,46.7039783,
14699,30.9404126,46.7038616,
14700,30.9411813,46.7039541,
14701,26.0310405,48.2789149,
14702,32.0205887,47.0461984,
14703,35.4418966,49.3925438,
14704,35.479225,49.1310825,
14705,28.4774776,49.3059212,
14706,28.4765983,49.3056488,
14707,35.2459826,47.9521126,
14708,35.2458559,47.953824,
14709,35.2391463,47.8489589,
14710,35.241004,47.8148409,
14711,28.6143521,49.9538176,
14712,28.614219,49.9534214,
14713,28.6458205,50.0995297,
14714,28.6460013,50.0949082,
14715,28.6403199,50.0397247,
14716,28.6396592,50.0369209,
14717,30.6492916,46.3079624,
14718,28.6647518,50.2120449,
14719,28.6567426,50.1931244,
14720,28.6564858,50.1922362,
14721,28.6562109,50.189948,
14722,28.6476464,50.1415273,
14723,30.1985854,51.2886574,
14724,29.40012,51.2445093,
14725,29.4008412,51.2441159,
14726,29.4013767,51.2420242,
14727,29.4019006,51.2424666,
14728,29.4013714,51.2447285,
14729,29.4008446,51.2447262,
14730,29.4008821,51.2458692,
14731,35.437894,47.9324077,
14732,35.4367941,47.9322856,
14733,35.4372105,47.9326278,
14734,35.4372968,47.9325347,
14735,35.4725985,47.9472522,
14736,35.4877517,47.948404,
14737,35.5681675,47.9564012,
14738,35.5809895,47.9575845,
14739,35.5795136,47.9574446,
14740,35.898788,47.9716714,
14741,35.8991363,47.9714754,
14742,35.8986374,47.9709872,
14743,35.8985376,47.9707536,
14744,35.8951358,47.9702106,
14745,34.9777324,47.9732749,
14746,34.9775239,47.9957088,
14747,34.9590578,48.0153294,
14748,28.397913,49.2020788,
14749,35.1427799,47.8516688,
14750,36.2928242,48.888608,
14751,36.306255,48.8910288,
14752,25.8552289,49.1488631,
14753,30.2480374,50.5169584,
14754,30.2478515,50.516831,
14755,30.2476837,50.5171034,
14756,30.2555366,50.4483329,
14757,30.2557185,50.4484735,
14758,29.2109108,50.9811236,
14759,30.9405785,46.7043107,
14760,30.1968283,49.7178471,
14761,30.1962017,49.7183336,
14762,30.1966226,49.7153094,
14763,30.1970853,49.7186887,
14764,30.1973119,49.7222325,
14765,30.1312649,49.7835747,
14766,30.1309876,49.7833511,
14767,36.1652778,49.9500036,
14768,34.8947284,50.3087173,
14769,29.3677762,50.3663072,
14770,29.3678308,50.3664491,
14771,28.5244232,49.40297,
14772,35.0445646,48.4656157,
14773,34.9998134,48.5159494,
14774,26.8234768,48.4684131,
14775,26.8240852,48.4684122,
14776,26.8236478,48.4686294,
14777,26.8235696,48.4689177,
14778,26.8236741,48.468599,
14779,26.8229148,48.4684238,
14780,26.8233385,48.4686405,
14781,26.8233081,48.468613,
14782,26.7908826,48.4421574,
14783,26.7919217,48.4423799,
14784,26.792728,48.4426031,
14785,26.791677,48.4426604,
14786,26.7921156,48.4431551,
14787,30.8173743,48.6416685,
14788,30.5730634,50.4790938,
14789,30.5255719,50.4384523,
14790,30.5254556,50.4386417,
14791,30.5253129,50.4388403,
14792,30.4044594,50.4584123,
14793,30.5498443,50.3652559,
14794,24.0202144,49.812324,
14795,30.6111581,50.4390937,
14796,33.5549983,48.1584597,
14797,30.7187873,46.4742068,
14798,34.4833076,50.5796439,
14799,36.4583337,49.9241351,
14800,36.4566551,49.9248441,
14801,25.7767386,49.6613501,
14802,25.776003,49.6607732,
14803,22.3287193,48.5921316,
14804,30.5256101,46.1452068,
14805,30.7148791,46.4186559,
14806,30.6829757,46.4517425,
14807,30.7299905,46.4621282,
14808,30.7322922,46.4618424,
14809,30.7323925,46.461956,
14810,29.9425686,49.5297469,
14811,30.691294,46.4605279,
14812,30.5917055,46.3975179,
14813,35.0278166,48.3317109,
14814,35.0269171,48.3249588,
14815,35.0275888,48.3263114,
14816,30.4940322,50.5806482,
14817,30.4943737,50.5806744,
14818,35.0070135,48.4715907,
14819,25.2603962,50.1581258,
14820,24.1072552,49.7681138,
14821,24.0835426,49.8488768,
14822,24.7013819,49.0313741,
14823,30.4979142,50.4948102,
14824,30.4887139,50.4609861,
14825,31.4062333,51.539137,
14826,31.4073072,51.539247,
14827,31.4129776,51.5398061,
14828,31.4061758,51.5392366,
14829,31.436427,51.5421233,
14830,31.4451125,51.543123,
14831,31.4450382,51.5432306,
14832,29.902969,50.0808521,
14833,29.8773855,50.0982231,
14834,23.9843732,49.8117343,
14835,23.9835511,49.8117677,
14836,23.9841857,49.8116661,
14837,23.9834201,49.8119102,
14838,23.6439961,51.5586,
14839,25.2453367,50.1306762,
14840,25.1750847,50.0948713,
14841,29.9171065,50.0783877,
14842,29.918759,50.0781284,
14843,28.9178999,50.2892493,
14844,25.3684053,49.224274,
14845,24.3474325,49.0334091,
14846,23.4122661,49.7892171,
14847,24.0448002,49.8173156,
14848,24.0450746,49.8174249,
14849,24.0452026,49.8164427,
14850,23.3806924,49.7985433,
14851,30.740992,46.5390815,
14852,28.3903677,49.2317076,
14853,36.4364378,49.942211,
14854,26.0142739,49.5504081,
14855,24.7016868,48.9220602,
14856,24.7014847,48.9220688,
14857,24.7013764,48.9219208,
14858,24.7015755,48.9219611,
14859,30.7069948,46.4758731,
14860,30.7066369,46.4765842,
14861,30.7063559,46.4756721,
14862,28.8342454,45.3418997,
14863,26.6300777,48.8972563,
14864,32.6055131,46.6548382,
14865,30.7445617,46.468019,
14866,30.7381918,46.4684041,
14867,30.74534,46.4377858,
14868,24.3214596,51.8211888,
14869,24.3233674,51.8199908,
14870,25.8451275,51.9279441,
14871,25.8450665,51.9277569,
14872,25.8449521,51.9263353,
14873,30.7413197,46.4725074,
14874,36.2220528,49.9788937,
14875,29.3908819,51.2948362,
14876,30.7096347,51.3975806,
14877,30.3270837,51.2995544,
14878,23.1350976,49.9559773,
14879,23.1350296,49.955862,
14880,30.3281928,51.2995888,
14881,30.7327403,46.3995499,
14882,32.0818839,49.6722516,
14883,23.9487053,49.7573654,
14884,32.7626893,48.1080646,
14885,30.9660724,52.0902883,
14886,30.9658681,52.0893978,
14887,22.7222357,48.4495523,
14888,22.7221756,48.4493923,
14889,22.7224416,48.4494712,
14890,22.7222569,48.4496297,
14891,22.7224453,48.4496744,
14892,33.6499873,48.8558505,
14893,33.6493551,48.8551877,
14894,32.6391711,52.285557,
14895,32.6396417,52.2853603,
14896,32.6472869,52.294965,
14897,28.8086989,51.3151216,
14898,28.8085073,51.3152839,
14899,28.8088332,51.3153147,
14900,29.0932639,51.1975197,
14901,28.692921,50.2686985,
14902,30.966516,52.0914857,
14903,30.9650431,52.0872782,
14904,28.4445758,49.2243713,
14905,28.4446067,49.2243952,
14906,28.4443116,49.2245143,
14907,33.9301475,47.5444169,
14908,30.984963,48.9414783,
14909,30.9850338,48.9416232,
14910,22.8375032,48.09399,
14911,25.7482527,50.0801056,
14912,29.6632118,49.7337863,
14913,32.2376915,48.5929019,
14914,23.803418,51.1819932,
14915,23.8048223,51.1818652,
14916,24.1363493,50.85913,
14917,33.8288846,51.1961588,
14918,30.6774157,48.5807593,
14919,30.6774768,48.5816574,
14920,23.281131,48.3666197,
14921,26.6981545,51.8248655,
14922,35.1084102,48.4673528,
14923,26.6898113,51.8179157,
14924,26.6908661,51.8203334,
14925,30.5206252,48.5353944,
14926,30.5200805,48.5354901,
14927,29.2230161,48.5117335,
14928,30.7711561,50.499197,
14929,28.3179809,45.45491,
14930,28.3180271,45.454415,
14931,28.3181321,45.4525886,
14932,28.318128,45.4521927,
14933,22.2665871,48.6473094,
14934,22.2668514,48.6459938,
14935,33.2091676,52.05843,
14936,26.1076618,50.1301023,
14937,36.183842,49.9832421,
14938,34.4909865,49.5904271,
14939,33.9641708,49.4469524,
14940,33.9644352,49.4469806,
14941,36.3516715,49.9635913,
14942,29.8812329,49.4993852,
14943,29.8817222,49.4993824,
14944,24.0250634,49.8180967,
14945,36.1889131,50.0485102,
14946,36.2065959,50.0643305,
14947,36.2068869,50.0642015,
14948,30.7030546,46.4425908,
14949,30.6947575,46.4905283,
14950,30.7412741,46.4649286,
14951,30.7416879,46.4679343,
14952,30.7424826,46.4681209,
14953,30.6265977,46.4342959,
14954,32.7895501,48.1182522,
14955,30.931389,48.4911747,
14956,31.8536122,47.681811,
14957,29.3423049,50.3619314,
14958,34.4841748,49.5376633,
14959,34.4832988,49.5340663,
14960,34.4861041,49.5352243,
14961,34.4892683,49.5368516,
14962,34.4842009,49.5384511,
14963,34.4515659,49.5674793,
14964,36.2144739,49.3860933,
14965,30.3197953,47.0153723,
14966,34.4136486,49.5756222,
14967,34.3333077,49.6058707,
14968,22.7194081,48.4545862,
14969,22.7193804,48.454628,
14970,22.7192045,48.4549724,
14971,22.7192092,48.4546479,
14972,22.7193005,48.4544816,
14973,25.3665676,50.1624757,
14974,25.3659281,50.1629377,
14975,25.3656552,50.1623705,
14976,22.2893557,48.6183918,
14977,33.3847272,46.8283983,
14978,33.399794,46.8450918,
14979,25.3064444,50.1575281,
14980,25.3066056,50.1576303,
14981,26.3055858,48.2099002,
14982,30.4828764,50.5292068,
14983,29.5251327,47.7576281,
14984,30.4839203,50.529975,
14985,30.4841891,50.5297531,
14986,36.3469927,49.9964933,
14987,30.5076732,50.4273278,
14988,30.5054964,50.4266737,
14989,30.5056682,50.4266949,
14990,25.875085,51.3677511,
14991,32.8499488,47.3090296,
14992,30.4037618,49.0932582,
14993,30.5206054,50.4066641,
14994,31.1111216,51.7882572,
14995,31.1103059,51.7889849,
14996,28.8368111,45.3523939,
14997,28.8358923,45.3524853,
14998,30.9508345,49.2736495,
14999,25.1016619,48.8073362,
15000,27.6792089,50.1022888,
15001,32.9444697,50.9342544,
15002,26.099487,51.8030321,
15003,25.1454172,49.2687376,
15004,28.8400659,45.3663701,
15005,25.6511219,49.5665668,
15006,25.6511863,49.5666448,
15007,25.6510472,49.5667919,
15008,25.6509761,49.5667985,
15009,25.6507772,49.5666638,
15010,25.6507933,49.5666135,
15011,25.6513697,49.5668912,
15012,31.6010425,49.4815629,
15013,31.602018,49.4817539,
15014,30.9683027,52.0935078,
15015,30.788933,46.5658848,
15016,30.8477036,50.4197876,
15017,32.2273671,48.9493832,
15018,32.0029076,46.9588079,
15019,30.219918,48.7606515,
15020,30.2199744,48.7605654,
15021,23.3135203,50.0820402,
15022,36.2927183,49.9385735,
15023,30.6302552,46.4324137,
15024,30.5383582,50.4277686,
15025,27.7698744,48.4623333,
15026,32.0568682,48.852853,
15027,32.2213434,48.9040741,
15028,28.838326,45.3670061,
15029,28.8134907,45.3602497,
15030,23.6857761,49.6271812,
15031,23.6859006,49.6279161,
15032,36.3933222,49.891157,
15033,36.3935358,49.891612,
15034,25.1807298,48.2664538,
15035,35.0849,48.5302501,
15036,35.0843837,48.5300888,
15037,25.9766529,49.0227415,
15038,25.4084238,49.0625139,
15039,25.4077,49.0626365,
15040,25.9767819,49.0227462,
15041,25.9768511,49.0228388,
15042,26.4383032,49.4895558,
15043,26.5481432,51.5430986,
15044,30.3966631,49.8166736,
15045,30.3957304,49.8165569,
15046,22.8387049,48.02432,
15047,26.3769944,48.8965018,
15048,26.8630917,48.8958008,
15049,30.2399308,50.1432758,
15050,27.6188953,50.6678993,
15051,26.2453842,48.8416129,
15052,37.6351325,50.195361,
15053,32.707382,46.73382,
15054,26.0032682,49.3259945,
15055,36.2650366,49.9897349,
15056,35.3560217,47.5579699,
15057,30.4691549,50.5279923,
15058,25.4744254,50.7839482,
15059,24.0271418,49.8583862,
15060,34.7293535,48.2729182,
15061,30.5434213,50.2590023,
15062,30.5429781,50.2589798,
15063,30.5432576,50.2586105,
15064,30.5434809,50.2586869,
15065,30.5441669,50.258978,
15066,27.4635714,48.4377075,
15067,27.4641276,48.4379728,
15068,27.5148551,48.4246781,
15069,27.4495893,48.412819,
15070,27.4496617,48.4126113,
15071,34.0780708,49.5323717,
15072,34.0779777,49.532409,
15073,32.1124278,47.6719836,
15074,36.2040016,50.0563558,
15075,30.3294295,48.7441282,
15076,30.2739176,48.7201782,
15077,24.7094067,48.9435128,
15078,30.36343,50.4652512,
15079,30.3619311,50.4655355,
15080,30.2628113,50.5398611,
15081,36.2468355,49.9793692,
15082,30.3266232,46.1733123,
15083,25.5400104,49.5619418,
15084,23.2053998,49.9561477,
15085,23.2053964,49.9559936,
15086,23.2136777,49.9552213,
15087,23.2137127,49.9553373,
15088,30.7371237,50.4901284,
15089,34.6500957,47.6368952,
15090,26.1404653,50.5826744,
15091,26.1413746,50.5832838,
15092,25.8810898,50.4757932,
15093,26.2576616,50.569799,
15094,26.2589271,50.5699971,
15095,26.2611929,50.5703352,
15096,30.667514,50.1590864,
15097,26.1404421,50.5828356,
15098,27.0930436,50.6110427,
15099,27.7911718,50.5563787,
15100,27.7899462,50.5569477,
15101,22.3842543,48.5490571,
15102,22.4524504,48.5402324,
15103,22.4443313,48.541679,
15104,22.4450023,48.5415576,
15105,22.4450128,48.5416024,
15106,27.1000932,50.6100398,
15107,27.1002491,50.6101245,
15108,27.0841029,50.6101063,
15109,27.0841161,50.6102234,
15110,30.6656938,50.1121712,
15111,26.9793301,50.6001428,
15112,26.9863697,50.600626,
15113,27.0095692,50.6017185,
15114,27.0096818,50.6018454,
15115,22.3066344,48.5788285,
15116,22.306932,48.5790059,
15117,31.1790114,48.3886057,
15118,35.7926763,48.5431402,
15119,35.8020235,48.5392727,
15120,35.4151946,48.6127987,
15121,35.4304481,48.6106627,
15122,35.4334929,48.6100881,
15123,35.4783818,48.6034631,
15124,35.4817311,48.6028428,
15125,35.5039277,48.5996274,
15126,35.5637226,48.590632,
15127,35.5691078,48.5896406,
15128,35.587306,48.5870395,
15129,35.6360766,48.5776082,
15130,35.6669838,48.5710981,
15131,35.6701538,48.5702563,
15132,35.6726231,48.5697225,
15133,35.7145399,48.5608136,
15134,35.7842518,48.5454294,
15135,31.2990903,51.4627147,
15136,24.0708522,49.8606214,
15137,26.9713272,49.4163902,
15138,26.9691299,49.4081294,
15139,26.9687853,49.4082533,
15140,25.3360016,49.8658923,
15141,22.2998306,48.6091374,
15142,25.1500227,50.0600576,
15143,24.0249959,49.8177246,
15144,26.1366369,50.5803419,
15145,26.1365619,50.5803906,
15146,25.7772219,49.0155637,
15147,25.777811,49.0154615,
15148,25.7777613,49.0158635,
15149,34.9850506,47.8900971,
15150,34.9829055,47.8899189,
15151,34.9834091,47.8894403,
15152,34.9850864,47.889955,
15153,26.9389892,49.4124881,
15154,26.9390072,49.412545,
15155,26.9389186,49.4127079,
15156,26.9388384,49.412755,
15157,23.9364967,49.8255626,
15158,24.0139114,49.8545213,
15159,24.0142802,49.8542116,
15160,24.014303,49.8538638,
15161,24.0145344,49.8536582,
15162,24.0143125,49.8536414,
15163,28.8675431,46.0387086,
15164,33.4447462,49.0670498,
15165,30.8307907,46.5628553,
15166,28.4695013,49.2294019,
15167,28.4701535,49.2293778,
15168,29.3887737,48.4016347,
15169,29.3875983,48.4014275,
15170,29.3872096,48.4012902,
15171,29.3874881,48.4014124,
15172,27.7886825,48.4429634,
15173,33.2604271,47.8894871,
15174,34.4421188,48.8039188,
15175,34.4413752,48.8035135,
15176,34.4392437,48.8023722,
15177,36.2243433,50.0214093,
15178,28.4038579,49.241305,
15179,28.841631,48.9532907,
15180,34.6849085,48.3615916,
15181,28.5152241,49.3794968,
15182,28.5142174,49.3574502,
15183,28.3685246,49.2505332,
15184,28.0245389,49.3593333,
15185,27.3539183,49.3909338,
15186,27.3450456,49.386123,
15187,27.335821,49.7543056,
15188,27.3382967,49.7544096,
15189,27.0576487,49.4842544,
15190,27.0519244,49.471493,
15191,27.0522591,49.4722734,
15192,28.0316463,49.1138709,
15193,27.4313536,48.9224893,
15194,27.409569,48.7297106,
15195,27.2546592,48.8340159,
15196,26.6150754,48.7418416,
15197,35.0713065,48.4402548,
15198,35.0720631,48.4418811,
15199,30.2518244,50.4480648,
15200,30.2528193,50.4481375,
15201,27.0085678,50.6017865,
15202,26.9865653,50.6005137,
15203,26.9874923,50.6005625,
15204,35.1613567,47.8583397,
15205,35.7630311,49.92018,
15206,26.2708747,49.0828834,
15207,26.2708536,49.0830415,
15208,26.2712125,49.0829537,
15209,30.676945,46.4412351,
15210,34.6848051,48.3616845,
15211,28.4567031,49.2322329,
15212,35.0292953,48.3648214,
15213,30.5196496,50.4405763,
15214,27.790958,50.5563347,
15215,27.7939842,50.5550678,
15216,27.4703296,50.6036619,
15217,27.4728458,50.6035621,
15218,22.6497982,49.4906713,
15219,30.7263391,46.4179874,
15220,24.3435249,50.1153382,
15221,30.2770988,50.5541725,
15222,30.2755375,50.5544963,
15223,35.9607301,49.8631177,
15224,31.3097988,51.5026491,
15225,30.7239667,46.4254355,
15226,30.723818,46.4257786,
15227,30.7239445,46.4254877,
15228,30.5136011,50.4399504,
15229,23.0038444,47.9910593,
15230,23.0029365,47.9918013,
15231,28.8398945,48.9565735,
15232,30.2653973,50.5496386,
15233,30.264417,50.548661,
15234,30.2825889,50.5531536,
15235,30.2892253,50.5536997,
15236,30.1847133,50.5434556,
15237,34.5863652,49.5803834,
15238,30.275769,50.5550139,
15239,22.7127474,48.4469529,
15240,22.7127454,48.4468419,
15241,28.0250672,49.3591247,
15242,34.0796112,49.5811036,
15243,34.8299943,49.6079905,
15244,23.8033167,51.1808929,
15245,23.8036467,51.1807184,
15246,30.7379835,50.4905406,
15247,35.4827436,49.3232722,
15248,32.5625602,46.639298,
15249,31.3089495,51.502032,
15250,26.9988215,49.4348703,
15251,27.0016796,49.4386388,
15252,36.3479001,50.0210628,
15253,34.492719,49.5905817,
15254,33.4343742,47.931811,
15255,24.1620663,49.9202436,
15256,33.5329805,47.9407234,
15257,33.5197938,47.9386426,
15258,33.5158554,47.9379883,
15259,33.5080034,47.9367275,
15260,33.5368463,47.9411091,
15261,33.5367863,47.9412805,
15262,33.5687767,47.9463695,
15263,33.5688173,47.9462053,
15264,33.5633803,47.9453093,
15265,33.5736448,47.9470131,
15266,33.5735946,47.9471457,
15267,30.161761,48.99685,
15268,30.1621219,48.996736,
15269,30.1623323,48.996671,
15270,30.1626483,48.9965766,
15271,23.2734022,48.1805505,
15272,23.2734601,48.1806751,
15273,23.2732424,48.1807027,
15274,23.2732103,48.1806751,
15275,23.2845688,48.177962,
15276,23.2733963,48.1809393,
15277,32.274936,50.8430444,
15278,36.7142358,48.3863704,
15279,32.1014317,50.7979849,
15280,32.1017269,50.798067,
15281,24.6331196,49.2575367,
15282,24.6325656,49.2578791,
15283,32.2064874,50.6944273,
15284,32.2065417,50.6941683,
15285,32.2048486,50.7013925,
15286,32.2056599,50.697877,
15287,32.2067808,50.694329,
15288,34.3573343,49.5963845,
15289,34.3333974,49.6059788,
15290,28.5143671,49.3462961,
15291,36.2797395,49.9201775,
15292,23.2857404,48.1772078,
15293,23.2851622,48.1774604,
15294,23.2850928,48.1773203,
15295,36.812437,49.7764382,
15296,30.4964644,50.4771622,
15297,30.1750712,49.884748,
15298,30.1790639,49.8934565,
15299,30.1858156,49.9083343,
15300,32.1017048,50.7979302,
15301,30.5130447,50.5221784,
15302,30.5138629,50.5224178,
15303,30.4470708,50.4544032,
15304,29.0776102,50.0855407,
15305,26.3074058,50.676276,
15306,33.0415049,50.0266921,
15307,30.5037127,50.5009707,
15308,24.0335886,49.8369318,
15309,24.022024,49.8431216,
15310,34.5296334,49.5998217,
15311,24.0284863,49.8531242,
15312,34.4933951,49.5386869,
15313,23.9979676,49.8315972,
15314,33.4699698,50.7528544,
15315,30.4493379,50.593362,
15316,30.4497362,50.5930311,
15317,30.4493266,50.5932794,
15318,33.4900484,50.7514225,
15319,30.5298751,50.3997522,
15320,33.8286031,51.1960359,
15321,33.8287554,51.1959255,
15322,33.82897,51.1959822,
15323,27.0682721,48.5925234,
15324,30.5199091,50.4410196,
15325,24.1590821,49.817947,
15326,29.0609633,51.2015882,
15327,29.0599729,51.2015149,
15328,36.3083914,49.9699313,
15329,36.3086624,49.9702078,
15330,36.3106175,49.9696461,
15331,36.3092769,49.9698028,
15332,36.3092313,49.9696566,
15333,36.3091057,49.9696939,
15334,36.3085443,49.9703609,
15335,36.2525412,49.9769178,
15336,36.2503196,49.9779531,
15337,30.8432633,48.0413999,
15338,30.8434731,48.0411633,
15339,30.8437069,48.0414361,
15340,30.8437336,48.0407925,
15341,30.8439016,48.0411548,
15342,22.6478524,48.2109972,
15343,22.647799,48.2111542,
15344,22.647484,48.2107257,
15345,22.6477565,48.2108726,
15346,22.6476579,48.2109703,
15347,22.6476812,48.210998,
15348,22.7095476,48.4575184,
15349,29.9905716,46.8135781,
15350,28.6901778,50.270761,
15351,28.6804957,50.2663636,
15352,28.6804529,50.2664153,
15353,23.9955705,49.8491045,
15354,22.2876247,48.6289773,
15355,23.9782498,49.7772056,
15356,24.0240079,49.8011551,
15357,24.0251079,49.8009858,
15358,24.0439823,49.8015491,
15359,24.0183023,49.8631047,
15360,24.0199583,49.8600421,
15361,24.0200607,49.8598536,
15362,24.058484,49.7936421,
15363,24.0333397,49.8707988,
15364,24.0249684,49.8694303,
15365,24.0204608,49.8253771,
15366,29.0469061,51.2078846,
15367,29.0601774,51.2018638,
15368,29.0449019,51.2087873,
15369,29.0459184,51.2087699,
15370,25.3679211,49.2243607,
15371,27.5759617,50.6026563,
15372,27.5750088,50.6022534,
15373,31.0916688,48.0075382,
15374,33.2764148,50.3589571,
15375,34.9399945,50.8332722,
15376,34.9408151,50.8333811,
15377,34.9405947,50.8335095,
15378,34.9405212,50.8335523,
15379,26.5488183,51.5430957,
15380,26.2580476,50.6113934,
15381,25.2895268,50.7123716,
15382,32.0856373,49.4377264,
15383,27.6654455,51.2049313,
15384,27.6651882,51.205423,
15385,27.6629271,51.206786,
15386,33.2734709,50.3594545,
15387,29.6678939,48.6811907,
15388,29.6686946,48.6804902,
15389,29.6682452,48.6807298,
15390,34.5247464,49.5601479,
15391,34.5251535,49.5606073,
15392,23.0030764,47.9927003,
15393,23.0038138,47.9912847,
15394,27.5221183,50.5984717,
15395,27.5234554,50.5982978,
15396,27.5368053,50.5967429,
15397,30.8296848,50.505195,
15398,25.9501029,48.2706861,
15399,25.9500537,48.2705813,
15400,28.2938813,45.4342353,
15401,28.2953794,45.4682323,
15402,28.2957295,45.468953,
15403,28.293865,45.4680077,
15404,28.2941317,45.4679807,
15405,28.2941691,45.468012,
15406,28.2948132,45.4690633,
15407,32.8364239,50.7465264,
15408,29.5228947,47.7569847,
15409,30.5923499,47.831379,
15410,31.0102623,50.8056016,
15411,31.0117406,50.80749,
15412,31.012451,50.8084044,
15413,31.013034,50.8091498,
15414,29.1098363,50.3223066,
15415,30.2024889,50.3871342,
15416,28.293821,45.4677225,
15417,28.2938398,45.4677389,
15418,34.9405061,50.8331667,
15419,34.9406375,50.8332741,
15420,30.5197209,50.440973,
15421,30.5198529,50.4408232,
15422,30.5168207,50.4394166,
15423,27.6771803,50.1042058,
15424,23.9111982,49.9183117,
15425,34.5054576,48.3428121,
15426,34.1102601,48.3438137,
15427,33.678818,48.4192387,
15428,27.9318319,50.147697,
15429,28.5082254,49.2493929,
15430,35.0407273,48.3960826,
15431,27.9404933,50.1334425,
15432,30.5225041,50.4408355,
15433,36.219361,50.001126,
15434,30.5201255,50.4407815,
15435,36.2184191,50.0046599,
15436,28.5853927,49.9032398,
15437,32.9937808,47.2470348,
15438,35.0843527,48.5269886,
15439,28.7032726,50.2526638,
15440,28.70327,50.2527305,
15441,34.7727616,50.9120932,
15442,30.2199507,48.7605177,
15443,35.040794,48.3963053,
15444,25.2969896,50.7326901,
15445,30.4838723,50.528702,
15446,32.2291065,48.9498083,
15447,28.8397126,48.9569196,
15448,28.8402533,48.956891,
15449,27.8024563,50.8714707,
15450,27.8019561,50.8715275,
15451,23.8502231,49.2545372,
15452,23.8495114,49.2541152,
15453,28.6559477,49.6894995,
15454,34.530223,49.6000239,
15455,26.2349226,50.523873,
15456,26.2349084,50.5236972,
15457,26.2352209,50.5238946,
15458,26.2353083,50.5237544,
15459,26.5916014,48.6900021,
15460,26.5922809,48.6901283,
15461,27.804759,48.773148,
15462,30.547316,50.4201142,
15463,30.5474659,50.4201822,
15464,28.8300999,45.3538532,
15465,31.7836164,50.2087128,
15466,31.7837987,50.2089011,
15467,31.765297,50.2027565,
15468,31.3300127,50.3638072,
15469,31.3300244,50.3639777,
15470,31.3296775,50.3639832,
15471,31.3299195,50.3640279,
15472,31.329876,50.3635044,
15473,31.3304262,50.3637983,
15474,31.3273462,50.367298,
15475,36.2281535,50.0084725,
15476,30.3288199,50.4339012,
15477,36.7440743,48.2539769,
15478,27.001053,49.4378048,
15479,27.0009655,49.437591,
15480,30.9998395,49.0707718,
15481,34.7943409,50.9095613,
15482,32.1597798,48.0615066,
15483,32.6058689,46.6551724,
15484,32.6052484,46.6549523,
15485,32.6058566,46.65512,
15486,32.6046006,46.6477495,
15487,36.1836447,49.9831783,
15488,36.183717,49.9830833,
15489,36.1839172,49.9831473,
15490,32.2652912,48.5220363,
15491,33.4050879,47.9372964,
15492,33.404951,47.9371822,
15493,30.8155006,49.2368962,
15494,26.5922762,48.6899594,
15495,26.5917965,48.6900963,
15496,26.591838,48.6899425,
15497,26.5921412,48.6902092,
15498,26.5920017,48.6904835,
15499,26.5919028,48.6901912,
15500,23.8469155,49.2563845,
15501,23.8472387,49.256405,
15502,28.6844084,50.2108382,
15503,35.8093627,47.5487151,
15504,35.8093543,47.5488278,
15505,35.809729,47.5479587,
15506,31.8829387,49.2374172,
15507,36.2411389,49.9818116,
15508,24.1613334,49.9205959,
15509,24.1612414,49.9207937,
15510,24.1612032,49.920255,
15511,28.5832927,45.7286064,
15512,30.4827509,50.3898766,
15513,34.594189,49.5825201,
15514,35.0465429,48.5246056,
15515,35.0465498,48.5241391,
15516,35.0469544,48.5245594,
15517,23.8993976,49.7261922,
15518,23.8994828,49.7260026,
15519,23.8995365,49.7260611,
15520,23.8992303,49.7260274,
15521,23.8993295,49.7258176,
15522,32.3087883,49.6775913,
15523,32.3091474,49.6779293,
15524,24.5661015,49.636827,
15525,24.5666134,49.6366008,
15526,25.2122147,50.1229301,
15527,25.2546454,50.157426,
15528,25.2545406,50.1572809,
15529,23.9762962,49.7781065,
15530,23.9759801,49.778211,
15531,33.0558953,50.0036775,
15532,33.0328149,50.0347539,
15533,33.0370662,50.0314531,
15534,33.0262314,50.0387018,
15535,33.001936,50.0475697,
15536,33.0264516,50.0387486,
15537,33.0373037,50.0314709,
15538,33.0330098,50.0348103,
15539,34.571663,48.7092988,
15540,33.5357036,48.9127782,
15541,33.5352744,48.9125825,
15542,28.4365984,45.3028249,
15543,28.4370635,45.3025399,
15544,25.2080275,50.1187323,
15545,24.005017,49.6814447,
15546,24.0050333,49.6810089,
15547,23.949411,49.5275058,
15548,23.9728294,49.4970806,
15549,23.9714795,49.4999243,
15550,23.9724596,49.4986531,
15551,23.9734474,49.4984739,
15552,34.5504336,49.5776806,
15553,32.9989185,50.0046343,
15554,32.9991823,50.0045902,
15555,30.6461441,50.4131343,
15556,23.8860339,49.2964222,
15557,29.2127868,47.7113242,
15558,23.1404018,49.9537751,
15559,23.1405745,49.9538319,
15560,23.1418221,49.9531818,
15561,24.1612624,49.9202705,
15562,24.1614076,49.9205246,
15563,26.8559999,50.2931641,
15564,24.4659816,49.9740068,
15565,24.4956018,49.9690202,
15566,24.4660987,49.9741168,
15567,24.5838005,49.9636562,
15568,24.6370558,49.9828145,
15569,24.7150622,49.9829894,
15570,29.6821066,49.3702824,
15571,29.6826834,49.3698493,
15572,34.6018997,48.7055166,
15573,34.603035,48.7048225,
15574,34.602112,48.7056171,
15575,34.7001182,49.5786177,
15576,34.6853822,49.5752863,
15577,34.6961571,49.5776241,
15578,34.6853017,49.5754188,
15579,34.6790989,49.5740404,
15580,34.6764362,49.5734547,
15581,34.6739024,49.5728971,
15582,34.4473218,49.5686035,
15583,34.455365,49.5665605,
15584,34.4460036,49.5691102,
15585,34.4784798,49.5451744,
15586,34.4844096,49.5364453,
15587,30.5221869,50.4407657,
15588,25.7427825,48.6170148,
15589,23.9126261,49.820702,
15590,23.9128968,49.8203349,
15591,23.9132768,49.8204288,
15592,34.5298613,49.5659655,
15593,23.9817482,49.8058505,
15594,23.981218,49.8059375,
15595,30.1620054,48.9964021,
15596,30.0784938,49.1915838,
15597,24.0214947,49.8565064,
15598,24.0219704,49.8566417,
15599,24.0212213,49.8568324,
15600,24.0220039,49.8567047,
15601,24.0217741,49.8569935,
15602,31.8833,51.03354,
15603,30.3246292,50.4421864,
15604,30.3246849,50.4424066,
15605,30.3245696,50.4422298,
15606,27.2210219,49.7613668,
15607,22.2988412,48.6093461,
15608,22.298855,48.6092594,
15609,22.2986358,48.6091002,
15610,22.3082288,48.6186763,
15611,33.2256359,47.7185485,
15612,24.0527162,49.8647837,
15613,24.0532478,49.8646671,
15614,24.0536105,49.8651394,
15615,24.0536386,49.8650887,
15616,27.2548147,48.8339462,
15617,33.1199498,49.883123,
15618,33.1181681,49.8799816,
15619,33.1213342,49.8822,
15620,33.1172097,49.8570973,
15621,33.1114501,49.8650247,
15622,33.1692735,49.8416941,
15623,33.1689124,49.8412548,
15624,33.1112245,49.8650028,
15625,25.3180434,50.7410801,
15626,31.2124411,48.2720741,
15627,29.2307855,50.3432733,
15628,30.9160212,50.3676875,
15629,30.9356405,50.3600717,
15630,30.7338151,46.3992401,
15631,25.4621973,50.7503037,
15632,22.7044936,48.4561288,
15633,28.3987526,49.2024292,
15634,28.3989351,49.202522,
15635,28.3986398,49.202492,
15636,28.3980812,49.2021765,
15637,28.3999451,49.2031252,
15638,28.3987275,49.20262,
15639,28.3979565,49.2028204,
15640,27.0171846,49.4345005,
15641,27.0168779,49.4346302,
15642,28.2490022,45.5628238,
15643,35.16262,47.8171448,
15644,35.1625531,47.8173192,
15645,22.4253127,48.2919362,
15646,22.4252726,48.291753,
15647,26.2467514,50.4706573,
15648,26.0283322,48.289547,
15649,26.0284661,48.289647,
15650,23.5018221,49.0290104,
15651,30.8276578,49.2519294,
15652,30.8275518,49.2520433,
15653,35.1605199,47.8176879,
15654,35.1608319,47.8175938,
15655,35.162476,47.8171802,
15656,32.0406804,46.9611761,
15657,35.1618491,47.8174962,
15658,35.1608961,47.8177509,
15659,35.1605926,47.8178375,
15660,24.1610223,49.9206439,
15661,25.7089503,47.9112596,
15662,26.88716,49.4019939,
15663,30.7298697,46.4076354,
15664,24.1058696,49.7685564,
15665,24.1073569,49.7677979,
15666,25.2877633,47.88954,
15667,25.5641525,50.7787327,
15668,25.5641626,50.7786105,
15669,24.1079738,49.7678037,
15670,24.1075435,49.7680311,
15671,24.1073717,49.7679188,
15672,26.2561891,50.6244182,
15673,26.2561399,50.6239019,
15674,31.3284716,51.5241937,
15675,34.0889955,49.241275,
15676,34.082975,49.2435407,
15677,34.0819573,49.2386798,
15678,34.0982064,49.2446251,
15679,34.0879968,49.2369941,
15680,34.0897549,49.2413106,
15681,34.0818752,49.2383833,
15682,34.0873475,49.2374545,
15683,34.0840258,49.2417877,
15684,34.0792454,49.2376971,
15685,34.0847477,49.2412229,
15686,34.0277558,49.3156147,
15687,29.660938,47.0064125,
15688,35.1756096,47.8801728,
15689,32.9710601,50.0595888,
15690,33.1170094,49.8570283,
15691,33.169658,49.8417314,
15692,33.169388,49.8420038,
15693,30.7402576,46.4595851,
15694,27.6447479,51.2194072,
15695,34.9771884,47.8995598,
15696,34.9744857,47.9103105,
15697,31.8836033,51.0336975,
15698,25.2123209,50.1227604,
15699,27.6497489,51.2227723,
15700,27.6493351,51.2228309,
15701,27.7510129,48.4510965,
15702,32.2620923,48.5082487,
15703,32.2622306,48.5079809,Kropyvnytskyi
15704,35.3583821,47.9115407,
15705,35.3573822,47.910956,
15706,26.6883778,48.2701228,
15707,27.6649464,51.2057117,
15708,27.6647222,51.2056108,
15709,27.6649537,51.2053468,
15710,30.3324383,50.4248044,
15711,30.3322881,50.4249237,
15712,33.7392398,49.6703264,
15713,34.0862069,49.2389503,
15714,34.0846508,49.2394096,
15715,34.0864068,49.2390306,
15716,34.0869092,49.2402373,
15717,34.8007506,50.9067987,
15718,33.7454363,49.6668603,
15719,33.791988,49.6784895,
15720,33.771793,49.6793113,
15721,33.7920524,49.6785456,
15722,33.7749955,49.6811492,
15723,33.7721593,49.6791997,
15724,26.6564755,50.6151425,
15725,28.4946693,45.6972376,
15726,35.0436057,48.4695646,
15727,24.0713722,49.8604106,
15728,24.0719108,49.8605174,
15729,24.0720091,49.8597472,
15730,24.0715842,49.8606975,
15731,31.1761254,47.8744901,
15732,26.8623783,48.8957797,
15733,26.8623165,48.8959481,
15734,28.5326255,49.2292528,
15735,34.1760922,49.135278,
15736,34.2398115,49.085862,
15737,34.292826,49.0705529,
15738,34.2867535,49.0755963,
15739,34.2817291,49.0770321,
15740,34.2758883,49.0770934,
15741,34.2635119,49.0736457,
15742,34.2534164,49.0747212,
15743,34.2435019,49.0824723,
15744,34.154462,49.1682586,
15745,34.1424667,49.1836578,
15746,34.0864017,49.2403257,
15747,34.0737988,49.2356361,
15748,34.0923954,49.2309628,
15749,34.3051455,49.0574347,
15750,34.3364979,49.0394271,
15751,34.2239987,49.107188,
15752,34.2279872,49.099891,
15753,34.2351451,49.0904808,
15754,34.5717316,48.7094421,
15755,34.570309,48.7096652,
15756,34.5704105,48.7098051,
15757,27.6630291,51.2068266,
15758,27.0473295,48.3761518,
15759,30.5544636,50.2527447,
15760,30.5544986,50.2528119,
15761,25.2287991,50.1501068,
15762,25.2387645,50.1538707,
15763,25.233922,50.1521312,
15764,25.2340168,50.1520639,
15765,36.1969436,50.0632089,
15766,36.1971339,50.063319,
15767,26.749362,50.6067418,
15768,26.7480577,50.6068649,
15769,26.7394059,50.6075661,
15770,26.7395546,50.6076709,
15771,26.9525077,50.5987299,
15772,36.2801262,49.9934495,
15773,27.9082884,49.04907,
15774,27.9083975,49.0491094,
15775,30.9393894,46.7044756,
15776,30.9408184,46.7034337,
15777,30.9400593,46.702955,
15778,26.2044051,50.6216314,
15779,26.2130809,50.9292459,
15780,26.2138145,50.9295463,
15781,23.9105688,49.9184499,
15782,23.910628,49.9184532,
15783,23.9107657,49.9186744,
15784,30.8843775,46.6791214,
15785,30.8844158,46.6790642,
15786,26.0603836,47.9891725,
15787,30.4691402,50.5284497,
15788,28.5090046,45.7420316,
15789,25.2631076,50.9057518,
15790,25.2631718,50.9055911,
15791,25.2631731,50.905535,
15792,25.2633516,50.9055418,
15793,25.2632461,50.9056251,
15794,25.2644123,50.9185021,
15795,25.2646316,50.9184688,
15796,25.2647825,50.9187004,
15797,25.2646007,50.9183513,
15798,25.2643741,50.918367,
15799,25.2641738,50.9181462,
15800,25.2645568,50.9183338,
15801,25.2644559,50.9185151,
15802,24.1077731,49.7676518,
15803,24.1056038,49.7693232,
15804,24.1053643,49.7695119,
15805,26.6519411,50.6294563,
15806,26.6527173,50.629968,
15807,30.3326308,50.4250176,
15808,30.9999926,46.7031703,
15809,30.9990379,46.7030627,
15810,36.193728,49.9858614,
15811,28.8503963,45.3834142,
15812,28.8505381,45.3833728,
15813,28.8507039,45.3839348,
15814,28.8508457,45.3838935,
15815,28.851496,45.3853136,
15816,28.8516485,45.3852676,
15817,28.8519591,45.3861455,
15818,28.852113,45.3861033,
15819,28.8525939,45.3870317,
15820,28.8524381,45.3870738,
15821,28.8532045,45.3882027,
15822,28.8530659,45.3882405,
15823,28.8533363,45.388473,
15824,28.853207,45.3885045,
15825,28.8534808,45.3889313,
15826,33.417876,47.9425246,
15827,33.4178408,47.9421598,
15828,23.2964106,48.1768954,
15829,23.29628,48.1767897,
15830,23.2962501,48.1769573,
15831,23.2963531,48.1767851,
15832,22.6894602,48.4362232,
15833,22.6892716,48.4362849,
15834,22.6891968,48.4361966,
15835,30.16064,49.8521319,
15836,30.159923,49.851867,
15837,30.1603358,49.851423,
15838,36.3090067,49.9691174,
15839,33.1391801,47.6873066,
15840,36.2746663,50.0431749,
15841,34.1085223,49.5810074,
15842,34.1079772,49.5792569,
15843,34.1086075,49.5820041,
15844,34.1085038,49.5827057,
15845,34.1084866,49.5817804,
15846,34.108072,49.5812589,
15847,34.1091027,49.5813117,
15848,34.1086665,49.5809835,
15849,34.1060544,49.5812023,
15850,34.1080229,49.5791799,
15851,34.1014318,49.5858268,
15852,31.0269124,50.3210227,
15853,23.8560687,49.6494617,
15854,35.0521213,48.4683261,
15855,36.3515172,49.9599266,
15856,23.0018697,47.9995521,
15857,23.0018498,47.9994446,
15858,25.706784,48.3360256,
15859,36.7680612,49.7939618,
15860,27.9448823,49.4940214,
15861,33.2146255,51.2275429,
15862,26.3081186,50.676478,
15863,34.0086472,49.4877327,
15864,34.0011379,49.4823161,
15865,31.1633179,47.2998447,
15866,28.8220702,48.9754569,
15867,28.8220695,48.9758579,
15868,35.0378242,48.4095252,
15869,35.0437311,48.4127617,
15870,35.0440184,48.4130546,
15871,30.4685474,50.5281159,
15872,30.2399597,48.3858878,
15873,36.2436719,49.9862039,
15874,31.2678443,51.4859312,
15875,34.8061669,50.9115435,
15876,24.0223508,49.8571252,
15877,30.6947767,46.4658108,
15878,36.5183616,48.1919187,
15879,36.311354,49.9823683,
15880,22.1710571,48.4180426,
15881,22.1698513,48.4170338,
15882,28.8211983,48.9756667,
15883,26.2190814,49.2358589,
15884,26.2098613,49.2381232,
15885,33.1168255,48.6713093,
15886,30.7178554,46.3983588,
15887,30.7178813,46.3982449,
15888,35.1445001,47.8317771,
15889,23.0087748,47.9813027,
15890,36.2104104,50.0679787,
15891,34.4448635,47.6221956,
15892,34.4036538,47.5714688,
15893,34.4038225,47.5719362,
15894,24.1598109,49.8167453,
15895,24.160688,49.8172885,
15896,24.1610954,49.8174915,
15897,24.1607723,49.8178966,
15898,24.1603811,49.8176744,
15899,31.026117,50.3206492,
15900,30.1001078,46.8340731,
15901,30.1002122,46.8342746,
15902,30.1007874,46.834127,
15903,30.0998653,46.8342078,
15904,30.1000819,46.8343286,
15905,23.0025553,47.9921718,
15906,23.003396,47.9924683,
15907,24.1610365,49.8174992,
15908,24.1595004,49.8177497,
15909,24.1591728,49.8177247,
15910,31.3122923,51.5189828,
15911,31.3114631,51.5189554,
15912,26.8182028,50.1201631,
15913,26.8182708,50.1202158,
15914,26.8179493,50.1201821,
15915,26.8180017,50.1203833,
15916,25.7625067,50.407649,
15917,25.762246,50.4078868,
15918,25.7620278,50.4072958,
15919,25.7623254,50.4073914,
15920,25.76221,50.4074936,
15921,25.7626163,50.4075923,
15922,25.7622539,50.4076034,
15923,22.5741904,48.165279,
15924,22.2658091,48.6534987,
15925,26.6907559,51.8201717,
15926,26.7040544,51.8265527,
15927,34.5026837,49.5717412,
15928,36.2023316,50.0603081,
15929,31.2517329,51.5144413,
15930,34.2979773,51.2424792,
15931,34.2984284,51.2443072,
15932,35.0212814,48.4674279,
15933,30.7909437,50.5110631,
15934,31.311041,51.5188773,
15935,31.3114157,51.5186898,
15936,23.1124406,49.9547514,
15937,23.1122788,49.954448,
15938,23.1134862,49.9546441,
15939,23.1128864,49.9547221,
15940,23.1157694,49.9548625,
15941,23.1210449,49.9562321,
15942,23.1174886,49.9549973,
15943,23.1159575,49.9538253,
15944,23.1147861,49.9545052,
15945,23.1153744,49.954428,
15946,22.5490051,48.1586314,
15947,23.8078484,49.5731197,
15948,23.8081882,49.5728899,
15949,23.8086585,49.5731611,
15950,23.8095986,49.5715859,
15951,23.8097087,49.5718219,
15952,23.8082928,49.5731111,
15953,23.8091875,49.5716447,
15954,27.0041809,50.469183,
15955,35.5833714,50.4303465,
15956,26.0117968,48.0432129,
15957,34.5020731,49.5713085,
15958,29.6630538,49.7339614,
15959,31.2445216,51.5741081,
15960,31.244725,51.5741166,
15961,26.5748273,50.3457643,
15962,31.3656798,51.5242752,
15963,31.3653052,51.5243753,
15964,32.2530662,47.1656333,
15965,32.2528745,47.1652987,
15966,25.3519394,50.7600444,
15967,25.2889233,50.711362,
15968,34.6821679,48.6544407,
15969,34.6823317,48.6542216,
15970,34.6825137,48.6547031,
15971,34.682308,48.6538339,
15972,34.6830455,48.6539991,
15973,34.6833808,48.6540207,
15974,34.6836027,48.6542978,
15975,34.6833991,48.6545025,
15976,34.6834262,48.6548749,
15977,34.6829103,48.6546905,
15978,27.2135048,49.9815186,
15979,25.3548806,50.7768378,
15980,28.5090516,49.1934592,
15981,28.5086417,49.193502,
15982,28.5090759,49.1936574,
15983,30.5480245,47.9147259,
15984,22.7042733,48.4554685,
15985,22.7043351,48.4556422,
15986,22.704307,48.4556753,
15987,22.7039281,48.4556688,
15988,34.6274574,48.696916,
15989,25.3271112,50.7467186,
15990,29.9863508,47.6699339,
15991,28.2269283,45.4817121,
15992,35.258929,48.636799,
15993,32.8343254,47.2709224,
15994,26.1994245,50.6444145,
15995,30.6013529,50.505563,
15996,30.6139621,50.5122891,
15997,36.2412563,49.9817568,
15998,36.2412983,49.9817383,
15999,36.2415934,49.9817311,
16000,36.2019161,50.058967,
16001,32.022434,49.7005516,
16002,32.020128,49.7007148,
16003,32.0206238,49.7007024,
16004,32.0208287,49.7006973,
16005,35.4860153,49.7880487,
16006,35.440235,49.7871426,
16007,30.9232632,47.9353182,
16008,35.3293308,49.771108,
16009,32.0221214,49.7013581,
16010,32.0221019,49.7013074,
16011,30.2147747,48.7388679,
16012,22.3505043,48.6556214,
16013,30.5582453,46.2032732,
16014,31.264226,51.5416466,
16015,31.2646991,51.5414296,
16016,31.3288521,51.5239722,
16017,26.8560048,50.2930504,
16018,34.3857829,47.5684181,
16019,22.4452688,48.2454487,
16020,22.4453917,48.2453595,
16021,22.4452785,48.2453311,
16022,22.4449564,48.2452637,
16023,27.9610164,50.0846375,
16024,27.961103,50.084956,
16025,27.924206,50.0871228,
16026,31.0266235,50.3211702,
16027,33.4339756,49.1016197,
16028,33.4341078,49.1019405,
16029,33.4343739,49.1018422,
16030,22.9419108,49.8000081,
16031,23.8129908,51.1896354,
16032,25.5779497,50.7791347,
16033,25.5685933,50.7788503,
16034,25.5685974,50.7787406,
16035,25.5779644,50.7790184,
16036,25.3175145,50.7409348,
16037,30.2627121,50.5400039,
16038,35.8156292,47.5536507,
16039,35.8141348,47.554417,
16040,35.955521,47.5203462,
16041,35.8171716,47.513121,
16042,36.0003374,48.7192123,
16043,27.1311558,50.1662815,
16044,27.1316066,50.1661341,
16045,22.3326209,48.312545,
16046,27.0365624,50.1581597,
16047,27.0369476,50.1592074,
16048,36.2026751,48.3904528,
16049,27.0378179,50.1590074,
16050,23.9133378,49.8200311,
16051,22.8170536,49.6942046,
16052,26.8609758,50.0042142,
16053,32.0213793,49.7003472,
16054,32.0216453,49.7010692,
16055,32.0211746,49.7005699,
16056,32.0222454,49.7009729,
16057,33.6474451,49.6691018,
16058,33.6474929,49.6689749,
16059,24.1750089,51.2089879,
16060,24.1750162,51.2088706,
16061,24.1684125,51.2086348,
16062,24.1684203,51.208516,
16063,35.0699326,48.3785293,
16064,35.068803,48.3781736,
16065,33.2030891,49.8262608,
16066,28.6796644,49.7367066,
16067,26.2234426,51.4517964,
16068,26.2230334,51.4523809,
16069,33.4285772,49.0697613,
16070,32.0214482,49.6999574,
16071,31.8750488,49.6817288,
16072,27.2209522,49.7612145,
16073,32.8497687,47.3089227,
16074,32.8503665,47.308288,
16075,30.3163849,50.1759667,
16076,34.5181699,48.7194285,
16077,28.8304702,45.3537561,
16078,28.8310398,45.3539187,
16079,28.8309819,45.3540087,
16080,28.8304213,45.3537151,
16081,28.8308864,45.3532695,
16082,28.8308655,45.3529953,
16083,28.8316204,45.3533014,
16084,28.8313792,45.3534407,
16085,28.8308529,45.3541492,
16086,28.8308308,45.3538959,
16087,28.8310528,45.3534348,
16088,28.8309342,45.353941,
16089,28.8309283,45.3536425,
16090,28.831077,45.3534427,
16091,28.8309152,45.3536376,
16092,28.8317179,45.3532825,
16093,26.5582693,48.9494389,
16094,26.5609112,48.9493156,
16095,28.8308452,45.3535039,
16096,28.8311334,45.3535999,
16097,28.8208026,45.3474375,
16098,28.8500784,45.3328571,
16099,27.5620097,50.596611,
16100,27.5701978,50.6000665,
16101,27.5620717,50.5967799,
16102,27.6814538,50.5827104,
16103,27.7099152,50.5776394,
16104,27.7098757,50.5777754,
16105,34.9244703,50.3445595,
16106,34.9241993,50.3443485,
16107,34.9244132,50.3446982,
16108,34.9238257,50.3447199,
16109,27.0753429,49.5465843,
16110,34.3192602,51.8734702,
16111,23.9125104,49.8212462,
16112,32.0023743,46.9588445,
16113,34.8699337,49.6182606,
16114,34.8357792,49.6096036,
16115,34.8230624,49.6064034,
16116,30.5800301,50.2385991,
16117,31.435207,51.7684117,
16118,31.435848,51.7684362,
16119,31.4351798,51.7685431,
16120,31.4350966,51.7685676,
16121,31.434732,51.7686925,
16122,31.4349074,51.7684692,
16123,30.4255436,50.5041315,
16124,30.0628613,46.3123778,
16125,25.9396427,48.2675825,
16126,35.0538096,47.8220105,
16127,35.0531097,47.8220968,
16128,35.0533095,47.821729,
16129,35.0640055,47.8126917,
16130,31.5736677,49.8216633,
16131,36.309622,49.9699742,
16132,36.3092461,49.9701059,
16133,36.3211588,49.9664849,
16134,36.2909306,49.9764489,
16135,36.291087,49.9762431,
16136,30.9072212,47.1981157,
16137,34.776973,49.5952046,
16138,34.6739552,49.5727836,
16139,34.8232623,49.6063514,
16140,34.8357817,49.6095062,
16141,34.8389192,49.6104011,
16142,30.3098458,46.600121,
16143,30.3101792,46.6003131,
16144,27.3780818,49.7558163,
16145,27.3606694,49.755211,
16146,31.8036405,51.0461436,
16147,28.3185908,45.4523698,
16148,28.3206908,45.4523092,
16149,22.2894923,48.618294,
16150,30.5821091,50.2388283,
16151,28.4570702,49.2324977,
16152,23.9762372,49.7784405,
16153,30.9843481,48.9415526,
16154,30.0998758,46.8342427,
16155,30.1000563,46.8340682,
16156,24.1440456,50.8564013,
16157,24.1437419,50.8561974,
16158,26.8113615,48.8960767,
16159,26.811381,48.8959222,
16160,26.8114344,48.8958819,
16161,26.8116645,48.895848,
16162,26.8118426,48.8959555,
16163,26.8117984,48.8961198,
16164,26.8117316,48.8961575,
16165,26.8115614,48.8961795,
16166,26.8236643,48.8709152,
16167,26.8236279,48.8707246,
16168,26.8240848,48.8704701,
16169,26.8245692,48.8708072,
16170,26.8243482,48.8710476,
16171,26.823952,48.871463,
16172,31.4187304,48.1786406,
16173,28.917808,50.2891074,
16174,28.6584289,50.2552117,
16175,28.6582997,50.2549964,
16176,28.6588308,50.2542109,
16177,28.6590922,50.2545324,
16178,28.6584639,50.25443,
16179,28.6588083,50.2549577,Zhytomyr
16180,28.6557948,50.2580596,
16181,28.6588897,50.2542169,
16182,28.6558674,50.2580838,
16183,27.4629596,48.4382682,
16184,27.464067,48.4380283,
16185,27.4638308,48.4381174,
16186,27.4635177,48.4377898,
16187,27.46361,48.4380807,
16188,27.4636185,48.4381138,
16189,27.4636291,48.4381959,
16190,27.4634618,48.4380751,
16191,28.8366145,45.3570397,
16192,23.3730266,49.9453821,
16193,26.2320155,50.6977517,
16194,35.2189385,47.8332806,
16195,35.2189475,47.8332332,
16196,35.2190627,47.8332642,
16197,32.8129163,51.1798919,
16198,32.8029929,51.1805496,
16199,32.7746174,51.1723571,
16200,32.8097531,51.1762406,
16201,22.3315221,48.3127698,
16202,35.071099,48.4402988,
16203,35.068994,48.4352578,
16204,35.0687841,48.4353022,
16205,26.6041542,48.7283301,
16206,35.0677384,48.4325353,
16207,35.0750634,48.4483617,
16208,35.0759481,48.4502787,
16209,22.4860988,48.5374114,
16210,26.1616552,50.6678252,
16211,23.9946384,49.8486369,
16212,23.9945919,49.8484758,
16213,28.6585384,50.2589414,
16214,28.6450567,50.276721,
16215,28.6452555,50.2766708,
16216,28.6224695,50.2809543,
16217,28.6220566,50.2809863,
16218,28.6405663,50.2776921,
16219,28.6449191,50.2768561,
16220,24.1109995,51.205514,
16221,28.6447534,50.2769004,
16222,28.6902683,50.270772,
16223,22.9972826,48.2877483,
16224,30.105476,46.4124939,
16225,30.120021,46.41341,
16226,30.1252117,46.4121557,
16227,30.1263913,46.4120779,
16228,30.1251876,46.4119273,
16229,35.8485081,49.2835914,
16230,28.6714261,50.272409,
16231,28.6825993,50.2637907,
16232,28.6746171,50.2732744,
16233,28.680396,50.2663897,
16234,28.6804374,50.266338,
16235,28.7103723,50.2525303,
16236,28.7032007,50.2527357,
16237,28.6642262,50.256793,
16238,28.6936859,50.2685368,
16239,28.6902331,50.2707228,
16240,34.027538,49.3157353,
16241,28.7032041,50.2526638,
16242,28.7106205,50.2524464,
16243,28.6878839,50.2432006,
16244,27.0943287,49.62298,
16245,32.1602127,48.5134336,
16246,27.2372778,49.385324,
16247,33.2734926,49.8016299,
16248,33.262734,49.8060278,
16249,24.7065785,48.936747,
16250,24.70703,48.9368697,
16251,28.2706813,50.4688777,
16252,33.2597288,49.7799826,
16253,28.7034671,50.2727635,
16254,23.9103734,49.9186488,
16255,28.5931446,50.2862755,
16256,28.6102577,50.2831124,
16257,28.6746399,50.2733767,
16258,28.6745601,50.2733424,
16259,33.3228484,47.9259665,
16260,33.3230068,47.9260694,
16261,28.6642062,50.2568254,
16262,28.6825374,50.26377,
16263,33.8256273,50.4883246,
16264,26.4573047,48.7664517,
16265,26.4910856,50.4452272,
16266,24.6542101,49.4050222,
16267,30.7050569,46.3885809,
16268,28.7013246,51.1392878,
16269,24.7056913,48.92899,
16270,30.3086142,47.9911016,
16271,30.3099501,47.9737557,
16272,30.0429589,50.4195373,
16273,30.303119,47.8685956,
16274,33.4283139,49.0699876,
16275,28.8350658,45.3463888,
16276,33.9643833,49.4473243,
16277,34.7196557,49.6884527,
16278,24.7107808,48.939408,
16279,32.0335363,49.458856,
16280,32.033337,49.4589597,
16281,28.679157,50.2623351,
16282,23.7032254,48.6150784,
16283,28.6249269,50.2804622,
16284,28.6749221,50.2336626,
16285,29.8831358,48.3365938,
16286,35.1740876,47.845987,
16287,35.1733625,47.8482087,
16288,35.204681,47.8493231,
16289,31.789678,51.577793,
16290,34.4846653,49.5363326,
16291,34.4793699,49.5447727,
16292,34.478608,49.5452603,
16293,34.4785736,49.5452835,
16294,34.4473229,49.5688011,
16295,34.4887612,49.5364301,
16296,34.4868814,49.5357553,
16297,34.4844963,49.5346658,
16298,34.4802708,49.5322131,
16299,24.5451051,48.4370707,
16300,24.5787373,48.6498598,
16301,32.3411323,51.4601908,
16302,33.3624084,50.253655,
16303,24.6524423,49.40491,
16304,24.6328743,49.2582701,
16305,35.0726287,48.4430963,
16306,36.2451704,50.0932069,
16307,28.8367431,45.3519949,
16308,33.4052222,47.9368904,
16309,28.6601128,50.9883978,
16310,29.0451298,51.2091542,
16311,29.0454057,51.2085511,
16312,34.6145484,48.6969871,
16313,23.2806063,48.3665187,
16314,23.2811807,48.3664387,
16315,24.7256255,48.9440313,
16316,29.7997771,50.4173707,
16317,30.1939278,47.3723376,
16318,23.2849297,48.1774034,
16319,23.2849365,48.1773769,
16320,23.2851213,48.1773277,
16321,23.2851441,48.1774721,
16322,28.8357549,45.3463327,
16323,28.8427203,45.3411229,
16324,28.8308392,45.3535199,
16325,28.8290506,45.3468412,
16326,30.2985631,48.1361145,
16327,25.6193975,49.5453466,
16328,23.991556,50.0511976,
16329,23.9919008,50.051034,
16330,28.8457461,45.3334518,
16331,23.0145708,49.3682453,
16332,28.8311521,45.3535696,
16333,31.0293908,49.0712831,
16334,25.5531986,49.2997073,
16335,25.5536641,49.3000036,
16336,29.5648598,45.5651649,
16337,29.5645297,45.5647692,
16338,26.3376037,49.0148832,
16339,26.3379009,49.0144747,
16340,26.3377189,49.0144355,
16341,22.8174314,49.6963803,
16342,22.8174355,49.6963213,
16343,22.817354,49.6961425,
16344,22.8170043,49.6948725,
16345,24.1603805,49.8175364,
16346,24.1593911,49.8176351,
16347,24.1592723,49.8163675,
16348,28.6617952,50.259964,
16349,35.2564357,49.7595592,
16350,35.3294616,49.7709747,
16351,23.0941354,48.7581721,
16352,25.586232,49.6013902,
16353,25.5862566,49.6016774,
16354,25.5861819,49.6011835,
16355,22.9644918,48.5682946,
16356,22.4867639,48.7358013,
16357,31.9516278,50.2330616,
16358,31.8863031,50.235356,
16359,31.8862446,50.2352489,
16360,33.4359907,47.9682745,
16361,33.4362453,47.9682677,
16362,33.4360903,47.9717515,
16363,35.1732825,47.8481599,
16364,33.6829049,50.78008,
16365,33.6811884,50.7796895,
16366,33.680805,50.7796092,
16367,33.6797187,50.7794273,
16368,28.8459839,45.3342851,
16369,28.8466492,45.336947,
16370,23.6527927,49.7148726,
16371,31.8823386,49.2333565,
16372,31.894075,49.1902502,
16373,23.0918811,48.7524434,
16374,23.9911891,48.9740938,
16375,23.9910044,48.9741288,
16376,23.9909978,48.9741063,
16377,23.9909403,48.97414,
16378,23.9909286,48.9741222,
16379,32.2148572,51.5223751,
16380,32.21795,51.5228831,
16381,32.2158583,51.5225442,
16382,28.6805215,45.5206554,
16383,28.6209496,50.2438512,
16384,35.7748024,49.9433663,
16385,30.0836993,50.4349956,
16386,30.0836595,50.4351379,
16387,28.5090189,49.1936967,
16388,28.5086273,49.1936068,
16389,28.4219195,49.2128422,
16390,28.4219122,49.2130592,
16391,34.3871703,47.5683216,
16392,33.4359112,47.9570144,
16393,32.2157583,51.5227494,
16394,30.1827504,50.4429264,
16395,34.4138422,49.5757179,
16396,34.4177045,49.5748111,
16397,34.4497774,49.5698312,
16398,34.4504365,49.5692924,
16399,34.4516465,49.5697998,
16400,31.4191951,49.0243485,
16401,32.6126995,48.7217752,
16402,32.6130307,48.7222211,
16403,32.6131005,48.7226883,
16404,36.340401,49.9965878,
16405,36.3456494,49.9965378,
16406,28.2841597,50.4677275,
16407,36.0696259,49.7526115,
16408,36.0693021,49.7525753,
16409,28.5983621,49.9211538,
16410,28.8025643,45.3620745,
16411,30.6434481,46.4753318,
16412,31.2156496,50.9796359,
16413,36.2307771,50.0079669,
16414,36.2304664,50.0081448,
16415,30.3159866,47.0297534,
16416,24.1470159,49.3784068,
16417,32.2180758,51.5227065,
16418,34.3243863,47.9116291,
16419,23.9943034,49.8484661,
16420,36.6952068,49.8449277,
16421,34.2395621,49.0863686,
16422,34.2353823,49.0904955,
16423,34.2281941,49.0998527,
16424,34.2242198,49.1071998,
16425,34.1758902,49.1352912,
16426,35.0744216,48.4469714,
16427,30.1894056,46.498772,
16428,34.5027648,49.5716056,
16429,31.9208942,50.2338805,
16430,34.4627971,48.7585008,
16431,34.4627548,48.758717,
16432,34.4626961,48.7642894,
16433,30.5329486,50.2969867,
16434,23.6518874,49.7141826,
16435,23.6525895,49.7142264,
16436,23.6526794,49.7141994,
16437,23.6529838,49.7139241,
16438,23.6530859,49.7143243,
16439,23.9916948,50.0513358,
16440,23.9920587,50.0511412,
16441,23.9917205,50.0513431,
16442,23.9920462,50.0512581,
16443,24.2589491,49.4121447,
16444,28.8268214,45.3623739,
16445,28.8265184,45.3620201,
16446,28.8272273,45.361479,
16447,28.8275061,45.3617595,
16448,28.8375816,45.3569552,
16449,36.5854185,48.0505963,
16450,28.677882,45.3466993,
16451,28.6774178,45.3470194,
16452,24.9475102,49.4487685,
16453,31.0903457,49.1913776,
16454,28.5943678,49.8864771,
16455,28.594573,49.886449,
16456,29.036463,45.6937598,
16457,32.0334682,46.9566992,
16458,32.0335906,46.9567357,
16459,35.580009,47.9574936,
16460,35.4372905,47.9323375,
16461,27.6586943,50.2829976,
16462,25.1447557,49.4465263,
16463,25.12382,49.4375678,
16464,30.6288187,46.4331003,
16465,30.1260297,46.412118,
16466,30.126429,46.4117719,
16467,30.1265505,46.411743,
16468,30.1277085,46.4114273,
16469,30.1248046,46.4122021,
16470,30.1244155,46.4122121,
16471,30.1212961,46.4126577,
16472,33.2748602,49.9439534,
16473,33.1625671,49.7773406,
16474,27.9663902,49.5566903,
16475,35.1827575,47.7862109,
16476,28.8261192,45.3370414,
16477,30.0786835,49.815102,
16478,32.7755719,51.1725921,
16479,32.774916,51.1723353,
16480,32.7747947,51.1721785,
16481,32.7752471,51.1722084,
16482,32.7748395,51.1722963,
16483,33.2263717,47.7191108,
16484,28.8475865,45.3413017,
16485,22.9973604,48.2874231,
16486,35.1576713,48.4788564,
16487,35.1576366,48.4790444,
16488,35.1574193,48.4788896,
16489,23.9133028,49.7059916,
16490,23.913117,49.7060389,
16491,23.9131426,49.705866,
16492,23.9130437,49.7059188,
16493,23.9132252,49.7062259,
16494,22.7124349,48.4477309,
16495,25.2288364,50.1499624,
16496,27.8797163,48.4004422,
16497,25.2387452,50.153735,
16498,25.234927,50.152546,
16499,25.2338899,50.1522679,
16500,25.3136502,50.15773,
16501,25.31363,50.1576073,
16502,25.3809049,50.1694277,
16503,25.3808923,50.1695791,
16504,25.3739697,50.1654938,
16505,25.3603816,50.1619027,
16506,26.5187351,50.6032101,
16507,26.5591814,50.6035954,
16508,30.1291044,49.4200525,
16509,30.1285492,49.4193395,
16510,30.1565643,49.4620609,
16511,30.165246,49.4938675,
16512,30.1690614,49.50781,
16513,30.1729296,49.5626982,
16514,30.1788946,49.6137403,
16515,30.188996,49.6624308,
16516,25.0087094,50.5684962,
16517,28.5706352,49.2577872,
16518,28.5716406,49.2584571,
16519,23.4918558,49.2922464,
16520,35.078073,48.4562365,
16521,35.0784163,48.456239,
16522,25.523687,50.2591261,
16523,25.5836211,50.288879,
16524,25.7093037,50.3826316,
16525,25.8442923,50.4632249,
16526,25.8517191,50.4655793,
16527,25.8181484,50.4539979,
16528,25.8121967,50.4522138,
16529,25.8074269,50.4510064,
16530,25.8288445,50.4578379,
16531,25.8226428,50.4553414,
16532,26.0650616,50.5453629,
16533,22.9989674,48.2864314,
16534,26.1406795,50.582818,
16535,26.1329388,50.5783833,
16536,26.3542867,50.6091858,
16537,31.4258377,49.2905773,
16538,31.4262775,49.2905347,
16539,30.3321895,50.4246907,
16540,30.3324263,50.4247632,
16541,33.4235214,49.0778318,
16542,33.4232911,49.0776635,
16543,33.4235876,49.0778768,
16544,33.4238224,49.0773254,
16545,22.506968,48.5275462,
16546,26.4731641,50.6004307,
16547,33.2408092,49.8150078,
16548,33.2407042,49.8149313,
16549,35.0418901,48.4670053,
16550,33.1780189,49.8365068,
16551,33.1778875,49.8362871,
16552,26.5552424,50.6035611,
16553,26.5609956,50.6037318,
16554,22.5101577,48.5193742,
16555,26.6166167,50.6041347,
16556,33.0956533,49.941811,
16557,26.6464467,50.6117217,
16558,31.2610107,51.4722688,
16559,31.2605092,51.47229,
16560,31.26005,51.4722536,
16561,35.4003228,49.0383844,
16562,24.5700897,48.6323932,
16563,24.5688051,48.6331184,
16564,24.5703361,48.6321907,
16565,24.5704485,48.6321752,
16566,24.5687457,48.6332614,
16567,24.5686262,48.6331757,
16568,24.5687429,48.6332383,
16569,24.570409,48.6322959,
16570,26.6978381,50.6115181,
16571,26.6979747,50.6116262,
16572,26.7144128,50.6099375,
16573,26.7144648,50.6100542,
16574,26.7079633,50.6105407,
16575,26.7068186,50.6105176,
16576,26.7251686,50.6089041,
16577,34.5185158,48.7196653,
16578,34.5193474,48.718934,
16579,34.4633849,48.7681166,
16580,34.4632541,48.7677383,
16581,34.4624113,48.7643933,
16582,30.4446671,46.7380381,
16583,30.4444654,46.737964,
16584,28.8768182,50.9109243,
16585,28.881154,50.9095531,
16586,26.7492093,50.6067526,
16587,33.6503391,48.8557541,
16588,36.2439158,50.0926553,
16589,36.2457619,50.0935591,
16590,26.7991712,50.6019723,
16591,26.7923201,50.602521,
16592,26.7957266,50.6023088,
16593,30.8340812,46.6251724,
16594,30.8334616,46.6244609,
16595,30.8339475,46.6252236,
16596,30.8335741,46.6247684,
16597,30.8340898,46.625397,
16598,30.8334467,46.6249226,
16599,30.8333635,46.6245118,
16600,30.833819,46.6253311,
16601,30.8326211,46.6235494,
16602,26.844349,50.5975352,
16603,26.8557889,50.5965607,
16604,26.8455373,50.5974245,
16605,26.8559792,50.5964185,
16606,26.8730026,50.5949054,
16607,26.8870339,50.5954097,
16608,26.8730602,50.594777,
16609,26.8872743,50.5952971,
16610,30.3164564,50.17579,
16611,30.3372031,50.1637826,
16612,26.9294161,50.5976249,
16613,26.9230079,50.5971739,
16614,26.9295656,50.5975128,
16615,26.9228265,50.5972882,
16616,26.959836,50.5991118,
16617,26.9596339,50.5992223,
16618,26.9886041,50.600621,
16619,27.0094786,50.6018347,
16620,27.035653,50.6038241,
16621,27.029626,50.6029154,
16622,27.0355698,50.6036845,
16623,27.0296341,50.6030513,
16624,27.0440163,50.6048133,
16625,27.043974,50.604941,
16626,27.1969447,50.6047677,
16627,27.2012455,50.6069642,
16628,27.1969913,50.6046521,
16629,27.2011561,50.6070779,
16630,27.2027388,50.6080293,
16631,27.2029692,50.6081666,
16632,27.217682,50.6161855,
16633,27.2445081,50.6158657,
16634,27.2112853,50.6130886,
16635,27.2110357,50.6129418,
16636,27.2449654,50.6158352,
16637,27.2675492,50.6144555,
16638,27.4013402,50.6063826,
16639,27.4022781,50.6063434,
16640,27.428705,50.6054073,
16641,27.4884597,50.6026867,
16642,27.4955499,50.6019204,
16643,27.4947882,50.6020197,
16644,27.4934983,50.6021902,
16645,27.4908008,50.6025185,
16646,27.493618,50.6020358,
16647,27.5363596,50.5968008,
16648,27.5225372,50.5984172,
16649,27.5747416,50.6021404,
16650,27.5739587,50.6016565,
16651,27.5729887,50.6012464,
16652,27.5733819,50.6015655,
16653,27.5702746,50.6002393,
16654,27.5723547,50.6011292,
16655,27.5759251,50.6024879,
16656,27.5828129,50.6060605,
16657,27.5827741,50.6062357,
16658,27.5939958,50.6133395,
16659,27.5878028,50.6105055,
16660,27.5921601,50.6126004,
16661,27.5942625,50.6135775,
16662,27.6106219,50.6190818,
16663,27.6385038,50.6243004,
16664,27.6408423,50.6246133,
16665,27.6428621,50.6251188,
16666,27.6614075,50.6208789,
16667,27.6582361,50.6242706,
16668,27.6598943,50.6228746,
16669,27.6604973,50.6225153,
16670,27.6615656,50.6209557,
16671,27.672513,50.5872546,
16672,27.6724062,50.5871347,
16673,27.6752431,50.5837884,
16674,27.6943698,50.5805171,
16675,27.6944189,50.5803868,
16676,27.729407,50.5742152,
16677,27.7548817,50.5698427,
16678,27.7475454,50.5710048,
16679,27.7466547,50.5711614,
16680,27.7537381,50.5700418,
16681,32.0013001,46.8354794,
16682,32.0543368,49.4176103,
16683,27.7909304,50.5564908,
16684,27.7937868,50.5551598,
16685,27.7939296,50.555296,
16686,27.7978386,50.5532732,
16687,27.7981372,50.5534522,
16688,27.8660603,50.5330008,
16689,27.8650187,50.5333075,
16690,27.8616719,50.5341575,
16691,27.8611064,50.5343239,
16692,27.8748366,50.5302895,
16693,27.8754322,50.5301131,
16694,27.929251,50.5142908,
16695,27.9287109,50.5144503,
16696,27.9371804,50.5120899,
16697,27.9380828,50.5118238,
16698,27.9695013,50.5023999,
16699,28.0583772,50.4762149,
16700,28.064661,50.4742098,
16701,28.0604688,50.4754504,
16702,24.0146654,49.8540177,
16703,28.2922372,48.2488209,
16704,28.2922892,48.248823,
16705,28.2923642,48.2489891,
16706,28.2921431,48.2489887,
16707,28.2921177,48.2489637,
16708,28.2107796,50.4217208,
16709,28.2457769,50.3999747,
16710,28.2460386,50.3999791,
16711,28.2281409,50.4110247,
16712,28.2342461,50.4073824,
16713,28.2340929,50.4073517,
16714,28.2351138,50.4067216,
16715,28.2351438,50.406828,
16716,22.709142,48.4518464,
16717,22.7268044,48.4367501,
16718,28.2689162,50.3858616,
16719,31.0437914,49.9711059,
16720,31.0444412,49.9712464,
16721,31.0440918,49.9713507,
16722,30.2276649,50.3673058,
16723,28.2998571,50.3667487,
16724,29.91747,50.6402722,
16725,29.9180464,50.6399073,
16726,29.9178205,50.6404346,
16727,29.9183268,50.640073,
16728,34.4590916,48.7571752,
16729,34.4629705,48.7559444,
16730,34.4661059,48.7577194,
16731,30.3789976,50.493348,
16732,26.8234642,48.8702988,
16733,34.7674603,49.593137,
16734,23.9814969,48.9771529,
16735,23.9813097,48.9773138,
16736,33.2030081,49.8261356,
16737,33.2035855,49.8259372,
16738,28.6867375,50.3234519,
16739,34.5420162,49.5557387,
16740,34.544614,49.5554938,
16741,34.5446253,49.5555837,
16742,28.7964871,50.2926407,
16743,33.070986,49.9770462,
16744,33.0711296,49.9734739,
16745,28.832524,50.2867612,
16746,33.9728643,49.432593,
16747,34.1370219,49.1896107,
16748,34.0847636,49.2408398,
16749,28.8422414,50.2869499,
16750,28.8424209,50.2870787,
16751,22.42618,48.2918079,
16752,28.9304866,50.2948341,
16753,28.9305453,50.2946706,
16754,28.934376,50.2980025,
16755,22.9970485,48.2876358,
16756,28.9723896,50.331152,
16757,24.1642941,49.8735673,
16758,24.1652605,49.8734003,
16759,29.0296121,50.3418716,
16760,29.0462074,50.3443395,
16761,29.085582,50.336905,
16762,29.0858363,50.3368781,
16763,29.1819721,50.3350521,
16764,29.1820424,50.3349423,
16765,29.2012118,50.3382714,
16766,29.1993328,50.3380674,
16767,29.1993902,50.3379625,
16768,35.2864347,48.0614829,
16769,35.2851081,48.0613552,
16770,29.2208887,50.3417289,
16771,29.2074181,50.3393176,
16772,29.2073635,50.3394257,
16773,29.2307334,50.3433873,
16774,22.9552758,48.5612239,
16775,29.5679462,50.4043957,
16776,29.5948187,50.4095921,
16777,29.5949111,50.409742,
16778,29.7770268,50.4167571,
16779,29.7757903,50.4167178,
16780,29.7765782,50.4168655,
16781,29.776082,50.4168484,
16782,22.9986179,48.2865626,
16783,24.0440557,49.8542096,
16784,24.0437767,49.8541195,
16785,24.0429034,49.853886,
16786,24.0421408,49.8537922,
16787,29.8993507,50.4222042,
16788,26.9384019,49.4127424,
16789,26.9383236,49.4126863,
16790,29.9831042,50.4271425,
16791,29.9937528,50.4279478,
16792,29.9937182,50.4280733,
16793,29.9903986,50.4277219,
16794,29.990765,50.4277471,
16795,29.9905545,50.4278568,
16796,29.9900311,50.4275776,
16797,29.9933345,50.4278237,
16798,23.5661488,48.0141321,
16799,23.3263089,48.146964,
16800,30.0819268,50.4348581,
16801,30.0824776,50.4350512,
16802,33.3403396,50.7481118,
16803,33.3404742,50.7484325,
16804,33.3394127,50.7482437,
16805,33.3396538,50.7486115,
16806,35.3497956,47.9022845,
16807,22.1701951,48.419348,
16808,24.0216616,49.8253239,
16809,32.040621,46.937851,
16810,32.0611098,46.9388674,
16811,32.0397869,46.9376786,
16812,22.9534645,48.5607198,
16813,26.9270751,51.2805729,
16814,32.2405303,48.5013455,
16815,33.4917488,47.9940145,
16816,33.4911934,47.9939326,
16817,23.0145809,49.3679422,
16818,30.6838375,51.692698,
16819,31.11716,51.7830426,
16820,36.2045524,49.3936601,
16821,36.2048828,49.3937232,
16822,36.2141879,49.3861793,
16823,24.8687151,49.9642258,
16824,33.5961731,47.9508659,
16825,33.5962263,47.9507403,
16826,23.9665656,49.7797947,
16827,25.6994924,49.6259852,
16828,25.7004642,49.6265528,
16829,25.7000562,49.6271448,
16830,27.6116411,50.619377,
16831,25.4722593,50.7549613,
16832,25.472158,50.7550393,
16833,32.2957197,48.5240897,
16834,32.2953892,48.5240144,
16835,35.1779763,47.815889,
16836,26.2116129,49.0736395,
16837,26.4178985,50.9114212,
16838,26.4181147,50.9113992,
16839,34.8411892,49.444411,
16840,30.8276944,49.2521876,
16841,32.9007597,50.0492315,
16842,32.9016361,50.0493718,
16843,32.7463888,50.0930855,
16844,34.4834878,49.5890981,
16845,31.0614123,49.0172781,
16846,26.8120772,48.8960568,
16847,26.8113026,48.8955072,
16848,26.8117379,48.8963341,
16849,26.8111145,48.8959889,
16850,32.2436554,48.9697415,
16851,32.3476311,51.7731745,
16852,32.3476982,51.7728491,
16853,30.3872248,50.43685,
16854,27.4592975,48.5685677,
16855,23.3835817,49.9378705,
16856,23.3834698,49.9375987,
16857,24.2194998,50.3652543,
16858,29.4950991,47.9164786,
16859,29.4955095,47.9163294,
16860,23.0238352,48.1526805,
16861,23.0238754,48.1522838,
16862,31.9739519,51.1960513,
16863,36.276589,49.982383,
16864,36.2771883,49.9828166,
16865,30.6626601,50.1719808,
16866,25.2361071,50.3595813,
16867,35.0453,48.4646232,Dnipro
16868,22.626219,48.2530015,
16869,22.6262058,48.2527897,
16870,30.7281495,50.487821,
16871,30.7282346,50.4876885,
16872,22.1933653,48.4401442,
16873,23.3265431,48.1468696,
16874,34.4439529,48.8003782,
16875,34.4434913,48.8007547,
16876,34.465942,48.770745,
16877,34.4651435,48.7705907,
16878,32.0330644,46.9511676,
16879,32.0337948,46.9637259,
16880,32.0338123,46.9637109,
16881,34.8021062,50.9068046,
16882,30.7957016,50.5050027,
16883,32.043924,46.9137742,
16884,29.4400372,45.7616101,
16885,30.2050802,48.7334722,
16886,30.2048669,48.7332379,
16887,32.1957668,48.5081785,
16888,32.1956886,48.5077517,
16889,23.1987348,49.5163145,
16890,23.1984531,49.5162873,
16891,32.0328423,46.9571721,
16892,23.2013238,49.5163121,
16893,31.9825926,49.700672,
16894,30.2537325,48.7224429,
16895,28.2976691,45.4329204,
16896,28.2957453,45.4322208,
16897,28.2947457,45.4330664,
16898,28.2952089,45.432148,
16899,23.3834565,49.9375787,
16900,23.3834566,49.9375317,
16901,30.384085,50.4139781,
16902,30.4688435,50.5177968,
16903,23.5956221,49.1096473,
16904,22.3091597,48.6426683,
16905,37.636977,50.1964381,
16906,37.6363964,50.1961951,
16907,37.6388892,50.1977085,
16908,26.259758,49.2553299,
16909,26.2591,49.2558285,
16910,34.1559755,49.1643057,
16911,34.1542775,49.1681991,
16912,34.1552358,49.1600945,
16913,34.1550733,49.1601508,
16914,22.6265245,48.2528871,
16915,22.6263198,48.2527616,
16916,22.6264764,48.2530906,
16917,36.2676205,49.9252707,
16918,26.9982956,49.4341785,
16919,26.9983559,49.4341592,
16920,26.9988065,49.4348505,
16921,26.9988668,49.4348311,
16922,24.2193713,50.3657648,
16923,34.5521494,49.588317,
16924,28.3055756,49.7979101,
16925,35.067527,48.4325797,
16926,24.3438805,50.1061921,
16927,28.2226087,45.4804387,
16928,22.1748745,48.429136,
16929,30.2766457,50.5544216,
16930,30.2764055,50.5545451,
16931,22.9383311,48.0622884,
16932,22.9232157,48.0678697,
16933,22.5394422,48.4857639,
16934,23.0463527,48.1400288,
16935,23.0430211,48.1524231,
16936,26.5798475,48.6895867,
16937,23.6426961,49.764413,
16938,23.6429939,49.7628485,
16939,24.5212579,48.7853574,
16940,24.5214904,48.7853724,
16941,24.5213213,48.7855469,
16942,24.5215227,48.7854689,
16943,24.5212029,48.7854142,
16944,24.5501312,48.8192963,
16945,24.5500023,48.8191381,
16946,24.5501967,48.8189936,
16947,24.5501453,48.8192283,
16948,22.351958,48.6562822,
16949,22.3390447,48.5746576,
16950,27.3857957,49.7559264,
16951,27.1961493,49.3877574,
16952,27.1833695,49.389654,
16953,35.3017248,47.8740186,
16954,24.0459675,49.8017752,
16955,30.6349361,51.1985343,
16956,31.7942271,51.5139089,
16957,36.2771705,50.3304208,
16958,23.2767994,50.0962219,
16959,30.221372,50.5502066,
16960,24.0981291,49.383602,
16961,24.0991491,49.3837461,
16962,24.0980497,49.384204,
16963,24.0979152,49.3838659,
16964,24.0983276,49.3838872,
16965,24.0978882,49.3838211,
16966,30.1117879,50.3576956,
16967,30.1117074,50.3576973,
16968,30.111565,50.3574988,
16969,31.1776761,51.444436,
16970,30.1984392,51.2887855,
16971,30.1975234,51.2896101,
16972,28.4131022,49.2280696,
16973,28.4129119,49.2281069,
16974,22.9971353,48.287576,
16975,22.997161,48.2877674,
16976,22.9973211,48.2876196,
16977,31.7783564,49.8273632,
16978,36.2886867,50.3409337,
16979,24.1361019,50.8591938,
16980,24.1361865,50.8592269,
16981,24.1367817,50.8591047,
16982,24.1363516,50.8592917,
16983,24.1361639,50.8595892,
16984,24.1362575,50.8596259,
16985,24.136784,50.8591448,
16986,24.1363225,50.8596513,
16987,22.175062,48.4290941,
16988,22.1703693,48.4193528,
16989,23.8035536,51.1806029,
16990,23.803479,51.1806392,
16991,23.8034007,51.1806766,
16992,23.8033277,51.18071,
16993,23.8032704,51.1807396,
16994,23.8032093,51.1807672,
16995,23.8031559,51.1807926,
16996,23.8024869,51.1803466,
16997,23.8019797,51.1807503,
16998,23.8020043,51.1808522,
16999,23.8020637,51.1808229,
17000,26.9235241,49.4099974,
17001,32.0211961,49.7008033,
17002,32.0829218,49.6714664,
17003,27.2198036,49.2271321,
17004,34.3606863,49.5935656,
17005,34.3807243,49.5816641,
17006,34.380909,49.5817535,
17007,22.4623268,48.2735116,
17008,26.9894767,50.6005634,
17009,34.3749929,49.583885,
17010,34.3748211,49.5838129,
17011,34.7379793,50.8490556,
17012,34.7378704,50.8493996,
17013,34.7370475,50.8493722,
17014,34.7377901,50.8491841,
17015,34.7384147,50.8493345,
17016,34.7387444,50.849636,
17017,34.7383404,50.849099,
17018,34.7384421,50.8492561,
17019,34.7381839,50.8494563,
17020,34.7377737,50.8492641,
17021,22.837522,48.0939546,
17022,24.0443025,49.801624,
17023,35.5924268,50.4326301,
17024,35.5887723,50.4318092,
17025,35.5825479,50.4300135,
17026,24.0190707,49.870993,
17027,36.3280702,49.1020029,
17028,35.4147632,50.8134374,
17029,35.4128542,50.8134236,
17030,35.4150286,50.8134496,
17031,35.3853889,50.8138826,
17032,35.3842716,50.8138715,
17033,30.3833896,46.8743617,
17034,31.7455521,48.5643306,
17035,31.7445006,48.5641418,
17036,30.3061819,50.1832002,
17037,32.9721873,50.6933632,
17038,28.6884092,50.2662974,
17039,28.4372509,49.2177401,
17040,30.4043848,50.4587142,
17041,34.4431703,48.8007061,
17042,34.4436882,48.800261,
17043,25.3745924,49.7958967,
17044,30.8786949,51.7462492,
17045,30.878241,51.7464318,
17046,31.2585631,49.4210822,
17047,31.9238406,51.4169241,
17048,31.9091618,51.4194702,
17049,32.9711526,50.6933384,
17050,28.6158336,49.9513491,
17051,24.0313192,49.8002419,
17052,31.2600411,51.4721231,
17053,31.2605686,51.472151,
17054,31.2596425,51.4721697,
17055,32.828017,51.1764136,
17056,32.8802725,50.0481764,
17057,32.8102844,50.0599151,
17058,32.4628819,51.7556009,
17059,33.7991774,52.3040866,
17060,32.4214851,51.2546739,
17061,32.4217515,51.2545386,
17062,32.4216053,51.2545225,
17063,32.4218102,51.2546805,
17064,32.7823837,50.4524435,
17065,22.3508341,48.6555082,
17066,32.4632777,51.7557347,
17067,32.3456261,51.7729977,
17068,34.7439295,48.3787401,
17069,34.7466542,48.3797192,
17070,34.7465875,48.3798296,
17071,34.7438368,48.3788683,
17072,31.0156418,51.6153117,
17073,30.1233567,46.4122104,
17074,30.1231466,46.4122207,
17075,30.1215481,46.4125268,
17076,30.1214637,46.4128308,
17077,30.1229928,46.4125921,
17078,30.1221987,46.4122521,
17079,30.1226892,46.4122432,
17080,30.121426,46.4126124,
17081,30.1232018,46.4126452,
17082,30.1231709,46.4124962,
17083,30.1221285,46.4128391,
17084,30.1216768,46.4128257,
17085,30.1214154,46.412539,
17086,30.1217122,46.4123821,
17087,30.1220125,46.4128056,
17088,30.122815,46.4127936,
17089,29.9792843,46.3880555,
17090,29.9793093,46.3879807,
17091,29.9793448,46.3878991,
17092,29.9799297,46.3871654,
17093,29.9805541,46.3865065,
17094,29.9802235,46.3870075,
17095,29.9801614,46.3870916,
17096,29.9801142,46.3871554,
17097,29.9799914,46.3870848,
17098,29.9800601,46.3869872,
17099,29.9795098,46.3880802,
17100,29.9796111,46.387985,
17101,29.9796513,46.3874042,
17102,29.9799097,46.3877875,
17103,23.8997781,49.8380162,
17104,23.8997797,49.8384504,
17105,28.9959204,46.3211884,
17106,28.9968951,46.3207318,
17107,28.9962854,46.3209825,
17108,34.3701504,50.8125407,
17109,23.8986696,49.839204,
17110,32.4711021,50.6396172,
17111,24.0435098,49.8540161,
17112,24.0436161,49.8539151,
17113,24.0439701,49.85404,
17114,35.0478764,47.8174928,
17115,33.9658105,49.4503483,
17116,33.9679895,49.4426967,
17117,32.8121862,51.9157648,
17118,31.1104856,51.7882204,
17119,34.4629209,48.7679653,
17120,31.2084639,51.6391216,
17121,31.1796279,51.6463263,
17122,31.1750147,51.6461578,
17123,31.1750257,51.6460886,
17124,33.4285929,49.0896871,
17125,30.6767401,46.4888575,
17126,30.7076802,46.3968564,
17127,30.6031737,46.5350553,
17128,34.5195767,48.7192065,
17129,24.3447471,50.1107682,
17130,22.3084671,48.6429083,
17131,24.3381059,50.1091397,
17132,24.3452963,50.1106835,
17133,35.0361408,48.5240305,
17134,35.0452544,48.5171918,
17135,34.8254482,50.872795,
17136,30.276,50.5543616,
17137,30.2765123,50.5542661,
17138,26.0448396,48.0054577,
17139,26.0541026,47.9955362,
17140,26.0549465,47.9946543,
17141,31.2295148,51.6016816,
17142,31.2297848,51.6011895,
17143,31.2297266,51.6016498,
17144,30.8025315,46.5953083,
17145,25.0195626,48.8676362,
17146,25.7922667,48.5301381,
17147,32.5041268,51.1723935,
17148,30.7233297,46.4256204,
17149,25.6078841,50.1818176,
17150,37.2193206,49.1306915,
17151,32.6420523,50.8837691,
17152,31.2832745,49.710716,
17153,31.2816099,49.7105962,
17154,31.282109,49.7107662,
17155,31.2822846,49.7109419,
17156,31.2819272,49.7109121,
17157,36.6831932,49.0689482,
17158,25.3377318,50.7203699,
17159,25.3371045,50.7204099,
17160,25.3381615,50.720183,
17161,25.3380347,50.7203576,
17162,25.3384522,50.7203932,
17163,25.337589,50.720138,
17164,31.1546107,50.9463532,
17165,36.2503207,49.9895164,
17166,36.2481504,49.9894233,
17167,30.2288543,50.5413438,
17168,30.0785023,50.8310655,
17169,35.1345389,51.1713134,
17170,35.1359054,51.1713563,
17171,35.3028636,49.2024502,
17172,35.1322177,51.1700853,
17173,34.5901413,48.5146923,
17174,34.6104734,48.5085704,
17175,31.3925228,49.7367037,
17176,23.0940407,48.7567241,
17177,23.0943548,48.75636,
17178,23.094165,48.7565498,
17179,28.6798723,49.7371549,
17180,28.6798669,49.7373534,
17181,28.679541,49.7373345,
17182,28.6795086,49.7372917,
17183,28.6795569,49.7371577,
17184,28.6798179,49.7371285,
17185,28.6805373,49.7372449,
17186,31.8771398,49.1915597,
17187,24.0444204,49.8018858,
17188,32.6924393,46.7290416,
17189,32.6937302,46.7289332,
17190,32.4727476,46.6987517,
17191,32.4719622,46.698788,
17192,34.4402644,48.8032452,
17193,34.4401451,48.8031852,
17194,25.4799653,50.8444491,
17195,34.6273107,48.6967309,
17196,34.6653471,48.6678957,
17197,29.9604588,47.7180597,
17198,31.51802,50.5728091,
17199,34.6128457,48.5160306,
17200,30.2327762,50.3902697,
17201,30.2330488,50.3904502,
17202,30.2326797,50.3902926,
17203,30.2325786,50.3904842,
17204,30.5707909,50.4240164,
17205,30.5662277,50.4237485,
17206,30.598587,46.5393759,
17207,33.8478911,48.8567354,
17208,33.8468255,48.8572278,
17209,33.8323489,48.8647349,
17210,33.8315434,48.8651971,
17211,33.8316927,48.8651189,
17212,33.8322218,48.8648093,
17213,33.8470513,48.8571111,
17214,33.8477148,48.8568196,
17215,26.5803397,48.6898643,
17216,30.5593304,50.4408356,
17217,25.3677488,50.7435312,
17218,34.959797,48.162248,
17219,34.9313104,48.0994787,
17220,34.9311403,48.099506,
17221,34.9596191,48.1622652,
17222,34.9592273,48.1622906,
17223,35.0442034,48.4583521,
17224,35.0467072,48.4569799,
17225,26.0112694,48.0435453,
17226,26.0116711,48.0433495,
17227,26.0115297,48.0435718,
17228,26.0116984,48.043604,
17229,26.0116049,48.0437929,
17230,26.0114464,48.043756,
17231,26.0114133,48.0437174,
17232,33.4342002,49.102427,
17233,31.9998052,49.3905013,
17234,31.9994953,49.3903375,
17235,31.9856517,49.3789044,
17236,27.6590648,50.2835495,
17237,27.6580894,50.2835159,
17238,30.7288469,46.4293813,
17239,29.0199216,50.0296765,
17240,32.5519529,46.6910845,
17241,32.5508625,46.6911746,
17242,30.4463448,50.3793912,
17243,30.4454053,50.3801007,
17244,30.4421538,50.3824996,
17245,29.672576,49.7219666,
17246,29.5276198,48.3609921,
17247,36.4936289,48.1920617,
17248,24.9037352,49.807443,
17249,24.9037847,49.8075025,
17250,34.4138666,48.3301458,
17251,28.2801492,48.2351873,
17252,36.2774472,49.9834613,
17253,36.2776324,49.9833546,
17254,30.785142,46.5816689,
17255,32.7969217,48.3230546,
17256,36.234247,49.987315,
17257,30.2341175,50.392766,
17258,30.2329926,50.3907802,
17259,30.2342107,50.3931244,
17260,30.2340901,50.3930383,
17261,30.234101,50.3930136,
17262,30.2342991,50.3929928,
17263,29.6741926,46.0228839,
17264,30.7855088,46.5818373,
17265,30.7856725,46.5818758,
17266,30.785931,46.5821483,
17267,30.7859198,46.5822572,
17268,30.7854667,46.5825234,
17269,30.7853085,46.582514,
17270,30.7847009,46.5825392,
17271,30.7860955,46.5819037,
17272,30.7849272,46.582179,
17273,30.7850424,46.5819584,
17274,30.4781166,50.382605,
17275,30.4790305,50.3821787,
17276,30.4791617,50.3820192,
17277,22.3510033,48.6558598,
17278,22.3511986,48.6557598,
17279,32.5361318,47.9640772,
17280,26.2612322,50.5704529,
17281,26.2553983,50.5694955,
17282,30.9526525,50.3506055,
17283,36.2143116,49.3858286,
17284,22.3040687,48.6135804,
17285,23.8561898,49.6491009,
17286,23.8565192,49.6490681,
17287,26.4827937,48.4894619,
17288,26.4828659,48.4893801,
17289,26.4831719,48.4893946,
17290,26.4832097,48.4895456,
17291,26.4829859,48.4896342,
17292,26.482916,48.4896215,
17293,25.5866232,49.5377161,
17294,25.5862659,49.5375823,
17295,26.2587304,50.5928966,
17296,33.8747562,49.6718781,
17297,33.0298578,51.5952432,
17298,33.0302083,51.5949445,
17299,31.4354892,51.5418738,
17300,26.2627943,50.5706591,
17301,24.0270768,49.8586216,
17302,31.1805077,48.3869252,
17303,32.6563525,46.6611193,
17304,31.269656,46.6131595,
17305,30.6515118,50.1253416,
17306,32.0180962,49.4580823,
17307,32.2767172,50.0969205,
17308,33.8741343,49.6719977,
17309,33.8745332,49.6723183,
17310,24.6528313,49.4050645,
17311,24.6528719,49.4047929,
17312,24.6535608,49.404661,
17313,24.6538292,49.4048638,
17314,24.6537783,49.405138,
17315,29.838023,48.3455981,
17316,30.9697167,49.0513933,
17317,30.9755564,49.0525982,
17318,30.9737977,49.0522261,
17319,30.975204,49.0525237,
17320,35.8556618,49.1342185,
17321,26.1573866,50.5923917,
17322,24.7074474,48.9368742,
17323,29.8816194,49.4997841,
17324,36.2770518,50.0439007,
17325,36.2752816,50.0441485,
17326,36.4302009,49.9033408,
17327,28.5974036,48.5395759,
17328,28.5972706,48.5393289,
17329,28.5975659,48.5394509,
17330,30.7560871,48.6639493,
17331,31.0984606,51.4520616,
17332,31.0691292,51.4430374,
17333,31.0700178,51.4418624,
17334,31.0710945,51.4419327,
17335,31.0711159,51.4423703,
17336,33.4349172,47.9317397,
17337,23.652528,49.7145572,
17338,23.6524753,49.7145088,
17339,23.6529543,49.7145932,
17340,23.6530948,49.7143395,
17341,23.6530147,49.7145619,
17342,24.1464815,49.3787827,
17343,24.1465427,49.3785954,
17344,24.1467862,49.3788955,
17345,24.1469856,49.3787144,
17346,24.1469369,49.3786319,
17347,24.1467657,49.3785598,
17348,34.4596382,48.3666188,
17349,28.8439129,45.3736614,
17350,32.0000337,49.3906902,
17351,31.9802202,49.4499474,
17352,27.7616914,49.9230548,
17353,27.7614269,49.9227946,
17354,27.7613576,49.9223831,
17355,31.9518463,49.7097781,
17356,31.4767138,49.7694388,
17357,26.2101124,50.6116378,
17358,31.4772839,49.7699862,
17359,30.2720029,48.7195951,
17360,30.272147,48.7200456,
17361,30.2575694,48.7222104,
17362,30.9460359,47.1823097,
17363,30.9989904,49.071298,
17364,29.7641725,47.319516,
17365,32.0845206,49.4351711,
17366,31.8748257,49.6814346,
17367,30.2455235,48.3878682,
17368,30.2428987,48.4015002,
17369,30.2419347,48.4060315,
17370,28.4088213,49.2167193,
17371,31.3164786,51.5303109,
17372,31.3161379,51.5304333,
17373,31.3159778,51.5304251,
17374,31.3159965,51.5304621,
17375,31.316119,51.5303975,
17376,30.6263514,46.3044242,
17377,30.6266613,46.3045412,
17378,30.6269142,46.3045223,
17379,30.6263093,46.3048493,
17380,33.1270138,50.8606786,
17381,31.1431591,51.2938542,
17382,35.027647,48.3255486,
17383,35.0272677,48.331839,
17384,35.059692,48.4886914,
17385,28.6566192,50.1921273,
17386,34.9640121,48.1935202,
17387,30.7532846,46.4183759,
17388,32.0385307,49.6700862,
17389,34.5415793,49.5784574,
17390,36.6499697,49.5161019,
17391,36.6506051,49.5165858,
17392,31.361962,51.5215045,
17393,32.0189669,49.4534896,
17394,32.0194247,49.4535883,
17395,32.0194195,49.4536536,
17396,32.0191462,49.4534376,
17397,32.0191818,49.4537861,
17398,32.0180123,49.4581613,
17399,29.674813,46.0228298,
17400,29.6745891,46.0227829,
17401,29.6746078,46.0229071,
17402,29.6747009,46.0229259,
17403,36.2506901,49.9782906,
17404,36.2297021,49.9747337,
17405,33.6352711,49.0106393,
17406,33.6323831,49.0081426,
17407,36.2785646,49.9828724,
17408,36.2733785,49.9859226,
17409,36.2750022,49.9849192,
17410,36.2833279,49.9800845,
17411,36.2647093,49.9900745,
17412,36.240078,49.9890443,
17413,32.7070108,51.5154184,
17414,32.8803083,50.0480456,
17415,24.0270794,49.8585529,
17416,32.0324873,46.9507632,
17417,36.8548943,48.0358639,
17418,31.8624554,51.1389314,
17419,34.345036,51.8832026,
17420,36.2327622,49.9910255,
17421,36.2325233,49.991019,
17422,36.2302481,49.9875253,
17423,36.2645441,49.9900513,
17424,36.2777331,49.9834839,
17425,36.2738571,49.985836,
17426,36.2726193,49.9865745,
17427,36.2672456,49.988874,
17428,36.2645174,49.9903235,
17429,36.2646784,49.9899627,
17430,36.2195527,50.0036055,
17431,36.2181516,50.0031685,
17432,32.0702581,49.4303946,
17433,36.2717118,49.9201846,
17434,25.5580023,49.541988,
17435,36.8128013,49.7760627,
17436,36.8133874,49.7765248,
17437,36.8106241,49.7418823,
17438,32.0721713,49.4318763,
17439,29.9328926,50.6551317,
17440,35.8901374,49.76305,
17441,36.2750053,50.0435075,
17442,36.2752841,50.0436813,
17443,36.2173138,49.9824627,
17444,36.2214662,49.9792286,
17445,36.2123336,49.9873455,
17446,36.2904288,49.9741608,
17447,36.258991,49.985247,
17448,30.2372226,48.4328696,
17449,30.2315592,48.4795502,
17450,30.2309509,48.484363,
17451,36.2282579,49.9886067,
17452,36.2278102,49.9885939,
17453,36.2079429,49.9870277,
17454,22.3393372,48.5742653,
17455,26.2078779,50.6115315,
17456,26.2078047,50.6114092,
17457,26.2080096,50.6112323,
17458,26.2084031,50.6115394,
17459,26.2082935,50.6115854,
17460,36.206663,49.9969172,
17461,36.2057415,49.9978232,
17462,36.2071333,49.9971849,
17463,33.9716282,49.4374634,
17464,36.2254323,50.0051,
17465,36.2255365,50.0063068,
17466,36.2755258,49.9848351,
17467,36.2841792,49.9895155,
17468,34.1077959,49.5787409,
17469,26.2083496,50.6112866,
17470,26.3380342,49.0869795,
17471,26.3382763,49.0866128,
17472,26.3381947,49.0866548,
17473,26.3379579,49.0866221,
17474,26.3379058,49.0865507,
17475,26.3379427,49.0864507,
17476,26.3380397,49.0864025,
17477,26.3382472,49.0864274,
17478,26.3383167,49.0865502,
17479,26.3386257,49.0866227,
17480,26.3375845,49.0864608,
17481,34.358862,49.0256296,
17482,34.358418,49.0257066,
17483,34.3586209,49.0255798,
17484,34.3446373,49.0333728,
17485,34.3444288,49.0332322,
17486,36.240185,49.9885916,
17487,29.2769351,51.0453309,
17488,29.2763382,51.0451444,
17489,29.2800665,51.0433771,
17490,36.266554,50.0010914,
17491,36.2658361,50.0010377,
17492,28.4942781,45.6975728,
17493,36.3015601,50.0283935,
17494,36.3009618,50.0276727,
17495,36.3014178,50.0280791,
17496,36.2282142,49.9904179,
17497,28.7866289,51.3012405,
17498,28.7869257,51.3011749,
17499,28.7869961,51.3019382,
17500,28.7874341,51.301844,
17501,35.2156235,47.8329513,
17502,35.216007,47.8330817,
17503,33.6512123,49.6694609,
17504,36.2652642,49.9898858,
17505,36.2650533,49.9898426,
17506,35.0708075,48.3807631,
17507,35.0707254,48.3808123,
17508,35.0738168,48.3790013,
17509,35.0738849,48.3789543,
17510,28.8307304,51.3138596,
17511,29.7492828,47.3328962,
17512,28.5713812,49.896777,
17513,26.2557273,49.254574,
17514,26.258342,49.2551846,
17515,27.8889974,48.403236,
17516,27.89031,48.4035517,
17517,30.0829023,49.2400591,
17518,36.3111409,49.9823875,
17519,32.0292978,49.4451556,
17520,32.0198546,49.4378592,
17521,23.5147767,49.3510507,
17522,23.5150527,49.3509976,
17523,23.5149733,49.3509296,
17524,23.515071,49.3509137,
17525,34.8637345,49.9674388,
17526,33.6354062,49.0107562,
17527,33.6354263,49.0106542,
17528,33.6376508,49.0126975,
17529,33.6378485,49.0127808,
17530,30.9510268,49.2732611,
17531,32.6853621,46.6770882,
17532,36.8211838,49.3634679,
17533,35.0800675,48.4083168,
17534,35.0720756,48.3798824,
17535,28.8185425,49.7185648,
17536,28.81826,49.7188507,
17537,34.4649997,48.7710523,
17538,34.4646754,48.7704817,
17539,28.8494396,45.3503111,
17540,26.2236997,51.4524114,
17541,30.2264453,50.2252748,
17542,30.2264328,50.2253101,
17543,28.8972615,45.3064303,
17544,30.7328374,46.5320715,
17545,30.7326325,46.5322625,
17546,30.388108,50.4094001,
17547,30.3880637,50.409202,
17548,24.6328357,51.2051516,
17549,24.6327183,51.2050298,
17550,24.5326938,51.2139539,
17551,24.5339789,51.2138494,
17552,24.5473625,51.2138839,
17553,30.9213663,50.3658078,
17554,32.3299927,49.6601114,
17555,26.5927552,48.6775815,
17556,25.3559729,50.7426874,
17557,34.2757087,49.0768786,
17558,34.2862903,49.0755779,
17559,34.2926115,49.0706044,
17560,34.2432671,49.0824666,
17561,34.2529693,49.0745688,
17562,34.2631947,49.0733938,
17563,30.0846651,49.2439989,
17564,30.0840053,49.2419879,
17565,30.083033,49.2378812,
17566,30.0813382,49.2297461,
17567,30.0811731,49.227954,
17568,26.8871607,49.4024232,
17569,26.8866535,49.4022346,
17570,35.0766826,47.8413254,
17571,24.1818151,50.5405206,
17572,36.0692818,49.7525913,
17573,32.0185146,49.4533945,
17574,28.4764492,49.285206,
17575,28.4740969,49.2853822,
17576,25.0169967,51.0876304,
17577,25.0174987,51.0874256,
17578,25.0171828,51.0875896,
17579,25.0170848,51.0875268,
17580,25.017412,51.0873501,
17581,30.6653904,46.4714276,
17582,30.7238328,46.4259971,
17583,30.7285011,46.4291903,
17584,30.4318254,50.3901229,
17585,30.431348,50.3899054,
17586,30.6947432,46.4311657,
17587,30.7054743,46.4761763,
17588,30.7049406,46.4758148,
17589,26.9233917,51.3076335,
17590,35.3501308,47.902901,
17591,35.5924295,50.430749,
17592,32.019948,49.4378097,
17593,30.7335228,46.5329392,
17594,31.8966272,46.9835896,
17595,32.7199886,48.7111028,
17596,34.5853977,49.5795849,
17597,35.2462934,47.9442734,
17598,35.2465681,47.9287648,
17599,35.2466098,47.9258069,
17600,24.1362746,50.8592615,
17601,22.6640578,49.475381,
17602,23.2787106,50.0970297,
17603,23.277915,50.0961678,
17604,24.1776661,50.4892084,
17605,34.5364993,49.5746601,
17606,35.4250353,49.0459901,
17607,35.4252024,49.0449226,
17608,35.4244956,49.0509289,
17609,35.424478,49.0492112,
17610,30.3372981,50.1634001,
17611,30.3375325,50.1635714,
17612,30.3058615,50.1825321,
17613,30.3216365,50.2329322,
17614,27.7816013,48.4517881,
17615,27.7942283,48.4481355,
17616,27.7943254,48.448015,
17617,33.9078106,51.2341225,
17618,27.812037,48.4369063,
17619,27.8120653,48.4368076,
17620,27.8121919,48.4368627,
17621,30.6821675,48.2359379,
17622,30.2601213,50.4901746,
17623,34.3356517,49.6052639,
17624,33.3463763,49.751701,
17625,33.1177422,49.9009446,
17626,33.1151838,49.9075574,
17627,33.1049136,49.9338823,
17628,33.1150671,49.9075551,
17629,33.095872,49.9418464,
17630,32.8103922,50.0600246,
17631,32.746259,50.0929987,
17632,29.8011485,50.4143628,
17633,31.8635,50.2346849,
17634,31.8619207,50.234235,
17635,31.8778368,50.2358016,
17636,31.8676123,50.2355298,
17637,31.8000482,50.2141831,
17638,31.7999291,50.2140228,
17639,31.7221952,50.1962573,
17640,31.7221059,50.1961495,
17641,37.6975294,49.8469453,
17642,25.5865388,49.6013392,
17643,27.8901611,48.4040981,
17644,36.8100896,49.8711207,
17645,34.5750718,49.5643553,
17646,34.254763,49.5988178,
17647,33.6553472,49.6700068,
17648,33.6266519,49.6663771,
17649,28.041071,49.0429556,
17650,28.0414208,49.0428118,
17651,31.462146,49.7552629,
17652,28.5871587,49.7578589,
17653,28.5883165,49.7571119,
17654,28.3107402,49.7991254,
17655,30.1872545,49.9331361,
17656,30.1879447,49.931245,
17657,30.1887796,49.9289681,
17658,37.6906613,49.5271582,
17659,30.6883603,46.623662,
17660,22.4928457,48.2628048,
17661,25.0176156,51.0873045,
17662,25.3848995,50.8061197,
17663,25.3861493,50.8054191,
17664,25.3848077,50.8061665,
17665,24.6262966,51.2055787,
17666,24.6263389,51.2057016,
17667,27.0550704,49.5044172,
17668,27.054851,49.5044166,
17669,27.0591329,49.4987952,
17670,27.0574613,49.4842546,
17671,27.0564352,49.525123,
17672,27.0691665,49.539459,
17673,27.0559093,49.5240211,
17674,27.4420069,49.4187134,
17675,26.9444837,49.4320272,
17676,26.9474697,49.4368184,
17677,34.4386905,48.8020742,
17678,26.8358247,50.1214742,
17679,26.8358561,50.1214755,
17680,26.8359506,50.121547,
17681,26.835936,50.1215859,
17682,26.8357816,50.1216173,
17683,26.8357503,50.1216031,
17684,26.8354044,50.1214511,
17685,30.727716,46.4299792,
17686,24.6068306,51.2072245,
17687,25.8752932,51.3678854,
17688,25.8750486,51.3679499,
17689,34.0136407,49.6246899,
17690,34.0011473,49.6314561,
17691,33.9849408,49.6433453,
17692,33.8471661,49.6719721,
17693,33.7680052,49.676118,
17694,33.8043645,49.6741559,
17695,33.6266968,49.6662501,
17696,33.5597931,49.6719995,
17697,33.5598277,49.6721132,
17698,33.5504231,49.6734069,
17699,33.550381,49.6733169,
17700,33.514915,49.6781105,
17701,33.5148966,49.6780478,
17702,33.4650351,49.684555,
17703,33.4349974,49.6972826,
17704,33.4351205,49.6973691,
17705,33.4514133,49.6881833,
17706,33.421284,49.7061343,
17707,33.3862114,49.7288585,
17708,33.3462074,49.7516384,
17709,33.373284,49.7367752,
17710,33.2036855,49.8260584,
17711,33.1176273,49.900932,
17712,33.1048103,49.933854,
17713,32.8653344,50.0468923,
17714,32.7189368,50.1090476,
17715,32.7179049,50.1093898,
17716,31.8748731,50.2357794,
17717,31.862335,50.2342266,
17718,31.8678153,50.2354354,
17719,31.8593765,50.2334632,
17720,30.2934032,50.3145613,
17721,26.4568547,48.7669621,
17722,26.3824658,48.8928013,
17723,28.8229155,49.6970631,
17724,26.7299406,51.3200538,
17725,28.6599329,50.9878053,
17726,28.6602352,50.9883527,
17727,30.3962371,49.816052,
17728,30.276029,50.5545376,
17729,30.2759939,50.5545196,
17730,23.1165885,49.9564246,
17731,23.1164187,49.9565054,
17732,23.1163135,49.956513,
17733,23.1162012,49.9565211,
17734,23.1160872,49.9565294,
17735,23.1159856,49.9565367,
17736,23.1164741,49.9564334,
17737,23.1163693,49.9564415,
17738,23.1162486,49.9564508,
17739,23.1161325,49.9564598,
17740,23.1167369,49.9549459,
17741,23.1167285,49.9548278,
17742,27.5911384,50.6129009,
17743,23.1095776,49.9550028,
17744,26.3771062,50.7394459,
17745,26.3779956,50.7393588,
17746,26.4697055,50.8855343,
17747,25.6997641,49.6265548,
17748,24.7077426,48.9374168,
17749,25.4712104,49.5189933,
17750,25.1286783,49.4386432,
17751,26.1888349,50.6512649,
17752,33.1685884,49.3401831,
17753,33.1690646,49.3395859,
17754,30.5490158,50.40149,
17755,31.2989571,51.4621172,
17756,33.3734107,49.7368658,
17757,26.2938165,50.6000972,
17758,30.7077392,46.397182,
17759,30.7075111,46.3970624,
17760,30.7079611,46.3972676,
17761,30.7077063,46.3970753,
17762,30.7079065,46.3971229,
17763,25.5386952,49.5622005,
17764,25.4710554,49.5190301,
17765,33.7749333,49.6811789,
17766,30.7180027,50.5908849,
17767,29.9924408,46.8022318,
17768,29.9906595,46.7950798,
17769,29.9922856,46.802228,
17770,29.9904088,46.7950776,
17771,22.9419252,49.8001181,
17772,22.9371363,49.8001341,
17773,27.9342855,50.7896516,
17774,27.9345459,50.7896497,
17775,22.4926911,48.2628599,
17776,22.4928079,48.2627734,
17777,25.5744652,49.5462621,
17778,26.9976524,49.4332759,
17779,30.7455783,46.4378771,
17780,24.2551575,51.5129973,
17781,33.0502435,46.7754368,
17782,24.599999,51.2081492,
17783,24.5339719,51.2139396,
17784,24.5473646,51.2138168,
17785,26.9733158,49.4151731,
17786,25.5103424,50.7727606,
17787,25.5312359,50.7776017,
17788,25.9724388,50.7442651,
17789,26.4476527,50.8761135,
17790,26.4476232,50.8761905,
17791,26.4475893,50.8762076,
17792,26.4475229,50.8763267,
17793,26.4474284,50.8761926,
17794,26.4475675,50.8760553,
17795,26.4473919,50.8761427,
17796,28.3912372,51.0764267,
17797,30.4496829,50.5206443,
17798,31.91125,51.4155634,
17799,34.3138444,49.6076068,
17800,34.2547898,49.5987021,
17801,34.2197988,49.5923739,
17802,34.2447017,49.5977901,
17803,34.1944146,49.5866952,
17804,34.1943077,49.5868227,
17805,34.1757656,49.5827384,
17806,34.175781,49.5826185,
17807,34.0278589,49.6170404,
17808,33.8471611,49.6718941,
17809,33.8408664,49.6721712,
17810,33.8043704,49.6742213,
17811,33.7678663,49.6761773,
17812,33.6553017,49.6701338,
17813,33.6870511,49.6726256,
17814,33.0708373,49.9770259,
17815,35.0629858,48.4233041,
17816,35.0636736,48.4231606,
17817,30.0874515,49.2474306,
17818,23.1140569,49.9571399,
17819,23.1137997,49.9571712,
17820,31.7429599,49.5239775,
17821,33.4338258,49.1020205,
17822,30.5065985,50.5120945,
17823,34.4921208,49.5899108,
17824,34.5512214,49.5550999,
17825,34.2821229,49.6015127,
17826,33.6870952,49.6727529,
17827,33.4515067,49.6883168,
17828,34.1369139,51.6471038,
17829,24.3336383,49.0102937,
17830,24.3338469,49.0104135,
17831,26.9868153,51.7259947,
17832,28.4704867,49.2289964,
17833,28.4703309,49.2293763,
17834,28.4704343,49.2293047,
17835,28.4702057,49.2293545,
17836,28.4702789,49.2292751,
17837,28.4701552,49.2294767,
17838,28.4701741,49.2294881,
17839,30.7454602,46.4376139,
17840,30.7454693,46.4380842,
17841,25.6598983,50.5145709,
17842,25.6603545,50.5144887,
17843,25.6603511,50.5146429,
17844,24.3338583,49.0104924,
17845,33.4289391,49.0896225,
17846,33.4283959,49.0892128,
17847,30.6436573,46.4753466,
17848,26.8881678,49.4024835,
17849,30.4137036,50.4774175,
17850,26.6248533,48.7472224,
17851,26.6248085,48.747142,
17852,26.6250042,48.7474583,
17853,26.6014972,48.7247353,
17854,26.6017763,48.7249579,
17855,27.3236775,49.3885159,
17856,27.3259082,49.3883638,
17857,27.3604213,49.3949115,
17858,27.360577,49.3948043,
17859,27.3667132,49.3986458,
17860,27.3665761,49.3987264,
17861,27.3655367,49.3980799,
17862,27.4132531,49.4223271,
17863,27.4257068,49.4207068,
17864,27.4257458,49.4208525,
17865,27.9236523,49.3842597,
17866,27.9241964,49.3837457,
17867,27.9242001,49.3838322,
17868,27.9242121,49.3841158,
17869,28.5848425,49.9021252,
17870,28.6563657,50.1899411,
17871,28.6646001,50.2731117,
17872,34.4998682,49.5623339,
17873,34.5011097,49.5622898,
17874,34.4933948,49.5625643,
17875,33.840858,49.6720854,
17876,34.3408638,51.8817295,
17877,31.807097,50.2164986,
17878,31.8111879,50.2176928,
17879,31.8334133,50.2249047,
17880,31.8390652,50.2267398,
17881,30.4662627,50.1763117,
17882,33.1930199,51.2236675,
17883,37.2891722,49.2058986,
17884,27.2425237,51.2193093,
17885,26.2111993,49.2357684,
17886,27.5859973,50.5903239,
17887,27.5840082,50.5906131,
17888,27.5832873,50.5907071,
17889,27.5625803,50.5934267,
17890,27.0557458,49.5240528,
17891,27.0593321,49.4988354,
17892,26.953896,49.4447572,
17893,30.7340031,46.3993004,
17894,26.382942,48.8930059,
17895,26.3379194,49.0144557,
17896,26.3377877,49.0143642,
17897,27.3658987,49.3983051,
17898,28.6120806,49.9462237,
17899,28.6147981,49.9535197,
17900,30.6009058,50.5048731,
17901,29.2209347,50.3416192,
17902,24.2550878,51.5133465,
17903,25.5992885,50.7797996,
17904,25.5993003,50.7796632,
17905,25.5589098,50.7785757,
17906,25.558917,50.7784567,
17907,25.7670777,50.7802103,
17908,29.9921037,50.4274932,
17909,26.2706801,49.0830785,
17910,33.2441354,52.369442,
17911,27.1310685,50.1659971,
17912,24.3186148,51.8229616,
17913,26.5880715,51.5611178,
17914,26.9344136,51.2461573,
17915,24.9188921,51.6191935,
17916,24.9200514,51.6191597,
17917,24.0508517,51.2884532,
17918,24.0479053,51.2875548,
17919,24.0334005,51.2897383,
17920,34.7574331,50.0486107,
17921,34.9331613,50.7896979,
17922,34.9331537,50.7897655,
17923,34.9329746,50.7903176,
17924,34.9327561,50.7897103,
17925,34.9328248,50.7898814,
17926,34.9328096,50.7898142,
17927,34.9329972,50.7898513,
17928,34.9327863,50.7896493,
17929,24.044309,51.2016627,
17930,34.001028,49.6313637,
17931,33.9955966,49.6354596,
17932,30.6277146,50.4639019,
17933,30.5221261,50.4881529,
17934,31.5593238,46.628339,
17935,25.5312262,50.7777245,
17936,25.8135109,50.7781398,
17937,30.1808981,49.9467646,
17938,30.180633,49.9478937,
17939,24.0500159,51.2873835,
17940,35.8279487,49.9565589,
17941,35.8488443,49.961475,
17942,35.827071,49.9570423,
17943,35.8332749,49.9576052,
17944,35.8436745,49.9601806,
17945,30.1802668,49.9490435,
17946,30.1789777,49.9514342,
17947,30.1763984,49.9543228,
17948,30.1760272,49.9545972,
17949,30.1744925,49.9558209,
17950,30.1805121,49.947547,
17951,30.1811394,49.9450566,
17952,30.1811996,49.944838,
17953,30.3294867,50.4162825,
17954,30.7395959,46.4683385,
17955,32.2576544,48.5024551,
17956,32.2180553,48.5044958,
17957,26.9868434,50.826195,
17958,27.2182059,48.4954357,
17959,27.2181528,48.4952731,
17960,30.8297631,50.5051564,
17961,28.9971449,50.302885,
17962,28.9972996,50.3027594,
17963,29.2013237,50.3379821,
17964,25.4627318,50.8425939,
17965,25.4589882,50.8429214,
17966,30.1789709,49.8936359,
17967,30.1749896,49.8849743,
17968,30.2213567,50.5500993,
17969,29.9381595,50.1069859,
17970,26.0485781,51.253789,
17971,27.1035877,49.4071536,
17972,27.1034925,49.4070452,
17973,28.6178042,49.9649285,
17974,33.4240147,49.0778118,
17975,33.3860512,49.7287696,
17976,33.071307,49.9734703,
17977,32.5212448,50.2185016,
17978,32.5199155,50.2192227,
17979,30.8302356,50.4762461,
17980,30.8302269,50.4760659,
17981,30.7749596,50.4823229,
17982,30.7671043,50.4823457,
17983,30.6279227,50.4638728,
17984,26.7414414,50.9986873,
17985,26.7413732,50.9990487,
17986,26.7403307,50.9989341,
17987,30.2839232,50.5531998,
17988,22.3186032,48.3180281,
17989,29.7448761,48.6641698,
17990,22.7110373,48.449844,
17991,30.6263357,46.3045704,
17992,27.9284289,50.1297202,
17993,27.370844,48.5685616,
17994,26.4691795,51.4378234,
17995,28.295356,45.4321102,
17996,28.2953248,45.4321822,
17997,28.2943909,45.4337857,
17998,28.2952624,45.4321647,
17999,28.2957508,45.4323275,
18000,28.3176615,45.4546525,
18001,34.3359391,49.6050543,
18002,34.1423335,49.1836115,
18003,34.1366325,49.1902992,
18004,34.1198096,49.2091593,
18005,28.3168779,45.4546394,
18006,31.0607873,51.8778217,
18007,27.9280498,50.1127112,
18008,30.8783096,51.7460004,
18009,26.4525358,48.4463012,
18010,26.4524636,48.4464285,
18011,26.4523948,48.4464127,
18012,26.4523863,48.4463055,
18013,27.0165355,48.4877817,
18014,26.0249069,48.2916666,
18015,27.0689678,49.5395263,
18016,28.6873441,50.2518657,
18017,26.3712893,48.4268578,
18018,25.7932647,48.5325918,
18019,25.7424012,48.6177141,
18020,32.8653263,50.0470532,
18021,24.828687,48.904659,
18022,32.2283446,48.9495457,
18023,32.2283007,48.9497627,
18024,32.2280166,48.9497222,
18025,32.2280387,48.9495172,
18026,25.3827336,49.801371,
18027,25.3828227,49.8013383,
18028,25.7708126,49.6486779,
18029,26.9338042,51.2459834,
18030,26.9341304,51.245795,
18031,32.2956877,48.5239117,
18032,33.4363855,47.9804534,
18033,33.4365975,47.9804489,
18034,33.4362479,47.9764566,
18035,33.4364799,47.9764549,
18036,28.6249507,49.9884546,
18037,28.6269822,49.9942658,
18038,24.919161,51.6188094,
18039,26.2471843,48.2615984,
18040,25.0369351,51.8192831,
18041,30.628483,50.4400803,
18042,28.1048329,48.5961131,
18043,29.8661661,48.3471111,
18044,29.8705937,48.3364116,
18045,32.6045772,46.6557827,
18046,32.6048107,46.6556067,
18047,29.8661385,48.347262,
18048,32.5927402,46.6603432,
18049,32.5925107,46.6608965,
18050,22.8094701,49.5195347,
18051,23.5724387,49.3391035,
18052,23.5729374,49.3398167,
18053,32.6057427,46.6478869,
18054,30.4778737,50.4954269,
18055,30.4777495,50.4954,
18056,29.9606982,47.7160311,
18057,28.8324662,48.4093452,
18058,24.035298,49.8337465,
18059,30.4117984,50.3946529,
18060,30.367735,46.1830236,
18061,31.1753599,52.075063,
18062,32.0904357,49.3827756,
18063,26.2462534,50.4711535,
18064,26.2464139,50.4706228,
18065,26.2465819,50.4708227,
18066,30.7062654,46.4760094,
18067,29.871315,48.3365552,
18068,34.6216128,49.5630655,
18069,37.3568902,50.159199,
18070,32.7713367,46.7556404,
18071,32.7708042,46.755473,
18072,32.7714328,46.7550907,
18073,32.7712248,46.7552707,
18074,32.7746612,46.7538093,
18075,32.7709451,46.755389,
18076,32.7713298,46.755842,
18077,32.768704,46.75625,
18078,32.721398,46.7468247,
18079,32.7210519,46.7470787,
18080,32.7230127,46.7495348,
18081,32.7207542,46.7472767,
18082,32.720632,46.7472721,
18083,31.7355422,46.9574683,
18084,31.7323595,46.9564468,
18085,31.7329481,46.9566347,
18086,31.7363583,46.9577303,
18087,27.2170606,51.1004266,
18088,31.9730918,47.0395245,
18089,31.9733902,47.0395127,
18090,30.2538025,48.3412466,
18091,30.2465237,48.3822781,
18092,30.2459305,48.3855028,
18093,30.2540096,48.3390119,
18094,30.2550985,48.3330094,
18095,30.2546441,48.3350861,
18096,30.2535218,48.3417628,
18097,30.2537713,48.340863,
18098,30.2536186,48.3419077,
18099,30.2570335,48.3864108,
18100,30.2464198,48.385767,
18101,30.2448212,48.3906412,
18102,30.245194,48.3882752,
18103,30.2437708,48.3863969,
18104,30.2439537,48.3857018,
18105,30.2450472,48.3857294,
18106,30.2457732,48.3848039,
18107,30.251519,48.3862496,
18108,30.2502082,48.3861867,
18109,30.2457642,48.3871015,
18110,30.2507567,48.3858767,
18111,30.2495331,48.3858424,
18112,30.2453495,48.3877833,
18113,30.2424008,48.4034507,
18114,30.2424837,48.4040654,
18115,30.4322133,48.3724948,
18116,30.431921,48.3723852,
18117,30.4309515,48.3719913,
18118,30.4314275,48.3721399,
18119,30.4319051,48.3722953,
18120,30.4298687,48.3736681,
18121,30.4306694,48.3731124,
18122,30.4318247,48.372349,
18123,30.4318523,48.3723327,
18124,30.4317378,48.3723165,
18125,30.4319501,48.3723129,
18126,30.4333533,48.3714484,
18127,30.434618,48.3709607,
18128,30.433271,48.3715887,
18129,30.4319991,48.3723319,
18130,30.4299137,48.3736912,
18131,30.4319843,48.372342,
18132,30.4320572,48.3723545,
18133,30.4318741,48.3723676,
18134,30.4313933,48.3721802,
18135,30.4698474,48.3589917,
18136,30.4771812,48.3564097,
18137,30.469988,48.3589278,
18138,30.4951804,48.3555295,
18139,30.5028298,48.3528538,
18140,30.4996353,48.3547562,
18141,30.5165976,48.3394951,
18142,30.5212625,48.3368591,
18143,30.5196126,48.3377405,
18144,30.5258883,48.3336033,
18145,30.528783,48.3302861,
18146,30.5274554,48.3317211,
18147,30.5400884,48.3156051,
18148,30.5419884,48.3131432,
18149,30.5417059,48.3134407,
18150,30.5422453,48.3135257,
18151,30.54152,48.3136434,
18152,32.1956224,46.8838115,
18153,32.1963435,46.8832477,
18154,32.1977891,46.8820159,
18155,32.199676,46.8805548,
18156,32.1994134,46.8807802,
18157,32.1979394,46.8820456,
18158,32.1978366,46.882057,
18159,32.1976295,46.8818399,
18160,32.197855,46.8819626,
18161,32.1980517,46.8822431,
18162,32.1978773,46.882092,
18163,32.197891,46.8819963,
18164,32.1981118,46.8822221,
18165,32.1975462,46.8818398,
18166,32.1996162,46.8805097,
18167,32.1956603,46.8838383,
18168,32.1631765,46.9136928,
18169,31.0822647,48.0113762,
18170,31.0817519,48.010706,
18171,31.0818137,48.0106841,
18172,31.0823451,48.0113477,
18173,31.0845743,48.0142909,
18174,31.0846188,48.014276,
18175,31.077852,48.0125351,
18176,31.0814242,48.0111946,
18177,31.0824949,48.010807,
18178,31.0861922,48.009483,
18179,31.086245,48.0095271,
18180,31.0825327,48.0108626,
18181,31.0814631,48.0112515,
18182,31.0778837,48.0125767,
18183,26.1476361,50.7003878,
18184,30.2433275,48.689972,
18185,30.2438912,48.6913455,
18186,30.2443916,48.6931733,
18187,30.2438583,48.691549,
18188,30.2432661,48.6903734,
18189,30.2418135,48.6856683,
18190,30.2417702,48.6855153,
18191,30.2391924,48.6605489,
18192,30.2364202,48.6255732,
18193,30.2363793,48.6250575,
18194,30.2363463,48.6247152,
18195,30.2349201,48.6083629,
18196,30.234476,48.6035268,
18197,30.2318305,48.5731236,
18198,30.241944,48.6878412,
18199,30.2414833,48.6837486,
18200,30.2419082,48.6850632,
18201,30.2419625,48.6852544,
18202,30.2419621,48.6855075,
18203,30.2417063,48.6846487,
18204,30.2428391,48.6884317,
18205,30.2506421,48.7127594,
18206,30.2424866,48.6868557,
18207,30.242632,48.6873916,
18208,30.2430191,48.6868893,
18209,30.2725675,48.7200753,
18210,30.2724932,48.719465,
18211,30.2728686,48.719686,
18212,30.2728876,48.7197811,
18213,30.3279218,48.744163,
18214,30.6548869,48.8583858,
18215,30.6542843,48.8561129,
18216,29.4737885,48.1829679,
18217,29.4742033,48.1826176,
18218,32.3735419,46.7532331,
18219,32.345701,46.7656236,
18220,32.3457984,46.7651981,
18221,32.3464344,46.7653362,
18222,32.3410574,46.7674315,
18223,32.3425112,46.7670103,
18224,32.3404213,46.7678188,
18225,32.337894,46.7688226,
18226,32.3432089,46.7667895,
18227,32.3419662,46.7672836,
18228,32.3414001,46.7675058,
18229,32.3408562,46.767716,
18230,32.3395934,46.7679499,
18231,32.3440706,46.766257,
18232,32.3400921,46.7678027,
18233,32.3419943,46.7678178,
18234,32.3185201,46.7771416,
18235,32.3178837,46.7765289,
18236,32.2974107,46.7857084,
18237,32.2966269,46.7853818,
18238,32.2413047,46.8291456,
18239,32.2401652,46.8300824,
18240,32.2401158,46.8300815,
18241,32.2397606,46.8299057,
18242,32.2401421,46.8300559,
18243,32.2412779,46.8290578,
18244,30.3098503,47.9717993,
18245,30.3099121,47.9693584,
18246,30.3099709,47.9706011,
18247,30.3100219,47.971814,
18248,30.3101363,47.9738382,
18249,30.3100079,47.9700672,
18250,30.3100766,47.9711948,
18251,30.3100986,47.9717516,
18252,30.3103232,47.9714062,
18253,30.3106493,47.9713906,
18254,30.3097337,47.9711198,
18255,30.3099411,47.9735895,
18256,30.3098724,47.972291,
18257,30.3097957,47.9706334,
18258,30.3097222,47.9692521,
18259,30.3098257,47.9728337,
18260,30.3097659,47.9719824,
18261,30.309746,47.9714644,
18262,30.309267,47.9718832,
18263,30.308582,47.9912326,
18264,30.308378,47.9920628,
18265,30.3080722,47.9934407,
18266,30.3076668,47.9952457,
18267,30.3075474,47.9949499,
18268,30.3076371,47.9942634,
18269,30.3077715,47.9939974,
18270,30.3076196,47.9946266,
18271,30.308083,47.9926001,
18272,30.3085642,47.9904907,
18273,30.3078666,47.9932134,
18274,30.3079569,47.9928078,
18275,30.3085102,47.9918029,
18276,30.3083005,47.9928332,
18277,30.3082114,47.9932353,
18278,30.3086726,47.9930495,
18279,30.3075456,47.9930137,
18280,30.301936,48.1342239,
18281,30.3025354,48.1397066,
18282,30.3027744,48.1418385,
18283,30.25902,48.3183751,
18284,30.2757052,48.2570496,
18285,30.2758195,48.256633,
18286,30.2759561,48.2561516,
18287,30.2753249,48.2567835,
18288,30.2759323,48.2563873,
18289,30.2772877,48.2522895,
18290,30.2766618,48.2548276,
18291,30.276517,48.2553939,
18292,30.2761983,48.2565698,
18293,30.2760802,48.2569933,
18294,30.2753908,48.2592541,
18295,30.2765162,48.2568329,
18296,30.2765803,48.2548139,
18297,30.276549,48.2551009,
18298,30.2764331,48.2553818,
18299,30.2846407,48.2254647,
18300,30.2841345,48.2262583,
18301,30.2847445,48.2244922,
18302,30.2843961,48.2256624,
18303,30.2849699,48.2246401,
18304,30.2855289,48.2248347,
18305,30.2848025,48.2251939,
18306,30.2852189,48.2236933,
18307,30.2851186,48.2239337,
18308,30.2850053,48.2242054,
18309,30.2851446,48.2236847,
18310,30.2850892,48.2242155,
18311,30.2840187,48.2277016,
18312,30.3025008,48.1386615,
18313,30.3016008,48.1333005,
18314,30.3015321,48.132607,
18315,30.3016097,48.1329849,
18316,32.4493987,46.7010274,
18317,32.4490241,46.7010697,
18318,30.2361807,48.6206497,
18319,30.2365571,48.6249795,
18320,30.2359096,48.6253446,
18321,30.2356553,48.6147438,
18322,30.2360668,48.6167014,
18323,30.2360491,48.617858,
18324,30.2361077,48.6198892,
18325,30.2350751,48.6148495,
18326,30.2345682,48.6066449,
18327,30.2344336,48.6054236,
18328,30.9576567,49.6824005,
18329,30.9575353,49.6826447,
18330,30.9609418,49.6942614,
18331,30.6247808,46.3225699,
18332,30.6402211,46.3189616,
18333,30.6396301,46.3193489,
18334,30.5784845,50.4950208,
18335,30.5783636,50.4948949,
18336,30.578604,50.4949436,
18337,27.1007359,51.5680268,
18338,30.5959564,50.4130074,
18339,32.1873184,47.0411215,
18340,32.1870451,47.0408368,
18341,32.1875301,47.0406104,
18342,32.1876769,47.0406611,
18343,32.1878208,47.0409052,
18344,32.1878073,47.0409397,
18345,25.9602722,48.0202172,
18346,32.2531465,47.1653407,
18347,30.2330267,50.3904951,
18348,30.2327043,50.3905698,
18349,29.8710224,48.3364555,
18350,29.8708999,48.3364341,
18351,29.8708801,48.3363238,
18352,29.8710999,48.3363232,
18353,29.8711169,48.3363483,
18354,29.8709955,48.3361659,
18355,29.9017273,48.3242961,
18356,30.2309475,48.4821911,
18357,30.2309276,48.4814245,
18358,30.2314297,48.4812971,
18359,30.2314012,48.4815352,
18360,30.2312421,48.4826356,
18361,30.231614,48.4814342,
18362,30.2315507,48.4817537,
18363,30.2314597,48.4824491,
18364,30.2275714,48.5260349,
18365,30.2275255,48.5247454,
18366,30.2277601,48.5253187,
18367,30.2279723,48.5277434,
18368,30.2280435,48.5285732,
18369,30.2277573,48.5261592,
18370,30.2278934,48.527743,
18371,30.2279648,48.5285742,
18372,30.2281692,48.5310888,
18373,30.228362,48.5332631,
18374,30.2289432,48.5399405,
18375,30.2290452,48.5410669,
18376,30.2290954,48.5415521,
18377,30.2297638,48.5473885,
18378,30.2279686,48.5281586,
18379,30.2282393,48.530894,
18380,30.2281152,48.5326299,
18381,30.2280283,48.5315679,
18382,30.2278996,48.5299671,
18383,30.2278293,48.5291245,
18384,30.2274877,48.5251446,
18385,30.22737,48.5238409,
18386,30.2279787,48.5319399,
18387,30.2278113,48.5299803,
18388,30.2277438,48.5291291,
18389,30.2276288,48.5276788,
18390,30.2278205,48.5295418,
18391,30.227479,48.5261314,
18392,30.2274583,48.5256607,
18393,30.2303974,48.5586123,
18394,30.2291968,48.5446469,
18395,30.2291242,48.5441045,
18396,30.2290712,48.5405613,
18397,30.229091,48.5407827,
18398,30.2291161,48.5410636,
18399,30.2291626,48.541548,
18400,30.2294236,48.5437787,
18401,30.2294886,48.5443123,
18402,30.229342,48.540641,
18403,30.2291055,48.5413139,
18404,30.2300064,48.5439799,
18405,30.2313468,48.5653934,
18406,30.2314532,48.5658619,
18407,30.2315262,48.5667203,
18408,30.2316219,48.5678623,
18409,30.231277,48.5667369,
18410,30.2314272,48.5663382,
18411,30.2317326,48.5700077,
18412,30.2318124,48.5709149,
18413,30.2392456,48.658761,
18414,30.2317469,48.5668844,
18415,30.2318005,48.5727704,
18416,30.2316741,48.5723324,
18417,30.2317049,48.5716997,
18418,30.2314092,48.5683647,
18419,30.2313822,48.5680316,
18420,30.231225,48.5661452,
18421,30.2309872,48.5634375,
18422,30.2315829,48.5712878,
18423,30.2315488,48.5708968,
18424,30.2311234,48.5711067,
18425,30.2309402,48.5656081,
18426,30.2317795,48.5677199,
18427,30.2394187,48.6609824,
18428,30.2394538,48.6614325,
18429,30.2397702,48.6611838,
18430,30.2330896,48.9294528,
18431,30.233882,48.9298952,
18432,30.1993652,48.9607954,
18433,30.2009298,48.9599725,
18434,30.2002582,48.9604644,
18435,30.1994982,48.9608844,
18436,30.1987785,48.9612808,
18437,30.1972548,48.9621347,
18438,30.1797478,48.9726387,
18439,30.1998916,48.9604283,
18440,30.2022296,48.9590199,
18441,30.20049,48.9601614,
18442,30.198251,48.9615073,
18443,30.1974617,48.9618488,
18444,30.1986853,48.9611768,
18445,30.1991945,48.9611352,
18446,30.1776364,48.9737897,
18447,30.1799359,48.9723254,
18448,30.1778078,48.9737508,
18449,30.1743477,48.9762455,
18450,30.1724051,48.9775498,
18451,30.1718937,48.9778911,
18452,30.1700198,48.9792117,
18453,30.1695269,48.9795961,
18454,30.1665352,48.982968,
18455,30.1725803,48.9771693,
18456,30.1729716,48.9769069,
18457,30.1761806,48.9747565,
18458,30.1770463,48.9741775,
18459,30.1766498,48.9744863,
18460,30.1771117,48.9742203,
18461,30.1726917,48.9774444,
18462,30.1727496,48.9777669,
18463,30.1726442,48.9772088,
18464,30.1728057,48.9770599,
18465,30.1718597,48.9776548,
18466,30.171515,48.9780609,
18467,30.1710607,48.9781856,
18468,30.1711413,48.9782195,
18469,30.1719232,48.977693,
18470,30.1730286,48.9769516,
18471,30.1762583,48.9747912,
18472,30.1722836,48.9777032,
18473,30.1700794,48.9792492,
18474,30.1695958,48.9796264,
18475,30.1692721,48.9799803,
18476,30.1698059,48.9794209,
18477,30.168386,48.9808036,
18478,30.1715131,48.9779272,
18479,30.1620279,48.996526,
18480,30.1620948,48.9965099,
18481,30.1645293,48.994768,
18482,30.1646958,48.994847,
18483,30.164807,48.9946589,
18484,30.1645311,48.9948366,
18485,30.1642694,48.9948973,
18486,30.1621778,48.9966508,
18487,30.1239886,49.1262356,
18488,30.1235875,49.126337,
18489,30.0917248,49.136395,
18490,30.0921416,49.1363254,
18491,30.0944379,49.1346356,
18492,30.0904413,49.1385659,
18493,30.0911565,49.1366087,
18494,30.0917199,49.1370647,
18495,30.092441,49.136138,
18496,30.083577,49.165428,
18497,30.0850471,49.1571117,
18498,30.0846246,49.1567932,
18499,30.0851578,49.1565588,
18500,30.0825678,49.1704551,
18501,30.083074,49.1669442,
18502,30.0833751,49.1663541,
18503,30.0835189,49.1661063,
18504,30.0833914,49.1667092,
18505,30.0826278,49.1692407,
18506,30.0834715,49.1649694,
18507,30.0828791,49.2362345,
18508,30.0836229,49.239454,
18509,30.083742,49.2400359,
18510,30.0836592,49.2400507,
18511,30.0836393,49.2397234,
18512,30.0835521,49.2394579,
18513,30.0844173,49.2427239,
18514,30.0871153,49.247291,
18515,30.0849655,49.244321,
18516,30.0864677,49.2475387,
18517,30.0869355,49.2471229,
18518,30.0859632,49.246655,
18519,30.0861778,49.2471342,
18520,30.0860339,49.2469092,
18521,30.0844245,49.2477744,
18522,30.0858484,49.247193,
18523,30.0856448,49.2467194,
18524,30.0857902,49.2469587,
18525,30.0841396,49.2478029,
18526,30.0861659,49.2478723,
18527,30.0902761,49.2547714,
18528,30.0904745,49.2555889,
18529,30.0903303,49.2552165,
18530,33.4931733,51.307522,
18531,33.4932967,51.3076847,
18532,34.5944226,49.5824424,
18533,29.9518082,48.30926,
18534,26.2942018,50.5999291,
18535,26.2940661,50.6000432,
18536,26.2939431,50.5999736,
18537,26.294106,50.599875,
18538,26.5620006,50.6038805,
18539,30.1871821,49.9114094,
18540,30.1890856,49.9157563,
18541,30.1899213,49.9176601,
18542,30.190396,49.9232592,
18543,30.1892014,49.928061,
18544,30.1866068,49.9105622,
18545,30.1879374,49.9129447,
18546,30.1881358,49.9133957,
18547,30.1887517,49.9130399,
18548,30.1906087,49.9190915,
18549,30.1909334,49.9213185,
18550,34.7001945,49.5784979,
18551,34.6960868,49.577751,
18552,34.5510097,49.5549815,
18553,30.1887033,49.928957,
18554,30.1888113,49.9287331,
18555,30.188845,49.928473,
18556,30.1894555,49.925771,
18557,30.1897128,49.9246653,
18558,30.1903133,49.9226101,
18559,30.1901747,49.9227361,
18560,30.1864819,49.934747,
18561,30.1863219,49.934972,
18562,30.186138,49.9352307,
18563,30.1864159,49.9347335,
18564,30.186217,49.9352469,
18565,30.185006,49.9373576,
18566,30.1840728,49.9387742,
18567,30.1838355,49.939167,
18568,30.1852869,49.9368809,
18569,30.1841533,49.938965,
18570,30.1840743,49.9390776,
18571,30.1841669,49.9380951,
18572,30.1836411,49.9376036,
18573,30.184499,49.9375736,
18574,30.1804743,49.948212,
18575,30.1803061,49.9480341,
18576,30.1805334,49.9472063,
18577,30.1806212,49.9468105,
18578,30.1808495,49.9459065,
18579,30.180987,49.9453511,
18580,30.1810617,49.9450522,
18581,30.1811187,49.9448238,
18582,30.1813865,49.9437431,
18583,30.1803427,49.9456289,
18584,30.1802164,49.9470269,
18585,30.1810834,49.9446895,
18586,30.1811828,49.9438894,
18587,30.1816215,49.9440973,
18588,30.1813735,49.9450822,
18589,30.1809923,49.9467558,
18590,30.1808877,49.9471973,
18591,30.1817524,49.9444508,
18592,30.1816473,49.9448706,
18593,30.1810253,49.9469012,
18594,30.1815131,49.9470374,
18595,30.1810412,49.9471225,
18596,30.180797,49.9475507,
18597,30.1800595,49.9486954,
18598,30.181129,49.94494,
18599,30.1773091,49.9537184,
18600,30.1771913,49.9538133,
18601,30.1764669,49.9543596,
18602,30.1761101,49.9546216,
18603,30.1758268,49.9548372,
18604,30.1755888,49.9550187,
18605,30.1769457,49.9536576,
18606,30.1773302,49.9533291,
18607,30.1780821,49.9524467,
18608,30.178339,49.9520632,
18609,30.1768797,49.9533602,
18610,30.1779945,49.9522273,
18611,30.1782034,49.9520072,
18612,30.1759919,49.9550492,
18613,30.1772994,49.9537995,
18614,30.1762495,49.9544771,
18615,30.183713,49.9757859,
18616,30.184183,49.9758739,
18617,30.1839281,49.9761841,
18618,30.184182,49.9766406,
18619,30.1840208,49.9764206,
18620,30.1841102,49.9771091,
18621,30.1838827,49.9766918,
18622,30.1835336,49.9769268,
18623,30.1886172,49.9839449,
18624,30.3095722,47.2635931,
18625,30.3095298,47.2632606,
18626,30.3098661,47.263256,
18627,30.309904,47.2635855,
18628,30.2334834,50.153696,
18629,30.2328021,50.1542999,
18630,30.2318448,50.1551667,
18631,30.2319626,50.1546555,
18632,30.2303058,50.1561731,
18633,30.2308056,50.1557102,
18634,30.2303726,50.1562006,
18635,30.230874,50.1557453,
18636,30.2305776,50.1559684,
18637,30.2373034,50.1417874,
18638,30.2376065,50.1425055,
18639,30.2377996,50.1430305,
18640,30.2378676,50.1432277,
18641,30.2381254,50.1440598,
18642,30.2383136,50.1449635,
18643,30.2383954,50.1457053,
18644,30.2384412,50.1450468,
18645,30.2385173,50.1455571,
18646,30.2351876,50.1374865,
18647,30.2353946,50.1379061,
18648,30.2366826,50.1405182,
18649,30.2352456,50.1377014,
18650,30.2376628,50.1427729,
18651,30.2372705,50.1425534,
18652,30.2314943,50.1289086,
18653,30.2315526,50.1282532,
18654,30.2316996,50.1312372,
18655,30.233226,50.1183965,
18656,30.5028792,46.6667185,
18657,30.4943195,46.6760795,
18658,30.1739159,49.5879377,
18659,30.1739083,49.5894026,
18660,30.1736933,49.5890372,
18661,30.1736836,49.58867,
18662,30.1736505,49.5879315,
18663,30.1736435,49.5877751,
18664,30.1736534,49.5858706,
18665,30.1737583,49.5886564,
18666,30.1737222,49.5879323,
18667,30.1737152,49.5876911,
18668,30.1730059,49.5882051,
18669,30.1739714,49.5877472,
18670,30.1739446,49.5878391,
18671,30.1739057,49.5877496,
18672,30.1739823,49.5879368,
18673,30.1740008,49.5882567,
18674,30.1743086,49.5884652,
18675,30.1740235,49.5886484,
18676,30.1740826,49.5862339,
18677,30.17418,49.5869722,
18678,30.1740801,49.587068,
18679,30.1739607,49.5887636,
18680,30.1739737,49.5890027,
18681,30.1741122,49.5905294,
18682,30.1740302,49.5887649,
18683,30.1740436,49.5890001,
18684,30.1736771,49.5878423,
18685,30.1740022,49.5888828,
18686,30.3039234,47.3935117,
18687,30.3048577,47.3968006,
18688,30.3058365,47.400687,
18689,30.3055556,47.3970592,
18690,30.302471,47.3889066,
18691,30.302089,47.3875178,
18692,30.3020067,47.387198,
18693,30.3018938,47.3867595,
18694,30.3014909,47.3849005,
18695,30.3015952,47.3873523,
18696,30.302188,47.3875436,
18697,30.3018276,47.3858784,
18698,30.302234,47.3870235,
18699,30.302384,47.3882827,
18700,30.3018591,47.3863032,
18701,31.3004067,50.3427746,
18702,31.299838,50.3435142,
18703,31.3056119,48.7414057,
18704,31.3060383,48.7415966,
18705,25.142033,49.2697659,
18706,25.1418505,49.2697114,
18707,25.1420657,49.2696007,
18708,25.1419831,49.2695841,
18709,25.1418411,49.2696832,
18710,30.9608403,48.6453713,
18711,30.9576599,48.6457263,
18712,30.9558363,48.6459286,
18713,30.9541407,48.6460403,
18714,30.9553552,48.6459155,
18715,30.9559918,48.6458516,
18716,30.95579,48.6462125,
18717,30.9557013,48.6462245,
18718,30.9588858,48.6455659,
18719,26.2682302,48.2296074,
18720,22.2661289,48.6551683,
18721,30.3840464,50.4139574,
18722,26.4570167,48.7665183,
18723,26.4567883,48.7666139,
18724,26.4567962,48.7667372,
18725,26.4568556,48.7667866,
18726,26.4570359,48.7668198,
18727,26.4572251,48.766632,
18728,35.8760296,50.0534179,
18729,25.3692458,49.3090827,
18730,25.3691308,49.3090812,
18731,25.3691279,49.3090124,
18732,25.369516,49.3087884,
18733,25.3696727,49.3089146,
18734,25.3691155,49.3089421,
18735,25.3694051,49.3090693,
18736,25.3692391,49.3088429,
18737,30.1113729,50.3578246,
18738,27.0164359,48.4871503,
18739,30.5218367,50.4707464,
18740,30.2427198,48.7242806,
18741,28.0676373,50.0256964,
18742,32.4635229,51.7557837,
18743,30.3126355,50.4425998,
18744,30.3126804,50.4423676,
18745,30.3128083,50.4425599,
18746,30.3128014,50.4425413,
18747,31.3083348,51.4954523,
18748,36.6508009,49.5159944,
18749,24.0005312,49.8479991,
18750,33.3603789,50.255337,
18751,33.3622589,50.2550482,
18752,29.9824151,50.4275631,
18753,31.9925465,49.3846559,
18754,31.9918517,49.3842151,
18755,31.9911517,49.3836493,
18756,31.990397,49.3829121,
18757,30.3325892,50.4249887,
18758,30.3322222,50.4249252,
18759,35.8554218,49.1342415,
18760,30.7405641,46.5387264,
18761,30.4812834,50.5176537,
18762,30.4825512,50.517641,
18763,32.0844624,49.4350441,
18764,32.0844768,49.4351006,
18765,32.0845817,49.4351034,
18766,32.0845437,49.4350164,
18767,32.0846073,49.4350731,
18768,32.0844708,49.4350961,
18769,29.8989573,50.4218941,
18770,31.4763884,46.6287001,
18771,30.2590052,50.4905835,
18772,25.5995523,49.5513568,
18773,30.524702,50.4746748,
18774,30.5247687,50.4748167,
18775,30.5723096,50.4799684,
18776,34.965418,50.4802999,
18777,34.9656575,50.4809273,
18778,28.4939052,45.6971826,
18779,28.4939203,45.6970818,
18780,28.4943494,45.6971357,
18781,28.494312,45.6972353,
18782,28.4941943,45.6972974,
18783,28.494047,45.6972953,
18784,36.7701658,49.7904418,
18785,26.7036943,51.8265502,
18786,34.767433,49.5931826,
18787,35.0472573,48.4568689,
18788,29.7153633,48.795775,
18789,29.7160128,48.7953433,
18790,27.592054,50.6126854,
18791,27.5903746,50.6120236,
18792,27.5878293,50.6107026,
18793,27.5895892,50.6115102,
18794,27.5912748,50.6122367,
18795,27.5918626,50.6124604,
18796,27.5740183,50.6009922,
18797,27.571967,50.6018026,
18798,27.5620843,50.5933801,
18799,27.5624237,50.593337,
18800,27.5624187,50.5933187,
18801,27.5630972,50.5931941,
18802,27.5747315,50.5917114,
18803,27.5749519,50.5914895,
18804,27.5767458,50.5914403,
18805,27.5807598,50.5909553,
18806,27.5763403,50.5912588,
18807,27.5768237,50.5915892,
18808,27.5820727,50.590783,
18809,27.583197,50.5906433,
18810,27.5831682,50.590068,
18811,27.5844724,50.5904849,
18812,27.583278,50.5906333,
18813,27.5832053,50.5907177,
18814,27.5824943,50.5908104,
18815,27.4703055,50.6034845,
18816,27.493518,50.6023108,
18817,27.4273425,50.6055085,
18818,27.4264819,50.6054949,
18819,27.4192428,50.6056539,
18820,27.420398,50.6056059,
18821,31.6473132,48.6493786,
18822,27.2027462,50.608159,
18823,27.2110107,50.6131049,
18824,27.2447123,50.6157043,
18825,27.3803434,49.755826,
18826,27.3810916,49.7558493,
18827,27.3817339,49.7558754,
18828,27.3817692,49.7559099,
18829,27.384341,49.7560363,
18830,27.3821562,49.7559727,
18831,27.3821127,49.7561734,
18832,27.3819065,49.7560231,
18833,27.3821052,49.7560033,
18834,27.3822671,49.756221,
18835,27.3820752,49.7559679,
18836,27.3840271,49.755973,
18837,27.3818193,49.7559526,
18838,27.382422,49.7560235,
18839,27.3818625,49.7559878,
18840,27.3817188,49.7559787,
18841,27.3816141,49.755832,
18842,27.3817209,49.7558383,
18843,27.3817606,49.7557648,
18844,27.3819054,49.7558491,
18845,27.3818042,49.7558432,
18846,27.381959,49.7559208,
18847,27.3818721,49.7558842,
18848,27.3849729,49.755956,
18849,27.3788357,49.7558529,
18850,27.3518176,49.7548837,
18851,27.3597244,49.7551846,
18852,27.3527505,49.7549365,
18853,27.3527488,49.7549044,
18854,27.3580477,49.7552034,
18855,27.3549829,49.7548909,
18856,27.357886,49.754992,
18857,27.3551019,49.755104,
18858,31.3330377,48.5706105,
18859,31.3356644,48.5705021,
18860,31.3378784,48.5703039,
18861,31.3397916,48.5700966,
18862,31.3378199,48.5703829,
18863,31.33778,48.5703622,
18864,31.3378959,48.5706503,
18865,31.3377606,48.5703905,
18866,31.3377983,48.5706458,
18867,31.3343408,48.5706076,
18868,24.7215556,48.9277884,
18869,24.7225,48.9264807,
18870,24.7212095,48.927826,
18871,24.7212184,48.9280305,
18872,24.7222495,48.9262316,
18873,23.5719892,49.3384349,
18874,23.5723159,49.3389259,
18875,26.3822057,48.8931161,
18876,30.524125,50.4904372,
18877,30.5238783,50.4910422,
18878,27.9671935,50.2372716,
18879,30.6623744,46.6042547,
18880,30.6444265,46.4255919,
18881,33.1687092,49.3392983,
18882,33.1687732,49.3391845,
18883,33.1700579,49.3389243,
18884,33.169065,49.3395203,
18885,33.1691709,49.3395014,
18886,30.8835661,50.6436242,
18887,30.5730567,50.4798691,
18888,34.8073384,50.9118056,
18889,34.8058106,50.9128386,
18890,35.1103201,48.4120756,
18891,35.1108223,48.411775,
18892,22.8173059,49.6946949,
18893,22.8173387,49.694848,
18894,22.8176675,49.6966068,
18895,22.8176746,49.6970979,
18896,30.7987874,50.5061583,
18897,30.7987656,50.505969,
18898,31.942557,46.952139,
18899,28.3096801,49.7997126,
18900,28.3101515,49.7994436,
18901,28.306045,49.7999221,
18902,28.3087233,49.7992728,
18903,28.309198,49.7995935,
18904,28.3090762,49.799,
18905,28.3096818,49.799123,
18906,32.1309977,46.9932648,
18907,32.130703,46.992647,
18908,31.865249,50.2351446,
18909,31.8642675,50.2349265,
18910,31.8642855,50.2353688,
18911,31.8628541,50.2345639,
18912,31.8615547,50.2340975,
18913,31.8647037,50.2347765,
18914,31.836109,50.2252885,
18915,31.80351,50.2158583,
18916,31.8034503,50.2153698,
18917,31.8040492,50.215568,
18918,31.8031107,50.2152582,
18919,31.8017158,50.2147936,
18920,31.8000095,50.2142357,
18921,31.7981628,50.213648,
18922,31.7968158,50.2132114,
18923,31.796051,50.2129613,
18924,31.7983215,50.2137613,
18925,31.8028561,50.2152656,
18926,31.8008804,50.2144878,
18927,31.7991107,50.2138391,
18928,31.8032044,50.215028,
18929,31.803929,50.2152622,
18930,31.8043192,50.2153883,
18931,31.8054262,50.2157469,
18932,31.8038151,50.2147134,
18933,31.804514,50.2153628,
18934,31.8053115,50.2155943,
18935,30.4784332,50.417239,
18936,30.4784899,50.4175292,
18937,30.4781246,50.4176013,
18938,30.4783134,50.4174313,
18939,30.4784946,50.4175074,
18940,30.4038491,50.4029266,
18941,36.914961,49.1161337,
18942,36.6825201,49.0684356,
18943,36.6828742,49.0687905,
18944,32.8371469,50.7465421,
18945,30.4823958,50.5177398,
18946,30.3687044,50.4236056,
18947,30.3685678,50.4236114,
18948,23.9424223,49.8256895,
18949,23.9342256,49.8237333,
18950,32.0358479,49.6710676,
18951,32.0360679,49.6710233,
18952,32.0359427,49.6709773,
18953,23.9955644,49.8493079,
18954,30.1799064,49.9488041,
18955,28.470346,49.2293904,
18956,28.4704941,49.2294189,
18957,30.4834971,50.5168867,
18958,23.4159012,49.2868469,
18959,23.416094,49.2868845,
18960,23.4159615,49.2869679,
18961,23.4158561,49.2870181,
18962,23.415724,49.2868723,
18963,30.2628675,50.5400971,
18964,30.2630641,50.5400492,
18965,30.2640738,50.5453174,
18966,30.2639729,50.5449153,
18967,30.2640043,50.5446798,
18968,23.2234703,49.4192334,
18969,23.2234316,49.4196149,
18970,35.5228339,48.0787565,
18971,30.4829527,50.5158333,
18972,30.5740341,50.4896395,
18973,30.4785275,50.4175454,
18974,34.0064287,49.4887178,
18975,33.3976202,46.9776427,
18976,22.3289182,48.592026,
18977,25.553651,49.2996484,
18978,33.5357006,48.9123643,
18979,23.3731024,49.9456803,
18980,35.0370098,48.5209028,
18981,24.3659152,49.0431263,
18982,24.3660926,49.0431363,
18983,24.3661332,49.0432301,
18984,28.0167922,48.5583281,
18985,30.4842941,50.5177275,
18986,30.4793776,50.3821378,
18987,26.5960012,51.3324972,
18988,28.1509079,48.5338195,
18989,28.1514301,48.533375,
18990,28.654671,49.687062,
18991,28.6561233,49.6894591,
18992,35.0639434,48.4243163,
18993,31.1810542,48.3871495,
18994,31.1807333,48.3870262,
18995,31.1805754,48.3871716,
18996,26.0548289,47.9945466,
18997,26.0559246,47.9935824,
18998,26.0563445,47.9931412,
18999,26.0558411,47.9935518,
19000,30.3839884,50.4141283,
19001,30.4046276,50.4026702,
19002,29.7584684,47.3326906,
19003,29.7607772,47.3330422,
19004,28.8183806,49.7187441,
19005,26.5513789,49.1861319,
19006,25.9668447,51.3431498,
19007,29.7579511,47.3329452,
19008,29.7580309,47.3330019,
19009,32.2119788,48.4921798,
19010,29.7582149,47.3329238,
19011,32.2642667,48.5070843,
19012,32.7194028,48.7106367,
19013,32.2240052,48.4956347,
19014,27.2041695,49.7542056,
19015,34.9652845,50.4803138,
19016,34.9654443,50.4808665,
19017,30.6290017,50.4621267,
19018,23.8474205,49.256356,
19019,23.847339,49.256459,
19020,23.8471889,49.256511,
19021,30.3685643,50.4235239,
19022,31.6018682,49.4813565,
19023,30.8041258,50.5062139,
19024,34.4628724,48.756506,
19025,34.4624368,48.7679444,
19026,34.4664106,48.7577333,
19027,34.4595571,48.7572082,
19028,35.0621683,48.4207997,
19029,35.0638556,48.4128786,
19030,25.3358378,50.7621893,
19031,25.3361543,50.7620351,
19032,23.1336289,48.9114335,
19033,23.1329309,48.9115919,
19034,30.5733153,50.4794445,
19035,34.9582182,50.470577,
19036,32.9026816,48.9518331,
19037,28.8299454,50.2396382,
19038,29.6472891,47.4231532,
19039,29.6065884,47.4672598,
19040,29.6062821,47.4671443,
19041,29.6069446,47.4672821,
19042,29.6048609,47.4706221,
19043,29.6052387,47.4707053,
19044,29.6043973,47.4714167,
19045,29.6041122,47.4713417,
19046,29.6037685,47.4725971,
19047,29.604118,47.4725425,
19048,29.6041128,47.4726631,
19049,29.6043905,47.472718,
19050,29.6035667,47.4741987,
19051,29.6032667,47.4740936,
19052,29.6017291,47.4774025,
19053,29.6014194,47.4772657,
19054,30.7971626,50.5054449,
19055,30.7958665,50.5050877,
19056,30.7964493,50.5057079,
19057,30.7966403,50.5059858,
19058,32.4463353,46.6313849,
19059,25.9334273,48.0680208,
19060,25.9334408,48.0679007,
19061,30.3617471,50.2975193,
19062,30.3612863,50.2972611,
19063,30.3613699,50.2969949,
19064,30.3619149,50.2968635,
19065,30.3616052,50.2965788,
19066,30.3626805,50.2965812,
19067,34.5006,49.5621228,
19068,34.4929296,49.5624806,
19069,34.5034709,49.5622058,
19070,34.5242793,49.5596314,
19071,34.5238895,49.5603181,
19072,30.7978218,50.5060653,
19073,30.7983332,50.5060431,
19074,29.919651,47.3100174,
19075,29.9284988,47.3071344,
19076,29.9287322,47.3072308,
19077,29.9291184,47.3076746,
19078,29.9290943,47.3075654,
19079,29.9197035,47.3098536,
19080,29.6885731,47.3868598,
19081,29.6789609,47.3951305,
19082,34.5037339,49.5624366,
19083,30.4347915,50.5035652,
19084,30.3615263,50.2956326,
19085,29.7787091,47.2720095,
19086,34.5565506,49.5545545,
19087,34.5577077,49.5544696,
19088,34.5571996,49.5541568,
19089,34.6769961,49.5739407,
19090,35.064023,48.4129373,
19091,35.0623488,48.4207634,
19092,36.2780138,49.9831412,
19093,24.0840414,50.5782936,
19094,23.2780072,50.0961117,
19095,23.2767872,50.0964589,
19096,26.5918471,48.6899353,
19097,23.110895,49.9547733,
19098,36.2998735,49.9728296,
19099,36.2996573,49.972745,
19100,36.2775811,49.9835769,
19101,36.2776553,49.9835315,
19102,23.9495764,49.7579494,
19103,23.9494879,49.7579978,
19104,23.9505627,49.7590857,
19105,26.592266,48.6899472,
19106,30.5257901,50.4387329,
19107,30.5259678,50.4386129,
19108,30.5238178,50.4393645,
19109,36.2413741,49.9817563,
19110,36.2412839,49.9817941,
19111,36.2412933,49.9817565,
19112,36.2328544,49.9884058,
19113,36.2326279,49.9882438,
19114,30.313092,47.905198,
19115,30.3042517,47.8721816,
19116,36.3067977,50.029064,
19117,36.3057851,50.0290165,
19118,36.3068002,50.0289747,
19119,36.3048869,50.0289397,
19120,36.3049728,50.0291326,
19121,36.3024583,50.0285475,
19122,36.3018579,50.0282987,
19123,36.3017165,50.0284059,
19124,30.9705138,52.0750513,
19125,36.3011059,50.0278583,
19126,28.9864324,51.5175724,
19127,36.246881,49.9797054,
19128,24.3224218,51.8204428,
19129,36.2427691,49.9891679,
19130,36.2670242,50.0010149,
19131,31.3062988,48.74122,
19132,36.2543285,50.0224191,
19133,36.275244,50.0440751,
19134,36.2752582,50.043884,
19135,36.2750239,50.0436943,
19136,37.1665696,49.6825326,
19137,36.2768305,50.0442524,
19138,36.3040403,49.9997874,
19139,32.4458636,46.6310746,
19140,32.4457582,46.6312049,
19141,32.4455396,46.6310549,
19142,26.0299904,48.2783948,
19143,36.2591444,49.9679398,
19144,36.3577013,49.9581587,
19145,29.9407415,49.5292846,
19146,27.5904533,50.6112618,
19147,30.2641809,50.5447042,
19148,30.2641532,50.5449102,
19149,30.6768525,48.581384,
19150,26.9329387,51.3140632,
19151,36.309324,49.9700242,
19152,30.6466779,46.3205261,
19153,32.4724982,46.699024,
19154,30.2798628,50.3440425,
19155,30.279735,50.3441489,
19156,30.2800376,50.3440206,
19157,30.2802454,50.3442796,
19158,32.6047068,46.6478181,
19159,32.6047522,46.6477317,
19160,32.6051501,46.6477068,
19161,32.605235,46.6477666,
19162,32.6052848,46.6478727,
19163,32.6055036,46.6478714,
19164,32.6053628,46.6479246,
19165,32.224106,48.4957138,
19166,32.2242715,48.4956955,
19167,32.2242014,48.4957637,
19168,32.224173,48.4956546,
19169,32.2243496,48.4957683,
19170,32.2243162,48.4956152,
19171,32.929526,51.6221059,
19172,27.3134909,50.8069851,
19173,36.8180738,49.7350816,
19174,30.4950729,50.4930414,
19175,36.2006848,50.0583767,
19176,32.130372,46.992896,
19177,30.4953545,50.4391857,
19178,27.8162686,48.4189615,
19179,37.6223936,49.7097722,
19180,30.484791,50.4846168,
19181,32.9908126,50.018187,
19182,24.0408989,49.8536979,
19183,22.937157,49.8000084,
19184,30.4902806,50.4408702,
19185,33.6097897,49.9653387,
19186,35.2580312,48.6364658,
19187,32.2287717,48.9497935,
19188,32.2276339,48.9494757,
19189,32.2281098,48.9492566,
19190,30.5933907,50.4175281,
19191,30.2630368,50.5398776,
19192,30.2629253,50.5398468,
19193,30.2646934,50.549385,
19194,30.2648617,50.549347,
19195,30.264993,50.5494388,
19196,30.2649093,50.5495449,
19197,36.3566342,48.3892915,
19198,29.5338818,48.3982429,
19199,29.5339678,48.3981269,
19200,30.5203465,50.4716765,
19201,30.4951924,50.4772446,
19202,30.4828037,50.4863097,
19203,32.6931536,46.7293439,
19204,32.6933067,46.7287393,
19205,24.9039684,49.807362,
19206,24.1778598,50.4891509,
19207,31.2670017,47.3880949,
19208,26.3078625,50.6758504,
19209,24.024527,49.8693704,
19210,22.7161226,48.4600198,
19211,22.7159659,48.4600613,
19212,25.6207346,47.9478071,
19213,25.6210962,47.9484321,
19214,23.0021926,47.9987622,
19215,23.0021808,47.9994273,
19216,23.0022702,47.9989638,
19217,26.2456426,50.3633598,
19218,31.2987909,51.4621576,
19219,31.3068616,51.4454602,
19220,31.3066527,51.4460977,
19221,31.3034318,51.4546789,
19222,31.3045064,51.4534878,
19223,31.3046624,51.4533117,
19224,31.3050485,51.4531712,
19225,31.3045683,51.4536977,
19226,31.3047399,51.4531038,
19227,31.3070984,51.4456598,
19228,31.3043109,51.4536008,
19229,31.3037024,51.454274,
19230,31.3041231,51.4537963,
19231,31.2291246,51.6010537,
19232,34.9967697,48.3777977,
19233,34.9972292,48.3783007,
19234,34.9980829,48.3795124,
19235,34.9970474,48.3783684,
19236,34.9970724,48.3781811,
19237,34.9968049,48.378241,
19238,34.997132,48.3782424,
19239,31.0126135,50.8088502,
19240,31.0122761,50.8085136,
19241,31.0111793,50.8071802,
19242,31.0105922,50.8070428,
19243,31.0108055,50.8066924,
19244,31.0100391,50.8057031,
19245,31.0091114,50.8043836,
19246,31.0102011,50.805423,
19247,31.0122556,50.8080084,
19248,31.0104962,50.8061498,
19249,31.0098463,50.8052365,
19250,31.00992,50.805415,
19251,31.012561,50.8086274,
19252,31.0206669,50.8188064,
19253,31.0209606,50.8191785,
19254,31.021734,50.8201664,
19255,31.0211489,50.8189048,
19256,31.0225533,50.8215872,
19257,31.0210684,50.8197658,
19258,31.0207517,50.8193607,
19259,31.0204966,50.8196743,
19260,31.0344631,50.8369168,
19261,31.0343104,50.8367184,
19262,31.0342216,50.8368854,
19263,31.0332303,50.8348845,
19264,31.0344799,50.8364416,
19265,31.0346365,50.8366553,
19266,31.0347418,50.8365156,
19267,31.0405091,50.8448769,
19268,31.0430565,50.847523,
19269,31.0431677,50.8476615,
19270,31.0431799,50.8475554,
19271,31.0462983,50.8521274,
19272,31.0536386,50.861534,
19273,31.0529811,50.8606819,
19274,31.0523994,50.8599281,
19275,31.0521377,50.8595889,
19276,31.0520307,50.8598124,
19277,31.053515,50.8615066,
19278,31.0529226,50.8607673,
19279,31.0515071,50.8584395,
19280,31.012223,50.8083522,
19281,30.9991371,50.7916274,
19282,30.996586,50.788375,
19283,30.9920413,50.7825711,
19284,30.9980162,50.7903251,
19285,30.9976383,50.7902136,
19286,30.9977311,50.7899505,
19287,31.0527596,50.8599393,
19288,31.0531923,50.8605053,
19289,31.0529245,50.8599775,
19290,31.0532459,50.8603929,
19291,31.056463,50.8651815,
19292,31.0563036,50.8649823,
19293,31.0561533,50.8651563,
19294,31.0574025,50.8659445,
19295,31.0575725,50.8661605,
19296,31.0575776,50.8660221,
19297,30.9756665,50.7617087,
19298,30.9750563,50.7609263,
19299,30.9750014,50.7610228,
19300,30.9753334,50.7615786,
19301,30.97592,50.7615822,
19302,30.9760262,50.7617172,
19303,30.9760616,50.7616301,
19304,30.9821911,50.7696193,
19305,30.982241,50.76976,
19306,30.981872,50.7692773,
19307,30.9873896,50.7763711,
19308,30.9876071,50.7766354,
19309,30.9895469,50.7790152,
19310,30.9899122,50.7794692,
19311,30.9904744,50.7801677,
19312,30.9907651,50.780529,
19313,30.9911382,50.7810118,
19314,30.990959,50.7802646,
19315,30.9877085,50.7764939,
19316,30.989681,50.7792494,
19317,30.9913897,50.7818125,
19318,30.9913346,50.781677,
19319,30.9916994,50.7821386,
19320,30.9903178,50.7804764,
19321,30.9900439,50.7801266,
19322,30.9894448,50.7793722,
19323,30.9891164,50.7789596,
19324,30.9878769,50.7774026,
19325,30.9875427,50.7769829,
19326,30.9870001,50.7763021,
19327,30.9863038,50.7754302,
19328,30.9856659,50.7746317,
19329,30.9852358,50.7740987,
19330,30.9846041,50.7733159,
19331,30.9843432,50.7729927,
19332,30.9841924,50.7732565,
19333,30.9854897,50.7743618,
19334,30.9862218,50.7756348,
19335,30.9867061,50.7761903,
19336,30.9877363,50.7771661,
19337,30.9893293,50.7791572,
19338,30.9899607,50.7803479,
19339,26.947352,49.4366269,
19340,29.9825754,50.4266497,
19341,30.6334896,50.4316775,
19342,23.5335102,49.0531746,
19343,36.4364229,49.9429333,
19344,36.4359818,49.9453639,
19345,36.4363396,49.9423476,
19346,36.4363018,49.9405182,
19347,36.4360369,49.9425359,
19348,36.4364242,49.9425921,
19349,36.4319501,49.9565553,
19350,36.431681,49.957302,
19351,36.4312018,49.9570549,
19352,30.3680605,50.3976128,
19353,30.3684936,50.3976045,
19354,30.2478666,50.5167989,
19355,30.4829402,50.5153283,
19356,35.5675144,47.9563409,
19357,31.0842163,50.9100712,
19358,31.0849128,50.9111037,
19359,31.0828012,50.9110607,
19360,31.0837668,50.9114346,
19361,31.0852833,50.9121672,
19362,31.0845101,50.9110775,
19363,23.112836,49.9554707,
19364,36.1786828,49.9474409,
19365,30.6280026,50.4639038,
19366,24.713907,48.940581,
19367,24.7128811,48.9399113,
19368,24.7089636,48.9380258,
19369,31.1377651,51.0036618,
19370,31.1376757,51.0033686,
19371,31.1372041,51.0035299,
19372,31.1375731,51.0030322,
19373,31.1378225,51.003259,
19374,31.1376623,51.0033246,
19375,31.1373575,51.0019848,
19376,31.1378661,51.0034087,
19377,25.1456014,49.4469066,
19378,25.145986,49.447058,
19379,25.1474272,49.4475719,
19380,25.1496517,49.4479136,
19381,25.1492036,49.4479153,
19382,25.1475291,49.447672,
19383,25.1474961,49.4473103,
19384,25.1475256,49.4475954,
19385,25.1474753,49.4480163,
19386,25.1474348,49.4476481,
19387,25.1473924,49.4471005,
19388,25.1475277,49.4476412,
19389,25.1490149,49.447836,
19390,25.1474312,49.4476116,
19391,25.1457053,49.4470276,
19392,25.1475527,49.4481899,
19393,25.1264298,49.4377538,
19394,25.1244432,49.437605,
19395,25.1262922,49.4379208,
19396,25.1277957,49.43842,
19397,25.1261581,49.4379591,
19398,25.1263678,49.4377007,
19399,25.1284093,49.4385329,
19400,31.6662043,51.1379462,
19401,31.6669493,51.1379413,
19402,31.6685578,51.1379117,
19403,31.6729457,51.1378729,
19404,31.6708956,51.1379319,
19405,31.6703636,51.1379473,
19406,31.6686449,51.1375725,
19407,31.668565,51.1379852,
19408,31.6685613,51.1379478,
19409,31.6686859,51.137983,
19410,31.6686882,51.1380125,
19411,31.6686406,51.1383243,
19412,31.668571,51.1380149,
19413,31.668128,51.1378854,
19414,31.6685567,51.1378771,
19415,31.6685655,51.1375748,
19416,31.669072,51.137867,
19417,31.6686824,51.1379514,
19418,31.6690837,51.1380046,
19419,31.668711,51.1383105,
19420,31.6681758,51.1380227,
19421,31.6686742,51.1378748,
19422,31.6686777,51.137909,
19423,31.6725208,51.1378655,
19424,31.6649303,51.1379473,
19425,31.6762269,51.1378001,
19426,31.6789279,51.1377167,
19427,31.6807493,51.1376736,
19428,31.6792117,51.1375374,
19429,31.6804836,51.1374755,
19430,35.7696895,49.9373406,
19431,35.769526,49.9368914,
19432,35.76942,49.9358261,
19433,35.7698135,49.9340031,
19434,35.7693613,49.9363177,
19435,35.7693146,49.9359428,
19436,35.7688785,49.9361276,
19437,35.7734249,49.9413228,
19438,35.7732802,49.9418914,
19439,35.7707648,49.9391483,
19440,35.7717963,49.9404857,
19441,35.7707509,49.9393322,
19442,35.7715346,49.940447,
19443,35.7716057,49.9402868,
19444,35.7714131,49.9400741,
19445,35.89061,49.7622217,
19446,35.8908902,49.7620509,
19447,35.8898067,49.7616913,
19448,35.8897443,49.762025,
19449,35.8894659,49.7622805,
19450,35.8900008,49.7626046,
19451,30.1282494,49.4198668,
19452,33.4444822,49.066884,
19453,33.4449331,49.0668694,
19454,24.7093333,48.9435366,
19455,23.8338722,49.251874,
19456,23.833686,49.2519638,
19457,28.7943979,51.3128673,
19458,28.7952991,51.3132066,
19459,26.5959751,51.3325173,
19460,22.8371085,48.0939344,
19461,27.641752,50.6243189,
19462,27.6420784,50.6254335,
19463,27.6596712,50.6224135,
19464,27.6607364,50.622947,
19465,36.2250063,50.0065164,
19466,25.6037073,49.5429728,
19467,25.603651,49.5437661,
19468,36.0923118,47.6211567,
19469,22.308851,48.6427039,
19470,22.3089516,48.6427783,
19471,22.3087032,48.6428677,
19472,22.3086586,48.6428055,
19473,26.9287571,49.3764327,
19474,26.9290184,49.3764751,
19475,26.928981,49.3765382,
19476,26.9287815,49.3768678,
19477,32.2170927,48.5046456,
19478,32.2171829,48.5042903,
19479,25.8753251,51.3681323,
19480,25.8750295,51.3680443,
19481,25.8758088,51.3679857,
19482,25.8754225,51.3679508,
19483,32.4171991,46.7132135,
19484,32.4165969,46.7135418,
19485,32.4152227,46.7142151,
19486,32.4146782,46.7144756,
19487,32.4122803,46.7155578,
19488,32.4152276,46.7147311,
19489,32.4142244,46.7146211,
19490,32.4119543,46.7156742,
19491,32.411637,46.7157366,
19492,32.4124492,46.7153196,
19493,32.4145529,46.7143185,
19494,32.4183616,46.712507,
19495,32.4121793,46.7154149,
19496,32.4163804,46.7136011,
19497,28.4675811,49.233194,Vinnytsia
19498,36.2390326,49.9883682,
19499,35.2461827,47.9514126,
19500,35.2462216,47.9510505,
19501,35.2464864,47.9514472,
19502,35.2466282,47.951538,
19503,35.2461697,47.9517814,
19504,35.2462034,47.951421,
19505,35.2462052,47.9514023,
19506,35.2460707,47.9513384,
19507,35.2466465,47.9265237,
19508,35.246633,47.9273755,
19509,35.2465191,47.9277194,
19510,35.2465181,47.9272764,
19511,35.2462555,47.9272801,
19512,35.2462238,47.9271999,
19513,35.2465186,47.9269537,
19514,35.2464551,47.9272454,
19515,35.2465179,47.9272228,
19516,31.2528623,51.2834804,
19517,31.2535342,51.2848173,
19518,31.254502,51.2876303,
19519,31.2562187,51.2919092,
19520,31.2567359,51.2931982,
19521,31.2535244,51.2851989,
19522,31.2542454,51.2863574,
19523,31.257074,51.2940382,
19524,31.2572242,51.2941716,
19525,31.2573541,51.2947339,
19526,31.2574639,51.2945257,
19527,31.4451109,50.0644948,
19528,31.299717,50.3429881,
19529,31.3005841,50.3434223,
19530,22.8177004,49.6956146,
19531,22.817741,49.6955455,
19532,22.8178235,49.6956048,
19533,22.8179691,49.6955895,
19534,22.818027,49.6955246,
19535,22.8178918,49.6959268,
19536,22.817852,49.6964388,
19537,22.8181258,49.6957822,
19538,22.8180178,49.6958489,
19539,22.8172876,49.6946106,
19540,22.8174768,49.694846,
19541,22.817007,49.6953735,
19542,22.8169576,49.6954505,
19543,22.8168672,49.6953856,
19544,22.8167244,49.6953944,
19545,22.8165147,49.6955064,
19546,22.8165794,49.6958147,
19547,22.8166748,49.6951432,
19548,22.8167923,49.6950469,
19549,22.8169188,49.6949433,
19550,22.81723,49.696164,
19551,22.817147,49.696134,
19552,22.8170008,49.696044,
19553,22.8170907,49.6961838,
19554,24.7256466,48.9441745,
19555,23.8340521,49.2516897,
19556,23.833704,49.2517692,
19557,36.3154216,49.9976157,
19558,31.8385648,51.0160507,
19559,31.8391359,51.0160041,
19560,31.8137702,51.0383427,
19561,31.8131687,51.0382374,
19562,23.8335696,49.2518618,
19563,23.8333733,49.2517428,
19564,23.8338829,49.2523287,
19565,23.8339087,49.2522534,
19566,23.8335675,49.2519632,
19567,23.8335275,49.251759,
19568,34.5512993,49.5966272,
19569,32.1124051,49.6549871,
19570,35.6575185,47.5565507,
19571,30.8297588,50.5052043,
19572,30.8263192,50.56934,
19573,30.8291303,50.5704449,
19574,36.1442027,50.0900765,
19575,36.1440004,50.0898423,
19576,32.5930493,46.6606941,
19577,23.9978936,49.8315601,
19578,22.3081327,48.6186969,
19579,36.3515743,49.9635838,
