node_id,lon,lat,city
0,-100.50542846317806,42.80752930679844,
1,-100.76314916011215,41.13597674334983,
2,-100.7711274202302,41.102193517091294,
3,-87.27431503977813,36.024391226761715,
4,-86.8823087876881,35.83010203399981,
5,-86.8497347781911,35.8315889482253,
6,-86.83531979367112,35.82882629772168,
7,-86.66020215024524,35.8513427692983,
8,-86.47502692026796,35.892637438883554,
9,-87.72756620180824,44.15165344247398,
10,-87.57300929215047,44.14818025349287,
11,-74.759202592537,39.143013260863654,
12,-74.64579990459447,39.31002800285745,
13,-74.56153888811575,39.40276377659058,
14,-74.55376039659603,39.41075048330853,
15,-104.4509711456777,42.757168066572895,
16,-104.19667547477326,43.8492472701431,
17,-104.0550276018353,44.17596576534144,
18,-103.86710892855658,44.29918258695536,
19,-103.73375762108599,44.47292342322322,
20,-120.54572888397281,41.50334684440531,
21,-121.60447751866154,40.93803795645644,
22,-122.2753769965475,40.629839815665335,
23,-123.36422174211405,43.1583213938869,
24,-123.00715881958324,43.998088630477085,
25,-123.04607660550116,44.0641135572828,
26,-123.04642495034584,44.070033501418685,
27,-101.5439119685191,48.31253384180011,
28,-103.62536056188273,48.343789743906804,
29,-103.74244059353867,48.14582077070859,
30,-117.78280704952876,41.39741458048273,
31,-119.30580041772954,41.993066490736666,
32,-120.34081073408947,42.25702885329837,
33,-119.05746740558277,43.58726023304949,
34,-117.85400742364077,42.77974379494989,
35,-123.06726408423226,45.61560259799643,
36,-123.92166857357638,45.936872578745806,
37,-123.93035154602907,45.16408803045694,
38,-123.83657544354008,45.45754686301472,
39,-123.90256603418048,45.7197982674287,
40,-123.71675042369303,41.9965396797178,
41,-124.14916245183667,41.79683131330601,
42,-124.02933743198967,41.34878993474753,
43,-116.91277320976982,43.97452080443923,
44,-117.02738844614527,43.25209749637586,
45,-117.74286537624643,40.96673914682941,
46,-107.18263427929209,41.78814834085335,
47,-109.91082422392542,41.54676170666876,
48,-110.54468121297135,41.75341645104267,
49,-110.72528703998718,43.325034464978394,
50,-111.04655702073649,42.20666761307273,
51,-110.5377348350092,41.74820666757098,
52,-112.43409601867539,42.90998838174008,
53,-112.51972258312419,42.90908569362117,
54,-113.49862844137446,42.56614267261387,
55,-113.72921771837737,42.57347315887173,
56,-114.4448306909022,42.643579120699634,
57,-112.20139235694347,41.71000158877915,
58,-113.50731141382715,42.56961586159501,
59,-114.04044592242195,40.74098186305963,
60,-111.95552219771383,40.77004656015408,Salt Lake City
61,-111.9061712935522,40.76703078041771,
62,-118.430556794499,37.89817668205089,
63,-117.88352952997991,38.030157863331716,
64,-94.71562243172835,31.352952047217684,
65,-94.81648257880725,30.99660631483846,
66,-94.9472565745479,30.710774165178425,
67,-95.0907268416843,30.350937026177895,
68,-95.52313886982797,33.99257567283362,
69,-95.49361676348884,33.871014058496016,
70,-98.64553576381314,37.01077689738662,
71,-98.88313186221997,36.42054643121886,
72,-98.92605323322375,36.14408904093946,
73,-98.30689768293071,35.623815026493475,
74,-98.2843241097815,35.54856433635464,
75,-98.33121216102599,35.53467158043024,
76,-98.39025637370425,34.73062833131182,
77,-95.39463087752824,35.7274335688799,
78,-95.53182184228065,35.45478823386562,
79,-93.24472689824368,37.121918944780894,
80,-93.2232896437658,36.751206241937815,
81,-93.21173160292348,36.49674492818769,
82,-86.80022474386159,37.385881307342544,
83,-86.50072588546631,36.955394559862285,
84,-86.48135552948325,36.943591695095435,
85,-86.43206671186779,36.91352760591652,
86,-91.3066874468046,40.006402393562624,
87,-91.31944416836876,39.935547356586106,
88,-90.76725187973035,39.67526228833384,
89,-90.29400714326043,39.680338775510585,
90,-89.70543884243244,39.74678313482246,
91,-89.64476651936087,39.73896684201992,
92,-88.58023409666181,39.09642688052133,
93,-88.96416160992881,38.62509011783949,
94,-88.96184071214614,38.346844757407894,
95,-88.95682517577792,38.31287202450351,
96,-88.92755299476919,38.26459811955417,
97,-88.9952801799001,37.604692213150194,
98,-88.95084313557518,37.74080519923182,
99,-88.90324067190166,38.27849087547848,
100,-94.35614737218724,38.6119170176615,
101,-94.32662526584811,37.832186091410485,
102,-81.60433402817547,38.37747676143909,
103,-81.58972823180375,38.39417220291284,
104,-81.3413934962968,38.53256187657197,
105,-80.75557884208254,38.61759245777356,
106,-80.43738900377646,39.02866590663539,
107,-80.27025803033979,39.28005861614842,
108,-81.54355322100668,39.99598282661937,
109,-80.75340272781243,40.06197341725979,
110,-73.70977547419514,41.02925654848875,
111,-73.36211355402598,41.14126467297089,
112,-73.19498648374501,41.19218768151966,Bridgeport
113,-73.0568159457533,41.24806745429645,
114,-72.66955537436361,41.67005991549686,
115,-72.37954409444394,41.34184355678539,
116,-78.43157589396472,40.4388144217062,
117,-78.43416747332384,40.42289692812846,
118,-78.51319583501994,40.04981725582602,
119,-78.23625759680277,39.98262876721883,
120,-78.24338668388246,39.984752236674765,
121,-78.29398833852832,39.99951076736497,
122,-78.38273516766344,40.00988708189604,
123,-77.170808293835,38.79252284467734,
124,-77.25470624551649,38.67380155392379,
125,-77.49376304691744,38.3416912066561,
126,-77.50164341516945,38.226130702699905,
127,-77.44930476428746,37.65549347889619,
128,-77.47123914069786,37.59079945722591,
129,-75.11641701152995,38.78383987222472,
130,-74.96706988534379,38.96965548271212,
131,-75.0955778776435,39.836216133489984,
132,-75.14072933439746,39.714355800019796,
133,-75.07245289934049,39.581005320271395,
134,-75.01232377740747,39.39301686623015,
135,-74.75694195198884,39.15547109319955,
136,-72.69039450825004,41.62490845874287,
137,-72.95581777064952,41.35390999212209,
138,-72.96711467523599,41.34916962148999,
139,-73.02458459875399,41.313256875164804,
140,-73.02983912801793,41.304423646136485,
141,-73.07418189065866,41.24285767082478,
142,-72.34481220463321,41.34010696229486,
143,-72.35094047098335,41.3386656856923,
144,-73.05160616228169,41.24285767082476,
145,-75.90309431574313,42.135467238960665,
146,-76.16795746093248,42.612958732757946,
147,-75.90135772125261,42.1528331838661,
148,-75.10274029061438,42.44213702925007,
149,-74.10677951945505,42.76022786752758,
150,-74.01951392028508,42.79334260886273,
151,-75.82321096917843,42.118101294055336,
152,-75.74174620918721,41.968384411207666,
153,-75.73712171891081,41.93880366372457,
154,-75.73368404301203,41.91679874722037,
155,-75.6096098468424,41.42520009233113,
156,-77.73172831427839,40.938953634980834,
157,-78.05921138076877,40.79833157690494,
158,-71.59113019574023,43.42575694542956,
159,-71.56753217267755,43.45441209265021,
160,-71.6364920768502,43.6161882563175,
161,-71.69706245966297,44.193331710246845,
162,-70.85828732073371,42.95861302747517,
163,-71.07400196151701,43.02515634714958,
164,-71.42441712464871,42.98466194483323,
165,-72.38996366138717,43.64456785123721,
166,-72.75126557219566,44.343854053497125,
167,-73.18706053254355,44.45382088382731,
168,-70.50963395728411,41.742864332337966,
169,-70.69845846675715,41.95978698104065,
170,-71.01979060835365,42.22750674695913,
171,-71.71269181007783,42.517518026878754,
172,-72.2865407518721,42.557117322806334,
173,-72.59314521677997,42.628660074273185,
174,-77.36704347126566,42.38380025110747,
175,-77.14128618749587,42.19798464062001,
176,-72.32744625972785,43.62720190633179,
177,-72.08654218661577,44.15416356788294,
178,-72.01835915366928,44.413603376654045,
179,-89.93651439377106,46.478690059793294,
180,-89.17985668389996,46.531938086472685,
181,-86.97909397638688,45.9403457677269,
182,-87.33509584694693,46.478690059793294,
183,-86.25667066832358,43.22257539003679,
184,-86.2010996446264,43.23646814596108,
185,-87.91164521780514,43.01939383464398,
186,-87.89797049076081,43.021166473366506,
187,-84.70762838276474,44.58406547061764,
188,-84.50563970733118,44.3141337493705,
189,-84.02341015349324,43.98841356036346,
190,-76.83897495756739,42.16465252902325,
191,-76.78181112795475,42.07815962077295,
192,-84.98201031226955,42.28481436514687,
193,-84.9698541508358,42.285230823463394,
194,-84.43498304775046,42.2778679871847,
195,-77.64837177873261,43.04891594098308,
196,-77.97648945512798,43.03317088115724,
197,-78.78123280568823,42.97610031476877,
198,-79.17831152489555,42.524464404840906,
199,-79.7241987257427,42.24798277512989,
200,-79.1852579028577,42.524464404840906,
201,-78.82458913691475,42.74648476799156,
202,-78.80995949494657,42.76986291102612,
203,-78.80320711493961,42.80981543250005,
204,-78.80320711493961,42.8144756847606,
205,-78.48193713419029,35.36448532035769,
206,-78.3770498227628,35.232129249572274,
207,-78.34374661926525,35.21539129027797,
208,-77.87772462371643,34.30826874844457,
209,-77.8999704523761,34.25692139628067,
210,-77.87586565699294,34.24438187396148,
211,-82.06626816265825,39.3256573532722,
212,-82.08435456976444,39.34776878381133,
213,-82.59975102442993,39.71445522698292,
214,-82.89947842943137,39.90124779884412,
215,-82.9276190299645,39.9282556414884,
216,-81.52445068161077,31.825305748643682,
217,-81.43111421265307,31.797978208251042,
218,-81.37599851108202,31.799099505181793,
219,-81.36815717746245,31.799256831285597,
220,-80.81939331845282,28.412897574738835,
221,-80.7017845400194,28.078283548017087,
222,-80.51846394671776,27.639512136802715,
223,-80.38784515197585,27.41596308286729,
224,-80.3939276682713,27.398726392265353,
225,-92.99986707507799,30.2397949787836,
226,-92.98921986264381,30.240155401533546,
227,-92.01521799894363,30.260634112669994,
228,-94.13907306087015,30.05918915176776,
229,-94.13866840294114,30.068095083296715,
230,-94.13644508558258,30.097419242370375,
231,-93.30182242357844,30.22791208890122,
232,-93.180943361643,30.242979505936564,
233,-93.16229776372408,30.243935214729674,
234,-92.41463473176708,31.3355861023123,
235,-91.98727996616971,31.565300895327287,
236,-79.84863699824275,34.19575722822644,
237,-80.02021932970209,34.21082183486491,
238,-80.280727101117,34.193790651492804,
239,-80.5924333589034,34.216606649958926,
240,-80.68654913914473,34.20188816669613,
241,-80.94269152728094,34.072459019398295,
242,-83.36808146554814,35.43808199276754,
243,-84.31689462239396,35.022376205721926,
244,-84.49055407144755,33.76334520008279,
245,-84.60582978825241,33.77531676104428,
246,-84.9376886794591,33.71996071097451,
247,-85.15084585744239,33.68628842353473,
248,-85.58596152145768,33.64577369158111,
249,-85.62070198111562,33.64459898283166,
250,-85.672097714163,33.638864753552674,
251,-85.747657927931,33.621027978378834,
252,-85.82946842365152,33.605315101443914,
253,-79.25993146595077,33.36740165624041,
254,-79.24950798056862,33.3674020502619,
255,-78.93001502786409,33.719906004200446,
256,-77.99742727133051,34.23222571252772,
257,-78.27490901128039,34.016959209074024,
258,-78.60002555954678,33.900536164835195,
259,-80.85065201928249,35.81252669891621,
260,-80.86257691831875,35.77582525802622,
261,-80.8419690468298,35.3644853203577,
262,-80.85412520826357,35.27244581235924,
263,-79.77917321862128,35.468680989789895,
264,-79.72707538390517,35.23771392254848,
265,-79.79132938005503,34.9529124261005,
266,-79.77422314963952,34.93736183427915,
267,-79.48765067694373,34.765141912681436,
268,-79.48152030944787,34.76051210691797,
269,-79.4642168428551,34.75518602701862,
270,-79.37752682747553,34.75940630697737,
271,-79.36527936003857,34.75544517592565,
272,-79.30716230141763,34.70346761817016,
273,-79.10363796180246,34.602120339012025,
274,-77.5528590817531,36.70339967256161,
275,-76.93995142755465,36.65918166136269,
276,-76.62725421829697,36.720765617467016,
277,-81.12677054327784,37.26779288198606,
278,-81.18755135044663,37.260846504023846,
279,-82.17741021005261,36.628726109468495,
280,-82.37017219850219,36.3543441799637,
281,-82.2572935566173,36.5957308141483,
282,-82.26694915747328,36.58930048977991,
283,-82.52705641219492,36.455142887814205,
284,-83.05425779060299,36.228421657135385,
285,-83.27648263908203,36.14868760273418,
286,-83.3843433809757,36.06954268351562,
287,-87.41324259902107,39.43158961719488,
288,-87.49778674968546,38.70001079544215,
289,-87.50335423424062,38.665211036462644,
290,-87.54696037479242,37.92943538288055,
291,-87.47292658565745,38.17319877599594,
292,-87.56085313071671,37.81134695752409,
293,-87.12100462994947,37.731464086286344,
294,-89.54057084992867,36.87184933814361,
295,-90.44186339051727,36.802385558522154,
296,-90.50264419768607,36.8475370152761,
297,-91.93533465237893,36.97430841308534,
298,-88.71742506141422,34.28953333071541,
299,-88.71863100303261,34.25661951163071,
300,-88.66011744322651,33.49069986506845,
301,-82.3892747378981,34.85566313463037,
302,-82.43095300567099,35.22555776111477,
303,-86.93220592514238,34.7931457329711,
304,-86.89956352745945,34.6286151406766,
305,-92.47020575546426,39.75112300345369,
306,-92.42643342925453,39.44468618010153,
307,-92.29480971192004,38.960972510259424,
308,-89.33044291657372,36.090381817402076,
309,-89.15157368404843,36.34218801852993,
310,-88.70526889998047,34.28258695275328,
311,-88.52987285643624,34.92860010323297,
312,-88.51598010051195,34.99806388285442,
313,-88.8528794316761,35.65449660027732,
314,-86.57446746009181,36.64261886539277,
315,-86.73076096424013,36.26925104992738,
316,-89.63434695241766,36.116430734760115,
317,-89.74515917036062,36.20756860635392,
318,-93.21694138639509,36.501954711659316,
319,-93.18415289332108,36.29498519637976,
320,-92.42331770421977,35.10746933575826,
321,-84.1119764725106,37.14970445662954,
322,-84.62181722659386,37.09952279494603,
323,-84.19359641356584,39.86400164533852,
324,-84.22138192541443,40.15018463372919,
325,-84.17441595251415,40.55469068903518,
326,-84.07478198620939,40.73094567022925,
327,-84.00430761409733,40.81044564268116,
328,-93.19957544148973,38.96444569924051,
329,-93.2464610458593,38.705025646804174,
330,-93.20999500843294,37.92943538288055,
333,-84.74236027257547,43.82691027274359,
334,-83.94873659040015,43.5924700165211,
335,-89.68991797611484,47.95826856573065,
336,-89.5592314523504,47.92552607378834,
337,-85.54814011618456,43.88942767440289,
338,-85.515131717085,43.88266170955944,
339,-84.91212910290956,43.864625304134904,
340,-84.90386356019539,43.8651153515353,
341,-104.02550549549613,41.993066490736666,
342,-103.6764500028982,41.89755379375725,
343,-104.19395516107818,42.069476648320254,
344,-106.83108900139763,41.74379680646317,
345,-105.58980896739166,41.2978519010513,
346,-104.85212447299169,41.11608627301559,
347,-103.70770870372795,39.2735595185561,
348,-104.75713264220508,38.81683946606219,
349,-104.80697301623773,38.81683516754484,
350,-97.16943044685686,33.209371557601514,
351,-97.13908835436949,33.191395616248684,
352,-96.97574806399996,33.00203235844756,
353,-96.92949042323313,32.96946388884214,
354,-96.88332318414561,32.91738454714057,
355,-92.27049738905254,34.709789197425344,
356,-93.07176809137074,34.1861069123062,
357,-93.61196677128555,33.68267350210666,
358,-93.99180898755675,33.484707492670026,
359,-94.04529695838114,33.469860731182045,
360,-94.68464708401574,31.618637786986046,
361,-94.68183462576643,31.917007958294946,
362,-94.79203258931197,32.146575729393,
363,-96.69360355644977,34.7549406541793,
364,-96.96913143354952,34.512644406689056,
365,-97.18679639176223,34.50660764203251,
366,-96.76769719849968,32.89970158203527,
367,-96.76699227567754,32.91485939696259,
368,-96.71196989525642,32.99849076187195,
369,-96.70777628318318,33.006035690225225,
370,-96.70575971788355,33.03274496543866,
371,-96.64741608624809,33.15419710431447,
372,-96.63606815927267,33.21492604992057,
373,-96.58768090506823,33.420933733721604,
374,-96.60848181625613,33.54276018218895,
375,-96.60217067166624,33.57289751725785,
376,-96.60851042641347,33.66956909759372,
377,-100.64261942793047,30.57843090443823,
378,-102.09345359374937,30.86867542601064,
379,-102.64491287551941,30.877125156810607,
380,-100.44317269857483,31.45641170562442,
381,-100.45066374048822,31.46526434014789,
382,-101.49007753931244,32.262927560258966,
383,-103.02696366343751,34.40935835056246,
384,-102.32703249169853,33.914314777900024,
385,-101.90970392598689,33.61371269625739,
386,-101.86865513824947,33.591422345519646,
387,-98.1106646607278,32.61198305285686,
388,-98.18620585479587,32.21843149683039,
389,-98.1819806157734,32.21033334514747,
390,-98.02402518993254,31.982103694672013,
391,-98.16554018330265,31.48119976271017,
392,-98.18852460674316,31.085905433594316,
393,-98.18186503483982,31.0542577948453,
394,-97.11733261214076,31.559606791591502,
395,-96.60851042641347,30.90317407416865,
396,-96.51820751290556,29.694504308755025,
397,-96.90199489531419,29.69624090324556,
398,-97.74771641220563,26.294252296283975,
399,-97.62268160888696,27.865870310219716,
400,-97.71993090035704,26.18832003236119,
401,-96.96624889146406,28.775845823261072,
402,-95.8548284175205,29.51563507622975,
403,-96.87853221383011,29.92946446210048,
404,-97.63198216461004,30.194924553759503,
405,-97.68330581438964,30.220568232377893,
406,-97.75292619567723,30.213746061425518,
407,-121.17263949505659,44.271478462321014,
408,-119.11477502377049,44.42603537197879,
409,-122.01141463398588,44.413879210544984,
410,-123.06031770627011,44.6292169273716,
411,-122.87623869027321,42.343858577825124,
412,-121.80128670063094,42.19103826265789,
413,-119.76252476874072,39.16589066014273,
414,-119.22524014555961,39.414511326556315,
415,-118.94718420764507,39.51611039897007,
416,-117.21667724561375,38.0579433751803,
417,-116.40255230371567,36.64064563068339,
418,-116.12256020861342,36.56397464395911,
419,-115.29791296332502,36.31440349939829,
420,-115.29426714458953,36.31092931770029,
423,-96.40011908754906,42.493205704011274,
424,-96.37935266277758,42.49320626437528,
425,-96.32301726383983,42.47884602459597,
426,-95.54462090943696,42.47416944363838,
427,-95.14803445987202,42.47931294808702,
428,-89.18630557385916,37.09760662191342,
429,-89.20154906831537,37.041264732483604,
430,-89.20888130223614,37.01945986983924,
433,-123.99981532565053,40.44055101619681,
434,-124.09205790743228,40.91821607398623,
435,-119.77120774119341,39.11900260889827,
436,-120.80507923991894,38.732558068154695,
437,-121.47307034191948,38.556345993964484,
438,-120.43064384669609,37.867433927790515,
439,-119.78469311048961,37.750706245776826,
440,-119.11303842927995,37.946801327785934,
441,-118.77961228709687,39.475004479458335,
442,-114.8740112778796,39.250983790179085,
443,-117.20973086765161,38.05447018619922,
444,-118.39582490468825,37.36330557896552,
445,-111.68562379325402,32.820374391721295,
446,-110.98894312781798,32.25994346553193,
447,-110.97014686315288,32.19693696961855,
448,-102.6431762810289,32.71965191127017,
449,-103.12752573069628,32.695217530400626,
450,-104.22270659899903,32.4180439724245,
451,-103.85184604644246,44.68478795106875,
452,-103.41248764033668,46.179995807421044,
453,-92.1836676645257,38.573711938869735,
454,-95.17581997172061,35.48604693469529,
455,-94.791357172405,35.46051225826091,
456,-94.51113742126792,35.40553645510934,
457,-94.44471369120463,35.468680989789895,
458,-83.67782784987641,32.84989649806035,
459,-83.6844616589454,32.85803594577607,
460,-84.18555693578712,33.423865719149696,
461,-84.40017110624458,33.628451464019946,
462,-84.38809499650597,33.73903287721525,Atlanta
463,-80.16817038450152,26.943738635744726,
464,-80.09870660488005,26.678039678692603,
465,-80.25127038336564,27.087695910625012,
466,-80.2415864180172,27.066381486138333,
467,-80.19751195102619,26.986608859326896,
468,-80.17343348722275,26.95650988464506,
469,-81.9690188711882,28.08468121602739,
470,-81.95758640320575,28.066716216131958,
471,-81.95533785893079,28.055668806694733,
472,-81.92059695998604,28.018409295984156,
473,-81.83039434950472,27.9015916053968,
474,-81.33008108074311,27.208209033129986,
475,-80.71310574141998,26.660898790259477,
476,-81.54516991991194,28.544515192599192,
477,-81.55274460094712,28.54397543328586,
478,-81.64482244533532,28.547788092997077,
479,-82.04579448373697,28.83533227474346,
480,-82.08884389103522,28.85746576431627,
481,-81.14066329920213,32.24903480433467,
482,-81.08134459014879,32.27243867911547,
483,-81.05324869428688,32.309842898719275,
484,-80.88364731460268,32.63108559225274,
485,-81.24833215761542,32.075375355281004,
486,-81.19642233197678,32.19478061418189,
487,-82.36496241503059,31.212287893484216,
488,-82.84990879483043,31.303786420029066,
489,-83.23959654997,31.402220328471458,
490,-83.48342885255006,31.447065739092093,
491,-83.53021731818077,31.45193793317827,
492,-83.3183527903353,30.81981753862284,
493,-82.75395958091082,30.26584389614173,
494,-82.9331741986073,30.449003123109772,
495,-85.70269702584233,35.043215339608345,
496,-85.67541851536512,35.04914785382574,
497,-85.4699933641104,34.98417112693013,
498,-67.36946898924526,45.1119901957408,
499,-67.2913222371711,45.19187354230545,
500,-67.40246428456545,45.57045114124255,
501,-67.73589042674853,45.41589423158474,
502,-71.53729576653359,43.17047755532068,
503,-71.69024493889769,43.18102802099713,
504,-72.2072276141334,43.63510594403873,
505,-72.28347558986373,43.63691791266571,
506,-73.0457896861162,43.15622901720646,
507,-73.19581574371664,42.877899382309,
508,-73.20963626092053,42.72243617676214,
509,-75.23450543688645,43.10448696468023,
510,-76.04428818281218,43.09448061274441,
511,-76.16358348932364,43.095803992227616,Syracuse
512,-73.41229381866768,42.33668723765559,
513,-73.55000878106576,42.423741924389894,
514,-77.69543059563811,42.90600300533349,
515,-77.73925923209718,42.824810340195796,
516,-77.39830217209533,42.39421981805063,
517,-75.459420724287,42.04872840549068,
518,-74.5008754891412,41.56334066419868,
519,-74.36968138059912,41.446039226217565,
520,-80.12301892774757,42.03127156952852,
521,-80.56758711732499,41.92360271111523,
522,-80.18095202024271,41.8792420909679,
523,-80.20393922672964,41.622171803110334,
524,-80.18773679656475,41.508633814157456,
525,-80.16630222066061,41.266090409726,
526,-80.15948741204883,41.19944280856136,
527,-80.9600574721863,41.21507215897617,
528,-80.69350364860992,41.15346698534755,
529,-80.62556190955921,41.02401170126611,
530,-80.62836792449377,40.95805617437675,
531,-78.4263661104931,41.050095682375186,
532,-76.83564555716138,40.29120389001061,
533,-76.84264792767107,40.30259742114981,
534,-77.02282980983114,40.37419634207152,
535,-77.57876258894791,40.611588029495316,
536,-77.63274242831778,40.780923536341994,
537,-80.36440556193219,39.285715679989856,
538,-81.50013835874326,39.268349735084456,
539,-79.51694745055022,39.648663928512015,
540,-79.95430635684058,39.593272876924736,
541,-79.9736718015614,39.56878058194735,
542,-81.06077995263745,36.9534692791989,
543,-78.11898888566809,36.715555833995325,
544,-78.19366244876117,36.534950006979464,
545,-78.55094767138729,36.31346286920992,
546,-78.86614027083941,35.99798902408602,
547,-79.15573579651857,36.057386522081885,
548,-79.34676119047761,36.581838058224,
549,-78.90029318144249,36.69031599388775,
550,-78.88751798402227,36.69251673757517,
551,-78.53975502864445,36.637314096736915,
552,-78.0912033738195,36.75723410176817,
553,-77.58585437707329,36.534950006979464,
554,-77.55112248726256,36.70860945603317,
555,-77.35891845828442,37.15525130823554,
556,-77.35883166027952,37.16013113520989,
557,-79.18352130836715,37.36156898447505,
558,-79.12003649315838,37.37238010584767,
559,-78.4606592784176,37.315433449188546,
560,-78.18810483819077,37.1904306484256,
561,-77.47664564442522,37.19867005027661,
562,-77.42608768394392,37.20353888583617,
563,-79.98235477401408,37.359832389984504,
564,-79.86908408545268,37.29542039644242,
565,-79.19394087531039,37.34420303956967,
566,-78.57397664218874,38.02321148536955,
567,-79.03613759142692,37.587971241297986,
568,-79.04300263483896,37.57805265879693,
569,-80.23242438065138,37.78529804016605,
570,-79.3875306152309,37.82310372357969,
571,-79.37628329681674,37.81829333548621,
572,-79.91381575596849,37.4043546820794,
575,-76.97808988240003,42.95221798631518,
576,-73.19748009948678,42.743275310648585,
577,-73.23427173333197,42.69249724111312,
578,-73.25791633360227,42.4452608690522,
579,-73.26694387910827,42.312599876995435,
580,-72.0704302751284,42.13199404997956,
581,-72.61071800144323,42.15881549817928,
582,-72.63140053418124,42.153947667835936,
583,-72.64350645700554,42.151096589375584,
584,-77.07876878583654,41.298428694521974,
585,-76.8066700897474,41.238284119182715,
586,-76.82575120363562,41.048056656263356,
587,-78.61565490996162,42.0000128686988,
588,-78.68382626466898,41.71773133307054,
589,-78.72757293205336,41.423574932481635,
590,-78.78236798105316,41.154291351807366,
591,-78.18324288181795,39.707708141190224,
592,-78.7915249583525,39.6422473235979,
593,-79.10244051173517,39.69381645421026,
594,-79.25067094870448,39.69115491370678,
595,-80.77424186169887,41.81940704168299,
596,-78.81015349290173,42.81273909027007,
597,-78.76766422743384,42.76443838514749,
598,-78.7073366198825,42.151761287654494,
599,-78.64517701630075,42.09031578220678,
600,-79.092444573398,42.13284931452213,
601,-79.76354386820644,42.126784266508075,
602,-83.03007810490618,39.047802234786204,
603,-83.730804854523,38.96490623964024,
604,-83.91993361554219,39.03824591058773,
605,-84.28216273258322,39.099900069502375,
606,-82.98666324264276,38.73695182098018,
607,-80.75861251128404,41.82288023066406,
608,-81.43091422456932,41.58658556570307,
609,-81.43533377195251,41.52029660860792,
610,-81.50133506012911,41.430788331311,
611,-81.50882133119593,41.41651711987847,
612,-87.18574872076076,41.56933743504569,
613,-86.89723891295354,41.58262290651457,
614,-86.75310733532893,41.64593374800104,
615,-86.67183521756698,41.67860437639692,
616,-86.3382906093788,41.730840722665604,
617,-85.65754556908837,42.255292258807756,
618,-85.65026591917892,42.25893298730879,
619,-85.53148734350347,42.27155839877987,
620,-85.17942392091352,42.272328641561714,
621,-84.9698541508358,42.31433647148599,
622,-83.67782784987641,43.01071086219125,
623,-83.07141327479714,42.99635417422583,
624,-82.48652402936816,42.974242377890015,
625,-83.96262934632445,43.597679799992726,
626,-83.94937135170649,43.59723212382074,
627,-83.86676807843213,43.59441276412176,
628,-82.90574663977887,44.04053643596967,
629,-84.73194070563225,45.74237399580563,
630,-84.69720881582151,45.02770046006328,
631,-83.29824643663156,44.723586703363154,
632,-83.45542653038962,45.06193291179542,
633,-84.72673092216064,45.758003346220484,
634,-84.80755639130555,44.33560878980871,
635,-84.78577513483889,43.86511535153533,
636,-84.96811755634526,45.36726958584971,
637,-84.9750639343074,45.36032320788762,
638,-85.26333861973652,45.30648877868094,
639,-86.28271958568162,43.957154859533844,
640,-85.49243421287585,43.424992991686736,
641,-85.57627098036453,43.220171080962835,
642,-85.67838470297481,43.01418405117231,
643,-85.40921255694163,44.21243424964269,
644,-85.4143728666687,44.20663287909431,
645,-84.96811755634526,45.36032320788759,
646,-84.89785366633937,45.066560163180384,
647,-86.41296417247187,43.95368167055271,
648,-85.67838470297481,42.97076918890892,
649,-86.06764942244517,42.73893430085776,
650,-86.3764956881706,42.13373064447009,
651,-86.72207799178744,41.79683131330601,
652,-86.39231862611618,42.11976115534907,
653,-86.70818523586314,41.79683131330601,
654,-87.32988606347529,41.58670337995104,
655,-83.57710536942528,41.67874288794954,
656,-83.58057855840634,41.57281062402678,
657,-83.24194263275167,40.82954818207703,
658,-83.24663742743297,40.83369235019913,
659,-83.3973278642424,40.94270318609927,
660,-83.65148055984747,40.9893196797959,
661,-83.67008485564014,41.03505866224293,
662,-83.67088147191426,41.039676115431966,
663,-81.80751558356828,41.33316058433273,
664,-81.90139331547041,41.030927015303995,
665,-82.25030892328067,40.85775110463429,
666,-82.41532365525615,40.779186941851464,
667,-81.79362282764397,41.15602794629796,
668,-81.62817834094969,41.23309964166525,
669,-81.58523148877956,41.249804048786984,
670,-80.36093237295111,40.82433839860541,
671,-80.36435935501768,40.80428025600871,
672,-80.33598092102454,40.66444249534451,
673,-80.1525410340867,40.438814421706226,
674,-80.11100751562269,40.43073845978272,
675,-78.49756648460512,40.04981725582602,
676,-78.54404723127982,40.04905323955272,
677,-78.60398031287794,40.04824762707288,
678,-78.63487642744948,40.05056910426386,
679,-78.82312898228491,40.05611399283342,
680,-79.04285715463367,40.002929204581534,
681,-76.66198610810771,39.72160089711453,
682,-76.72025538373315,39.9827524385344,
683,-76.83776879367424,40.199179721270724,
684,-76.840855340633,40.20437416548376,
685,-82.60808564370573,35.55724730880728,
686,-82.49818435959855,35.56370287696474,
687,-82.48301045657608,35.56977457399905,
688,-81.98523644706385,35.630023909198876,
689,-80.84370564132034,35.810790104425664,
690,-80.30015156578231,35.7934241595203,
691,-80.17226451013086,35.8060516774328,
692,-79.95630908991166,35.904496236211415,
693,-79.84925782609777,36.00873385699584,
694,-79.81216851394147,36.03133760472384,
695,-80.23416097514192,36.09732819536425,
696,-80.23475027487588,36.09261795411285,
697,-80.46155976203094,35.65977378368723,
698,-80.6091443160932,35.44703974108466,
699,-82.70880812415687,37.61858496907447,
700,-83.25062560520435,37.260846504023846,
701,-82.59766607676252,38.38094995042018,
702,-82.83010734317295,37.825786505035126,
703,-82.77159230207477,37.66814538206274,
704,-82.22256166680657,37.365042173456125,
705,-81.29960094002683,37.23914410434286,
706,-81.27534860196123,37.237718037600935,
707,-81.25298767521258,37.23729864654209,
708,-81.23827528281912,37.24220679474281,
709,-81.20869767435687,37.25206668729961,
710,-81.1973573019645,37.255844460363285,
711,-80.91837920441343,36.94825949572724,
712,-80.77668303504085,36.744735812831316,
713,-80.70998786554901,36.65651162131711,
714,-85.35190493875389,32.64324175368653,
715,-85.50045472507549,32.57172549703866,
716,-86.10819534988434,32.36353680505984,
717,-86.24104131790874,32.328918150899405,
718,-84.94380523347776,33.061761025905874,
719,-85.01925330320678,33.00998417582575,
720,-85.18519186766235,32.85684287602257,
721,-85.18991089061029,32.85317316804515,
722,-85.33146473783899,32.67280464839258,
723,-87.4427647053602,37.213958452779394,
724,-87.46746282032939,37.2139589445336,
725,-88.0646315245744,37.105132828081416,
726,-88.09051445033043,37.08545046047968,
727,-88.33711086798667,36.98820116900958,
728,-87.45839405577503,36.706872861542685,
729,-87.73243928828151,36.883664123800415,
730,-88.08704126134936,37.08024067700807,
731,-88.28501303327057,40.147066547296106,
732,-88.30411557266646,40.119281035447514,
733,-88.2676470883652,39.79210500979092,
734,-88.52183754393819,39.151817315211076,
735,-86.8106443108048,38.67964420279244,
736,-86.91684963354527,38.677321106242616,
737,-87.47228681169933,38.67617101381136,
738,-86.51021346394194,38.78036668324361,
739,-87.4514476778129,39.4506921565908,
740,-87.43943457906174,39.467915380327454,
741,-87.23603961734452,39.76214371471474,
742,-87.24826612242009,40.12622741340959,
743,-89.59266868464478,39.80148424367923,
744,-89.009869137355,39.89595564426463,
745,-88.95631785377819,39.916896588377924,
746,-92.23229231026072,34.780989571537326,
747,-91.1967362928453,34.9102901249696,
748,-90.40022911661252,35.14445472426497,
749,-90.19179378387997,35.173459926398635,
750,-90.58426413874129,36.41338839264196,
751,-90.96457833216887,36.26498153901588,
752,-90.9767344936026,36.04870354962923,
753,-90.43491701255513,36.79543918056008,
754,-90.45659421674414,36.72915477194459,
755,-84.25437722073463,35.87157091159447,
756,-84.30386092335408,35.85280149861442,
757,-84.58838281369695,35.90939044023157,
758,-84.85289709718388,35.89638348316518,
759,-84.88800875836688,35.90936574493635,
760,-85.03978041524796,35.99165826891629,
761,-85.47786186943958,36.139827518184,
762,-86.26723156394955,36.186563690000476,
763,-86.29835215264904,36.18233745673938,
764,-86.67692701951881,36.14769273274717,
765,-86.72728777525904,36.147689435589804,
766,-77.0718224078744,35.11267911922987,
767,-77.45387319579251,35.218611383152634,
768,-79.89031526601563,32.803008446815895,
769,-79.84627921173612,32.812929686551776,
770,-88.85635262065716,35.66144297823953,
771,-88.84266508829845,35.76315862931174,
772,-88.75502606286472,35.91519889346181,
773,-88.88240153801522,36.52279384554577,
774,-91.5185519746501,39.93693861394107,
775,-91.39699036031251,39.71639111364296,
776,-93.62295708571081,37.88430171721552,
777,-95.40505044447147,37.92248900491846,
778,-95.53083118950755,37.346776764376024,
779,-95.58103714169779,37.20984163671501,
780,-95.92255560265143,37.01772327534873,
781,-87.5226480519249,33.17116647880973,
782,-87.52382366587771,33.20291450856268,
783,-87.52402768498146,33.208421389663464,
784,-87.59525531478445,33.24237185010164,
785,-88.27806665530841,33.49069986506843,
786,-92.07599880611241,32.495631221990884,
787,-92.08155121609718,32.480946723595764,
788,-92.32320137878989,31.81772654534491,
789,-90.405394906216,38.19860752891378,
790,-90.38117615154921,38.44025601334967,
791,-90.33083694189665,38.50998597244884,
792,-90.19700356735159,38.625809773585814,St. Louis
793,-89.61073720719881,37.352621954523606,
794,-90.31598077697491,37.56143157887564,
795,-93.24125370926261,37.245217153609,
796,-91.76233432712839,37.970824636412864,
797,-91.61847497486767,38.00494274167672,
798,-90.49283948375967,38.537045317776766,
799,-90.41885080583339,38.537940677914975,
800,-90.40547993713338,38.536749330019404,
801,-93.5764164459362,41.64401099813879,
802,-93.0772564358982,41.68616325417407,
803,-92.55152638022538,41.68776381259989,
804,-91.62969402204445,41.68568926591172,
805,-92.9668717797578,44.95126425815999,
806,-93.0045370416772,44.885875765176706,
807,-93.06161233613032,44.873116931639494,
808,-93.13777286362583,44.853953745783045,
809,-93.28119538254495,44.74556875823755,
810,-91.76688498679685,45.410684448113166,
811,-91.42998565563272,44.92617458525336,
812,-90.44186339051727,43.98841356036346,
813,-89.49368279868418,43.470908402183504,
814,-89.28529145981976,43.09927718120866,
815,-89.3151689776797,43.10149230740868,
816,-89.45026793642076,43.031549996077715,
817,-87.73016134853684,44.10969959159342,
818,-87.73896798920205,44.07211028279524,
819,-87.81319969152557,43.751265970974025,
820,-87.92569841230612,43.221666948624325,
821,-87.93786661991797,43.058187904091625,
822,-87.93670184564604,43.043048342487594,
823,-87.93074775720105,42.965559405437304,
824,-89.4433215584586,44.894915884423696,
825,-88.0569421715155,44.5137680804684,
826,-88.0366800211238,44.4989723405813,
827,-88.46214567130532,44.278424840283094,
828,-88.46310376147844,44.27316330906914,
829,-88.47298242164362,44.21886808351831,
830,-88.5889170691145,43.94673529259064,
831,-88.46191734425445,43.73823082819552,
832,-88.18519800540454,43.276756923157464,
833,-88.05057277704809,44.65352925023909,
834,-88.2259688205923,44.31836651356549,
835,-89.6551860863041,45.21792245966351,
836,-89.65865927528517,44.94354053015874,
837,-89.63434695241766,44.87754993951834,
838,-89.67776181468108,44.95569669159247,
839,-91.353869245452,44.9191517645002,
840,-91.33855543244503,44.91985159353898,
841,-91.22132774860013,44.925762950935585,
842,-91.21514924110593,44.92988108542996,
843,-91.1589343122063,44.93736563283109,
844,-90.31602354176466,44.94544570561498,
845,-89.4902096097031,43.45875224074974,
846,-89.52186600765367,44.03645674780754,
847,-89.57819618956084,44.521749619725824,
848,-91.44040522257593,40.51522457928982,
849,-91.54724499060005,40.9895540701744,
850,-91.45950776197184,40.360667669632065,
851,-91.5185519746501,39.926519046997846,
852,-91.1356171201859,40.81702957062951,
853,-91.09829610794019,40.81391883166225,
854,-98.52744733845664,46.00112657489561,
855,-98.71326294894408,46.88331657608832,
856,-96.37580676468154,42.441107869295166,
857,-95.92106631505307,41.54155196991726,
858,-95.9069262522366,41.48945408848103,
859,-96.08753207925243,41.53981532870663,
860,-93.57467985144567,42.444581058276235,
861,-93.2617369482055,42.4450814823266,
862,-92.56050866897218,42.47757635359644,
863,-95.14108808190987,42.42374192438982,
864,-94.18530165937607,42.44949649894413,
865,-93.9063693991382,42.444581058276235,
866,-92.34517095214561,42.45673721971002,
867,-92.30976713403221,42.46016185774407,
868,-91.34836571457748,42.46021040869113,
869,-91.63764411448112,41.70317987872626,
870,-91.65628442155662,41.92690484196566,
871,-91.66982160361269,41.97851397459303,
872,-92.25313144414716,42.46368359767221,
873,-92.67359911612814,43.06414806675309,
874,-92.94255945689028,43.503903697503716,
875,-93.5382113671444,44.81155934887797,
876,-93.4201229417879,44.86365718359401,
877,-94.2884201870563,45.5183533065264,
878,-93.4234285159988,45.08759469685569,
879,-93.98277955672182,44.18638533228463,
880,-93.51042585529581,47.22716228521462,
881,-92.5570354799911,47.51717356513428,
882,-94.2798508833656,45.52238712820484,
883,-94.14949262781336,45.5623139536716,
884,-94.20332705702,46.35539185096514,
885,-98.65595533075637,42.453264030728945,
886,-97.64178414828288,38.87761597471362,
887,-96.86385094795543,39.01259621308903,
888,-95.7228472362397,39.02696310089982,
889,-88.78515224654515,33.48722667608734,
890,-89.73549589451157,33.48893666806766,
891,-89.76285494471738,33.48722667608734,
892,-88.00889450927521,34.74799427621712,
893,-86.56404789314858,34.75841384316037,
894,-85.7443752936152,34.98764431591118,
895,-84.28687646725749,35.83361688118446,
896,-84.88649761529003,35.194299060285104,
897,-86.95576554607283,34.79032428511369,
898,-86.92004976370863,34.787935949499484,
899,-86.0743282468172,34.02036118468218,
900,-86.59877978295931,34.734101520292825,
901,-83.8045992476856,34.30516268113026,
902,-83.38955316444729,34.99632728836387,
903,-85.66101875806936,30.17554098263371,
904,-84.51947501191842,29.919467836899493,
905,-84.38635840201545,30.128652931389272,
906,-82.63783515984476,30.24288023274774,
907,-81.98300229081644,30.301619415582017,
908,-81.76921380030156,30.318457869191107,
909,-81.67379780779693,30.31794173085773,
910,-82.56988056491393,28.520566433152116,
911,-82.85992578000263,29.48761205584614,
912,-83.58270815807738,30.09984690654017,
913,-83.5875249363685,30.106077203012255,
914,-81.09377524795764,29.147477044235934,
915,-81.32218875833446,28.83328300642237,
916,-81.33886189064307,28.809127481241926,
917,-80.83328607437711,28.447629464549603,
918,-80.85338260277032,28.552128310016407,
919,-80.98658068553237,29.012270723946383,
920,-81.07849265866402,29.15442410478567,
921,-81.08161908652389,29.15963320566968,
922,-84.24743084277249,30.503757341345164,
923,-84.1530379325697,30.488039981873158,
924,-83.8896923777219,30.475971829496597,
925,-88.63927830934007,31.69853435083446,
926,-87.78535932613606,31.701151825414158,
927,-87.01440776700464,31.414312776607773,
928,-86.99125013782066,31.41546944887704,
929,-86.46423646564564,31.31450739311014,
930,-86.23536693878394,31.270586326278686,
931,-85.39879298999838,31.236600216351672,
932,-88.44825291538102,31.41546944887704,
933,-88.10416336640054,30.74926015682252,
934,-88.69484933303725,32.349757284785795,
935,-90.47833187481855,31.542240846686173,
936,-89.55793679483403,31.644699921627844,
937,-89.11693919686148,31.7005224480692,
938,-91.12260843080772,30.3908786994603,
939,-90.44135818575019,30.089560425933268,
940,-90.20915972878534,32.280293505164344,
941,-90.21199809472319,32.27511555931747,
942,-90.48673806100436,31.54049273840794,
943,-90.81870439496376,32.34281090682363,
944,-90.96805152114993,32.316761989465554,
945,-91.19901858839133,32.39664533603031,
946,-91.86189769458593,29.98528302342014,
947,-90.57350767871408,29.709033305581602,
948,-90.40158371836502,29.8894937882873,
949,-94.25195170275502,35.48952012367638,
950,-93.13335192921825,35.29832691580727,
951,-94.32488867135757,35.47215417877104,
952,-94.439503907733,35.46694439529934,
953,-94.22416619090644,36.422071365094595,
954,-94.1741289959897,36.35628895471921,
955,-94.18261600415701,36.17487570568759,
956,-94.17332039093027,36.10831390791846,
957,-94.19639118406998,36.053935219733,
958,-94.2224295964159,35.524252013487086,
959,-95.81141355525708,34.86434610708309,
960,-96.1271288860202,34.39338261543316,
961,-96.40067103062144,33.99643502117645,
962,-96.54397691875472,33.831551693421794,
963,-94.99868733368585,33.17116647880973,
964,-94.73475120441383,33.29856474880944,
965,-94.11829334427135,33.45253081458658,
966,-94.06787268675812,33.454231380767176,
967,-93.74660270600883,32.49736781648141,
968,-93.74406618165013,32.39907040310276,
969,-93.57457428930329,32.06073770096031,
970,-92.47575095893517,31.311607782565645,
971,-92.433737271163,31.290434645558335,
972,-92.8483647989747,30.482315938594827,
973,-92.46356656082854,31.272211166763075,
974,-99.44263263496954,27.7668844242592,
975,-98.59428396465609,29.30728508376411,
976,-99.77102255719149,30.51527468379637,
977,-99.52709988078118,30.292634932888337,
978,-98.90400323068492,29.989888502027803,
979,-98.6020931228639,29.59322690771017,
980,-95.21923483398403,36.56099892433752,
981,-95.35202395535146,36.16946724524405,
982,-95.41373341692415,35.85594156117963,
983,-95.75050665565259,34.92837202317309,
984,-95.78599686093864,34.88834533121815,
985,-95.81315014974761,34.87476567402631,
986,-97.93700521167413,35.02411280021247,
987,-97.9685095008973,34.593720617320514,
988,-97.98082912563925,34.15869063379995,
989,-97.94221499514575,33.81717962928935,
990,-97.94916137310788,33.81717962928938,
991,-97.83280954224192,33.53585132182247,
992,-97.1572742854231,33.63831039676411,
993,-97.17456089144814,33.23025094814966,
994,-97.1428317244855,34.156280040787905,
995,-97.13809626513677,34.139224503491846,
996,-97.15206450195151,33.73555968823416,
997,-97.49591021107778,35.39227083220627,
998,-97.18505979727169,34.51529061448518,
999,-97.06176158844357,36.38907606977442,
1000,-96.95930251350191,36.23972894358823,
1001,-97.0721811553868,36.194577486834305,
1002,-97.31009460059036,37.60816540213125,
1003,-97.33756378967848,37.27539874323107,
1004,-97.3361435179484,37.0906602439513,
1005,-97.33788011243895,37.05245516515947,
1006,-97.04265904904767,37.06461132659324,
1007,-97.34308989591054,37.00035733044337,
1008,-97.63483777032073,36.95173268470829,
1009,-97.87448781001481,36.390812664264935,
1010,-100.02265519480883,37.75056615035531,
1011,-99.90568821298851,37.79466630666796,
1012,-99.31368201151146,38.01708104726929,
1013,-98.76536078366019,38.363584005514745,
1014,-100.87879627864348,37.974586839634476,
1015,-99.58800758817932,37.55986684818149,
1016,-101.93290913439932,34.98069793794909,
1017,-102.40535954843455,34.818389315554164,
1018,-103.05822236426718,34.39546559463814,
1019,-96.44464234129778,41.45261812533936,
1020,-96.49699998345267,41.451262096580265,
1021,-97.3702989447752,41.438497134578924,
1022,-98.37810021227048,40.91290471762283,
1023,-98.71499954343462,42.9985547007575,
1024,-98.44235420842034,43.69840228044375,
1025,-106.33691276240067,42.8474709800808,
1026,-106.6877048494891,44.37220094277208,
1027,-105.20291656008013,42.65818218061224,
1028,-105.8134003914599,42.83784699122438,
1029,-106.10210599484589,42.8540803291016,
1030,-106.2222292886652,42.85291454389792,
1031,-103.06516874222932,42.824895251703836,
1032,-104.05155441285423,42.67207493653659,
1033,-104.35545844869817,42.14241361692287,
1034,-105.0223107330643,42.230979935940255,
1035,-103.09121765958737,41.68568926591172,
1036,-104.83649512257686,41.21680875346671,
1037,-104.80346214332867,41.116094205559776,
1038,-104.09323268062712,41.17513048569398,
1039,-104.09323268062712,41.15950113527902,
1040,-103.65908405799286,41.208125781014175,
1041,-101.71757141757276,41.119559461996666,
1042,-101.72278120104437,41.1143496785251,
1043,-103.03101542460398,41.12465445248924,
1044,-102.17950555205555,41.025783359507685,
1045,-102.17194833997571,41.02786092062126,
1046,-101.72278120104437,41.107403300562915,
1047,-100.20809758065339,40.9467707130792,
1048,-100.01384328425526,40.86725743956456,
1049,-99.73955745359342,40.74484953370089,
1050,-99.37942983422603,40.687052936029914,
1051,-98.38678318472316,40.815655426152716,
1052,-103.17804738411421,40.63504959913694,
1053,-102.25106277758118,40.97248777208041,
1054,-102.16561279613126,41.03272973746984,
1055,-102.04926096526529,40.57253219747758,
1056,-100.64088283343996,40.20263757099324,
1057,-100.60788753811974,40.19916438201214,
1058,-99.89821295192654,40.30202183911353,
1059,-99.7793603758083,40.300005186606995,
1060,-99.37958300917532,40.44815381332164,
1061,-98.39199296819477,40.56905900849649,
1062,-98.52225294831887,40.08837208165584,
1063,-98.5205009604945,40.020295149486905,
1064,-104.98236905978196,39.82058678307518,
1065,-104.87720330696719,39.88676120170992,
1066,-104.80757706697126,39.923649970019504,
1067,-104.05776997169853,40.246944383646955,
1068,-103.18499376207636,40.63504959913694,
1069,-98.78283729545528,39.78472373288659,
1070,-98.69583334915704,39.4526393598034,
1071,-98.84177094124381,38.861986624298794,
1072,-102.1204613393773,38.05447018619922,
1073,-102.30992102536999,38.068854517245605,
1074,-102.60844439121814,38.0927369760782,
1075,-100.8892158455867,38.00237235148308,
1076,-98.74799483875482,37.63595091397984,
1077,-97.40535175370199,37.674294319669755,
1078,-97.31009460059036,37.67936577624327,
1079,-99.32222799187058,37.5988129344884,
1080,-98.74973143324536,37.611638591112325,
1081,-98.58523936836825,37.27584329840135,
1082,-104.61421102778817,38.30801298181754,
1083,-102.71437665514088,38.12567056031121,
1084,-104.41450266137642,36.890951877539536,
1085,-105.2467066591869,35.518353763234266,
1086,-105.87671522240841,35.555510714316725,
1087,-107.00376504676684,37.26779288198607,
1088,-106.79125285281648,36.90471786300585,
1089,-106.12959057318223,36.0985884129043,
1090,-106.0451648879905,36.081698844949365,
1091,-106.90130597182512,34.04641010204027,
1092,-109.04600016763808,34.16276193290624,
1093,-106.76932479054433,32.351493879276305,
1094,-116.12956909453771,45.92124322833092,
1095,-116.28238940970496,44.97306263649786,
1096,-114.44333584422648,42.652972397140715,
1097,-114.93069540347315,42.918193924726204,
1098,-114.95086217202534,42.924697513935925,
1099,-115.65721539311171,43.144428637962605,
1100,-113.14265506466486,43.61950313248793,
1101,-112.23438765226366,43.839066434177354,
1102,-113.17013705740506,43.620428852727954,
1103,-113.16252059926677,43.615579468426496,
1104,-112.35942245558232,43.20347285064085,
1105,-110.51689570112276,43.840803028667885,
1106,-104.49785919692219,48.14929395968967,
1107,-105.50161081245245,48.135401203765404,
1108,-104.58642551593958,49.00022526005275,
1109,-104.49612260243165,48.17186968806662,
1110,-101.49374827353023,48.287552493646174,
1111,-101.29731555086285,48.20660157787739,
1112,-100.77286401472074,46.83121874137226,
1113,-97.09475688376378,47.93395624286315,
1114,-97.23820850332136,48.802739198947435,
1115,-97.24584060444049,49.03495714986339,
1116,-97.03050288761392,47.93569283735367,
1117,-96.60784749496521,47.773977454822,
1118,-95.98260245504535,47.66063470109193,
1119,-94.91706739263063,47.489388053285765,
1120,-94.86496955791452,47.43208043509802,
1121,-94.61263146720098,47.37975943737425,
1122,-93.51737223325796,47.2271622852146,
1123,-93.51737223325796,47.23584525766728,
1124,-92.45457640504944,46.84511149729652,
1125,-93.40275699688253,48.57649620436177,
1128,-93.44096207567434,48.52613496413614,
1129,-94.64268546312582,48.71195057462356,
1130,-67.83233793224885,46.12505748184165,
1131,-67.82966652923751,46.14179072862911,
1132,-68.68059782960056,45.2335518100783,
1133,-68.64258776429203,45.23673505329926,
1134,-68.5658506760216,45.34138763524228,
1135,-68.5006051902638,45.37401325151253,
1136,-67.83985706977454,46.14166476928664,
1137,-68.08208640210754,46.14447000429239,
1138,-68.18493598680001,46.10183159214652,
1139,-68.77437393208952,44.820242321330646,
1140,-67.28611245369949,45.197083325777115,
1141,-68.40621590009573,44.538914013863675,
1142,-69.78854511456302,43.917213186251466,
1143,-69.11067433132749,44.11344876755927,
1144,-71.57202765634433,44.511128502015026,
1145,-71.5834408045275,44.507656568280986,
1146,-72.02786454133164,44.41770747286223,
1149,-69.71560814596049,44.76814448661449,
1150,-71.00242466344825,44.38435710420584,
1151,-71.57334224363065,44.500587819602636,
1152,-73.10069218432581,44.689481978855014,
1153,-73.07939167413029,45.02342387672344,
1154,-73.45623267857677,45.00779452630858,
1155,-73.46395758966732,44.98075058157681,
1156,-73.50796601117571,44.49501238061525,
1157,-73.50057238777734,44.406255721147815,
1158,-73.56286823061683,44.28650231267998,
1159,-73.57001377363116,44.239928145720675,
1160,-73.66217715312563,44.0721086244978,
1161,-73.7497048950698,43.915415810172995,
1162,-73.75114973021878,43.907799701428985,
1163,-73.82265411608003,43.728842288096956,
1164,-73.74247106885714,43.46326523163509,
1165,-73.7080388797046,43.36323954377027,
1166,-84.3846218075249,46.36060163443678,
1167,-84.73541389461333,45.87088198810539,
1168,-87.62163393788549,45.0980974398165,
1169,-88.07835828889668,45.86740879912431,
1170,-87.0832896458191,45.74932037376777,
1171,-87.0832896458191,45.758003346220484,
1172,-87.0832896458191,45.74237399580563,
1173,-87.61173866680328,45.14767834853468,
1174,-87.63031691033818,45.0980974398165,
1175,-86.97735738189634,45.929926200783605,
1176,-85.9269891518722,46.1059210388933,
1177,-84.73541389461333,45.86219901565268,
1178,-87.35419838634284,46.478690059793294,
1179,-88.49514096662551,48.142347581727535,
1180,-110.76522871326954,33.39692376257951,
1181,-109.70725051743962,32.82854768017959,
1182,-109.01821465578949,32.63108559225274,
1183,-104.82607555563365,31.036891849939952,
1184,-106.27501341370825,31.69220602583927,
1185,-99.47910111927082,27.530707573546163,
1186,-99.43915944598847,27.759938046297062,
1187,-102.2663352765824,48.896029590620444,
1188,-108.80287693896294,47.03787348574613,
1189,-105.57628437554554,47.425134057135814,
1190,-107.1843708737826,44.920964801781814,
1191,-106.93089648601025,44.77216187356986,
1192,-107.4361770749104,45.57913411369519,
1193,-108.94875087616802,43.194789878188146,
1194,-108.09260979233338,43.23299495697999,
1195,-108.7220221282482,42.83344392901764,
1196,-107.44138685838207,42.36122452273046,
1197,-109.0512099511097,40.273837945105214,
1198,-107.57617011926149,40.51329713055426,
1199,-105.95623869703728,40.093578140750026,
1200,-105.66832388354399,39.756332786925306,
1201,-106.14902625194334,37.58114115458013,
1202,-104.76355815397432,37.62553134703662,
1203,-111.6699944428392,40.11233465748526,
1204,-111.63493339039009,40.11281454190701,
1205,-111.61198520454059,40.098848750140405,
1206,-111.60077112601105,40.092020629530985,
1207,-110.25119674407063,38.98875802210797,
1208,-109.64686186136382,36.93783992878405,
1209,-109.39807339383565,35.20213170350116,
1210,-109.81531152694589,38.94013337637303,
1211,-107.87206229203521,38.476462647399664,
1212,-107.88769164245004,37.2660562874955,
1213,-107.85295975263931,37.21569504726994,
1214,-107.85363554838759,37.22448204347694,
1215,-107.89811120939325,37.2660562874955,
1216,-109.57392489276127,36.936103334293506,
1217,-109.34122123102934,37.87039117020228,
1218,-108.13356452585441,36.7605335976144,
1219,-108.68091044271245,36.793192484838954,
1220,-109.34505929285467,35.213899381656944,
1221,-109.06162951805283,35.34364618647131,
1222,-109.06857589601509,35.3401729974903,
1223,-108.75425229322786,35.52251541899657,
1224,-110.16089383056273,34.906024374855996,
1225,-110.15588833596003,34.91131049045981,
1226,-106.64015564103185,35.121362701352034,Albuquerque
1227,-106.62425437352938,35.117753842865966,
1228,-106.58698236903798,35.10746933575829,
1229,-110.5794131027821,45.64512470433553,
1230,-110.69482577014574,44.96378732349806,
1231,-110.69923812262913,44.95569669159247,
1234,-107.87032569754467,48.364631676516204,
1235,-107.86009698805505,48.363814622629754,
1236,-106.60434831394333,48.18923563297201,
1237,-109.43152414453725,47.062185808613634,
1238,-108.80461353345346,47.34872389955226,
1239,-105.81246122625856,46.43527519752991,
1240,-104.78787047684177,47.086498131481214,
1241,-103.190203545548,46.89720933201264,
1242,-104.77050453193647,47.09170791495276,
1243,-105.79598339708335,46.453479676246594,
1244,-105.78988549788157,46.46306070937842,
1245,-105.84392625933215,46.40685398062868,
1246,-105.86763277482996,46.3858308002546,
1247,-108.38956745021517,45.83094031482304,
1248,-116.1927870148022,43.58781529848051,
1249,-116.28387824724162,43.599420396505636,
1250,-116.33969702789267,43.60115298897382,
1251,-111.3018364108454,42.31086328250487,
1252,-111.30249892005759,42.31715943385959,
1253,-112.20139235694346,42.63039666876369,
1254,-111.0066153474541,43.189580094716625,
1255,-112.05725501422891,43.49869391403215,
1256,-111.02398129235951,43.161794582867984,
1263,-108.76467186017113,45.66943702720313,
1264,-108.47987036372308,45.79620842501224,
1265,-110.4570847839547,45.70836610558652,
1266,-116.82594348524297,46.46306070937842,
1267,-116.9978662200727,46.42833049639282,
1268,-117.00481271776829,46.42832881956767,
1269,-115.99223753296577,46.137103301356845,
1270,-114.5805268089789,46.64192994190375,
1271,-114.33219379683213,48.3715780544784,
1272,-112.95681096032698,48.524398369645645,
1273,-106.36817146323033,49.0887915790701,
1274,-106.59383628615285,48.18985232518203,
1275,-106.61129469190548,48.19444541644363,
1276,-110.21646485425991,48.98285931514736,
1277,-109.67318852939994,48.55882412957749,
1278,-111.87838578170361,48.50876901923076,
1279,-109.69374991260831,48.55565707047525,
1280,-107.87553548101627,48.3576852985541,
1281,-111.99647420706012,46.591568701678156,
1282,-112.0509962625747,47.025709944999285,
1283,-111.3348317061656,47.51717356513428,
1284,-112.78213712056471,46.523884155010165,
1285,-112.64943373550196,46.00807295285777,
1286,-112.32816375475267,44.56843612020277,
1289,-112.4670913139956,42.913461570721196,
1290,-111.34881784664758,38.76874359887222,
1291,-112.25741669209204,38.58299941750133,
1292,-112.61470184569123,38.57718512785081,
1293,-112.67787780496101,37.20138281207602,
1294,-111.47896904888015,36.936103334293506,
1295,-111.38345635190062,36.08169884494939,
1296,-113.45521357911099,37.165333807044405,
1297,-114.90006019523764,36.38560288079336,
1298,-113.59935092182559,37.04724538168788,
1299,-114.90006019523764,36.39254925875548,
1300,-114.5805268089789,39.02522650640929,
1301,-114.89311381727553,36.38560288079336,
1302,-114.95661310082009,36.30713878026449,
1303,-115.02633250431218,36.283408164541825,
1304,-114.89311381727548,35.96361041959295,
1305,-114.0717046232516,35.194299060285154,
1306,-114.59441956490322,34.81398486685754,
1307,-113.69139042982404,35.16130376496489,
1308,-112.46535471950506,35.22555776111477,
1309,-112.44104239663754,34.54828590980544,
1310,-112.72931708206666,33.9717365389472,
1311,-112.25319772807312,33.592144404763275,
1312,-112.0989332820018,33.50632921548331,
1313,-114.6048391318464,32.69881277738368,
1314,-112.74494643248148,32.94540919503989,
1315,-114.75244966354205,34.87997545749791,
1316,-117.00828590674936,34.88692183546012,
1317,-116.98571017837239,34.919917130780256,
1318,-115.3932530305501,35.61108173801397,
1319,-112.45670066565395,35.222769904105085,
1322,-117.73418240379374,33.64352018023574,
1323,-117.3713495105685,33.21198023135345,
1324,-117.34344864342296,33.1763762622813,Oceanside
1325,-117.08469606433296,33.12080523858411,
1326,-117.15355155690985,32.80284194773138,
1327,-117.13219409541034,32.7724470199699,
1328,-121.84643815738488,37.3424664450791,
1329,-121.56582830295027,37.02324094383615,
1330,-121.56097163524856,36.883247169613206,
1331,-121.57706790070718,36.85991964076339,
1332,-121.66656676978187,36.78983238413355,
1333,-120.67944665974416,35.64234043884358,
1334,-116.79815797339438,47.70646236460279,
1335,-117.41985880100655,47.63526199049072,
1336,-119.47945986678323,49.04016693333507,
1337,-119.9574446343811,47.85092233215051,
1338,-119.96484068073735,47.84130585572497,
1339,-119.98133567454838,47.83497035690257,
1340,-118.40103468815988,47.11602023782024,
1341,-118.99568545700993,46.56724000675363,
1342,-119.01578913780989,46.452641142435176,
1343,-117.47022004123215,47.636998584981285,
1344,-116.9961297453156,46.452641142435176,
1345,-117.0343348241074,46.421382441605516,
1346,-117.81119126869899,46.523020174103486,
1347,-118.91333006286824,46.05496100410229,
1348,-118.95674492513163,44.42256218299769,
1349,-118.8039246099644,45.66249064924097,
1350,-117.23057000153807,43.98494037138237,
1351,-118.96369130309378,44.42950856095985,
1352,-118.74488039728617,39.93867520843165,
1353,-114.95563121893483,41.1004569226008,
1354,-119.24328301607021,39.60351247175802,
1355,-118.81592410287794,38.94248500453518,
1356,-117.87831974650828,38.02321148536955,
1357,-123.68201853388229,40.930270662528166,
1358,-122.3622067210743,40.60900068177882,
1359,-123.7150138292025,39.86400164533852,
1360,-123.7334689141302,39.194132180217586,
1361,-123.4232659547923,38.69006376973566,
1362,-123.09690996744534,38.44230596504947,
1363,-122.52243028754495,37.884138651656954,
1364,-121.92632150394958,37.70020491012969,
1365,-121.92805809844013,37.50744292168013,
1366,-123.21487461592791,39.247510601198,
1367,-122.15381538220991,39.16241747116169,
1368,-120.34081073408947,42.18756507367687,
1369,-121.14138079422695,45.6034464365627,
1370,-119.50550878414127,43.54210877629557,
1371,-121.79086713368773,42.24834588084563,
1372,-121.28725473143206,44.04919436753231,
1373,-121.75784486340798,43.33136069956991,
1374,-121.82567335807956,43.08116894776352,
1375,-121.891182816964,42.53772025818133,
1376,-121.87248707474295,42.48278613706807,
1377,-117.92256242454135,45.016397589457306,
1378,-116.95271488305218,44.02488204466477,
1379,-119.0209989212815,43.6150457448981,
1380,-113.94840641442349,45.692012755580066,
1381,-113.29544688598165,43.63588487878456,
1382,-114.09428035162858,46.76175496175073,
1383,-114.09271021628585,46.75480600789524,
1384,-114.0334995444598,46.9006825209937,
1385,-114.03381232225557,46.89474193441304,
1386,-113.88522389733308,46.8741500163016,
1387,-114.00397743812067,46.864214036692424,
1388,-114.33045720234159,48.19965519991524,
1389,-114.13579306865172,46.94820953476024,
1390,-114.14290499736363,46.95278035570981,
1391,-115.68326431046978,47.45291956898442,
1392,-116.79815797339438,47.68909641969739,
1393,-116.79143000385528,47.68730288837203,
1394,-115.66763496005493,47.45291956898442,
1395,-119.23729582514115,47.09428867521611,
1396,-120.50752380518102,46.97014630061517,
1397,-118.2186922666535,49.01411801597697,
1398,-117.40596604508228,47.742930848904024,
1399,-116.35706297279805,48.9220785079786,
1400,-116.52203944939905,49.11657709091868,
1401,-116.1382520669904,49.087054984579524,
1402,-122.19375705549228,47.98084429410756,
1403,-122.10064005076073,47.95842263190573,
1404,-120.59609012419838,47.56058842739769,
1414,-123.81226312067255,46.183468996402,
1415,-124.09880121161115,43.710558441877566,
1416,-124.03802040444234,44.637899899824234,
1417,-124.49474475545354,42.77800720045929,
1418,-124.22904579840139,43.29203916965824,
1419,-122.14409618621382,39.165952255605646,
1420,-121.6345736295394,39.14157833727526,
1421,-121.50606563723966,38.56850215539809,
1422,-121.92635259335337,38.83278590491817,
1423,-122.14686900424776,39.17110044361433,
1424,-122.21261826158991,39.52440181121094,
1425,-122.22301424566855,40.181136222816356,
1426,-121.25946921958347,38.75431776588558,
1427,-121.52854212356515,39.07535769837096,
1428,-121.68827241133198,39.6189013466541,
1429,-119.99870161945373,39.497580207835334,
1430,-119.81550081428573,39.53608172568465,
1431,-119.7866603483517,39.53297172775232,
1432,-121.07283222192697,38.90096485231922,
1433,-120.03864329273608,39.77369873183065,
1434,-67.78104188350248,46.14179072862913,
1435,-122.1902838665112,47.97563451063599,
1436,-122.2666940240948,47.831497167921455,
1437,-116.27544303174281,48.72237014156676,
1438,-116.28514358508056,48.7498585516698,
1439,-116.04794915348249,48.630330633568406,
1440,-122.17639111058688,47.57969096679354,
1441,-122.18625538218213,47.63260866589874,
1442,-122.1865982931729,47.75785643561178,
1443,-122.19202046100172,47.50675399819103,
1444,-122.3218279717838,47.591552478198885,Seattle
1445,-122.27190380756642,47.46160254143714,
1446,-122.5549687095239,47.27231374196858,
1447,-122.65221800099398,47.75508701033783,
1448,-122.45945601254431,47.22542569072408,
1449,-117.03954460757899,48.18576244399094,
1450,-116.55329815022871,48.27085557402722,
1451,-122.42950685388955,47.22870030354373,Tacoma
1452,-122.29014162725467,47.391366312336686,
1453,-120.2331418756762,47.62484242354753,
1454,-122.4785585519403,47.162908289064774,
1456,-122.43463000154463,47.157839814699635,
1457,-122.2452637652095,47.198601737747374,
1458,-122.17986429956795,47.17159126151741,
1459,-122.90749739110288,47.02919051329344,
1462,-115.05461710489544,49.00022526005275,
1463,-113.37185704356527,49.00196185454327,
1464,-111.95826912826831,49.00022526005275,
1465,-68.74311523125986,44.795929998463066,
1466,-68.77784712107061,44.828925293783335,
1467,-119.34011574785873,47.62164775825062,
1468,-102.27328165454453,49.00022526005275,
1469,-102.54419039506828,49.00022526005275,
1470,-117.44243452938356,47.63873517947184,
1471,-116.54665395776486,48.24826531965019,
1472,-116.79642137890386,47.72209171501763,
1473,-122.87450209578266,46.549890433905276,
1474,-120.5318374053622,46.970147506162114,
1475,-121.864786431465,47.508992714395845,
1476,-120.90185679041262,47.18240368752706,
1477,-93.4062301858636,48.604281716210345,
1478,-93.57467985144567,48.498349452287556,
1481,-120.79730315732915,46.74802587991232,
1482,-120.69333941566845,46.7218132884684,
1483,-120.50926039967152,46.6297737804701,
1484,-100.05738708461958,48.94291764186508,
1485,-100.04696751767635,48.80557857128244,
1486,-99.98271352152649,48.354212109573055,
1487,-104.04460803489208,48.145820770708575,
1488,-69.81806722090215,44.21938062760487,
1489,-69.81496435423455,44.317143066405315,
1490,-120.30781543876928,46.41964584711498,
1491,-111.52933028910572,47.55885183290718,
1492,-112.18903719001267,47.81314410386236,
1493,-87.89254267840924,47.465075730418164,
1494,-109.74237455834334,48.550447287003685,
1495,-111.28099727695896,47.52759313207754,
1496,-97.02702969863284,47.94090262082523,
1497,-99.22095429971233,48.2690614330782,
1498,-122.64527162303182,45.71632507844757,
1499,-122.88054394789015,46.107116453826166,
1500,-69.83022338233592,43.9154765917609,
1501,-70.01082920935174,43.92242296972302,
1502,-69.98033888669184,43.942754785476296,
1503,-72.0895328145243,45.004321337327504,
1504,-72.15381298553915,44.95045836372064,
1505,-72.21476405748322,44.80749696607103,
1506,-72.00367618325308,44.53027911261016,
1507,-72.00091935837686,44.52200829920239,
1508,-72.01193283523848,44.51232048043161,
1509,-122.66611075691827,45.61733919248698,
1510,-119.06094059456386,46.24772299255184,
1511,-119.20160474829734,46.162629862515544,
1512,-71.89850742056524,44.33573245847083,
1513,-122.55670530401444,45.59129027512896,
1514,-122.67653032386148,45.51661671203587,Portland
1515,-122.78659666474474,45.50992023366495,
1516,-122.55670530401444,45.5357192514318,
1517,-122.55670530401444,45.53050946796017,
1518,-117.03780801308847,46.48389984326486,
1519,-107.84948656365822,48.38199762142161,
1520,-88.58783572185513,47.12192055436384,
1521,-122.74883560888411,45.42599832109864,
1522,-122.74599410348297,45.37247936932131,
1523,-122.5630048689413,45.40794472657687,
1524,-122.58547819835391,45.36550761988936,
1525,-122.62189083689498,45.34638901153715,
1526,-104.15227689330536,47.71514533705546,
1527,-120.81490103000603,45.681593188636796,
1528,-119.3284277223829,45.91822902336413,
1529,-70.16345283310946,44.067148108924016,
1530,-70.26295289674505,44.0400458243452,
1531,-70.34017678511354,43.89791123556356,
1532,-70.3416174893788,43.88280367116543,
1533,-70.31810720175596,43.700582462211614,
1534,-70.32791446745576,43.67662151537755,
1535,-70.34599194602535,43.63241168980343,
1536,-70.27313884692954,43.66279499482484,
1537,-122.22327916183137,45.54613881837499,
1538,-120.81837421898709,45.672910216184164,
1539,-119.30286177906656,45.9072803191288,
1540,-119.38568376429421,45.79273523603124,
1541,-119.61266178167058,45.83932135796477,
1542,-119.38568376429421,45.79794501950282,
1543,-84.342943539752,46.504738977151355,
1544,-110.89956536827619,47.345011263615596,
1545,-109.48709516823443,47.056976025141985,
1546,-104.8000266382756,47.10386407638652,
1547,-119.20512771615395,45.76456024093747,
1550,-92.12809664082852,46.77912090665618,
1551,-92.21145317637429,46.73049626092106,
1552,-72.36391474402913,43.62720190633179,
1553,-122.9946697204495,44.966898943664376,
1554,-122.99357937597725,44.983059612044656,
1555,-96.84642387161702,46.898945926503146,
1556,-96.75612095810911,46.89720933201261,
1557,-92.47020575546426,46.66797885926178,
1558,-96.84295068263594,46.8468480917871,
1559,-96.76757361917475,46.84527992895776,
1560,-96.75959414709017,46.84511149729652,
1561,-91.90233935705872,46.60198826862141,
1562,-90.18484740591782,46.464797303868984,
1563,-90.19700356735159,46.46306070937842,
1564,-84.73367730012279,45.84656966523786,
1565,-72.97345941020752,43.609835961426455,
1566,-100.28835415186097,46.8364285248438,
1567,-75.9864508512889,44.30621035213171,
1568,-75.98124106781728,44.299263974169584,
1569,-84.73541389461333,45.787525452559635,
1570,-73.2877830129947,43.588996827539994,
1571,-72.971722815717,43.58378704406838,
1572,-70.89649239952551,42.85962714151461,
1573,-112.48098406991988,45.98202403549973,
1574,-71.47825155385534,43.04891594098308,
1575,-89.17260231581953,46.26375407452096,
1576,-88.31106195062861,45.98376062999029,
1577,-95.13414170394772,46.44743135896365,
1578,-96.74664288820125,46.89695823822481,
1579,-95.86523752608696,46.81695352848932,
1580,-71.23165513619911,42.74674849962962,
1581,-71.34195583951819,42.86944652920865,
1582,-73.6889363403087,43.325034464978394,
1583,-73.65817499070924,43.32016174821356,
1584,-70.90170218299716,42.85094416906193,
1585,-71.14598163675551,42.74554248651395,
1586,-71.19345005740729,42.666865153065054,
1587,-71.00068806895771,42.512308243407176,
1588,-70.97811234058075,42.519254621369335,
1589,-70.97132208357134,42.559796359111424,
1590,-85.49951547044952,45.719798267428715,
1591,-71.1170398998237,42.50188867646393,
1592,-71.10355497652935,42.50338711732841,
1593,-71.05964518321328,42.36658392529633,
1594,-71.51645663264715,42.514044837897686,
1595,-111.5971630788716,45.918157038310895,
1596,-111.04532224753171,45.69491722088248,
1597,-121.30288408184688,44.09955560775783,
1598,-72.55841332696923,42.72938255472431,
1599,-72.47852998040452,43.13227247652884,
1600,-72.47350711919705,43.18306270944485,
1601,-124.20820666451496,43.32156127599732,
1602,-89.71423029898234,45.5357192514318,
1603,-89.16544448776948,45.57360992086381,
1604,-88.01063110376575,45.80836458644607,
1605,-89.7211766769445,45.58260730267627,
1606,-71.26986021499093,42.33170241639132,
1607,-71.27148919601889,42.336183046620114,
1608,-71.27070206752067,42.36857309761525,
1609,-71.25699355366582,42.427699984257195,
1610,-71.22141654824946,42.47846900662619,
1611,-71.19116729391945,42.488331440676994,
1612,-71.06301626946176,42.35389974245776,
1613,-96.84295068263594,45.936872578745806,
1614,-100.07996281299654,45.533982656941404,
1615,-118.95327173615057,44.37741072624371,
1616,-71.13093265574798,42.20145782960106,
1617,-71.18430967313004,42.215185231624936,
1618,-71.21257737697181,42.24094089661124,
1619,-71.2540157084741,42.31530168036692,
1620,-100.06954324605333,45.94208236221735,
1621,-71.46429510697416,42.29398355132415,
1622,-71.5616080894011,42.258765447788846,
1623,-71.59731215861594,42.359738959715834,
1624,-71.58582348815563,42.338914286902984,
1625,-71.56921520785149,42.28844899224777,
1626,-108.8723407185844,45.52356308999807,
1627,-94.95179928244136,45.72327145640977,
1628,-96.12918632448277,46.339714987389165,
1629,-96.01855246076566,46.207437748047326,
1630,-73.84175665547593,42.69638725940413,
1631,-73.77506023106508,42.755336023199206,
1632,-73.76708309238285,42.76237785004447,
1633,-73.79133378066346,43.02294866951707,
1634,-73.697625424025,43.23192088746637,
1635,-73.92684978551222,42.75022168861067,
1636,-74.00673313207687,42.8405246021187,
1637,-71.77873208765541,42.206610955806184,
1638,-71.82261875809785,42.194574785072525,
1639,-71.8481461803397,42.187565073676765,
1640,-71.78414007504134,42.29049764665106,
1641,-71.78592673459951,42.278495029630186,
1642,-71.28375297091522,42.02085200258526,
1643,-71.46767257629197,42.114968310162965,
1644,-91.73041650249559,45.4141576370942,
1645,-90.31513527121018,45.55230824940993,
1646,-91.05313991886082,46.536381707355005,
1647,-71.02669058032448,41.93168638318851,
1648,-70.9673589426414,41.902569048533636,
1649,-70.72977932843398,41.78293855738174,
1650,-72.03970297777673,42.134555989843854,
1651,-71.99527241585372,42.145149465319726,
1652,-92.64733839349901,45.40547466464154,
1653,-92.16581313508694,45.395124143439766,
1654,-92.14057738401424,45.402380336533334,
1655,-74.00523628141318,42.83453719946367,
1656,-74.99524831179465,43.01718505984567,
1657,-75.04011894575164,43.01428918650919,
1658,-76.12041005938417,43.457863291819635,
1659,-76.1110306960572,43.14583427022703,
1660,-73.78444903728823,42.5140448378977,
1661,-73.78545990953525,42.52188406829978,
1662,-73.78584331561193,42.61440224953515,
1663,-73.78097584830715,42.63386985774482,
1664,-71.86724871973557,42.02432519156637,
1665,-71.3775290734042,41.8923440102856,
1666,-71.31887994737374,41.94672192771844,
1667,-73.67922032687329,42.485416775917216,
1668,-72.0783142481694,42.113983324340225,
1669,-72.1416306492404,42.03127156952852,
1670,-72.64445675531361,42.19673453390337,
1671,-72.62497214204409,42.327357959500716,
1672,-72.62662707206721,42.58720883707877,
1673,-71.41573415219602,41.815933852701946,Providence
1674,-71.40878777423387,41.81767044719245,
1675,-71.417704266832,41.83137127997735,
1676,-93.00160366956852,45.28564964479451,
1677,-92.95675290834211,45.976730544469,
1678,-72.72711204066157,42.15083826351474,
1679,-72.81520150840345,42.15783993457572,
1680,-73.09218485321445,42.259627061871875,
1681,-73.14530113254798,42.28361669670564,
1682,-73.16802914476668,42.29387019493408,
1683,-73.25128988062694,42.30907645667291,
1684,-73.29125620197577,42.312599876995414,
1685,-71.35859139490645,41.81163936716011,
1686,-71.1639279510681,41.70305521081709,
1687,-98.52223755498504,45.46104568833866,
1688,-98.53092052743771,46.00633635836725,
1689,-110.68013558323322,44.99216517589373,
1690,-100.04349432869527,45.44715293241438,
1691,-98.58301836215382,45.46104568833864,
1692,-72.62966494732643,42.145273128469896,
1693,-72.6114703802422,42.13761456250038,
1694,-72.57510658768862,42.12257029256621,
1695,-72.51673505919635,42.03474475850958,
1696,-97.05134202150036,45.32038153460521,
1699,-116.94750509958055,44.0300918281364,
1700,-116.94229531610894,44.007516099759414,
1701,-111.57795493484072,43.99709653281622,
1702,-111.09916437031244,44.66328090896204,
1703,-110.86942438270172,44.65700243922026,
1704,-93.08492057001047,45.03558287288342,
1705,-93.08669679960484,44.95396009710198,St.  Paul
1706,-93.04040845367801,44.95210551389871,
1707,-92.75327065742177,44.96611625853569,
1708,-72.60526460895025,41.92760174746823,
1709,-72.66434559089198,41.758626234514274,
1710,-91.41832807052499,44.89286787103783,
1711,-91.46138438987937,44.79525176075686,
1712,-91.41956608868949,44.76640789212395,
1713,-93.29856132745032,44.891442695442606,
1714,-93.19262906352758,44.891442695442606,
1715,-92.37511021916295,44.93825455559033,
1716,-72.11037194841074,41.54676170666876,
1717,-71.87880689556685,41.794753640781785,
1718,-71.89197990768302,41.924453804253254,
1719,-71.79604834562357,41.44603922621756,
1720,-71.69221160631213,41.51259015439279,
1721,-71.49388090427017,41.67596456594636,
1722,-71.45666757657256,41.738540040382105,
1723,-71.42375869334306,41.784376044559444,
1724,-72.6556626184393,41.76557261247641,
1725,-72.45923165817891,41.632599209872915,
1726,-97.04786883251928,44.889706100952104,
1727,-96.45395351675572,44.93659415219656,
1728,-97.0510767008214,45.31455316781896,
1729,-79.01159845380401,43.25383409086642,
1730,-79.00781036632422,43.1734943466506,
1731,-78.85877813863677,42.929090921135995,
1732,-110.60893520912121,44.42603537197879,
1733,-78.91087597335287,42.91867135419284,Buffalo
1734,-72.1937284839565,41.37657544659613,
1735,-72.16595814219487,41.39562745446508,
1736,-95.00840064738209,45.12486797433452,
1737,-95.02647284553444,44.7768274590672,
1738,-94.99695073919531,44.773354270086095,
1739,-96.19554621838195,44.93456556192909,
1740,-95.79731779330245,44.93413638261887,
1741,-95.77196382506705,44.93499761905585,
1742,-95.72704760335743,44.93651154608834,
1743,-95.54591001676967,44.80456813842688,
1744,-95.48332376872885,44.79656542099065,
1748,-88.15457782357639,44.21070211568898,
1749,-86.4563790347353,43.957154859533844,
1750,-75.7745863234434,42.102471943640516,
1753,-73.77229287585446,41.53981532870663,
1754,-73.77062764099138,41.7745089717895,
1755,-72.8076912860981,41.71175175900936,
1756,-73.05207800840456,41.55177471527643,
1757,-73.59689683231022,41.388731608029914,
1758,-103.86226561338572,44.500708935071835,
1759,-103.85258004851141,44.67185097307419,
1760,-104.0550276018353,44.54238720284472,
1761,-73.89061923524383,41.5241868138605,
1762,-74.0202762666671,41.51716509757864,
1763,-74.07446031720787,41.513766411348534,
1764,-74.07571618583452,41.67509228058737,
1765,-74.03123921173407,41.94598598491097,
1766,-74.01120107581622,41.9762749940344,
1767,-73.83292342362208,42.38288873325511,
1768,-73.60239401908491,41.39737142701228,
1769,-123.30865071841689,42.43937127480462,
1770,-76.43796541882847,42.033008164019094,
1771,-76.44317520230004,42.02953497503799,
1772,-100.07822621850602,44.50418212405294,
1773,-100.08515539793045,45.014198332155544,
1774,-98.50313501558912,44.46424045077057,
1775,-98.52624295475619,44.87736744755835,
1776,-98.5534962558147,44.46250385628007,
1777,-111.79850243513893,43.85295919010159,
1778,-111.82281475800644,43.825173678253016,
1779,-73.81918092709896,41.33316058433275,
1780,-91.20030729194367,44.579661982402186,
1781,-90.8423809935767,44.30787748046165,
1782,-98.45451036985412,44.3669911593005,
1783,-96.7891162534293,44.32704948601813,
1784,-77.11652363642702,42.001492189931525,
1785,-77.09036996267143,41.80362868728259,
1786,-77.10655429768508,41.64401099813878,
1787,-77.10134451421345,42.17019912877145,
1788,-77.15487544934734,42.11110730745257,
1789,-74.12829474641451,41.307111666974684,
1790,-104.9474653257666,44.26909285271464,
1791,-122.86581912333,42.32475603842924,
1792,-122.60847998632478,42.10158350486569,
1793,-84.66104869841459,43.40854760180662,
1794,-84.6107198617518,43.37864696994195,
1795,-84.5687008235218,43.24688771290425,
1796,-93.24646349273422,44.0978190132673,
1797,-92.48757170036963,44.028355233645826,
1798,-107.95541882758098,44.01967226119321,
1801,-74.69095136134844,41.355736312709666,
1802,-74.69963433380111,41.355736312709666,
1803,-73.70803887970462,41.11087648954397,
1804,-93.25167327620582,44.05787733998496,
1805,-115.6276932867726,43.16874096083011,
1806,-114.26950082856314,43.340525890115835,
1807,-73.71845844664782,41.086564166676496,
1808,-92.46331829969417,43.97627423732821,
1809,-92.35712086941074,43.95118850782232,
1810,-83.93467609398195,43.49552256105739,
1811,-83.88795578323136,43.414538433161596,
1812,-83.7355774539595,42.985257409226456,
1813,-91.30495085231401,43.85469578459215,
1814,-91.20904213245619,43.87379905088271,
1815,-73.81996460063797,41.29262852631903,
1816,-73.82265411608003,41.062251843809015,
1817,-73.99284037615264,41.102193517091294,
1818,-74.03603371612716,41.18615764129428,
1819,-74.03454170828917,41.30698359983205,
1820,-73.83307368302326,41.05877865482789,
1821,-73.92830129779406,41.08972068881627,
1822,-73.8618786730955,41.06379459242852,
1823,-73.72193163562889,41.024046765017154,
1824,-73.69067293479924,41.05356887135631,
1825,-122.38825563843237,41.41825371436909,
1826,-121.90027258659154,41.993066490736666,
1827,-121.78771665079664,42.21132435481052,
1828,-74.03972842739714,41.098720328110275,
1829,-74.15133851016618,41.119088435035394,
1830,-74.1612900417347,41.12129605648721,
1831,-74.16476323071578,41.11434967852508,
1832,-103.5341145476274,44.41875272091246,
1833,-103.22319884086816,44.10823858021052,
1834,-83.71776952315875,42.95166664951301,
1835,-112.07462095913428,43.48480115810779,
1836,-112.19444597898132,43.835593245196236,
1837,-73.00645470552774,40.782660130832554,
1838,-72.49415933081937,40.89206558373637,
1839,-74.8364719112069,41.33846151729668,
1840,-74.716896009999,41.354486287067665,
1841,-74.16334527877362,41.10158861469,
1842,-74.18687217028935,41.0780202262367,
1843,-74.21859765992242,41.0205735760361,
1844,-73.17664096560034,40.74619164653125,
1845,-73.06028636357152,40.77115334884355,
1846,-74.07700202850104,40.96106357221865,
1847,-74.08661647864159,40.92158769007554,
1848,-95.11851235353289,43.8772715129691,
1849,-94.11834109881367,44.14341578885705,
1850,-95.12719532598558,44.238362428915245,
1851,-79.76354386820644,42.224033557978125,
1852,-79.89031526601563,42.151096589375584,
1853,-75.70923103419736,41.342754971761494,
1854,-95.12372213700452,43.847749406630015,
1855,-73.91456475118983,40.85413733526576,
1856,-100.30051031329472,43.91026680828929,
1857,-100.35818963422344,44.36961631342262,
1858,-100.34541130568893,44.38042936822849,
1859,-92.93734967341868,43.67408995757635,
1860,-92.6974995417982,43.710550642706885,
1861,-92.48739166430042,43.88510466296646,
1862,-84.54438850065429,42.81621227925113,
1863,-84.52528596125839,42.81621227925113,
1864,-84.55629153365591,43.00201074496481,
1865,-100.70861001857088,43.882481296440695,
1866,-93.31940046133677,43.68450952451954,
1867,-74.23923170927199,41.03009725745164,
1868,-74.30927938677362,40.98806307697947,
1869,-74.42004262082469,40.86428007188782,
1870,-102.20461841380663,43.987134767782706,
1871,-73.9702646477756,40.744455052040756,
1872,-73.98016851780069,40.747756369919266,
1873,-74.00846972656745,40.721879323663885,New York
1874,-72.739019153985,40.90422174517016,
1875,-73.19562725104166,40.81568967310504,
1876,-73.41682526012197,40.7868834332708,
1877,-73.5333585594339,40.78268315917459,
1878,-73.75914878445747,40.751278625450574,
1879,-85.58997467452924,42.96298489153997,
1880,-80.08162064758103,42.0498735390673,
1881,-84.50271023288138,42.72764596023389,
1882,-84.49229066593813,42.67728472000817,
1883,-74.11772813235176,40.89788555389436,
1884,-74.12299605309275,40.89386995751362,
1885,-74.1324831235387,40.889351970822624,
1886,-74.15518807382846,40.87859564209267,
1887,-74.17370194141297,40.8528474359256,
1888,-74.21165128196027,40.756611213474486,
1889,-74.35756819124404,40.84709960375313,
1890,-73.1907237095429,40.75660068205241,
1891,-73.23963091932794,40.75264759873849,
1892,-73.2817674193849,40.740221801749705,
1893,-73.28501881053977,40.73566968448442,
1894,-73.42704390796452,40.70830015129812,
1895,-73.57444445559537,40.690514100425574,
1896,-73.72936253246404,40.68154493592605,
1897,-75.0851583107003,40.930270662528166,
1898,-74.69686840277899,40.88876925385361,
1899,-75.6947029768787,41.06746162728059,
1900,-75.39580224301113,41.071164402873734,
1901,-75.18823918978471,40.990948547906186,
1902,-75.76069356751911,41.300165289012504,
1903,-95.00042392817639,43.641094662256144,
1904,-94.09894163935185,43.66643127940215,
1905,-74.24811976626155,40.707986567739475,
1906,-74.05061721081607,40.72934057412792,
1907,-74.10078029933435,40.726526452277724,
1908,-74.15866964291394,40.711812389092465,
1909,-74.17174954334439,40.708483320315295,
1910,-74.18292689373656,40.705637176556756,
1911,-74.20001666626118,40.70524024693222,
1912,-95.57870989352514,43.63935806776559,
1913,-122.56927129166885,41.85757198656736,
1914,-122.57329198482799,41.84477443342119,
1915,-122.63240023225148,41.73109860733544,
1916,-122.41951433926204,41.42693668682168,
1917,-83.75597460195057,42.524464404840906,
1918,-74.02757226596337,40.615947059741025,
1919,-74.03104545494445,40.61073727626938,
1920,-93.34892256767588,43.503903697503716,
1921,-93.33806735169075,43.60898197721694,
1922,-74.16302663622525,40.61594705974098,
1923,-74.28860802223564,40.64935386843613,
1924,-74.23944219819415,40.63098877777505,
1925,-74.17513099516293,40.62056053385271,
1926,-96.77348690301447,43.61330915040755,
1927,-95.59395763244595,43.63947647955956,
1928,-96.2129092483768,43.64279612251369,
1929,-96.42443141041657,43.60288958346431,
1930,-96.6901303674687,43.604626177954835,
1931,-76.01423636313748,41.044885898903615,
1932,-75.83876298925178,41.251187563503706,
1933,-98.04584326077114,43.69512954762089,
1934,-97.38808182783454,43.66521258555446,
1935,-88.04870077173274,43.147203631400345,
1936,-88.04626303861326,43.12819443072261,
1937,-88.0418898045954,43.03665336544249,
1938,-88.0418898045954,43.02807680709661,
1939,-82.87899438422947,42.62919172111791,
1940,-82.93192863682953,42.48796464368158,
1941,-82.93121608036347,42.44891995259046,
1942,-83.05960021124531,42.36817090069266,Detroit
1943,-83.24020603826114,42.64168779189234,
1944,-83.11263356296713,42.48108062190394,
1945,-83.2413405744842,42.47056530821372,
1946,-83.20696015507883,42.44403134874044,
1947,-82.99534621509544,42.33691219986294,
1948,-95.00737030613854,43.503903697503716,
1949,-88.16308483328363,43.03644488999401,
1950,-89.32467154706113,43.17310927418031,
1951,-88.03841661561434,42.97250578339941,
1952,-87.96333172944298,42.96556097007221,
1953,-114.41679181440423,42.944055187110806,
1954,-114.27835936762548,43.33545403192164,
1955,-74.64927309357554,40.64199597709899,
1956,-124.10401099508266,41.22028194244784,
1957,-83.17074225863966,42.290024148618464,
1958,-74.30542738444926,40.52043436276146,
1959,-74.31972274154843,40.55141402213433,
1960,-74.26542445351873,40.69500876466725,
1961,-74.3453690577316,40.52738074072359,
1962,-74.35386845572289,40.529364766410424,
1963,-74.56562650195237,40.57561526026356,
1964,-74.29655291162321,40.469165226606634,
1965,-74.08458031157487,40.280886230435485,
1966,-74.10224582905647,40.169642275673155,
1967,-75.21019311401894,40.66630829996651,
1968,-75.18675074345907,40.671331758228895,
1969,-74.89327558691855,40.63597305048063,
1970,-74.86938846694285,40.64085176271429,
1971,-83.74208184602627,42.305653499033305,
1972,-76.33742837331494,41.03289677295106,
1973,-76.840855340633,41.05183227686574,
1974,-83.68477422783856,42.22750674695913,
1975,-83.41450847183414,42.22879434215355,
1976,-83.27076940704475,42.265713582167365,
1977,-83.22507912482577,42.26714534681517,
1978,-83.80633584217614,42.28828755412792,
1979,-117.70813348643567,41.99827627420833,
1980,-84.66012839012664,42.72600618776249,
1981,-84.66953253290941,42.723398390959105,
1982,-75.66474811742165,40.83765151208124,
1983,-75.56451970060557,40.598087355697004,
1984,-75.5575120121263,40.57947857543971,
1985,-75.54162792923674,40.57206712196105,
1986,-76.87126487535622,41.05310069157865,
1987,-77.43946981341207,41.05702762371441,
1988,-77.77340658205127,40.95458298539565,
1989,-85.67994842321515,42.84747157521342,
1990,-85.66192876982237,42.45021898213118,
1991,-85.63844302969247,42.23618971941184,
1992,-74.40608177029074,40.46790941685513,
1993,-74.60446481778828,40.19346934512618,
1994,-74.23593898557715,40.16473449705076,
1995,-87.94290391863481,42.496678892992385,
1996,-87.95476803056674,42.56755464107884,
1997,-87.95576897220273,42.726462342956445,
1998,-88.51732743692632,42.667735896856115,
1999,-88.7244199599903,42.608667274457375,
2000,-88.97096785703259,42.53488397178419,
2001,-88.9870010439566,42.717066590997604,
2002,-85.65059919112622,42.14935999488499,
2003,-103.22840862433979,43.00029129524798,
2004,-103.46207887871442,43.42187421125295,
2005,-103.5091173690293,43.9447827604848,
2006,-88.98659720744743,42.49841548748288,
2007,-74.73262962912132,40.09496871257997,
2008,-74.70658317309777,40.117031077697185,
2009,-74.82640573161031,40.11580784646642,
2010,-74.78732108331758,40.10495560170444,
2011,-100.5679458648374,42.99508151177644,
2012,-85.66449194705052,42.25529225880779,
2013,-114.44159924973594,42.66165536959343,
2014,-83.25538184704912,42.18990493082841,
2015,-83.35697116422634,42.01362879136277,
2016,-83.52674412919971,41.744733478589936,
2017,-76.0018185165234,40.55936478193868,
2018,-76.51784876539315,40.42492166578198,
2019,-76.22521908180568,40.77439143865556,
2020,-76.43851295593853,40.6199705922783,
2021,-83.68303763334802,41.725630939193984,
2022,-83.68908010296379,41.79836651424323,
2023,-83.68706366661773,42.20461608900469,
2024,-75.27792029914987,40.11059806299479,
2025,-75.20151899147105,40.138770647396,
2026,-74.96561862797411,40.13263442264078,
2027,-74.90220185296107,40.12924054163282,
2028,-74.84396844317477,40.11990867100472,
2029,-75.55001422918343,40.568256468092756,
2030,-75.29931265617043,40.15911269165015,
2031,-80.51896247158996,41.178603674674925,
2032,-80.44474675846435,41.18427585965763,
2033,-80.24050221914294,41.19579586783562,
2034,-90.10395117260386,42.96312307475261,
2035,-90.59031289332236,42.62183521244391,
2036,-90.61552283957096,42.49494229850182,
2037,-90.63983516243847,42.49494229850181,
2038,-90.65372791836276,42.493205704011274,
2039,-90.67630364673975,42.4897325150302,
2040,-100.55578970340363,42.8665735194767,
2041,-80.6769925702288,41.154291351807366,
2042,-80.56868289789229,41.17860481250487,
2043,-80.70989125872023,41.60701131859169,
2044,-80.70683294493706,41.53514608924547,
2045,-103.0599589587577,42.8144756847606,
2046,-103.01654409649429,42.8144756847606,
2047,-81.8097990106861,41.36362259976402,
2048,-81.71921404991532,41.42520655654325,
2049,-81.64497093602884,41.41123299016681,
2050,-81.5083179216874,41.34925603624959,
2051,-81.49492857527164,41.25848702123963,
2052,-81.63693768512732,41.27952720461909,
2053,-88.96402147907047,42.27026243551852,
2054,-88.95881169559884,42.25008247533611,
2055,-91.35531209253965,42.46368359767221,
2056,-80.83675926335819,41.11261308403455,
2057,-81.37214658105242,41.255964174737684,
2059,-84.95939665329279,41.93500907176969,
2060,-84.98548350125063,41.760362829004734,
2061,-89.01611931378656,42.22229696348758,
2062,-75.33693156319279,40.06844830457417,
2063,-75.26535611555921,39.98270957160184,
2064,-75.17759959554247,39.91396424186368,
2065,-75.13204636194479,39.90220672413043,
2066,-84.99069328472225,41.73605050613723,
2067,-89.201934924274,42.28134117616573,
2068,-85.00111285166545,41.734313911646694,
2069,-75.10252425560566,39.87268461779127,
2070,-75.05109836814819,39.87770249730487,
2071,-74.98012227919605,39.908379557517016,
2072,-75.11024562552434,39.88321634541783,
2073,-80.75180730592105,41.042825565623694,
2074,-80.73950997188813,41.03620292645087,
2075,-75.09905106662458,39.857055267376445,
2058,-83.55800283002937,41.56065446259303,
2076,-83.46303428359168,41.527113222934176,
2077,-83.04491627834977,41.3857173587916,
2078,-82.7583367757835,41.34133792934923,
2079,-82.61818340135825,41.32448430357895,
2080,-81.83078402185906,41.34043591177918,
2081,-85.69694199708417,41.79563256492858,
2082,-85.71311659278555,41.760362829004734,
2083,-84.80661426872534,41.63011824221448,
2084,-84.41939189741383,41.607879891303014,
2085,-83.66493602975902,41.59285062441147,
2086,-84.82111977037052,41.6306477570396,
2087,-112.16214574290947,42.486142864572166,
2088,-76.87906041942482,40.21132054344592,
2089,-76.70553339848661,40.20700860229453,
2090,-76.32211662305481,40.2336130402008,
2091,-76.07931097561071,40.219800277184504,
2092,-75.90921847481931,40.171749988528596,
2093,-75.4162466645673,40.09179205768906,
2094,-75.35909676371432,40.09528800375338,
2095,-85.71832637625715,41.744733478589914,
2096,-87.86475716656065,41.99827627420833,
2097,-87.88317834304331,42.13775364417452,
2098,-87.904698839843,42.23943231517855,
2099,-87.94103291484012,42.37728498281466,
2100,-87.88468650586564,42.0038433377365,
2101,-88.02775075684234,42.05361470260275,
2102,-88.0603343774213,42.06045623227672,
2103,-88.19013974250375,42.06849652884731,
2104,-88.5111572425345,42.146859481273594,
2105,-80.71569384498237,41.02400410811716,
2106,-80.66098155624975,40.972396359185005,
2107,-80.51896247158996,40.90943152864168,
2108,-76.9203660499973,40.31269858189886,
2109,-77.1222137183148,40.233702241327336,
2110,-77.13433980953373,40.225213299370196,
2111,-93.34622501542795,43.1036681548735,
2112,-93.36173641918191,43.14502690925965,
2113,-81.16796575551207,41.113963455458034,
2114,-81.5018749532338,41.06746162728057,Akron
2115,-76.97488488613662,40.19567313847755,
2116,-106.33603171814185,42.8413041800419,
2117,-96.44874373328409,42.493205704011274,
2118,-96.80465659638463,42.78661022765251,
2119,-96.79345850983327,43.30090586829319,
2120,-87.7477680696921,41.958170575223534,
2121,-87.64425880666822,41.876120351783165,
2122,-87.63899988279087,41.84719255353164,Chicago
2123,-87.94637710761589,41.845455959041054,
2124,-87.91895958846823,41.88027421487472,
2125,-87.8853506778756,41.94242148375189,
2126,-96.37671243680802,42.44631798807142,
2127,-86.25146088485195,41.62317186425231,
2128,-80.13557343879405,40.962317620877975,
2129,-80.0917602269179,40.6628351109855,
2130,-80.36508588171647,40.83161176332546,
2131,-80.09725418320416,40.669813879923474,
2132,-98.65595533075637,42.45847381420058,
2133,-75.50888736639126,39.67818603485111,
2134,-75.4784408428257,39.68354792453412,
2135,-75.27090398681273,39.756398940988305,
2136,-75.53667287823986,39.68686900730383,
2137,-89.01611931378656,41.90450017171935,
2138,-87.89775246188086,41.78467515187224,
2139,-75.64607833114368,39.68686900730383,
2140,-75.5935326728213,39.70474041914509,
2141,-75.57426146088257,39.69868721823388,
2142,-87.85607419410796,41.7551530455331,
2143,-87.74335116690587,41.812423394199314,
2144,-87.86771319681245,41.76340110323135,
2145,-74.2123344455949,39.96535567989644,
2146,-74.21174433949287,39.99392058476616,
2147,-74.1742993666196,40.05423333253167,
2148,-88.05795008511994,41.81022554387855,
2149,-87.95767063857305,41.843844350141715,
2150,-74.43740856573007,39.35865264859235,
2151,-81.4981657797178,41.02543415393043,
2152,-81.38725971685837,40.78613331981366,
2153,-75.78674248487715,39.6399809560593,
2154,-87.58251606634845,41.72214643113496,
2155,-87.52438464641544,41.6474841871199,
2156,-98.65074554728477,42.44805424725733,
2157,-98.44972595435743,42.33017595939039,
2158,-97.42551532873168,42.36644249797406,
2159,-96.43548704369604,42.44462377532854,
2160,-87.24030340209855,41.56774641450844,
2161,-87.30383714611726,41.56586424606464,
2162,-90.56863478832646,41.869768281908534,
2163,-83.66914487742372,41.050095682375186,
2164,-83.66897701328114,41.058329701331644,
2165,-83.62229447770241,41.35077770990165,
2166,-83.60436996760264,41.54998460666303,
2167,-87.4705502172088,41.541551923197105,
2168,-87.52612124090598,41.55197149014036,
2169,-87.74319555222307,41.567600840555144,
2170,-87.70380895045996,41.60102949047344,
2171,-87.69630718995964,41.626645697961614,
2172,-87.73865457858061,41.66408476072507,
2173,-87.8064695355814,41.71887881241506,
2174,-104.33982909828333,42.13720383345128,
2175,-86.2723000187384,41.34184355678539,
2176,-86.31018743641562,41.4500062434355,
2177,-87.3246762800037,41.46861495459461,
2178,-86.89132743987716,41.43550997626581,
2179,-86.62065425366076,41.39472847373681,
2180,-78.20115875093894,40.0129609692605,
2181,-77.96252309948474,40.04862508738855,
2182,-82.68449580128936,40.78613331981366,
2183,-79.83013081033398,40.547764488888895,
2184,-79.75226864080454,40.43886616152887,
2185,-79.68875258505027,40.319490432015456,
2186,-79.6055137695676,40.22000351589862,
2187,-85.04324747993063,41.63516829781582,
2188,-85.05321068638156,41.43945631257355,
2189,-85.15914295030431,41.1265058399588,
2190,-82.97160196166992,40.83405485691174,
2191,-83.22457668784631,40.83475796554863,
2192,-87.85095226496729,41.55198306388621,
2193,-87.99140730326876,41.520602002372705,
2194,-88.19644671425318,41.48771749399053,
2195,-88.17313581264978,41.585287869538455,
2196,-88.04736401628193,41.71990386261602,
2197,-85.19868860412905,41.131069708136415,
2198,-85.85282045978857,41.27205999853116,
2199,-75.63218557521938,39.334340325724845,
2200,-75.64266792188654,39.6203671423315,
2201,-75.64374441925979,39.64137157439186,
2202,-85.0056787375027,41.056873212399765,
2203,-84.80314107974426,40.999734442149645,
2204,-79.01090176073812,40.13739669153709,
2205,-79.58997551775586,40.212447033620734,
2206,-77.63542078773149,39.92871635136032,
2207,-77.74041128673106,39.72160089711453,
2208,-90.56342500485485,41.593649757913184,
2209,-90.36533635828643,41.58554316516128,
2210,-90.56753820434082,41.81182292008093,
2211,-91.60067145641366,41.68424668922506,
2212,-80.24631713657568,40.18700822057846,
2213,-83.65148055984747,40.839517920861525,
2214,-83.96161104510759,40.83264809271135,
2215,-84.5814540350774,40.889539786150074,
2216,-80.23345461245147,40.180152173828134,
2217,-80.19421930185958,40.15922270872987,
2218,-79.77967632565627,40.15848793601361,
2219,-90.334194532104,41.534605545235,
2220,-89.69117020449886,41.75422533385668,
2221,-75.50194098842913,39.164154065652205,
2222,-78.18671607079902,39.72333749160509,
2223,-76.15094601120869,39.56240966650208,
2224,-76.50221941497833,39.35344286512076,
2225,-76.64318226697588,39.42081057619505,
2226,-89.05779758155944,41.36615587965293,
2227,-89.00612562299749,41.761003580083134,
2228,-89.05779758155944,41.5546874770056,
2229,-89.05101627966238,41.46947147148409,
2230,-77.7942457159377,39.60872225522964,
2231,-77.96327341658892,39.498131412747455,
2232,-78.1287896581494,39.18635081655478,
2233,-78.15052876102003,39.15853474910138,
2234,-78.15976377843849,39.14771854712047,
2235,-78.29959471268387,39.01133375048515,
2236,-90.334194532104,41.44256603723649,
2237,-89.44183301770934,41.394871799923926,
2238,-80.71913902968218,40.06221421642256,
2239,-112.04563276737915,41.48591090042902,
2240,-112.03382062220058,41.360350364193344,
2241,-112.02688148068933,41.33668729256061,
2242,-112.01384015196548,41.17860367467493,
2243,-110.72702363447772,41.314058044936814,
2244,-76.54666171612307,39.30170138451929,
2245,-76.5525806552039,39.27703270753708,
2246,-93.58327931090177,42.006928141596546,
2247,-76.57200675672334,39.258001030804365,
2248,-111.04482042624596,41.24459426531533,
2249,-93.5903092018605,41.59885954138487,
2250,-93.57871128440844,41.62794895720011,
2251,-80.73517524476621,41.02399409705509,
2252,-80.6344651952376,40.688138429422956,
2253,-80.58989069789914,40.654320578662066,
2254,-76.5907857339957,39.23361784527366,
2255,-76.61198174008369,39.23288074675948,
2256,-76.62204443482537,39.22840806180208,
2257,-76.7429071863702,39.30398698398681,
2258,-76.89133693965827,39.290946416637574,
2259,-77.16936957265334,39.35566784696849,
2260,-77.43650725088713,39.39859432187471,
2261,-77.70193942668743,39.59770135877108,
2262,-77.68048175944894,39.59804288109035,
2263,-77.49435877452599,39.42321998482029,
2264,-93.78480778480063,41.58149359647941,
2265,-102.8528954223198,42.095578894961996,
2266,-102.87833852810019,42.09659813365792,
2267,-102.89533019204578,42.096010931048,
2268,-75.16677825175552,38.747371387923415,
2269,-75.17611386465862,38.74737175643197,
2270,-76.15837370585206,38.9800750496554,
2271,-76.3096609224756,38.97339322948007,
2272,-94.96048225489405,41.49119068297155,
2273,-94.94485290447922,41.49131481296814,
2274,-94.01297841290969,41.53670124694263,
2275,-94.94485290447922,41.49640046644315,
2276,-95.58044648801568,41.49119068297155,
2277,-95.33680865191428,41.489247129153895,
2278,-81.47765200508987,40.491131491578116,
2279,-81.55521945964003,40.29284519807678,
2280,-111.44250056457888,40.96847574132001,
2281,-80.2039686378542,40.14808112327433,
2282,-75.0764753382476,38.6258097735858,
2283,-76.40149693452719,39.00612396701335,
2284,-76.49319661953018,39.0163464326008,
2285,-76.56159818987459,38.981813724602794,
2286,-76.60294189542945,38.98181164414585,
2287,-76.58036616705247,38.987021427617464,
2288,-76.63295612641289,39.20595539670956,
2289,-119.8128860089663,39.57920014889063,
2290,-75.07126555477599,38.6119170176615,
2291,-82.51286008124973,40.69141977319546,
2292,-82.9268350065679,40.26616498819256,
2293,-82.97779343601124,40.10988958485061,
2294,-83.0352878883778,40.11407125197582,
2295,-83.0736840204417,40.28986852865517,
2296,-83.07223844914004,40.29998648962087,
2297,-83.08201567436942,40.59415518235313,
2298,-83.10881516024662,40.66582585475901,
2299,-77.14823256545802,39.03217288437144,
2300,-111.87929178939403,40.962362657929255,
2301,-111.91245743738573,40.801182097309855,
2302,-90.33245793761346,40.984105091734776,
2303,-76.7174283987669,38.95403072873937,
2304,-76.86168073674982,38.94761025136411,
2305,-76.89907129517829,38.9296188770188,
2306,-76.93115825414091,38.917557647996,
2307,-76.77836435433501,39.11471366113641,
2308,-76.88132783316354,38.99085638343598,
2309,-77.00583181723403,38.90887467554332,"Washington,  D.C."
2310,-111.89899706080833,40.76204249344027,
2311,-111.8870366431092,40.753723926215145,
2312,-111.85928324230771,40.71840613468265,
2313,-77.21943293956997,38.88456235267576,
2314,-77.19145312268212,38.89522275940997,
2315,-77.18517763683768,38.89761244788254,
2316,-77.15806583668,38.889796849538655,
2317,-77.02241905009515,38.904301728913495,
2318,-95.82530631118138,41.27411637165449,
2319,-95.8737021521747,41.35723262590816,
2320,-111.49807158827606,40.732298890607,
2321,-77.035655872401,38.87952306621463,
2322,-77.10030851527844,38.83583062995187,
2323,-119.25150337539998,39.60635969133496,
2324,-95.87393095691641,41.24285767082476,
2325,-95.90518965774606,41.23938448184369,
2326,-75.07126555477599,38.39484270634442,
2327,-75.14420252337854,38.39310611185384,
2328,-82.98468939017789,39.97696176032524,Columbus
2329,-82.98393436509257,39.964679747116634,
2330,-82.98319005366169,39.95256796435592,
2331,-76.05591463091037,38.598024261737244,
2332,-82.84736469946127,39.9363151176587,
2333,-82.00840282540173,39.951467967952084,
2334,-75.56272179559791,38.455623513513174,
2335,-75.59618129631274,38.76086325741625,
2336,-76.06286100887252,38.57544853336026,
2337,-83.01444875449135,39.9508313698654,
2338,-83.03876107735887,39.89352375167773,
2339,-90.64818972505732,40.92688808983228,
2340,-75.54014606722093,38.3618474110242,
2341,-75.59515681839149,38.366702225809874,
2342,-78.19392074009895,38.959716021330316,
2343,-77.84120207866869,38.856052482519026,
2344,-77.6391429649851,38.818228791399136,
2345,-77.63274242831778,38.81683516754484,
2346,-77.61554513505376,38.80745509126181,
2347,-77.58736123725244,38.80218029014105,
2348,-77.44562900450208,38.83718910472061,
2349,-77.34654219940026,38.86168927140225,
2350,-89.48499982623149,40.619420248722044,
2351,-89.52726900333553,40.63169443598209,
2352,-89.60841907559204,40.67817142320713,
2353,-89.67296051034876,40.73209052906764,
2354,-118.92965265782581,39.50830788346417,
2355,-104.99105203223456,40.407555720876594,
2356,-104.99668065942005,40.52309794601036,
2357,-80.1794873562462,39.439496862656966,
2358,-89.02653888072977,40.53606371317634,
2359,-89.03001206971085,40.50654160683713,
2360,-83.04452585355921,39.957679563491425,
2361,-83.11944589678825,39.982091355273774,
2362,-83.3833951988891,39.94948149226459,
2363,-83.68136609727266,39.92517625756315,
2364,-83.85383012452752,39.89350913619925,
2365,-84.05119566534184,39.86226505084799,
2366,-84.20227938601853,39.7528595979442,Dayton
2367,-119.74995381625658,39.38524685224961,
2368,-119.77539750326748,39.36294218052561,
2369,-119.77857743843427,39.352767929288,
2370,-119.8073758975213,39.33182674455631,
2371,-119.81657566579968,39.32862553540128,
2372,-119.82142415043492,39.3146587737399,
2373,-84.62911860941718,39.837457932884746,
2374,-84.81356064668748,39.83795272798053,
2375,-87.46923466647645,41.422813236080465,
2376,-87.4370902934229,40.76785283990841,
2377,-97.04439564353821,40.82260180411491,
2378,-96.71590775947934,40.8599714019433,
2379,-96.56859332610183,40.89477803233086,
2380,-96.10429549051878,41.212884010155804,
2381,-81.56786554387419,39.280505896518235,
2382,-93.49256082149141,41.59803196895205,
2383,-92.64571466960616,41.30011692463161,
2384,-92.41667256922634,41.00906022386516,
2385,-92.52577677916145,40.59337133136405,
2386,-97.59489609703839,40.82086520962434,
2387,-87.53306761886812,40.11580784646642,
2388,-87.45180702265918,40.120905474471606,
2389,-75.54014606722093,38.00410894597363,
2390,-86.12816267602385,40.77131947974511,
2391,-86.12816267602385,40.76322414438209,
2392,-86.12816267602385,40.541110136927834,
2393,-86.15594818787244,39.93520201945061,
2394,-98.38504659023263,40.806972453700084,
2395,-86.05348911293076,39.89178715718716,
2396,-85.55191426596186,40.479918674498265,
2397,-85.55291522363856,40.552998312235495,
2398,-85.35070175686813,40.826775162102805,
2399,-88.18318359312285,40.3078096880474,
2400,-88.01063110376575,40.751599252595405,
2401,-87.86865413238583,41.07800918375732,
2402,-87.74321550187669,41.5067332378606,
2403,-89.02132909725816,40.44228761068729,
2404,-88.99181498475618,40.43205076158756,
2405,-88.72834247723766,40.3116130862379,
2406,-88.19581994915838,40.132507970448685,
2407,-87.71148222175079,40.12402954057738,
2408,-87.63579470587588,40.10536916182441,
2409,-93.9254719385341,40.57600538645863,
2410,-93.80420470229119,41.02472452340747,
2411,-93.78489985822041,41.57365322097558,
2412,-111.9061712935522,40.76008440245554,
2413,-111.89673995383893,40.63678668078149,
2414,-111.80588646552815,40.376581936722616,
2415,-111.66726396788738,40.240908224403476,
2416,-111.65878696088794,40.23006619843844,
2417,-87.32469403386743,41.393041902610804,
2418,-87.15438789348521,40.811874857057944,
2419,-87.11791466283667,40.76531164910474,
2420,-87.03969197383307,40.668265024043876,
2421,-86.86883292091807,40.50188799470144,
2422,-86.50051989224497,40.07367335214173,
2423,-86.27264802337581,39.86261376951845,
2424,-121.43938694032856,38.60045932261371,
2425,-84.888149619994,39.87442200157109,
2426,-84.92996686584885,39.86933438919214,
2427,-85.41131915060564,39.85448959619695,
2428,-86.04654273496861,39.7997476491887,
2429,-86.03438657353486,39.80148424367923,
2430,-86.90324243349585,40.080536411541885,
2431,-86.27593509397178,39.808520620550865,
2432,-89.41206285762894,40.180061842616276,
2433,-89.16386938113888,40.31095485896781,
2434,-89.45721431438291,40.30824085778824,
2435,-86.1403188374576,39.78411829877387,
2436,-94.97749914233843,40.980585489270666,
2437,-95.03689241247767,40.576005386458654,
2438,-95.66206642907092,40.58468835891132,
2439,-97.59489609703839,40.63331300464638,
2440,-110.40538782540335,40.16088362621435,
2441,-109.52784425195242,40.45594926457182,
2442,-111.77419011227141,39.97861688171398,
2443,-102.30197037580527,40.58431529570985,
2444,-122.55670530401444,38.08572888702884,
2445,-122.71612972410675,38.330631391123944,
2446,-122.71820050425117,38.43268273912503,
2447,-123.21140142694684,39.242300817726445,
2448,-119.54718705191415,38.688327175245135,
2449,-122.13711461127834,38.21322660366315,
2450,-122.21980597285031,38.137826721745,
2451,-122.54628573707122,38.07704591457621,
2452,-122.44884431510825,38.15376525266125,
2453,-122.25496279270169,38.132419525782986,
2454,-122.22938232853622,38.09203520000766,
2455,-122.22675235081245,38.06836294212347,
2456,-82.93870709195761,39.32018381085091,
2457,-82.9399690082128,39.60017338297495,
2458,-83.01271216000082,39.87442121228174,
2459,-122.22501575632192,38.05967996967081,
2460,-86.03126778559948,39.746515691970906,
2461,-85.47988420556358,39.36565173131298,
2462,-84.8239802136307,39.268349735084456,
2463,-84.71110157174581,39.20930552240622,
2464,-91.40914652174628,39.93554160349782,
2465,-91.42998565563272,39.92999223597897,
2466,-83.14462334209959,39.82195853871534,
2467,-83.60938605730814,39.62195212924669,
2468,-83.84422081936236,39.514456467422214,
2469,-84.35169563304308,39.270005704781475,
2470,-84.4697149375612,39.139841742784675,Cincinnati
2471,-84.23159653036416,39.61475049106164,
2472,-84.36866899641733,39.37959905602621,
2473,-84.43657679319864,39.28774284013466,
2474,-84.46841203894643,39.21148950867384,
2475,-84.54612509514482,39.15026130972792,
2476,-84.67636968193507,39.21451530587783,
2477,-89.593600099897,39.78286004757567,
2478,-122.50683794060961,37.865426720017474,
2479,-84.51383928919847,39.097446369881766,
2480,-84.51833958329622,39.089480502559155,
2481,-84.53072944680724,39.10448383363657,
2482,-78.37365383681482,38.23407432921222,
2483,-77.99273760282236,38.45895596333979,
2484,-77.79848609405653,38.62019038759401,
2485,-77.7791016768698,38.73071581575882,
2486,-77.66480015275202,38.78514919253831,
2487,-77.6101666999408,38.80988878958271,
2488,-79.04806693810528,38.1169875878585,
2489,-79.03813358621731,38.129714428191484,
2490,-78.850879644057,38.4375088521778,
2491,-78.36475013972965,39.00992119882683,
2492,-122.30346861580944,37.93157813477411,
2493,-84.53744212269213,39.061694990710585,
2494,-86.80678403465998,39.54273941557888,
2495,-86.26391059717382,39.71625293383794,
2496,-86.14379202643867,39.75112300345369,Indianapolis
2497,-87.5313310243776,39.43679940066651,
2498,-78.84775618906505,38.04485851287293,
2499,-122.4073581778282,37.767932095260655,San Francisco
2500,-122.46799527452019,37.801700366330834,
2501,-122.48376833541187,37.82523971344844,
2502,-95.03899777380863,40.44236439205375,
2503,-94.85454999097131,39.88075091081087,
2504,-94.85454999097131,39.87615780677236,
2505,-95.55857423476026,40.4071178166209,
2506,-95.19723862434708,40.07303742323331,
2507,-94.89449166425365,39.9108896965831,
2508,-97.61399863643429,40.002929204581534,
2509,-114.87053808889853,39.2457740067075,
2510,-92.54362044982533,40.52309650115071,
2511,-92.55652691386655,40.49319573496798,
2512,-100.57141905381847,40.002929204581534,
2513,-77.49135080518545,37.59389780013911,
2514,-77.51267831414458,37.597179538335716,
2515,-77.60265924852153,37.64990460170879,
2516,-77.62101345333856,37.660263415003584,
2517,-77.8933079504486,37.77742106140033,
2518,-78.20939471334614,37.982521576878284,
2519,-78.43845656826825,38.02615368913527,
2520,-84.59439147619997,39.03512707960274,
2521,-84.6207986582379,38.87761597471363,
2522,-114.05086548936517,39.05648520723888,
2523,-122.07219544115468,37.693258532167576,
2524,-122.1776206853155,37.78444015105101,
2525,-122.2944795359434,37.832186091410485,Oakland
2526,-91.71429714128507,39.66221740137388,
2527,-91.51097004039957,39.69605669291187,
2528,-77.41810007300218,37.54773315993457,
2529,-77.26632099081453,37.521335677604405,
2530,-121.56510984991795,37.74361977239306,
2531,-104.66804545699479,40.411028909857606,
2532,-104.67384069265931,40.39236370364782,
2533,-104.84143000849294,39.95750404765504,
2534,-85.83988799059473,38.959235915768936,
2535,-84.83092659159286,39.112056230936105,
2536,-86.10875420885901,39.70533583076945,
2537,-85.95578208022668,39.29587461074178,
2538,-85.9562398214607,39.199189263410446,
2539,-85.84509777406635,38.993967805579636,
2540,-104.99278862672517,39.813640405112984,
2541,-104.98520311192244,39.97167072537958,
2542,-104.97650954317699,40.15575091934461,
2543,-121.3118457900372,37.938886647579544,
2544,-121.2994108928658,37.79745420159979,
2545,-121.3541327395837,37.76739857860718,
2546,-121.24693220967629,37.9859125506389,
2547,-121.19000543996196,37.79745420159979,
2548,-94.2224295964159,39.7528595979442,
2549,-94.01480142542937,40.265911288410926,
2550,-93.55321136252896,39.77438537012359,
2551,-94.79376918380251,39.74938640896315,
2552,-94.80225946705099,39.74920425822183,
2553,-94.85427506909743,39.74807574590143,
2554,-94.87365253036721,39.747649814472595,
2555,-105.03967667796967,39.71986430262399,Denver
2556,-105.01407809401924,39.78451483114615,
2557,-79.3630194419983,37.841367382240804,
2558,-105.19186014565359,39.6981657213109,
2559,-82.60287586023412,38.389632922872785,
2560,-87.69144742898425,39.42655219486358,
2561,-88.51250691153088,39.15026130972794,
2562,-76.31814039898143,37.01251349187712,
2563,-76.32069585706414,37.023588903672156,
2564,-76.33363220240132,37.04029912545431,
2565,-76.3705469747184,37.030033846989994,
2566,-76.39071055628052,37.04089436851828,
2567,-76.45847574490642,37.093805703038015,
2568,-76.26604256426526,36.95173268470834,
2569,-106.4567377822477,39.60698566073914,
2570,-75.97082150087407,37.12712872825257,
2571,-76.12885159951291,36.91873738938813,
2572,-86.5032670859798,38.861986624298794,
2573,-86.18168381301672,39.698080953253665,
2574,-76.25860306632343,36.94677600799835,
2575,-121.9419508543644,37.3146809332305,
2576,-121.89279462461731,37.328992942177194,San Jose
2577,-122.06234055209491,37.33434819648022,
2578,-122.19305044449423,37.409176583477574,
2579,-122.24347933789146,37.43506525840932,
2580,-122.34147200360155,37.509297545727236,
2581,-77.33018549708669,37.19461274463597,
2582,-77.33981569732735,37.344036873737906,
2583,-77.32199817771674,37.462794124237064,
2584,-77.26949662740056,37.50947716475843,
2585,-75.9864508512889,36.851010204257236,Virginia Beach
2586,-76.20178856811546,36.84753701527608,
2587,-76.26983062922103,36.921104435963024,
2588,-119.05920400007331,37.81829333548621,
2589,-108.6031685725512,39.120739203388794,
2590,-109.05294654560025,39.1902029830103,
2591,-107.77876975799595,39.52513027542713,
2592,-76.34418931633948,36.75549750727767,
2593,-76.26777914909108,36.756862776720226,
2594,-76.20178856811546,36.842610130108746,
2595,-86.47027179065961,38.55981918294541,
2596,-81.20318070086148,37.73320020544992,
2597,-80.63482689166322,37.90655110057843,
2598,-80.43550017578205,37.81044335551546,
2599,-81.26576813152579,37.87868202183817,
2600,-104.72165613557267,39.73904470511835,
2601,-76.39107736758397,36.78501961361687,
2602,-76.40868306119877,36.783260337149564,
2603,-76.62357784153384,36.72783935370132,
2604,-103.58093730591875,39.26661314059388,
2605,-112.23946293911622,39.13873187901309,
2606,-112.10374984615505,39.26360370980296,
2607,-102.27829717545087,39.291405596811344,
2608,-102.04578777628421,39.330867136743755,
2609,-94.56280211656112,39.17631022708598,
2610,-94.49582930240123,39.21407501133515,
2611,-94.45622698697197,39.25783568383938,
2612,-94.23820814321653,39.68734370313936,
2613,-94.65280874942319,39.25483403013317,
2614,-94.79211648744833,39.70773212767513,
2615,-94.79291660708586,39.72790414185299,
2616,-85.85030755753796,38.31495935977972,
2617,-84.52354936676784,38.113514398877484,
2618,-84.53189367865008,38.216346625085514,
2619,-84.53540894959667,38.22455340374695,
2620,-94.57495827799487,39.09642688052134,
2621,-89.0972562337566,38.98258928495048,
2622,-89.90699228743193,38.752581171395015,
2623,-85.81539305046729,38.27967973463975,
2624,-85.79647312833131,38.280227469969034,
2625,-94.60795357331507,39.09295369154015,Kansas City
2626,-85.83492478967301,38.96853556900411,
2627,-85.83467820712312,38.95077454842403,
2628,-85.83430915589497,38.92417614942281,
2629,-85.82252204568937,38.768997693804515,
2630,-85.75349715767679,38.34970620749524,
2631,-85.75132167157736,38.26807130853522,
2632,-84.4558221816369,38.078782509066684,
2633,-76.35608799364097,36.69344462810252,
2634,-76.38065780064075,36.55057935739437,
2635,-94.60795357331507,39.07037796316323,
2636,-84.14844495681189,38.01800170189803,
2637,-83.94915172689585,38.082301530916055,
2638,-85.72006297074769,38.25938833608255,
2639,-85.62930213808798,38.29041642285712,
2640,-85.57375063175894,38.3092685920637,
2641,-85.23254052896147,38.52002272776461,
2642,-84.83205269646663,38.73986973644159,
2643,-85.75069254145096,38.259265352627345,
2644,-85.74958507708682,38.24375898566772,Louisville
2645,-85.7819990144156,38.269776660425876,
2646,-84.42803666978831,38.052733591708694,
2647,-84.61018475723715,38.158711304154,
2648,-84.81159499636169,38.17426188514789,
2649,-84.89439380064414,38.15653271915644,
2650,-85.50539723414427,38.22061682989857,
2651,-85.62609317129352,38.234967350826636,
2652,-100.8701133061908,39.19193957750081,
2653,-100.8701133061908,39.394351038743444,
2654,-100.53016228511052,39.82790958547894,
2655,-101.20306714744105,39.36821096160733,
2656,-91.20779648084012,39.35096328854863,
2657,-90.82391417843537,38.79946922263953,
2658,-91.94160659173706,38.94073613796625,
2659,-94.36035261462085,39.04256151170304,
2660,-94.49623270656927,39.05478829552255,
2661,-97.6433760462283,39.813092492676034,
2662,-97.66719022084077,39.36446198342657,
2663,-97.66956966013146,39.11900260889827,
2664,-90.69887937511672,38.7109029036221,
2665,-95.68493202557637,39.02697242359524,
2666,-95.6238613502791,39.02696310089982,
2667,-95.52668028288824,39.84963865693749,
2668,-95.73326680318293,39.84142591696163,
2669,-95.23312758990832,38.993967805579636,
2670,-94.86357646467201,39.100816075474654,
2671,-90.03100501758017,38.67413012853876,
2672,-90.14490573263548,38.62754636807635,
2673,-90.18137421693675,38.625809773585814,
2674,-90.3332581984328,38.71789282225311,
2675,-90.40201873540448,38.735115844474045,
2676,-90.44533657949835,38.742161604451766,
2677,-90.45810278291938,38.63525849718011,
2678,-90.34333426252033,38.63344335943202,
2679,-83.01320570425142,37.73301920910223,
2680,-83.05459442986954,37.74355473314954,
2681,-83.08217593962229,37.75056615035531,
2682,-81.10940459837248,37.27821244892929,
2683,-81.05165237872009,37.362835950794064,
2684,-81.12405505423602,37.5863787457279,
2687,-81.13024373225892,37.25563672055225,
2688,-104.8779176499609,39.55784404713002,
2689,-104.86711670824783,39.400149771412096,
2690,-104.83475852808633,38.8272547344881,
2691,-87.44623789434128,38.176031800536805,
2692,-86.97758930575375,38.19526567327914,
2693,-90.07148438364017,38.61956778412117,
2694,-89.16837442163582,38.39133688428549,
2695,-88.91713342782597,38.334061899175595,
2696,-87.5504335637735,38.17082201706522,
2697,-87.98284559191715,38.22291985178128,
2698,-122.01662441745749,36.98299138553798,
2699,-121.76144882572063,36.76825083151011,
2700,-121.76440256545055,36.75083773685857,
2701,-121.85779516655083,36.58687976115474,
2702,-121.88637983066722,36.56620870780917,
2703,-99.8907598205363,39.0122479858799,
2704,-99.31736242168114,38.89525088438747,
2705,-88.89455769944898,38.26633471404471,
2706,-88.34739934253305,38.26767330396706,
2707,-88.0044057462557,38.23235331602764,
2708,-108.54741893397967,39.06456888619234,
2709,-94.53217323337265,38.931817908048174,
2710,-94.55304841780021,38.94538322256014,
2713,-80.79513586469231,36.99876671992699,
2714,-95.26785947971906,38.57544853336026,
2715,-94.81653048200137,38.854577450184706,
2716,-94.74547582829038,38.93847045014951,
2717,-94.71337187934623,38.97362950701752,
2718,-76.34971359787414,36.417204433792875,
2719,-76.22336512841781,36.309930285879695,
2720,-76.68282524199417,36.05391333310082,
2721,-87.5453194745456,37.97702329032693,
2722,-84.56522763454072,38.04578721374653,
2723,-84.87617971555908,37.97451742669928,
2724,-85.43081006463532,37.79707501646714,
2725,-85.49503886002137,37.77993505622768,
2726,-85.83641480161366,37.70020491012969,
2727,-85.70032293449611,38.112458905923,
2728,-85.73769037248935,38.19428712442082,
2729,-87.55737994173563,37.906859654503585,
2730,-87.574745886641,37.86691798122122,
2731,-106.1024725061782,38.526823887625255,
2732,-79.46658621032465,36.54015979045114,
2733,-87.56993113123964,37.856603004892435,
2734,-96.2368792054386,38.41394524574033,
2735,-95.72854725479442,38.42810464427808,
2736,-95.70501175523601,38.97664976727732,
2737,-95.6881345393326,38.990053915643976,
2738,-105.38004919811489,38.493828592305,
2739,-97.62094501439643,38.37574016694852,
2740,-98.69379911637364,38.3687955769847,
2741,-84.39028414085014,37.963118238434426,
2742,-84.33322436869886,37.86428597719163,
2743,-84.31875214224344,37.77666820196109,
2744,-80.65268024736129,36.55752573535648,
2745,-83.58876518575546,37.174636904190535,
2746,-83.76022397061317,37.13239669878199,
2747,-77.87760225148348,35.97923977000771,
2748,-77.6355474995401,36.43199316027591,
2749,-77.58064459360168,36.545369573922684,
2750,-80.7429831608692,36.55926232984702,
2751,-80.71528525739822,36.650459664988325,
2752,-108.57538306070262,37.34767622855069,
2753,-103.65908405799291,39.26487654610338,
2754,-102.77566580288808,38.76473767477014,
2755,-102.60844439121814,38.07530932008565,
2756,-82.23352090490127,36.60761973289746,
2757,-95.24939389570913,38.197588600115324,
2758,-100.84927417230436,39.11925113549812,
2759,-100.903108601511,38.48236429011883,
2760,-100.88053287313402,38.018001701897944,
2761,-79.1661553634618,36.059123116572394,
2762,-79.68713371062285,36.054297330716906,
2763,-79.77396343514967,36.0452303606481,
2764,-79.76794379453035,36.090381941989826,
2765,-79.61885433806552,36.364097800176275,
2766,-100.88053287313402,37.98153321759665,
2767,-86.11253332560901,37.06113813761217,
2768,-80.19328992956002,36.10253052268147,
2769,-79.90920058043444,36.05838385894579,
2770,-80.56080914647976,36.45843130179412,
2771,-80.55673669016706,36.45505962783586,
2772,-94.61489995127722,37.83739587488213,
2773,-95.16942983622133,37.91929410120312,
2774,-94.70301563325957,37.84072241644408,
2775,-78.73547992980866,35.805580320954036,
2776,-78.99361645813015,35.95236928704654,
2777,-78.81587764889514,35.88029453869121,
2778,-78.7372165242992,35.767375242162224,
2779,-87.10457136979775,37.27547531783684,
2780,-96.84642387161702,37.903386465522544,
2781,-85.07077352282869,37.057388684081275,
2782,-85.61547150928895,36.99844199195636,
2783,-85.65741729099688,36.99691707896245,
2784,-85.6873344653652,36.99693598878055,
2785,-85.6941050229295,36.99693923995002,
2786,-85.93623271908032,36.97652118015409,
2787,-78.58265961464141,35.70312124601233,
2788,-96.8498970605981,37.81829333548621,
2789,-95.73825164264078,37.877813124932885,
2790,-84.10329350005793,36.593994219657716,
2791,-86.41725716079665,36.932781048844745,
2792,-78.29612152370285,35.51730563552493,
2793,-78.12946277548497,35.59415238651466,
2794,-78.31696065758929,35.50688606858169,
2795,-78.56529366973605,35.654496600277355,
2796,-78.2700726063448,35.49125671816684,
2797,-88.68616636058456,37.12886532274311,
2798,-88.68287141186757,37.160724538988696,
2799,-88.88140479877848,37.449937760072295,
2800,-97.32154780328023,37.76272527962801,
2801,-97.62094501439643,38.37029711939359,
2802,-76.71582053731436,36.03828398268597,
2803,-76.89106695831565,36.01559369896392,
2804,-77.06241671469664,35.54615767663062,
2805,-88.66185403771705,37.059401543121645,
2806,-88.67996064796502,37.078952905572564,
2807,-77.98944694984407,35.40220182559902,
2808,-77.98258223634969,35.40099095241053,
2809,-77.94625357285108,35.38720626048039,
2810,-77.93508116645322,35.38022177628995,
2811,-77.64138481498134,35.2635876674994,
2812,-77.58587877869324,35.24335642740511,
2813,-77.0440368960258,35.110942524739286,
2814,-89.1446273117069,37.44782540006759,
2815,-97.18436955462468,37.680639012567426,
2816,-96.8498014908564,37.899066684409604,
2817,-88.64974682475798,37.05277745164321,
2818,-88.50771908018847,37.0020151892435,
2819,-98.74845275002689,37.95618072919177,
2820,-78.3881645493613,35.44944192191108,
2821,-78.50972264603887,35.39400742669685,
2822,-87.4692367817601,36.85051661450012,
2823,-87.47923318966149,36.83885404282345,
2824,-79.82606126986578,35.61629152148555,
2825,-79.83649940672115,35.684955040750964,
2826,-79.83001881907246,35.80732026365515,
2827,-79.81833026137829,35.99870691368068,
2828,-80.59112080909469,35.92321142051786,
2829,-80.32668983663277,36.07232620160835,
2830,-80.28509597156884,36.09255405750458,
2831,-80.81513141938035,36.122271144260715,
2832,-107.9050575873554,37.26952947647663,
2833,-89.1550468730295,36.99862073595283,
2834,-86.55858063666729,36.66773539324293,
2835,-121.34984811897851,37.60217740047026,
2836,-120.96776554761375,37.056664801769315,
2837,-120.26914237213333,36.29327271212815,
2838,-120.24877122609102,36.26056807747468,
2839,-120.10088531478969,36.07628098493552,
2840,-119.96200471008146,35.980600032787734,
2841,-119.65138272134638,35.61629152148556,
2842,-119.86625498108349,35.61521069392718,
2843,-89.00569974684333,36.88226890508683,
2844,-89.08731527215294,36.971079119208504,
2845,-87.47815373601556,36.81835710797207,
2846,-108.72820337586985,37.09587002742287,
2847,-107.8668525085636,37.21743164176046,
2848,-82.55772440348017,35.95666404163073,
2849,-87.33683244143747,36.64261886539277,
2850,-89.30684697193882,36.921520134092646,
2851,-109.1384054696527,36.922335606745946,
2852,-109.65207164483536,36.94131311776509,
2853,-120.21288378273248,37.08298136899613,
2854,-120.05450687941433,36.949408288738006,
2855,-119.83025195387165,36.75897069625876,
2856,-119.82683525838331,36.75487179203825,
2857,-119.77861056813697,36.71285281848374,
2858,-119.62841699888222,36.57510802981844,
2859,-119.40825949267122,36.330031857096174,
2860,-119.39560069012204,36.32308796056319,
2861,-119.32846227273949,36.21107374723808,
2862,-119.21897069320269,35.6023987655613,
2863,-119.3273047570899,35.601976768421274,
2864,-88.35032918825674,36.93110257994616,
2865,-88.63754171484953,36.76939026320197,
2866,-88.66909721772736,37.03342379931227,
2867,-108.67610554115373,36.80759534199385,
2868,-115.16402255779929,36.17373835294787,
2869,-115.2404327153829,36.24825549807223,
2870,-83.47325500211143,36.022011257518045,
2871,-83.85843367689223,36.012235065327936,
2872,-83.92405003202889,35.9687155298965,Knoxville
2873,-83.94526340141908,35.96708360857396,
2874,-84.11318870348988,36.581132459692604,
2875,-84.00782476946867,36.00884998519749,
2876,-83.97870989788787,35.98811585480452,
2877,-93.34700743816441,37.24068801668911,
2878,-94.47898569093225,37.03751981310917,
2879,-94.30003433836801,37.49402560070425,
2880,-94.33249176346008,37.171278252576414,
2881,-83.03355129388723,35.70485784050285,
2882,-82.92240924649286,35.53988136390199,
2883,-83.03702448286828,35.75521908072856,
2884,-83.31565379471115,36.02960564018738,
2885,-83.27642053084769,35.962683851961735,
2886,-94.6183731402583,36.99688414146228,
2887,-88.8910845104679,36.52453044003629,
2888,-119.07504545080718,35.440896513639416,
2889,-119.04488536228348,35.38310734318041,
2890,-119.04183805516796,35.350592564433406,
2891,-96.99630697164194,37.240861781900996,
2892,-104.5016979162619,37.17063482034526,
2893,-104.4179758503575,36.88226890508683,
2894,-86.78806858242783,36.248411916040915,
2895,-86.7908513763202,36.25381792708656,
2896,-87.22322811364529,36.52497423338598,
2897,-87.28064720123346,36.60193170976597,
2898,-115.00414115854761,36.03510101643279,
2899,-115.08165021909976,36.130734119677676,
2900,-115.14617997709,36.171618541427975,
2901,-83.98173928456787,35.958425304905816,
2902,-97.0391858600666,37.00035733044342,
2903,-100.9222111409069,37.02987943678254,
2904,-100.31289372166223,37.28629105771692,
2905,-100.01632207670562,37.43987722296341,
2906,-100.87094609098015,37.5628913445397,
2907,-100.87119344031683,37.475752600914575,
2908,-102.61327146134605,37.383488329957345,
2909,-102.5216146666913,36.99688414146228,
2910,-89.00222655786226,36.444647093471545,
2911,-82.53167548612211,35.79863394299186,
2912,-82.56830317615461,35.59616957650869,
2913,-86.78633198793729,36.16331878600461,Nashville
2914,-100.9934115150189,36.99862073595283,
2915,-100.8892158455867,36.99862073595283,
2916,-80.86454477520678,35.220347977643144,Charlotte
2917,-80.88350912824818,35.17887498938441,
2918,-80.91340060385089,35.1237601000871,
2919,-80.9270621768661,35.1005229577961,
2920,-91.53418132506492,36.498481522678205,
2921,-91.87150376286674,36.71915608330664,
2922,-80.96486768618887,35.26001467799731,
2923,-81.18763451382316,35.280898617141574,
2924,-81.43414776810286,35.16825014292705,
2925,-80.69037043633018,35.10897579094379,
2926,-82.39969430484132,35.28633856828353,
2927,-82.44112787461928,35.33839346427524,
2928,-82.56986191202715,35.49715229112939,
2929,-118.9685317143509,35.05741749922421,
2930,-118.95674492513163,35.022376205721926,
2931,-119.39937608305179,35.39892978913444,
2932,-119.25166384135908,35.288755742964135,
2933,-118.99667096938161,35.05859438577997,
2934,-115.17948783805859,36.044852195100475,
2935,-115.1792293073192,36.05777357039692,
2936,-83.26278176663811,35.38011467077256,
2937,-83.08536201142266,35.4385391978092,
2938,-83.00769376566775,35.48597536666571,
2939,-82.17046383209046,35.19429906028513,
2940,-78.64517701630075,35.22555776111487,
2941,-78.75097401947565,35.122667755689655,
2942,-78.60267154999592,35.30086198424505,
2943,-89.58139236505907,36.57093176555333,
2944,-89.75069878328362,36.2015238647965,
2945,-110.24755096929519,36.708701047502124,
2946,-118.16833102642794,35.07621063492857,
2947,-94.9271643457185,36.72754093732492,
2948,-95.14079237822892,36.63168778143425,
2949,-94.41953443629241,36.95260231218811,
2950,-94.41286638465516,36.896192242878406,
2951,-94.41286638465516,36.88735557208789,
2952,-94.39608904546958,36.841598222961224,
2953,-94.274527431132,36.50021811716879,
2954,-118.16312124295632,35.04668852858948,
2955,-77.45880901075641,34.74762766120044,
2956,-77.7803719558062,34.31905375507523,
2957,-77.8709095848547,34.247688858240906,
2958,-81.89741023652032,35.01962346609745,
2959,-81.96593192156777,34.98899340914659,
2960,-82.00548735548946,34.97027837100585,
2961,-102.51123098874933,36.7301490637036,
2962,-102.50489159378522,36.7301492335921,
2963,-102.47806845281464,36.72554999390385,
2964,-102.2385497647338,36.501954711659316,
2965,-101.19568381045758,36.86321887025099,
2966,-101.77835222474155,36.503691306149825,
2967,-100.87264072902423,36.9065654737188,
2968,-100.82599460933068,36.61698933536802,
2969,-100.80585931004093,36.50021811716879,
2970,-89.87399699211174,36.00181549838473,
2971,-103.17918054061495,36.45387931285918,
2972,-103.13636911634133,36.423807959585176,
2973,-97.0641419026266,36.68081298119809,
2974,-97.31704097855248,36.39428585324603,
2975,-97.06807911386583,36.389340886180484,
2976,-97.34707113424366,36.69572782961051,
2977,-79.04285715463367,34.28085035826274,
2978,-78.81226240234716,34.343948571922596,
2979,-78.70920496126323,34.3503166694829,
2980,-78.4080183501105,34.3225533024352,
2981,-97.89185375492018,36.390812664264935,
2982,-95.92737829339436,37.00084560629152,
2983,-95.93893164921512,36.74389844746943,
2984,-95.92429219714198,36.27793402238006,
2985,-102.07183669364227,36.33350504607723,
2986,-117.54026829844128,34.99149516600687,
2987,-116.98571017837239,34.91297075281809,
2988,-88.74424304688891,35.679173978432736,
2989,-88.08557203634926,35.84479511858658,
2990,-87.79934646254142,35.878707206941534,
2991,-105.56586480860233,36.41165179815141,
2992,-104.44576136220608,36.82496128689912,
2993,-114.85010639939138,35.192502958469696,
2994,-79.44401048194767,34.17318149984947,
2995,-79.36000639612654,34.18152447299517,
2996,-95.97465343736754,36.16158219151408,
2997,-95.86007692625196,36.16444641977218,
2998,-95.85139361609369,36.16465899727191,
2999,-95.9868095988013,36.145952841099216,Tulsa
3000,-84.71963950362509,35.124770849406524,
3001,-84.74133160365015,35.130639071259196,
3002,-84.79282077220535,35.141064987033495,
3003,-84.84813898452221,35.14912526847136,
3004,-96.35468966664133,36.22090657113566,
3005,-96.00764873268776,36.112957545779054,
3006,-79.76768272258373,34.19506689484278,
3007,-79.68370227899491,34.19576466382307,
3008,-79.11717560252846,34.59129089578109,
3009,-79.8011105075777,34.230786940297776,
3010,-81.87176957971813,34.513554019994665,
3011,-81.97447176588308,34.836269841174015,
3012,-102.47472661544683,36.088645222911566,
3013,-102.52158668981984,36.06833304861989,
3014,-82.2902888519375,34.75320405968872,
3015,-82.00590508284023,34.55424360893528,
3016,-96.01112192166882,36.01049847083737,
3017,-85.20776759603933,35.00501026081655,
3018,-85.19734802909612,34.985907721420716,
3019,-86.39541966829918,35.81870066239152,
3020,-85.90331743378952,35.29896775888853,
3021,-85.82414828978115,35.230348401716334,
3022,-85.79384754485542,35.17344647760315,
3023,-85.70790680931394,35.05016171757056,
3024,-85.29259731791399,35.015837056751764,
3025,-85.41789552939429,34.98417112693013,
3026,-118.50870354657314,34.33294819297885,
3027,-85.4422078522618,34.97027837100585,
3028,-95.86007692625196,36.100618045059754,
3029,-91.24764323412636,35.58329622616531,
3030,-82.30765479684287,34.829614217272386,
3031,-82.42117413058907,34.79268492120585,
3032,-82.44068432323668,34.7909724652066,
3033,-82.69007956986829,34.586229733749896,
3034,-82.71568114093405,34.57859417513341,
3035,-83.00055599856705,34.499661264070355,
3036,-78.66376220613266,33.86568703845957,
3037,-78.77684376593474,33.79695545147044,
3038,-78.9265053237677,33.71645714883828,
3039,-79.05887631596433,33.83281407994062,
3040,-108.74730591526576,35.53293498593978,
3041,-111.58316471831236,35.216874788662054,
3042,-80.98224764445808,34.91347234698044,
3043,-80.97494173833704,34.16205390164006,
3044,-90.2734137249352,35.3922708322063,
3045,-120.65339774238612,35.28981175726463,
3046,-120.58981025765016,35.14794451109305,
3047,-120.20361976933705,34.53786634286218,
3048,-119.29559879138596,34.31219719596886,
3049,-119.20915763446635,34.28614685153412,
3050,-119.18545914424726,34.27616757242066,
3051,-118.86888685674839,34.17831416701536,
3052,-118.46702527880028,34.159288743925146,
3053,-95.40259094925959,35.762694327249875,
3054,-86.84952870245192,35.80389070638424,
3055,-86.88664329854332,35.302963275674564,
3056,-86.87316171246414,35.194180578655214,
3057,-86.88106107897681,35.02123518483186,
3058,-86.88531787389789,34.99285409938277,
3059,-118.46461549652508,34.28923644068104,
3060,-118.37498577080181,34.15407896045354,
3061,-105.9236032736529,35.630184277409796,
3062,-81.10940459837248,34.03599053509702,
3063,-81.02380800707294,34.069506037514095,
3064,-81.60997619211888,34.32725641596456,
3065,-81.84565959838959,34.496169716730634,
3066,-85.55334989965615,34.714998980896894,
3067,-118.2258544573719,34.14720968981253,
3068,-118.13677849516984,34.15111337770223,
3069,-103.0408564193618,35.651023411296315,
3070,-89.34447366525498,36.06629495641115,
3071,-89.93680639430048,35.32079851072051,
3072,-89.99894551577893,35.25864192166184,
3073,-90.02855390176951,35.1995088437567,
3074,-89.67744164337995,35.25454289119125,
3075,-89.78084128406769,35.203907794642234,
3076,-89.88433443747674,35.15721492534253,
3077,-90.20651112530328,35.21243916035954,
3078,-96.19153999692593,35.988605145425126,
3079,-97.01743616992208,35.69091561054047,
3080,-97.42644643145631,35.59892557658019,
3081,-97.38730863902755,35.880479342480996,
3082,-90.07196876403293,35.136991442097404,
3083,-90.03010567996013,35.138995394714826,Memphis
3084,-90.03029049626005,35.13178165862573,
3085,-95.31473817970956,35.77032611682612,
3086,-97.46465151024812,35.545091147373505,
3087,-117.95125671511082,34.129766637585995,
3088,-118.01269128896614,34.039425630577476,
3089,-118.09365746333485,33.942214432608054,
3090,-118.26609873812492,34.07265198223343,
3091,-118.24425576050572,34.06266689764659,
3092,-118.22238682967168,34.045023988454695,Los Angeles
3093,-118.15964805397525,34.008205023248436,
3094,-118.11184813842546,33.956508511953565,
3095,-117.3999556847065,34.220040023693166,
3096,-117.80362130952929,34.066012364702836,
3097,-117.54044465581335,34.06844675264052,
3098,-117.29482399768791,34.06377604694563,San Bernardino
3099,-97.93874180616467,35.49993969061954,
3100,-97.95784434556057,35.69354242680398,
3101,-97.93766873320138,35.860090197446524,
3102,-98.11461566254121,35.53222609109474,
3103,-98.25360652875253,35.542930149953705,
3104,-117.3582893131246,33.98997566607073,
3105,-95.95207770899057,35.610067737722396,
3106,-95.9677070594054,35.43047591099808,
3107,-97.47507107719134,35.47389077326154,
3108,-89.63782014139873,35.01022004428817,
3109,-97.58100334111408,35.46173461182775,
3110,-97.71805583257813,35.46980779661601,
3111,-90.02006878667648,35.086635381867495,
3112,-90.00597817339255,34.99632728836387,
3113,-90.1223300042585,34.99632728836387,
3114,-90.04781736880209,35.088958651940594,
3115,-86.8905276573695,34.62990585086063,
3116,-117.99731503516101,33.86945833739179,
3117,-117.97383244348782,33.857121302571734,
3118,-111.66304806487705,35.17345992639865,
3119,-97.00080176430814,35.385826053072726,
3120,-96.12311782477099,35.42768082292612,
3121,-117.56399614372114,33.877960436458196,
3122,-117.8277918483574,33.84401366369269,
3123,-117.70192728555307,33.86822412249034,
3124,-118.0919208688443,33.784184333969165,
3125,-118.44543865993086,34.04667727417095,
3126,-118.43261658395926,34.027714455862906,
3127,-118.39396115692068,33.9882234724958,
3128,-118.36630279834912,33.93302435800129,
3129,-118.28120966831283,33.853547796022454,
3130,-118.19582900023174,33.82123294442226,
3131,-118.13995083778885,33.80597935297248,
3132,-106.59272776156965,35.173799869206185,
3133,-106.61303128639602,35.11788890270149,
3134,-83.4635690865731,34.25577729205874,
3135,-83.65088655279068,34.15118466253578,
3136,-84.03209312594592,34.034253940606504,
3137,-83.8045992476856,34.2982163031681,
3138,-83.81074372193417,34.28760666314135,
3139,-100.24841247857862,35.230767544586335,
3140,-98.96540661608229,35.49788735525214,
3141,-99.64508823700086,35.260400503495596,
3142,-100.00007946643187,35.22903095009584,
3143,-103.7007623257658,35.157830575983816,
3144,-101.9854252726796,35.97320424288242,
3145,-101.83913303191034,35.19082587130402,
3146,-103.04259301385235,35.18214289885133,
3147,-102.42630569270457,35.23574575078242,
3148,-101.69846887817685,35.19082587130402,
3149,-117.8716453983137,33.7784193133769,
3150,-117.8329566857135,33.74095957881821,
3151,-117.79495230590663,33.71792960440271,
3152,-117.75310656732209,33.67017057657306,
3153,-118.03808643963767,33.77376476702598,
3154,-117.9879352281857,33.73246977075364,
3155,-117.89583596483945,33.68623298312681,
3156,-117.874207332927,33.685248506154046,
3157,-80.54848457792909,33.31877701050534,
3158,-80.51824625856614,33.38187416231439,
3159,-80.50161978643638,33.41651909822023,
3160,-80.47977731118975,33.461980136820046,
3161,-80.2091507740499,33.73632657125922,
3162,-80.0878784180953,33.89936208581902,
3163,-79.87710531772855,34.154165396191694,
3164,-80.7245894062988,33.457853649254616,
3165,-80.8251645751596,33.557440268209575,
3166,-81.07729950717946,33.934500652058425,
3167,-81.10419481490086,33.98118702405598,
3168,-105.66137750558185,35.008483449797644,
3169,-81.20660225079753,33.97824886671397,
3170,-81.45001127570777,33.81324963443455,
3171,-81.67391641609797,33.6641251820394,
3172,-81.93650807804384,33.56482850189421,
3173,-82.01243373345162,33.528904943860255,
3174,-91.91853610345028,35.06914637911578,
3175,-91.561885783095,35.31991180032038,
3176,-101.93985551236148,35.05363490655158,
3177,-97.67315911543184,35.24519548838462,
3178,-97.90562047318792,35.05046177736622,
3179,-97.93882961072288,35.052337384376,
3180,-104.66457226801371,34.93554648119512,
3181,-104.63692200575619,34.941742022589814,
3182,-104.99185583955085,34.982524394611524,
3183,-82.31490388196778,33.49598177760935,
3184,-82.502153379783,33.513275593445485,
3185,-84.37767542956274,33.80676006234621,
3186,-84.25674543463555,33.87254321986763,
3187,-84.45408799235626,33.89850858643994,
3188,-84.74974334913824,34.11408987490503,
3189,-84.77109894962203,34.15366441916298,
3190,-84.77508322516644,34.242156011751305,
3191,-84.91518104747308,34.467021953264805,
3192,-84.99669526559099,34.68994687677262,
3193,-84.99950759606949,34.76121235369926,
3194,-83.4027305427965,33.95219540483387,
3195,-83.3565578691271,33.94692212547792,
3196,-82.71078057392913,33.72485838710142,
3197,-84.38809499650597,33.77202817253543,
3198,-95.84342917510706,34.948512195863586,
3199,-117.18194535580302,33.55321726672781,
3200,-117.18518832963458,33.75296265459651,
3201,-117.29829718666899,33.94395102709863,
3202,-117.18368195029358,33.5480074832562,
3203,-89.97064436853489,35.08663456718276,
3204,-88.18602714730996,34.21312317313185,
3205,-84.24200155046047,33.71617005941405,
3206,-83.69736305362721,33.61193477670394,
3207,-83.47554531178275,33.55610094371279,
3208,-82.81016271321664,33.505565312681526,
3209,-88.06760858916638,34.175829651531366,
3210,-87.98631878089823,34.09677134226581,
3211,-79.94241310073174,32.794325474363205,
3212,-79.92331056133584,32.80474504130643,
3213,-80.01882115988136,32.88462943737001,
3214,-80.14237348156935,33.03880172936962,
3215,-80.5107653326185,33.28945149444541,
3216,-98.33121216102599,34.770570004594106,
3217,-110.0184930823387,34.2600112243763,
3218,-105.1872872096653,34.59691055554045,
3219,-105.2289654774382,34.593437366559364,
3220,-117.00133952878718,33.945687621589116,
3221,-116.9897603198526,33.938741631782186,
3222,-116.60240419774195,33.9150787080262,
3223,-116.19208649619704,33.71645714883828,
3224,-116.18160674668296,33.71404296939644,
3225,-114.58920978143159,33.607051695934466,
3226,-114.57179398329517,33.606473800236486,
3227,-114.21584196596609,33.66262271963174,
3228,-113.70403453810228,33.72445900075656,
3229,-114.01960678853548,33.66262271963163,
3230,-85.99920738965443,34.013146315931735,
3231,-117.13679389904908,33.48201689261579,
3232,-109.32081094092744,34.17596347907437,
3233,-109.26828426242679,34.13497642105764,
3234,-92.1137443485646,34.26592751904129,
3235,-92.06453746029786,34.23587318864029,
3236,-91.96780068841122,34.21678487434654,
3237,-91.96546591296716,34.21250365777951,
3238,-91.9579103807559,34.20617679516967,
3239,-80.82775760412568,32.74868834262885,
3240,-80.6069741797804,33.194350496557604,
3241,-100.2241001557111,34.43888045690156,
3242,-80.85211653032658,32.641314855295505,
3243,-86.28887847034332,33.86432380990664,
3244,-86.74986350363602,33.5480074832562,
3245,-86.67693455509054,33.52543328392246,
3246,-86.28277245365986,33.609649459587914,
3247,-86.82627366121964,33.521958565898146,Birmingham
3248,-86.87547575454782,34.16990991940278,
3249,-86.90060328414947,34.32088490680227,
3250,-86.84884938959662,33.521958565898146,
3251,-86.82974685020072,33.57579299510481,
3252,-87.82459092149031,33.93039499679718,
3253,-87.90609843984338,33.966460102627174,
3254,-87.91678508671711,33.97193286982293,
3255,-87.92452559142217,33.98897003224427,
3256,-87.94037820981009,34.02383630058586,
3257,-87.94847963227228,34.03434748025631,
3258,-87.97666661030158,34.079285278237364,
3259,-106.61997766435816,35.123098686173044,
3260,-112.11992913694546,34.32418290155678,
3261,-117.2375163795002,32.7543838010809,
3262,-117.16294508120984,32.76411232248257,
3263,-117.11152547381545,32.776330864665496,
3264,-109.04600016763808,33.81370644030837,
3265,-112.1041430654734,33.46638754220098,
3266,-112.274329325546,33.45770456974825,
3267,-112.60775546772909,33.42818246340915,
3268,-84.48534428797602,33.619207857368195,
3269,-84.57812046568556,33.54677726794129,
3270,-84.74558215211931,33.39720655889711,
3271,-84.7783654041235,33.31860884249201,
3272,-84.80693412289997,33.24289717000665,
3273,-99.31279614238629,34.16257228704787,
3274,-99.28981231980231,34.15928874392516,
3275,-83.65698871598997,32.8116914192686,
3276,-88.43182956272426,33.508257683209145,
3277,-88.49158624887056,33.482526216943675,
3278,-98.38956616129245,34.623620724509294,
3279,-98.50029157357343,34.17366093714911,
3280,-98.51242825942771,34.13999776519503,
3281,-112.0329755519297,33.43535188178712,Phoenix
3282,-111.96695210072099,33.37955781767413,
3283,-95.62345298766834,34.211367417884524,
3284,-111.49112521031392,33.38129441216467,
3285,-111.64571930475076,33.38094646304418,
3286,-111.8998890605244,33.37992195411525,
3287,-89.91659568884826,34.30978978459081,
3288,-89.83714228165937,33.822397316955495,
3289,-115.85193823705288,33.128480179146166,
3290,-115.56864907409432,32.773486340476786,
3293,-117.11817852381259,32.716501106684746,
3294,-117.12095151406457,32.69326227989997,
3295,-117.07130325967982,32.56576136546082,
3296,-117.02044206818309,32.528626517311054,
3297,-115.55138372200501,32.77349031047814,
3298,-115.49903247158522,32.773486340476786,
3300,-98.5205009604945,33.942214432608054,
3301,-81.87350617420869,32.30634242252237,
3302,-81.8652859572682,32.35073309344111,
3303,-81.86309353655992,32.35487331750553,
3304,-81.77278369375753,32.46089933218013,
3305,-117.00690879823672,32.77510360639157,
3306,-116.10270059976757,32.676874809964964,
3307,-83.62494757245449,32.85040134106053,
3308,-82.93341618589083,32.49025306676615,
3309,-82.50526126317224,32.43047014100181,
3310,-82.30871560786252,32.39940072400197,
3311,-91.38483419887876,33.5480074832562,
3312,-91.38349082144917,33.6111619004828,
3313,-91.92113545702198,34.1870762350468,
3314,-91.9665933532086,34.18707425577377,
3315,-98.49792523211752,33.900536164835195,
3316,-98.47534950374055,33.88317021992982,
3317,-115.45750702669997,32.662344293082434,
3318,-98.2183335191411,33.81544303479885,
3319,-81.4598685069633,32.18208355939544,
3320,-97.92311245574983,33.81370644030834,
3321,-81.1059314093914,32.066692382828286,
3322,-90.86385585171772,33.405606735032194,
3323,-90.63120186705277,33.45808212345063,
3324,-90.24108375006409,33.53231787373399,
3325,-90.53169763129117,34.233015695562464,
3326,-90.46608626175541,34.42493790702752,
3327,-112.62269692019844,33.37111745710046,
3328,-94.36830353362099,35.36104745444406,
3329,-94.40087453999776,35.31472160962971,
3330,-94.20205550844847,34.644551345304585,
3331,-94.0435603638906,33.55669045570889,
3332,-96.53733337292657,33.800804569022574,
3333,-96.58493525143285,33.728557917764604,
3334,-96.60406287203497,33.685391294281274,
3335,-91.29453128537085,33.32919657744857,
3336,-91.15386713163737,33.29446468763782,
3337,-91.03709462373432,33.39566365671456,
3338,-97.16248406889471,33.64004699125465,
3339,-99.1387285991256,33.671305692084296,
3340,-83.72934233876246,32.818606727467426,
3341,-84.01144319799376,32.72007407279852,
3342,-84.2203400068448,32.73844247276948,
3343,-84.22679997612649,32.731068503160806,
3344,-84.23772122438744,32.713521237434236,
3345,-84.87392347511489,32.539033921078754,
3346,-84.95408020999061,32.54019685220657,
3347,-84.96117117838311,32.544255867725944,
3348,-84.95123147553497,32.96056900742374,
3349,-91.25285301759796,33.277098742732456,
3350,-91.4907664628015,33.29446468763782,
3351,-94.04517940001011,33.51543127144195,
3352,-101.74738882165951,34.18801737919473,
3353,-101.83565984292926,33.62962742431143,
3354,-100.29731234516643,34.01214414677938,
3355,-100.32482263616224,33.620944451858755,
3356,-94.04529695838114,33.440338624842944,
3357,-94.0331407969474,33.43339224688076,
3358,-101.82524027598605,33.57405640061419,
3359,-101.78529860270369,33.60601602204179,
3360,-114.79933771478655,32.49910441097197,
3361,-103.05301258079557,34.38851921667604,
3362,-103.19696394443388,34.39891089825966,
3363,-104.51348854733702,33.473333920163135,
3364,-85.04333924368291,32.48422135176624,
3365,-85.03935813639137,32.47341644280269,
3366,-85.00979582411814,32.455689548708506,
3367,-84.96638096185472,32.440060198293715,
3368,-101.84260622089141,33.53758791631298,
3369,-84.92470269408183,32.405328308482986,
3370,-84.95914395041308,32.53006720703691,
3371,-111.96658626620194,33.296203866082216,
3372,-111.84069002452502,33.12073751530061,
3373,-112.73444797876711,32.94298368973404,
3374,-104.5169617363181,33.3969237625795,
3375,-81.38204993338675,31.76278834698439,
3376,-93.99300138853297,33.43247787874696,
3377,-93.21650346079092,33.264840513860086,
3378,-92.63589633245518,33.18881672613134,
3379,-91.79782440604431,33.23199293316087,
3380,-91.21638453329669,33.00445340771819,
3381,-91.61059148264854,33.00619000220871,
3382,-95.55175696551203,33.68608998968366,
3383,-95.00775895080913,33.21369243699182,
3384,-105.86990495234673,33.64516315786051,
3385,-106.01216959267029,33.0808635653018,
3386,-86.33481742039773,32.328918150899405,
3387,-86.7871115347793,33.401070615906704,
3388,-86.7503114544942,33.1403750424694,
3389,-86.58085633395343,32.8020416546644,
3390,-86.4889140290994,32.63000939555848,
3391,-86.4857065320236,32.62289340338884,
3392,-86.46389288979117,32.57446035075947,
3393,-104.58221153335505,33.397926429054365,
3394,-105.27532311142174,33.39397046661926,
3395,-94.02196806840911,33.39877807223202,
3396,-93.90320643994419,33.07853857269127,
3397,-88.40310145862706,32.45047976523696,
3398,-87.02533591987091,32.40904776354888,
3399,-87.81168125088922,32.495632673101866,
3400,-88.40657464760814,32.424430847878895,
3401,-88.44651632089048,32.426167442369376,
3402,-105.96413210203028,32.94543017471267,
3403,-105.96007175795418,32.87594541541845,
3404,-88.63406852586846,32.38448917459649,
3405,-88.71742506141422,32.34802069029526,
3406,-88.76604970714925,32.34107431233307,
3407,-81.39969772590288,31.66703281268019,
3408,-81.52220474140701,31.22052445164906,
3409,-81.5730753273458,31.137614330391088,
3410,-95.02004965202623,33.164968329755816,
3411,-96.08095256356835,33.126219881754565,
3412,-84.76335129201763,32.288236360925396,
3413,-84.6678731641101,32.08803393290196,
3414,-84.44540261469368,31.769878190814545,
3415,-84.43882701189013,31.76370299112446,
3416,-96.79085284791984,32.794325474363234,
3417,-96.79606263139145,32.782169312929476,Dallas
3418,-96.6710278280728,32.79953525783482,
3419,-96.77348690301447,32.78043271843892,
3420,-83.74922684867515,31.934247341975688,
3421,-83.75604723338967,31.96045264734174,
3422,-83.74775748673302,32.47480030726094,
3424,-92.08212820682257,32.500854241804326,
3425,-84.11371306700114,31.576972736496938,
3426,-84.090752821832,31.57697715049393,
3427,-97.59984811271362,33.238794077250475,
3428,-97.48280406101676,33.12030603293043,
3429,-99.90456676945233,32.78043271843892,
3430,-99.73427404790318,33.15756103877532,
3431,-100.25180364643808,33.17978295698235,
3423,-92.04994988875436,32.495631221990884,
3432,-81.74662615956477,31.713969650212555,
3433,-82.35815375784999,31.217785514692473,
3434,-82.33891349767255,31.205341515522075,
3435,-96.91417507042397,32.735176288638804,
3436,-97.06783254708544,32.756467129118434,
3437,-97.29812189682674,32.7336576659697,
3438,-97.31877757304302,32.72659828923231,
3439,-97.31356778957142,32.84081279726083,
3440,-97.29900120547997,32.96296892487622,
3441,-97.2703306291402,33.02622481909311,
3442,-101.84242531914575,33.52891333970684,
3443,-101.79806547084206,33.16668035309378,
3444,-101.95201167379523,32.740491045156595,
3445,-90.16144226352782,32.333271247618775,
3446,-90.17790102795568,32.276820316183304,
3447,-101.94234648984006,33.54876650483983,
3448,-102.27803710914908,33.17959979159031,
3449,-81.98218304883427,31.204129122403547,
3450,-81.58439747226177,31.141388670010564,
3451,-108.70041786402126,32.349757284785795,
3452,-93.60146208398879,32.54137076997668,
3453,-93.4980148993876,32.56595472303258,
3454,-93.34537883152599,32.5933449125515,
3455,-92.64020679493042,32.54207830359964,
3456,-93.89421323770445,33.02008275813299,
3457,-93.81198180969128,32.610240823385354,
3458,-93.77909302488243,32.55438247937538,
3459,-94.0624710751699,33.42317585642849,
3460,-94.0870646012508,33.395622265486274,
3461,-94.35093758871562,32.548488087632045,
3462,-94.3569729681368,32.49725809162018,
3463,-94.35788396667778,32.49042143851929,
3464,-108.94701428167748,32.23514204841036,
3465,-93.9810429622313,32.44874317074651,
3466,-97.69795243883205,32.75595395695252,
3467,-97.48385874085788,32.72894720708609,
3468,-98.1310004206384,33.191002406890405,
3469,-98.1106646607278,32.8089110704567,
3470,-93.78045929881274,32.47620909495234,
3471,-93.87653190884856,32.44452243979009,
3472,-109.04773676212862,32.22124929248605,
3473,-96.61991585599351,32.70178731981695,
3474,-95.44151892877274,32.471265044156,
3475,-95.38768449956609,32.46958230463286,
3476,-94.70887750088993,32.45005435989559,
3477,-94.82850107361325,32.43311382033155,
3478,-107.75050067769764,32.26640074924004,
3479,-95.12956564086647,32.44219621034592,
3480,-94.0435603638906,32.37233301316277,
3481,-110.95799070171911,32.19693696961855,Tucson
3482,-110.31475469137091,31.97097175118455,
3483,-109.68031390655204,32.35865801127637,
3484,-106.71028057786607,32.25424458780627,
3485,-106.71722695582822,32.25771777678734,
3486,-99.90593863201244,32.75162656306499,
3487,-99.770848993681,32.48347506055713,
3488,-104.3944306232997,32.84306299732733,
3489,-104.2147942949647,32.39317214704923,
3490,-100.50195527419699,32.44700657625584,
3491,-101.7953384602147,33.53373880628247,
3492,-101.37946389234816,33.189765549577054,
3493,-100.86730626844681,32.7028182423615,
3494,-81.6510077202648,30.61948129454946,
3495,-81.64640529502157,30.460343081757987,
3496,-81.6477392152209,30.45443128822223,
3497,-81.97596524915033,30.776402676359442,
3498,-98.969472670198,32.371308277781985,
3499,-85.14946888078273,31.914118207855736,
3500,-85.98758578506727,31.80633492432363,
3501,-94.78161302236876,32.1674148632794,
3502,-94.33877335552073,32.15903779782116,
3503,-94.3213129971552,32.15984978553916,
3504,-85.0549472808721,31.120248385485766,
3505,-82.74930225134845,31.04195571556056,
3506,-83.00789927126864,30.94205176885703,
3507,-83.29404046746778,30.82850051107557,
3508,-106.48625988858674,31.804466614757235,El Paso
3509,-109.04773676212862,31.795783642304603,
3510,-106.44237037771248,31.898683019789676,
3511,-106.44805480979505,31.7818908863804,
3512,-83.94352680692855,30.871915373338997,
3513,-84.11394666532048,31.571022536131533,
3514,-83.9278974565137,30.830237105566095,
3515,-83.94168684783642,30.867011326814247,
3516,-96.81994350109723,32.64505973269349,
3517,-96.86352515189486,32.42778558122551,
3518,-97.09475688376378,32.05627281588509,
3519,-97.22801639601987,32.415120728565896,
3520,-97.31850923425544,32.55234282224684,
3521,-97.31402694435829,32.66063475672155,
3522,-84.60163180687505,30.9210344677016,
3523,-84.87889238740112,31.040657585798105,
3524,-103.48195141995814,31.401576692952688,
3525,-95.26438629073799,31.962496713396067,
3526,-95.30558230053349,32.2442731588159,
3527,-95.30986739646555,32.34665782019968,
3528,-85.40921255694163,30.998686771148172,
3529,-107.61851949641682,31.75584196902218,
3530,-81.8295111068442,30.56415430683644,
3531,-81.74094303927691,30.40181583396774,
3532,-81.66858802432535,30.338780864744194,Jacksonville
3533,-81.41504522870694,30.257160923688936,
3534,-81.3889963113489,30.257160923688936,
3535,-91.55502045895136,31.6308071657036,
3536,-91.53941256624326,31.717293692702185,
3537,-106.46889394368146,31.78189088638022,
3538,-106.42374248692751,31.778417697399203,
3539,-83.870589838326,30.665260628965125,
3540,-81.58175829979848,30.250214545726806,
3541,-81.52097749262971,30.251487068162845,
3542,-81.43067457912178,30.257160923688936,
3543,-81.64796901902992,30.30980428405073,
3544,-110.94236135130429,31.33905929129335,
3545,-89.34954545596962,31.359898425179846,
3546,-91.42651246665164,31.56134338608207,
3547,-91.38830738785983,31.53008468525244,
3548,-106.26713537672242,31.808853198269762,
3549,-101.9797253972633,32.039123394237265,
3550,-102.34600955698073,31.83480680333009,
3551,-102.35490159559977,31.828778937624747,
3552,-85.37567910390106,30.791801801218686,
3553,-85.38142704509303,30.75382694798246,
3554,-109.55482235336537,31.351215452727104,
3555,-109.5786760271738,31.354066434550408,
3556,-109.5565589478559,31.339059291293374,
3557,-83.8665411046698,30.545119562034916,
3558,-83.6279781761975,30.435441219817296,
3559,-83.08862069840416,30.342480758254688,
3560,-82.96113600576366,30.331365686071177,
3561,-84.42895029105748,30.492543415818574,
3562,-84.3115758889372,30.483906198565503,
3563,-97.10864963968807,31.60302165385497,
3564,-96.07363932332814,31.450201338687748,
3565,-95.80583903444722,31.64697298758014,
3566,-95.64796320332081,31.765920139708633,
3567,-96.76352911072644,32.752105493339585,
3568,-96.71379305882844,32.66471102263735,
3569,-96.43856628806354,32.09847733421712,
3570,-96.17598172746814,31.715209411250598,
3571,-95.14623143620311,31.79938335436386,
3572,-83.58830709926836,30.111552831136812,
3573,-100.44464765600928,31.46583068910261,
3574,-100.37739209891943,31.490762289174445,
3575,-90.48341286484282,31.289343026907826,
3576,-90.50785398115767,30.986530609714382,
3577,-87.22221720506207,30.50549393583577,
3578,-87.26877854239912,30.510914217296005,
3579,-87.3348532647997,30.53462053981353,
3580,-88.0366800211238,30.691309546323296,
3581,-87.11281175215822,30.533279447684276,
3582,-86.56802356031834,30.727741722151272,
3583,-86.12256865550258,30.696298859977556,
3584,-88.11543878556249,30.656084197027944,
3585,-88.12350974565064,30.6548410620219,
3586,-88.12350974565064,30.70956422018878,
3587,-88.0428778218484,30.877334311845893,
3588,-87.00861608272601,31.418942637858073,
3589,-86.35505871513658,32.273079783063686,
3590,-91.35010230906802,30.986530609714414,
3591,-84.23132380858762,30.427153437786632,
3592,-84.23025084933573,30.459321045084415,
3593,-84.23158082778397,30.470623682523794,
3594,-87.1625870172884,30.50704238551862,
3595,-86.59356999948773,30.399561671913016,
3596,-86.18083461645587,30.366946178325488,
3597,-87.24239941805371,30.466021490859323,
3598,-87.2191146203393,30.422319171249754,
3599,-87.2065878546472,30.411717833346724,
3600,-85.65035208011568,30.183927101250838,
3601,-104.05155441285423,31.090726279146644,
3602,-97.46986129371973,31.029945471977875,
3603,-97.3792323003922,31.076226214817158,
3604,-97.11165581747606,31.576689030945047,
3605,-97.10864963968807,31.585040205401977,
3606,-98.1768954503757,31.057571672294976,
3607,-88.1445012473414,30.63391923247193,
3608,-88.160446550165,30.612618868815392,
3609,-88.52816447178672,30.441696981631033,
3610,-88.89601364700427,30.450279870723328,
3611,-89.09600266035119,30.436030156214276,
3612,-89.31649683779668,31.306751821166042,
3613,-89.27486648637355,31.246297607680553,
3614,-89.35475523944125,31.3251790253414,
3615,-89.68470819264323,30.46902545153441,
3616,-81.5393453144209,30.184425458207038,
3617,-81.48928543181137,30.114210720884966,
3618,-81.3796387302697,29.82404247323675,
3619,-81.28754030974662,29.66125193499856,
3620,-81.12982122442985,29.334987225527502,
3621,-81.11646314025624,29.256923373571123,
3622,-81.08339096804096,29.174227590459115,
3623,-102.90887523808101,30.901437479678115,
3624,-90.49048803625232,30.48118161296821,
3625,-96.59461767048919,30.875388562320072,
3626,-90.45730977908619,30.48121113257046,
3627,-90.08461610615312,30.4292454013608,
3628,-102.2194472253379,31.14282411386273,
3629,-89.62392738547443,30.30752216391449,
3630,-89.74201581083094,30.30752216391449,
3631,-91.14656128719598,30.450724723199844,
3632,-91.15213053714683,30.40477145538456,
3633,-91.21405334442666,30.427612633538846,
3634,-92.06569218838456,30.53335114347749,
3635,-92.3772465523134,31.010506007124317,
3636,-92.42679089320085,31.21999622700837,
3637,-100.60014553465672,30.858633786779716,
3638,-96.8765038339232,30.710861189131798,
3639,-96.98162755858262,30.670237622486262,
3640,-97.68693560503684,30.51938669175997,
3641,-82.6866398000158,30.18016944030858,
3642,-82.59746875011012,30.005159835879752,
3643,-82.51163165506134,29.801916723655168,
3644,-82.41906239599815,29.66005079967485,
3645,-82.18696146138649,29.20801357429304,
3646,-82.18505621718046,29.150257466181703,
3647,-90.1582853780085,29.992556554608246,
3648,-90.17095464999353,29.90636883660047,
3649,-104.0220323065151,30.30925875840504,
3650,-90.06263750105245,29.972751035673955,New Orleans
3651,-80.72214402698276,28.405951196776705,
3652,-80.70628433766758,28.406434874943884,
3653,-80.66483640879505,28.4076877912672,
3654,-80.74645634985028,28.40247800779561,
3655,-80.75427448442848,28.403597401299958,
3656,-81.23933683280048,28.452018746940585,
3657,-81.3919007950827,28.440824707234906,
3658,-81.40411838668038,28.435478842882723,
3659,-81.47235284689467,28.42158054719152,
3660,-81.39694182355824,28.51494277576517,Orlando
3661,-81.39073290583944,28.53619578356699,
3662,-102.39657986337265,30.149492065275666,
3663,-102.88390213830733,30.893278728459737,
3664,-103.21818122087676,30.207269504489265,
3665,-103.52330322522351,30.372739108180625,
3666,-95.37726493262288,29.8125927341115,
3667,-95.42006523611097,29.94110142940156,
3668,-95.43448983184595,30.018105374377072,
3669,-96.07537591781868,30.09739423055955,
3670,-95.36858196017019,29.779597438791317,
3671,-95.34774282628376,29.769177871848125,
3672,-95.15303305922818,29.771091693964706,
3673,-94.89998055197745,29.817596720263566,
3674,-94.3932135348661,29.827286608478165,
3675,-95.30137300771744,29.927070453524955,
3676,-95.27060552757922,30.00497388317557,
3677,-95.36510877118911,29.743128954490043,Houston
3678,-95.56848726435712,29.78050609926489,
3679,-95.6451756983233,29.780891758046398,
3680,-95.77635400235793,29.778830152289597,
3681,-81.90288552513091,28.13855431558432,
3682,-81.54427046728144,28.335996360149434,
3683,-104.3901903385089,29.560786532983673,
3684,-82.03423536813423,28.04491879771484,
3685,-82.32849393072931,28.001324680481655,
3686,-82.24329515319201,28.52381411828517,
3687,-82.3377926439393,28.049675759502563,
3688,-95.6218377676234,29.59818055721249,
3689,-95.59056365354779,29.628485811702348,
3690,-95.54745709974361,29.671031792012908,
3691,-95.4952403513878,29.722482669029887,
3692,-82.5403584585748,27.963119601689787,
3693,-82.35830186180075,27.995100635632344,
3694,-97.80938345079345,30.107323541290018,
3695,-98.33521537664855,29.570605355113184,
3696,-98.47253319078413,29.596234795959347,
3697,-98.46832232481489,29.608349322116464,
3698,-98.41050035988467,30.283128948914033,
3699,-82.64281753351648,27.898865605539992,
3700,-82.54637419054275,27.959883519069763,
3701,-94.91359420364955,29.308980331855878,
3702,-95.20729079157806,29.605524769910378,
3703,-98.47708609823108,29.439224918646122,
3704,-98.49792523211752,29.425332162721787,San Antonio
3705,-100.9083183849826,29.432278540683953,
3706,-100.81251480050116,29.727325577569644,
3707,-94.82502788463218,29.282931414497803,
3708,-94.8597597744429,29.28640460347886,
3709,-97.59719625166016,29.654871406200964,
3710,-98.38567448073385,29.439072045272226,
3711,-98.47534950374055,29.39754665087324,
3712,-80.40611808722674,27.412918387838246,
3713,-80.89444963355389,27.695466594205765,
3714,-80.9110575781155,27.726098949504483,
3715,-81.33211036997885,28.265361296193745,
3716,-81.39017366014573,28.37123576688359,
3717,-81.40441708462019,28.428215346556264,
3718,-100.89963541252992,29.368024544534112,
3719,-82.66018347842184,27.77730399120235,St. Petersburg
3720,-99.78645453963009,29.210964224551834,
3721,-98.70123155695089,29.383634187094486,
3722,-98.65352967306808,29.39645869507751,
3723,-82.3340292701918,27.927664600002313,
3724,-82.34361632414424,27.906363625185005,
3725,-82.51430954121675,27.58975178622444,
3726,-82.54037628604786,27.588384813823385,
3727,-96.99924418678425,28.805367929600152,
3728,-80.20290227431227,26.68151286767364,
3729,-80.16593992761779,26.818226592236023,
3730,-100.47069657336733,28.709855232620612,
3731,-100.50542846317806,28.675123342809943,
3732,-96.6241397768283,28.61260594115063,
3733,-82.03674605631913,26.974997336574386,
3734,-82.45938282030843,27.44153340848911,
3735,-82.50652570403466,27.53077032529126,
3736,-82.0263264893759,26.945475230235242,
3737,-97.38799652090614,28.666443966364906,
3738,-97.72853905020564,28.40949922678255,
3739,-98.0203617472199,28.33475082266471,
3740,-98.41456654067517,29.326346638120768,
3741,-98.4119826658149,29.321176959143134,
3742,-98.11587444419942,28.33127763368361,
3743,-80.44255231400633,26.146641764588352,
3744,-80.11923300154676,26.297868378293703,
3745,-80.16817038450152,26.08586095741954,Fort Lauderdale
3746,-80.24631713657568,26.09454392987224,
3747,-80.20137993144164,26.08955836249375,
3748,-80.20099811923345,26.249405234379832,
3749,-80.19698937282016,26.300113872224536,
3750,-80.20290227431227,26.663942332014415,
3751,-80.34706520971723,26.121291205927484,
3752,-80.23068778616084,25.938250425723925,
3753,-80.21505843574602,25.922621075309102,
3754,-97.63136458133965,27.902338794521043,
3755,-97.51441882630623,28.036136862963197,
3756,-81.17304878241997,26.168454142804276,
3757,-80.61196377509448,26.146641764588352,
3758,-81.67206121330639,26.155324737040964,
3759,-81.79991529596315,26.683391016344434,
3760,-82.02394072049275,26.939645964273012,
3761,-97.2909920611944,27.92665111738865,
3762,-97.29680476146319,27.918259735381927,
3763,-97.39171454164557,27.818982258975307,
3764,-80.2098486522744,25.78369351606613,Miami
3765,-80.34703961702681,25.781956921575585,
3766,-80.38524469581863,25.775010543613412,
3767,-100.4646884363492,28.709641852557542,
3768,-80.38525210834702,25.762854274368888,
3769,-81.72202017009937,26.07861975015221,
3770,-81.78130379982724,26.135179346189744,
3771,-80.3939276682713,25.18804160581197,
3772,-80.47728420381708,25.45342570461085,
3773,-81.79362282764396,24.55244802227565,
3774,-98.3555244838935,26.221315327681403,
3775,-98.18012844034928,26.207422571757107,
3776,-98.08118743766649,27.746526732373486,
3777,-98.24959221997075,26.186583437870677,
3780,-89.0039631523528,40.53606371317634,
3781,-89.03675778049383,40.73610861326049,
3782,-88.73884412578597,40.74136314660996,
3783,-88.99626619665355,40.53735808335792,
3786,-76.02291933559016,44.39304007665854,
3787,-70.78350852764646,43.07483969332985,
3788,-70.98616206280772,41.64753965012404,
3789,-70.95296956048226,41.651996853126576,
3790,-73.80223250595985,40.667237035370256,
3791,-74.0211897811127,40.627070516178286,
3792,-73.98240175756146,40.69817722175596,
3793,-73.8417387253987,40.87892046045861,
3794,-73.86634833102029,40.859499453768045,
3795,-73.88955021290653,40.84117553627507,
3796,-73.89465726496742,40.83714038642006,
3797,-74.92712821206143,38.96965548271212,
3798,-75.06153312316573,38.46596805582361,
3799,-77.01972457315829,35.11441571372042,
3800,-79.26687784391292,33.374348034202505,
3801,-79.23214595410218,33.360455278278174,
3802,-87.17880234279862,30.371776160064417,
3803,-80.60231900713572,28.405951196776705,
3805,-106.46889394368146,31.74715899656956,
3806,-98.28258751529096,26.087597551910047,
3807,-97.5011199945494,25.877469618555164,
3808,-97.56754853304729,26.079711019737513,
3809,-82.30036052696245,34.832740467340635,
3810,-91.76688498679685,45.40547466464154,
3811,-112.84914210191369,31.86524742192599,
3812,-76.85315160024226,38.91748676240936,
3813,-76.9204093471388,38.82030982814993,
3814,-76.99849821469685,38.803309237962864,
3815,-77.01861923539401,38.79808693731593,
3816,-77.05204945973856,38.79847683356543,
3817,-76.83151149104158,39.15039616332427,
3818,-76.70370344401796,39.2305631473573,
3819,-76.69284908797742,39.23580314261301,
3820,-76.6802218597955,39.25011744232178,
3821,-76.62436706158267,39.269455473928396,
3822,-77.39656557760478,37.21743164176046,
3823,-77.40312701412624,37.35424800363537,
3824,-77.43113230000718,37.441452711471165,
3825,-77.43129746741552,37.55606756741515,Richmond
3826,-77.64231477360107,37.65988895015396,
3827,-77.6952598299771,37.601372449981774,
3828,-77.67854953300099,37.50839593447064,
3829,-77.62703941833517,37.42682854254671,
3830,-77.51373636433321,37.39553351473627,
3831,-77.41045833352908,37.365042173456125,
3832,-77.21233833412043,38.92986307482156,
3833,-77.24582180461678,38.93300477883038,
3834,-77.42946398172569,38.9637364856185,
3835,-77.55980545971524,39.09469028603073,
3836,-76.83911874614246,39.47847766843936,
3837,-76.74707923814402,39.3690722155356,
3838,-76.66545929708879,39.409013888817924,
3839,-76.61877723053628,39.31197152976755,
3840,-76.61647883644319,39.28712656551343,Baltimore
3841,-76.64316520160476,39.22981653716397,
3842,-76.42928244637578,36.86475741114307,
3843,-76.3362800320509,36.822597659857344,
3844,-76.61386884430321,39.20541404179702,
3845,-76.45880455271491,39.24297024643128,
3846,-76.73317273987736,39.38297956446913,
3847,-76.74707923814402,39.350494063680756,
3848,-76.73560989905849,39.28700285359862,
3849,-76.69039352563388,39.2563417484196,
3850,-76.65786915889767,39.22411110340536,
3851,-83.03166103500907,39.88823015126731,
3852,-83.99909783062571,39.86400164533852,
3853,-84.0928739331147,39.73722857751766,
3854,-84.22843080497849,39.6216477216767,
3855,-84.33426056729932,39.25793016814125,
3856,-84.26885053680093,39.16901154385481,
3857,-84.47942992441313,39.02309479804926,
3860,-84.63295481967165,39.231881250783125,
3861,-84.59026013941116,39.22763423574788,
3862,-84.54912007895705,39.226179341613545,
3863,-84.36899245711005,39.22493487282106,
3864,-86.27458712294303,39.800608455146765,
3865,-86.22906787280769,39.923827030750054,
3866,-86.2661529651389,39.92655228269385,
3867,-85.70096043135179,38.342744871628334,
3868,-85.62281367927763,38.32537892672291,
3869,-85.50327127027157,38.242577301319585,
3870,-85.58246790790822,38.140140122816376,
3871,-85.64191621867356,38.28717384793117,
3872,-85.63546865288144,38.2814435573152,
3873,-85.61984065202476,38.249677782932636,
3874,-85.6705379508603,38.21064176168025,
3875,-85.81470863478638,38.18559898869025,
3876,-84.53059556799259,38.07054007599446,
3877,-84.55348341106586,38.01536395212072,
3878,-84.52234538289461,37.994473634006056,
3879,-84.45683473279776,38.011835069183284,
3880,-84.47145153205173,38.06662634763297,
3881,-77.5580688652247,37.60816540213125,
3882,-77.56069382348421,37.59417363331663,
3883,-77.52526073668407,37.50149513460767,
3884,-77.51118692290775,37.48093951270127,
3885,-77.48694907209436,37.44677575617335,
3886,-77.4689506768895,37.44330252434451,
3887,-76.94678760455575,39.29960843591408,
3888,-76.87468540027396,39.18184057786188,
3889,-78.1433012085356,39.214515305877796,
3890,-78.17864417041487,39.20986561086559,
3891,-78.19763153385021,39.19169499253062,
3892,-78.19366244876117,39.112056230936105,
3893,-78.8766049756112,35.826962661742115,
3894,-78.76804531531965,35.90346935160002,
3895,-78.56885444856955,35.88276561879171,
3896,-78.5428291005139,35.87292663955073,
3897,-78.50972264603887,35.79717487420181,
3898,-78.50972264603887,35.767375242162224,
3899,-79.907681210921,36.121640518231736,
3900,-79.81700376169664,36.09793886973686,
3901,-80.91143282645127,34.0741956138889,
3902,-80.95265010390125,33.97167646697427,
3903,-81.07119951958066,33.92832167668375,
3904,-82.28265789359061,34.76113559349442,
3905,-82.38883821348695,34.732612555974846,
3906,-82.44571458728815,34.77317753856789,
3907,-80.9066407454254,35.11893151637299,
3908,-80.72393856388535,35.3299642777532,
3909,-80.73256359392599,35.34364618647124,
3910,-82.52205486110591,35.83909786966604,
3911,-82.52472910815999,35.852468372198544,
3912,-83.96558896472028,36.001197504695575,
3913,-81.18928794493716,32.18825399716587,
3914,-81.27959085844508,31.99896519769735,
3915,-81.08072776791913,32.046966809384195,
3916,-82.08884389103522,33.49243645955904,
3917,-82.07412899113018,33.44976782768957,
3918,-82.05833664926044,33.42455441324491,
3919,-82.02578842300115,33.41087413951079,
3920,-81.93428698137745,33.48530261880295,
3921,-81.9338169778829,33.558754015477824,
3922,-80.03271601423965,32.79085228538214,
3923,-77.9648875199404,34.285031750408784,
3924,-77.97658813744407,34.28085035826275,
3925,-78.01652981072642,35.73611654133258,
3926,-77.94619574729397,35.66862571095361,
3927,-77.85742599648582,35.67447379620952,
3928,-77.59739950564102,35.6140206971467,
3929,-77.36597655511211,35.65324718457546,
3930,-75.60134103386045,35.90535467371062,
3931,-75.58008774050327,35.86462453363227,
3932,-81.73872785253499,30.18908476215416,
3933,-81.70235180189714,30.18596376035006,
3934,-81.54884118045784,30.174706757888657,
3935,-81.60954381164707,28.33301422817417,
3936,-81.40441708462019,28.3712295695639,
3937,-80.3175175106877,25.66560509070961,
3938,-80.34009323906467,25.781956921575585,
3939,-80.18821227464994,26.2998565329387,
3940,-84.36204533865077,33.91964574208879,
3941,-84.27674536787177,33.90154510858822,
3942,-84.25417828157063,33.82688914399187,
3943,-84.24177727095866,33.78137040247538,
3944,-84.33576692751477,33.67110264400379,
3945,-84.49576385491925,33.75987201110172,
3946,-84.49576385491925,33.790287415908765,
3947,-84.45234899265583,33.89358978687304,
3948,-84.0928739331147,34.2356989015088,
3949,-84.27561671268798,33.57673027522859,
3950,-84.26826997665893,33.53411472733191,
3951,-86.65782399563757,33.59836872348175,
3952,-86.72409506212942,33.43851587336175,
3953,-87.02598202763137,33.34135273888234,
3954,-83.8184920036099,32.96798492341695,
3955,-83.81474828068983,32.953018345279666,
3956,-83.71082314519661,32.7543838010809,
3959,-83.3565578691271,33.99257567283362,
3960,-83.39837674966088,33.9120119103939,
3961,-83.46249013304984,33.94047783811754,
3962,-83.41284038846206,33.974615176504926,
3963,-83.37788600497949,33.98776010125289,
3964,-83.35134808565549,33.99604886181467,
3965,-90.2994811650542,29.99931454264201,
3966,-95.5687150851959,29.88903727563795,
3967,-98.60674147300006,29.486708492231855,
3968,-98.56044263377684,29.519108265210857,
3969,-98.57584513439821,29.59451250866592,
3970,-98.35900848495272,29.60072790714963,
3971,-98.40557392110172,29.48557465876257,
3972,-95.42283475618005,32.32659903935343,
3973,-95.3928738432441,32.25004369468265,
3974,-95.00737030613854,32.43658700931261,
3975,-97.78808697713575,30.45254318336385,
3976,-97.79329692453052,30.23334952578658,
3977,-97.77723851854475,30.182487360595864,
3978,-97.67651603809361,30.489864585420843,
3979,-97.57753015213301,30.344004463096738,
3980,-97.69323640113936,30.094582210738796,
3981,-96.62579724552221,32.70609092728697,
3982,-96.63569145001377,32.693559312567025,
3983,-96.8772863526039,32.65439623244643,
3984,-97.2002434092171,32.66113241373671,
3985,-97.48375404964402,32.72439358303383,
3986,-96.88983873388044,32.901994332776546,
3987,-96.92804381267224,32.67450045451618,
3988,-97.06870796640574,32.829057364173934,
3989,-97.06697137191519,32.68492002145943,Arlington
3990,-96.0910052682335,36.024391226761715,
3991,-95.88698786607505,36.02025661937298,
3992,-93.43748888669326,37.196592507874044,
3993,-93.39410558759795,37.16406126461956,
3994,-93.3634780853796,37.15178082619417,
3995,-97.70038325291081,35.58547958977829,
3996,-97.49873618047029,35.606566626878674,
3997,-97.2753627107796,35.394007426696824,
3998,-97.57058377417088,35.39748061567786,
4001,-89.69627992486132,35.27534451213386,
4002,-89.64513450962113,35.20968113717382,
4003,-86.86968852348306,36.140743057627674,
4004,-87.62686464646207,41.722147875565824,
4005,-87.61295096543282,41.736050506137275,
4006,-87.90643543433353,42.32128284944815,
4007,-87.79614640840961,42.13775551525156,
4008,-87.74666874120415,41.95312481745436,
4009,-85.8242586401799,42.85615395253345,
4010,-85.54224146389517,42.853868688292444,
4011,-85.4561006081861,42.88046627540099,
4012,-83.43941128068425,42.380408085407524,
4013,-83.43318698608161,42.27946154766381,
4014,-83.43311486181587,42.380327062126376,
4015,-93.43575229220272,45.08073149491115,
4016,-93.45685756620315,44.97087724779784,
4017,-93.43826173422234,44.86376664947833,
4018,-93.43575229220272,44.85497421114135,
4019,-93.39942881104002,44.88808222985287,
4020,-96.78737965893876,43.507376886484735,
4021,-93.5764164459362,41.65269397059142,
4022,-93.77489597793735,41.557646370841745,
4023,-96.08753207925243,41.25501383225857,
4024,-95.98338843767706,41.35189189663319,
4025,-90.69193299715457,41.593649757913184,
4026,-90.65348780793443,41.50733432475349,
4027,-90.60985274547784,41.470546688150534,
4028,-90.57339897334602,41.45337470908594,
4029,-83.24715241622329,42.48104954257754,
4030,-83.15114110634919,42.48106346244177,
4031,-83.02751594505906,42.484354653754814,
4032,-83.22284009335579,42.23271653043075,
4033,-83.22778262919137,42.30867284245261,
4034,-83.23245473715117,42.38032778189341,
4035,-83.23656954407762,42.443318897409654,
4036,-81.89087211911404,41.03272973746984,
4037,-81.5070847367054,41.05877865482789,
4038,-82.17046383209046,41.39046820252044,
4039,-81.67758794285682,41.49604593126487,
4040,-81.64931787847709,41.506818679324134,
4041,-81.61114537834116,41.521349980691674,
4042,-81.50683120101091,41.58393005103455,
4043,-81.48787120522077,41.58172832490785,
4044,-81.441094146065,41.57628381300787,
4045,-84.65869559543016,42.70527184309377,
4046,-84.49402726042871,42.66339196408392,
4047,-85.2963339150567,40.94937320192403,
4048,-85.09136295812222,40.987114912680646,
4049,-85.11225489905982,41.1664475132412,
4050,-80.24086229244641,40.43882420133641,
4051,-80.42111135266914,40.417895113860325,
4052,-80.63010451898431,40.38845318148066,
4053,-78.9212955402961,43.00029129524798,
4054,-78.8224619138168,42.99855742951353,
4055,-78.76896821212806,42.84351124771821,
4056,-76.99541225029078,40.2686281616336,
4057,-76.96701337568688,40.234200134209274,
4058,-76.93676143157569,40.22347031013368,
4059,-75.57462468650618,39.715548480554496,
4060,-75.45402403350896,39.812094321716266,
4061,-75.17171291468252,39.91985599466715,
4062,-74.864550442141,40.18904243722385,
4063,-74.35578862467484,40.85733369392564,
4064,-73.86143374008577,40.83208874970817,
4065,-73.84005383152041,40.82974262125361,
4066,-75.35606705122403,39.86226505084799,
4067,-75.34514220808173,39.94049714779999,
4068,-75.33350315601484,39.97684335378548,
4069,-75.35085726775242,40.03245131092063,
4070,-74.78378133308043,40.29120934890419,
4071,-74.72975966441636,40.29120667633024,
4072,-74.70865450711291,40.271999062804575,
4073,-74.69616114482004,40.19221800405,
4074,-77.69352323548657,43.15658479939631,
4075,-77.6101666999408,43.10101377569916,
4076,-77.61711307790296,43.10101377569916,
4077,-77.55913129839007,43.1971482018992,
4078,-77.5744503331227,43.21811772404831,
4079,-75.18588079115142,43.281619602715004,
4080,-76.13406138298453,43.00202788973858,
4081,-76.13070350884364,43.148195034472515,
4082,-76.17779622550786,43.16797195051637,
4083,-76.21915451302083,43.189580094716554,
4084,-76.78007453346422,40.22000351589862,
4085,-71.47152719105901,41.93679926553168,
4086,-71.51734123128479,41.86899136677816,
4087,-71.52050957594999,41.82886090991633,
4088,-71.46688221281552,41.53365862280369,
4089,-71.25772491636735,41.610978982370504,
4090,-71.14308881718172,41.67700629345897,
4091,-70.94237711364899,42.54474260755773,
4092,-70.88898283418503,42.57017296006832,
4093,-70.63600322594499,42.61129412936782,
4108,-71.55118852245789,43.17395074430177,
4109,-71.53236789340531,43.20132637895357,
4110,-71.52780690437186,43.218855120203614,
4111,-71.2212355692559,42.7259093657432,
4112,-71.33064102215971,42.61129412936782,Lowell
4113,-71.4960402398326,42.77744836686703,
4114,-71.47477836487427,43.043706157511465,
4115,-75.68081022095441,41.48598089949994,
4116,-75.68925353406912,41.48091557714821,
4117,-75.71794896928131,41.365062659097,
4118,-73.84635606177262,42.68374005388878,
4119,-73.75702800001153,42.760445709466815,
4120,-73.69510925799467,42.728026042119446,
4121,-73.73264843368261,42.666907291609846,
4122,-76.80959663980335,42.16672593979033,
4123,-76.51092164856357,42.44280927883336,
4124,-90.43990891977072,38.748132030152135,
4125,-90.34921275120044,38.78823509425512,
4126,-90.12322044232627,38.76824668938831,
4127,-90.04472582734998,38.77383677836463,
4128,-94.70484676886728,38.940697415444895,
4129,-94.49424502104,39.10441325861781,
4130,-94.5886874482129,39.25967098630429,
4131,-94.81351317471012,39.11629271680258,
4132,-94.80821047350075,39.10524640693355,
4133,-94.77172820937403,38.944304849180035,
4136,-97.32051416753357,37.60642880764072,
4141,-105.10152050033726,40.155749519748696,
4142,-105.25501439479623,40.01161217703424,
4143,-105.5884405369793,41.30537507248408,
4144,-105.06746218981826,40.583966385192674,
4145,-105.06746218981826,40.52309928291745,
4146,-105.06746218981826,40.406487206507926,
4147,-105.10393067411954,40.14880314178657,
4148,-105.26196077275839,40.004665799072036,
4149,-105.13020097895267,39.94108085562418,
4150,-104.99973500468732,39.80843062164141,
4151,-105.08305402450684,39.55728039132706,
4152,-111.89301685195878,40.94864770292494,
4153,-111.93934814232215,40.894640117370635,
4154,-111.94144524309316,40.88416166123417,
4155,-111.94487079989639,40.86703883756405,
4156,-111.9475832204439,40.85347489231054,
4157,-111.90717035215098,33.650207211350704,
4158,-111.89352049502386,33.441518767353124,Mesa
4159,-111.89401687976417,33.296226219248595,
4160,-111.9912644235885,33.42818246340915,
4161,-111.9999473960412,33.655676341669526,
4162,-114.5829495230653,34.18656017500113,
4163,-118.2134824831819,33.78592092845977,Long Beach
4164,-118.18219030462112,33.913215254936794,
4165,-117.80017299443413,34.0603028579646,
4166,-117.75283457956273,34.0273145407494,
4167,-117.6195671674183,33.87969703094874,
4168,-117.81580234484896,34.02036118468218,
4169,-117.90610525835687,33.8553847080812,
4170,-118.00107336071096,33.77275498059146,
4171,-117.99122015767959,33.772591711983246,
4172,-117.91061196429723,33.77122441939093,
4173,-117.86754628394276,33.77047084374923,
4174,-118.85254925569943,34.28533339520442,
4177,-117.55579102438227,34.0224153010628,
4178,-117.56225954923059,33.88838000340139,
4179,-117.02786613402667,32.84308596794033,
4180,-117.0091369295705,32.7528290687954,
4181,-117.02114451413149,32.69218508842837,
4182,-117.22709681255697,32.94193600605886,
4183,-117.09564656186598,32.955886118907955,
4184,-122.01836101194802,37.57169691782999,
4185,-122.05135630726824,37.903386465522544,
4186,-122.06644456431961,37.99723075628169,
4187,-122.21806937835976,38.03884083578436,
4188,-122.2614842406232,37.83392268590106,
4189,-122.22946378371404,37.84934339473854,
4190,-121.54079752705042,38.66748804135866,
4191,-121.19695181792412,37.79398101261868,
4192,-121.30341927491371,37.793981536357876,
4193,-120.10229526657058,36.25112127973179,
4194,-119.80079473600111,36.294960584543055,
4195,-119.31296098206721,36.32315022794795,
4196,-118.89879931584544,36.44033564720687,
4197,-119.77625957483318,36.75659132752112,Fresno
4198,-122.54281254809017,37.972850245143974,
4199,-122.06524906319251,37.674155992771645,
4200,-122.34136758718788,37.516125894132784,San Mateo
4201,-121.9721372663457,37.231333706752984,
4202,-121.77002799980127,37.246953748099585,
4203,-121.95568933049476,38.68051975793743,
4204,-121.9419508543644,38.38268654491065,
4205,-122.31705526432036,41.310584855955696,
4206,-122.29797876008878,41.28599590540282,
4207,-124.04496678240447,41.47729792704728,
4208,-123.09852278506195,44.05961393447549,
4209,-123.10373256853354,44.08971309927594,
4210,-123.17840613162663,44.047457773041664,
4211,-123.16987931273842,44.09350313230633,
4212,-123.04642495034584,44.085662851833526,
4213,-123.27044563962507,44.56843612020277,
4214,-123.03253219442152,44.06482371794707,
4215,-123.95564606131154,45.020214376925196,
4216,-123.91819538459531,45.93166279527417,
4217,-122.79214746579667,45.49112636442819,
4218,-122.76474235199115,45.4339516075375,
4219,-119.11998480724212,46.24772299255184,
4220,-119.36310803591725,46.25119618153293,
4221,-122.25083564618046,47.305137858805985,
4222,-122.24711851432127,47.37757381660002,
4223,-122.21459618937871,47.461602541437166,
4224,-122.32052845330143,47.64394496294351,
4225,-122.3274748312636,47.621369234566465,
4226,-122.33876773091687,47.57171970889294,
4227,-122.32190532179881,47.46922184477902,
4228,-122.3083722918677,47.28794309238343,
4229,-122.04274275416307,47.39812407873751,
4230,-121.88290664168616,47.508490592681596,
4234,-122.33275167093406,48.34072470578033,
4235,-122.33615780371626,48.42888567266606,
4236,-122.33615780371626,48.47293060671949,
4237,-122.46292920152545,48.70674079115198,
4238,-122.66384516426805,48.16332480906429,
4239,-106.30739065606154,39.268349735084456,
4240,-106.20493158111987,38.95576272678784,
4241,-92.16210989595507,38.60415258717323,
4242,-92.17937213270575,38.578930021474775,
4243,-104.79481685480398,39.768488948359,
4244,-104.73960035878746,39.83448561707268,
4245,-104.68020161842855,39.83447953899941,
4246,-112.11977241588824,36.043493766157596,
4247,-111.43034440314511,35.85594156117966,
4248,-112.14755792773683,35.258553056434934,
4249,-124.10227440059218,43.97278420994863,
4250,-123.10514379961799,44.05141987801356,
4251,-89.15074069628832,46.708977460348784,
4252,-88.59712240616119,47.110845605950956,
4253,-77.0167984465619,39.01133419262617,
4254,-76.95026050427347,39.02001719650222,
4255,-77.22546426786984,38.874007781363154,
4256,-77.21943236720335,38.91234958194495,
4257,-77.21502393777024,38.92557486992373,
4258,-117.11829793786609,32.852331679464754,
4259,-117.1210758961827,32.844110995799134,
4262,-119.20466356397122,34.27267650299499,
4263,-118.43946760894042,33.98476376299337,
4264,-122.46640239050653,37.67589258726221,
4265,-122.42615963879733,37.46895369361137,
4266,-122.0279848907258,36.98432471681619,
4267,-122.01750735042879,36.99270489141121,
4268,-120.19493679688439,34.5361297483716,
4269,-121.97629510115553,37.22553816338939,
4270,-118.27114578521088,34.041041317992615,
4271,-118.06356186661237,34.05162617737228,
4272,-118.28120966831283,33.92840609245251,
4273,-118.27444018285794,33.79046754539069,
4274,-118.26953044115993,33.76893669876941,
4275,-118.22925134060752,33.78114602134481,
4276,-118.4687618732908,34.16623512188729,
4277,-119.60001100684676,36.3163626339444,
4278,-118.91515207315696,36.71401800426352,
4279,-119.63868069664044,36.7399890676645,
4280,-119.69823031407263,36.75398144067838,
4281,-119.74794201602197,36.7575447891845,
4282,-122.0548294962493,37.41019363021011,
4283,-121.88464323617671,37.44318892553023,
4284,-122.27772314902586,37.85308594919547,
4285,-121.34737689495978,37.765605753532114,
4286,-120.49395518952859,37.88832255701794,
4288,-122.32109839016576,47.57222253389963,
4289,-122.09998095300327,47.669993880301504,
4290,-116.03223456288259,33.38051547613273,
4291,-112.11305866980085,33.672636326770835,
4292,-111.84054105513985,33.2962133040919,
4293,-115.00599245916042,36.02960101023328,
4294,-115.03551456549954,36.284880400342225,
4298,-113.28676391352899,43.63588487878456,
4299,-113.28676391352899,43.62199212286017,
4300,-111.77939989574301,40.71840613468265,
4301,-104.95670360835031,40.406541560550025,
4302,-104.82587080647733,40.40575443211567,
4303,-104.68015164440256,40.410631322699004,
4304,-104.89553933525512,39.780645109792765,
4305,-97.51360467315907,35.53250615573955,
4306,-97.54488652882056,35.52265457162265,
4307,-96.62886790455445,32.820215977123816,
4308,-97.3665590768292,32.83673873114686,
4309,-97.26393095368937,32.841219083554726,
4310,-97.20792976598914,32.83826359257865,
4311,-97.04824145373068,32.84012096469326,
4312,-96.99198148758101,32.85130947632733,
4313,-95.29444824100199,29.926288585008,
4314,-95.17803019386275,29.831106158388078,
4315,-95.19864380657025,29.60702740241008,
4316,-95.14846917807584,29.71154370729308,Pasadena
4317,-95.54299243163209,29.664237459895197,
4318,-95.51830159802333,29.626672322697154,
4319,-95.38659445995454,29.600738654407735,
4320,-95.55752691329441,29.717462670868322,
4321,-98.51181798804181,29.39581005638268,
4322,-90.05339902142401,29.907378247403084,
4323,-90.07171657003504,29.894185863506365,
4324,-88.0524334700503,30.70873240742827,
4325,-81.5209774926297,30.286844234011205,
4326,-81.44456733504607,28.63518166952759,
4327,-81.45408029486207,28.636482012787496,
4328,-81.26917129150186,28.569151363811404,
4329,-81.2826475089134,28.763755237789372,
4330,-81.32995209867065,28.805367929600184,
4331,-81.3969028972882,28.536196055949944,
4332,-81.38472407637514,28.55272499630038,
4333,-83.09643431690344,42.44663108325429,
4334,-76.63420059625912,39.05995839622001,
4335,-76.81149115017567,39.14066810808204,
4336,-76.92535109426021,39.018923209672074,
4337,-76.69297251117543,39.202431045724545,
4338,-76.6058623024344,39.28544559920512,
4339,-76.65640010218276,39.29343870463526,
4340,-76.51695974197212,39.36720315755587,
4341,-77.35681176251808,37.608543159950905,
4342,-77.41267880480018,37.6456366177857,
4343,-77.53719858190237,37.67711338683593,
4344,-74.06773732361806,40.88697364979663,
4345,-73.96346546471028,40.86255031455001,
4346,-73.95737655902262,40.86254959448458,
4347,-73.90599612186016,40.84359178121716,
4348,-73.83559666833818,40.74256069768132,
4349,-73.91947136534777,40.73490614154955,
4350,-74.63828617072882,40.199269118996135,
4351,-74.59717525885947,40.19221800405,
4352,-74.84551352484428,40.19457199170198,
4353,-74.78236805305731,40.20263967345333,
4354,-74.71915887456892,40.19266508349954,
4355,-69.99172666995584,41.782938557381726,
4356,-71.80106803818597,42.244830881367946,
4357,-89.64389250126227,35.0111294183641,
4358,-90.07196876403293,35.12830846964472,
4359,-122.75710136438647,48.10512419623935,
4360,-117.17673557233141,32.84468671458881,
4361,-117.12693711737248,32.84417290279735,
4362,-117.07279306355262,32.65877463387223,
4363,-117.09337903678565,32.646714942667636,
4365,-112.12845538834091,34.33121159848833,
4367,-114.41822103542641,42.939291684238434,
4368,-107.85295975263931,37.193119318892954,
4369,-107.94989816020954,36.85653087162864,
4370,-103.5431885041478,30.38020089907812,
4372,-93.40160779383743,45.08287841068656,
4373,-93.28555543417957,44.97644915323547,
4374,-93.40205383548104,45.09816587598725,
4375,-93.26271852715143,45.139661995059434,
4376,-93.23476524128915,45.130217258224135,
4377,-93.0712228434687,45.03558003815718,
4378,-92.97249963109067,45.0253675866212,
4381,-93.51042585529581,41.51897619482009,
4382,-93.47743055997562,41.66485013202526,
4383,-93.58381634532782,41.51452114584289,
4384,-95.72205610319756,39.09083755018433,
4385,-94.4487743469376,39.24665520683536,
4386,-94.58479738908039,39.30656014690004,
4387,-94.68610032538925,39.32218416429106,
4388,-94.38464893439777,39.11753789725339,
4389,-94.73895929875667,39.106387362362156,
4390,-95.61420522714066,29.916106878456638,
4391,-93.68384707555597,32.37157008491395,
4392,-93.80190519872814,32.402246349747045,
4393,-93.87357361062789,32.44031158312845,
4394,-93.60459279663856,32.55596635532835,
4395,-93.60135727769864,32.536549680628646,
4396,-97.40801771516472,32.73181942172533,
4397,-97.32746054549571,32.74743742311874,Ft.  Worth
4398,-96.09728975402935,33.116009241649785,
4399,-93.6939501949999,32.528611499532154,
4400,-93.68118817260353,32.53098852914232,
4401,-93.63140241844366,32.540246360409114,
4407,-93.99180898755675,33.49343133577396,
4408,-94.11676442774151,33.41542207657263,
4411,-88.48309731944987,46.576509468755496,
4412,-88.50373987565798,46.565254880867165,
4413,-88.06904150139897,41.943136296295236,
4414,-88.06904150139897,41.95574069716961,
4415,-88.03845649477125,42.11885346512578,
4416,-88.02664509777827,42.14520452713561,
4417,-88.04704422197035,42.21810228915309,
4418,-89.64808395402356,41.75802822877109,
4419,-89.44894412815293,41.82214199384116,
4420,-87.95355578439869,41.54168594672278,
4421,-88.05727471148576,41.80347611617311,
4422,-90.05286622463704,38.76647392731933,
4423,-90.04581475360668,38.7575015512771,
4424,-90.32150879566014,38.50635767273166,
4425,-82.7796167563366,27.961232333805096,
4426,-82.7707114888553,28.01997521014132,
4427,-82.73278894336306,28.217323209223697,
4428,-84.17624388639756,31.61195071104287,
4429,-84.32644996389254,33.77246322353377,
4430,-84.02217859804533,33.85622564592223,
4431,-83.51211222494983,33.92385126004932,
4432,-82.29607136253738,34.828450349910085,
4433,-82.39969430484132,34.848716756668274,
4434,-82.42762371309371,34.79913527847847,
4435,-83.33344700632585,35.42233934918407,
4436,-82.99172796569049,35.5045893776586,
4437,-86.45283579946998,35.907651728399955,
4438,-86.32613444794504,36.18068473090998,
4439,-83.24194263275167,37.26431969300494,
4440,-83.52575869631872,37.16811090025255,
4441,-85.87674910903432,38.09208896294075,
4442,-84.73715048910387,39.21972508934939,
4443,-84.6009663385956,39.256121907153016,
4444,-84.56317857590474,39.285397310704305,
4445,-84.13628879537812,39.77890851530227,
4446,-84.18760708205016,39.75932745268314,
4447,-86.33655401488826,39.93172883046952,
4448,-85.13680857481903,41.098675072569065,
4449,-82.90168954113575,40.01178857400419,
4450,-83.11931534042063,39.97699711325098,
4451,-83.11871298882939,39.953506261561756,
4452,-83.07720831325634,39.90311833844741,
4453,-83.27565389457924,42.380353815773,
4454,-83.43773502280901,42.48529485714516,
4455,-83.2851927678111,42.48990489329154,
4456,-83.76118438542218,43.09754058671813,
4457,-84.67810627642561,42.798846334345775,
4458,-82.5608214986558,43.43046790276471,
4459,-78.81349160054243,42.96560710315942,
4460,-78.85183176067463,42.923881137664395,
4461,-77.66850377099506,43.238871213937394,
4462,-77.68192961562451,43.20746264711495,
4463,-77.61711307790296,43.095803992227616,
4464,-80.63705089694646,40.38497999249957,
4465,-80.7428391428565,40.07707298833785,
4466,-80.0525904560362,40.419386136365205,
4467,-80.03312667887299,40.41559692029896,
4468,-81.63385613451459,38.36011081653367,
4469,-81.50132745059148,38.19562126705961,
4470,-81.44890939152955,38.156920137027015,
4471,-81.32682958376192,37.99199268031853,
4472,-80.57082154135679,36.45506134580907,
4473,-80.66327780696989,36.44106853349012,
4474,-80.7494467715234,36.485061338067204,
4475,-78.77523384563322,35.746443150446815,
4476,-78.79349643683538,35.737617100384966,
4477,-78.8233071266022,35.723199444310715,
4478,-78.83890847881453,35.7156487678958,
4479,-78.84808842019032,35.717801253731004,
4480,-81.38186855509642,28.527545504761463,
4481,-81.39286719481073,28.434057067189816,
4482,-80.38649166095105,27.405684253901462,
4483,-80.16101954680762,26.92174410647167,
4484,-80.34775475283885,25.943017759629942,
4485,-80.347352581056,25.950785655017143,
4486,-80.36637681502094,25.579886911560976,
4487,-77.31668223104009,37.460554870435615,
4488,-76.48922642501945,39.33093066894054,
4489,-76.04299791747309,39.606314181988665,
4490,-76.06674459086659,39.597977967021116,
4491,-77.85849971208756,40.81912861513383,
4492,-76.11001962776247,42.891260656382485,
4493,-73.93032297449331,42.758904661063426,
4494,-72.95273455140627,43.539934613441105,
4496,-71.1138177179466,42.36427877725981,
4497,-71.1708729610518,42.3615532417898,
4498,-71.23917061356785,42.34504978138987,
4499,-71.05988355382877,42.347635617278065,Boston
4500,-82.54112826000765,27.996060749308413,
4501,-82.55044621438518,28.721275275979284,
4502,-81.8787135101832,28.04838433876873,
4503,-97.68346241605576,30.48986458542088,
4504,-96.98784152475832,32.80601300334831,
4505,-96.53689729647148,32.87200484163417,
4506,-96.65788233332893,33.14697083449202,
4507,-117.0273626571241,32.693277209206975,
4508,-116.99913109707147,32.672104711506556,
4509,-116.98815322143037,32.66387111514229,
4510,-116.94379228681017,32.56792515509368,
4511,-116.9388180687865,32.56046449186009,
4512,-116.9283748996953,32.54479557306379,
4513,-85.37976091737424,32.65164651725103,
4514,-85.36378178074861,32.66579067336968,
4515,-85.50684035542768,32.55895328008263,
4516,-85.4096619616221,32.63819104733949,
4517,-86.43825788374878,33.343855691589155,
4518,-86.4532084058727,33.937391419909325,
4519,-86.47264408463381,33.94785678539609,
4520,-86.57729773950136,33.991213299555504,
4521,-88.22933043419606,33.88506459247555,
4522,-87.91536946959344,33.96579741194484,
4523,-85.1854041297631,32.87440929689762,
4524,-85.71315756073797,32.14631886946202,
4525,-85.69073177755207,32.42290352875484,
4526,-85.57676823444721,32.469131418252005,
4527,-86.26333677489875,31.71574383229272,
4528,-86.46815892799664,31.31058468273412,
4529,-86.25735656604918,31.582684185389713,
4530,-86.69989202091762,31.143138834946072,
4531,-87.07216002180357,31.10426747742381,
4532,-86.50105007666929,31.294139108397825,
4533,-86.4068617872885,32.070071206629976,
4534,-86.35004980321756,32.313764717250116,
4535,-86.8598626076437,31.433178964150397,
4536,-86.63261467135992,32.84151814822499,
4537,-86.4561985102975,32.50363634822411,
4538,-86.78062484038686,33.20631088804894,
4539,-85.78641511914525,33.614460142032364,
4540,-85.35733513418835,33.74901484114774,
4541,-86.13924744127009,32.36758659689631,
4547,-86.27230708817311,32.38104206680782,
4548,-86.20951489525258,32.38253711902018,
4549,-87.25156628729079,31.020544553529785,
4550,-87.31136837578651,31.204435975654203,
4551,-87.81071581472591,34.492055790707276,
4552,-87.73044578610077,34.48860774410714,
4553,-87.03179361206895,34.60119460221203,
4554,-87.03029855985656,34.61913522876073,
4555,-86.9734865757856,34.56232324468979,
4556,-86.50404018109408,34.31563962964486,
4557,-86.30370318463336,34.347035726105126,
4558,-86.31267349790772,32.378051962383026,
4559,-86.2289505740137,32.421408476542425,
4564,-86.89275375631637,34.28125342875983,
4565,-86.9525558448121,34.62960059424745,
4566,-86.93910037490056,34.829937590708205,
4567,-86.42629746604962,32.43785405087882,
4570,-88.17251845012511,30.555583315475445,
4571,-88.10972625720458,30.66023697034299,
4575,-87.6746660633981,34.84189800840732,
4576,-87.67167595897332,35.00336364734591,
4579,-85.63690989790591,32.48719077388777,
4580,-86.13326723242052,33.40814293672211,
4581,-85.98376201118117,33.51279659158964,
4582,-86.25735656604918,33.14351869512847,
4583,-86.19605942534103,33.32142990840325,
4584,-87.37117046428226,32.286853777427005,
4585,-87.98862702800072,34.142213573007204,
4586,-87.66719080233614,31.968407656187253,
4587,-87.73745825631863,31.942991768576526,
4590,-87.76436919614171,31.73816961547866,
4591,-87.78230982269044,31.68285268362013,
4592,-86.19007921649147,32.46775509512666,
4593,-86.21998026073933,32.61427021194119,
4594,-86.51639789161499,34.16633309918758,
4595,-86.4995550244569,34.303679211945735,
4596,-86.7940803102984,34.18257998274187,
4597,-86.4741391368462,34.161649251768345,
4598,-86.11084144923461,34.03606486592733,
4599,-86.69690191649283,34.17211461725509,
4600,-85.86116772976492,33.98523309070595,
4601,-85.39770154392296,33.95832215088287,
4602,-87.26502175720232,31.008584135830674,
4603,-87.26053660056515,30.998118770343932,
4604,-86.25586151383678,31.594644603088902,
4605,-86.26632687932353,31.69481310131929,
4606,-87.78230982269044,30.878514593352463,
4607,-87.91088431295627,30.667712231404995,
4608,-87.79277518817719,30.73199947653789,
4609,-86.34406959436798,32.32871523937402,
4610,-86.37546569082825,32.370576701321106,
4611,-86.25885161826156,31.313574787158917,
4612,-86.30968339348294,30.993633613706766,
4613,-86.25885161826156,31.252277646450796,
4614,-86.30818834127055,32.32572513494923,
4615,-85.9777818023316,34.03456981371489,
4616,-85.42162237932126,34.08390653672389,
4617,-87.75240877844257,34.399362553538914,
4619,-87.746428569593,31.869734210169305,
4620,-87.81968612800028,32.50363634822411,
4621,-87.90191399968191,31.527367253531207,
4622,-88.06337963862039,30.73199947653789,
4623,-88.07534005631955,30.7663856774229,
4624,-87.53263610322075,34.88375947035437,
4625,-87.51021032003484,35.00336364734591,
4626,-85.48441457224177,33.319934856190834,
4627,-85.72362292622472,33.617450246457146,
4628,-85.4799294156046,33.29601402079259,
4629,-85.0299186996742,32.47523035618861,
4630,-86.11682165808419,32.19266548804627,
4631,-87.1349522147241,32.95962727300409,
4632,-85.59953359259607,32.13734855618768,
4633,-86.15718806781881,31.39729771105294,
4634,-85.8656528864021,31.333010465920037,
4637,-88.2427859041076,30.77386093848493,
4638,-88.1082312049922,30.699108327865243,
4639,-88.06487469083278,30.693128119015647,
4640,-88.05291427313364,30.68565285795369,
4641,-88.41920206517003,30.863564071228513,
4642,-88.335479141276,30.803761982732816,
4643,-85.83425678994183,33.60249972433324,
4645,-85.48441457224177,33.31096454291653,
4646,-86.5653373218022,34.46813495530899,
4647,-86.59224826162529,34.720798779203506,
4648,-86.5892581572005,34.7626602411505,
4649,-86.57131753065178,34.99140322964672,
4650,-86.78660504923643,33.48439059955412,
4651,-86.97797173242279,34.610164915486386,
4652,-86.23194067843848,31.30908963052174,
4653,-86.00469274215469,33.99270835176788,
4654,-87.66719080233614,34.75967013672568,
4655,-86.22596046958891,32.34217070928557,
4656,-87.57599261738015,33.23920203672164,
4657,-86.38892116073978,32.460279834064686,
4658,-88.09477573508066,30.75293020751142,
4659,-88.04693406428409,30.699108327865243,
4660,-114.29855586169975,34.16015419955595,
4661,-109.94944897584736,32.17621991370996,
4674,-110.3232120289457,31.972892812824426,
4675,-110.29032088027306,31.965417551762453,
4682,-110.15726123337004,34.90170009690311,
4683,-111.84069002452502,33.20332078362418,
4684,-111.37871889089544,33.016439257075,
4685,-111.33536237673603,33.258637715482735,
4686,-110.93319333160221,32.55745822787021,
4687,-112.69735494222643,32.950656959729706,
4688,-112.62559243603154,33.42757861548322,
4689,-111.84069002452502,33.306479386279385,
4694,-110.17520185991876,36.99776329867862,
4697,-109.36039840416436,34.5055112606188,
4700,-109.66239895106783,32.42738868539202,
4701,-109.70725051743962,32.83404288716303,
4708,-111.0019657333723,32.25994283760395,
4709,-110.97804489797402,32.25994283760395,
4714,-92.10749587314454,33.60249972433322,
4715,-92.0716146200471,33.609975664530474,
4716,-92.06413935898513,33.60997498539519,
4717,-92.04918883686119,33.60997498539519,
4718,-93.24373555456351,33.26760802875705,
4719,-93.46649833421013,33.01793430928739,
4720,-92.77578421208439,33.61296508981996,
4721,-92.46953469652135,33.536719880301405,
4722,-91.80250522181629,33.62941066415629,
4723,-92.07460472447188,33.58754920220929,
4724,-94.01667754837092,34.119787789821295,
4725,-93.59656787668837,33.66529191725376,
4730,-92.865487344828,33.586054149996905,
4731,-92.83857640500491,33.569608575660574,
4732,-94.42183669792952,35.32928502964758,
4733,-94.14525203863674,36.133623119915256,
4734,-94.14226193421197,36.16651426858792,
4735,-92.8176456740314,33.59801456769604,
4736,-92.88193291916431,34.03307476150251,
4737,-91.74419818553294,35.717998604869905,
4738,-91.64033416592487,35.739183301791215,
4741,-94.42034164571713,35.38460196150611,
4742,-93.16449778730667,35.2201462181429,
4744,-91.92360445102015,35.655206411949344,
4745,-92.02975315810008,35.47281004203738,
4746,-92.0013471660646,35.522146765046344,
4747,-93.05984413243914,34.4651448508842,
4748,-93.05386392358956,34.12128284203375,
4749,-93.05535897580195,34.504016208406426,
4750,-93.10768580323573,36.2293064615084,
4753,-94.11684604660127,36.35489084734947,
4758,-92.00732737491418,34.2304216535385,
4759,-92.63524930411941,33.213786149110916,
4764,-92.64870477403095,33.254152558845554,
4765,-92.46780345633135,33.790876303094755,
4766,-92.724952436863,33.01494420486263,
4767,-92.41099147226039,33.82675755619224,
4768,-92.39903105456125,34.307244727863036,
4769,-92.26746645987063,34.56830345353936,
4770,-91.59917812093079,36.23678172257038,
4771,-94.07647963686664,34.734254249115025,
4772,-93.11366601208529,34.492055790707276,
4773,-92.98658657403188,34.47112505973379,
4774,-92.82213083066858,34.40833286681329,
4775,-92.81017041296944,34.40833286681329,
4776,-92.10450576871975,34.2618177499987,
4777,-94.56536171031928,36.176979634074634,
4778,-94.49658930854919,36.18146479071182,
4779,-93.29755743420968,36.293593706641346,
4780,-94.2887770510265,36.176979634074634,
4781,-94.13927182978716,36.17398952964988,
4786,-91.92210939880776,34.194540400441014,
4789,-90.58702777314045,34.4965409473445,
4790,-90.60496839968917,34.50252115619399,
4793,-90.66178038376012,34.55484798362779,
4794,-91.14605696051734,34.69825329611792,
4795,-91.0280681757965,35.2515423146031,
4796,-90.72008742004347,35.80919678982589,
4797,-94.45472784660217,34.705848257079545,
4798,-92.33773391385311,36.359376003986675,
4799,-91.48704920500127,36.317514542039625,
4800,-94.53247056164663,35.988603055313085,
4801,-93.56367672801571,36.36087105619908,
4802,-92.42295188995955,35.09157172787705,
4803,-91.04152364570804,35.2515423146031,
4804,-94.19309370943333,34.04204507477689,
4805,-93.1145273167282,34.47696841251457,
4806,-93.04788371473998,34.504016208406426,
4807,-92.97163605190792,34.5055112606188,
4808,-92.67711076606642,34.53391725265428,
4809,-94.47416352536328,34.05849064911321,
4810,-94.32914346076113,34.04503517920166,
4811,-92.82960609173055,33.586054149996905,
4812,-93.15403242181992,33.01793430928739,
4813,-92.04320862801163,34.231491640036815,
4814,-92.75634853332328,33.65183644734222,
4815,-90.40164129880367,35.006353751770604,
4819,-92.39454589792408,36.31900959425202,
4820,-90.61094860853875,34.50102610398162,
4821,-94.43230206341627,35.39207722256814,
4822,-92.08955524659582,34.24387712344995,
4823,-91.96546591296716,34.20201566150296,
4824,-93.03442824482846,34.518966730530344,
4825,-92.58441752889803,33.74004452787344,
4826,-94.14525203863674,36.11717754557892,
4840,-122.86670009092633,38.449458996912625,
4841,-122.76802664490836,38.4524491013374,
4842,-122.01352402612852,39.52141162902301,
4845,-116.26903467763427,35.97215748097674,
4846,-116.10756903869576,36.166514268587946,
4847,-121.65421274667527,36.67782212522645,
4848,-121.75118728007867,36.761410362689574,
4851,-120.13673475109597,36.00056347301224,
4852,-120.10085349799853,36.429643457969135,
4855,-119.25166384135908,35.398057431417705,
4856,-119.25166384135908,35.267987888939494,
4857,-119.25166384135908,35.38310690929379,
4858,-122.43313494933223,37.46720969337014,
4859,-122.33745160773906,37.50608105089239,
4860,-122.29708519800444,37.849943059742856,
4861,-123.10291834048448,38.437498579213525,
4862,-122.61702637145663,38.232676426115546,
4863,-122.46004588915532,38.235666530540385,
4864,-122.68729382543911,38.44945899691262,
4865,-122.37781801747369,38.250617052664246,
4866,-122.30007530242922,38.26108241815107,
4867,-122.44808547145617,38.24314179160234,
4868,-116.07168778559834,35.2635027323023,
4869,-116.27501488648385,35.99757336858742,
4870,-116.42153000329837,36.40721767478326,
4871,-123.74579079181362,39.19848015532172,
4872,-123.02218552101523,38.82023194558614,
4873,-121.77232187145435,36.89460469602345,
4875,-119.55814954489973,36.108207232304565,
4876,-119.34585213073987,36.20538562611013,
4877,-119.31296098206721,36.211375853646956,
4878,-119.13504976879238,36.21136583495971,
4881,-120.05913128371205,36.73471446172798,
4882,-121.53161846525903,36.84078281637738,
4883,-121.45088564578977,36.84975312965169,
4884,-122.35688728650017,39.01309368098493,
4885,-121.80222291570222,38.67820198540878,
4886,-119.40116906259843,35.06167068362919,
4889,-120.38491341835328,36.76004999690813,
4890,-119.86164514401558,36.73612916150977,
4896,-122.941452701546,40.735393829662165,
4901,-122.19841175198647,39.748659369482475,
4902,-122.01900548649928,39.744174212845294,
4903,-121.84408437764924,39.72025337744698,
4904,-120.39388373162765,36.43562366681866,
4905,-120.63458713782298,37.051585178324814,
4906,-120.16514074313143,36.022989256198144,
4907,-120.04588812875673,35.88977540716967,
4908,-119.62094173782023,35.308354298674075,
4909,-119.30249561658044,34.35152088274237,
4910,-122.2626989971194,37.386476873900904,
4911,-122.16701565552623,37.30873415885644,
4912,-122.12077432236865,37.25783472151891,
4913,-121.98312423340184,37.14427841549324,
4918,-120.28324986791053,35.73444417920621,
4919,-119.80632821215703,36.2816332889422,
4920,-122.0130252776497,39.216420781870475,
4921,-119.14402008206677,35.38310690929379,
4922,-116.0537471590496,34.136233364157675,
4923,-119.07524768029666,35.435433736727575,
4924,-119.03787137498682,36.04092988274684,
4925,-116.85509514489246,33.74153958008582,
4926,-116.39013390683813,33.722103901324694,
4927,-123.63067177145933,40.94021598276003,
4932,-118.40994944578159,34.067460962387585,
4933,-118.14233509976319,33.790876303094755,
4934,-118.14009250412208,33.913471886260695,
4935,-118.0720676457807,34.1481937818568,
4936,-117.98684966967429,33.64884634291742,
4937,-117.96741399091314,33.940381524334086,
4938,-117.75960173339047,33.589044254421665,
4939,-117.76109678560287,33.64585623849263,
4944,-115.50805310152603,32.97906295176518,
4945,-122.68579877322671,38.437498579213525,
4946,-119.62094173782023,36.86619870398801,
4947,-119.55665449268733,36.87367396505002,
4949,-122.26568910154417,38.24015168717753,
4950,-122.27316436260612,38.28051809691217,
4951,-116.59047090329882,34.03307476150251,
4952,-119.03787137498682,36.08727650133107,
4953,-119.11411903781888,36.209870782747316,
4956,-117.38284857586733,33.20481583583658,
4957,-117.26324439887587,33.25116245442077,
4958,-119.79287274224549,36.92301068805901,
4959,-119.71094910814567,37.72098899142479,
4960,-119.79586284667027,37.752764665937285,
4961,-117.67139365285928,33.463459868580635,
4962,-117.92854263339093,33.62193540309431,
4963,-118.33220673073713,33.792371355307154,
4964,-118.2235280630346,33.789381614685034,
4965,-118.10645384666574,33.75349999778495,
4966,-120.50750769976953,37.843962850893284,
4967,-120.45069571569859,37.91871546151298,
4968,-121.16084551658547,38.139983188947205,
4969,-121.06665722720467,38.19829022523054,
4970,-119.04086147941162,34.36198624822907,
4971,-118.60430623339275,34.44271906769833,
4974,-120.46714129003492,37.29527868894492,
4975,-119.96181364224593,37.48365526770645,
4976,-119.97078395552032,37.492625580980835,
4977,-119.6822388785284,37.71837846505221,
4978,-121.61982654579022,39.581213521694416,
4979,-121.38211324401968,36.96935730664314,
4980,-121.74541093163126,36.766030205757644,
4981,-118.25745412011747,34.091381797785864,
4982,-121.01433039977088,39.26874760930421,
4983,-120.6031910413627,39.322569488950336,
4986,-122.3688477041993,38.40759753496563,
4987,-122.61104616260705,38.909935078329795,
4988,-120.59123062366358,40.38106645532485,
4989,-121.69457915640989,37.90376493938903,
4990,-121.64075727676374,37.90376493938903,
4991,-121.3118457900372,37.944131349123644,Stockton
4992,-121.4239747059667,40.68157195001593,
4993,-120.75419131481446,40.41096749957279,
4994,-121.10253848030212,39.01159862877251,
4995,-121.05170670508073,39.18950984204732,
4998,-122.61254121481944,39.00860852434772,
4999,-121.86651016083515,36.5955942535448,
5000,-121.70055936525947,36.5955942535448,
5001,-121.58544034490518,39.14914343231275,
5002,-121.57497497941843,39.48702523231363,
5003,-120.10683370684811,39.7905208314295,
5004,-117.08533318560106,33.13155827742929,
5005,-115.50057784046405,32.73088428450785,
5008,-120.79306267233667,38.36573607301861,
5009,-117.40078920241606,34.40085760575133,
5010,-117.8672454926828,35.6940777694716,
5011,-117.9150871634794,33.64436118628026,
5014,-122.47051125464205,37.712398256202675,
5015,-122.47200630685448,37.78565581460993,
5016,-121.74092577499411,37.96207197567239,
5017,-122.23130290065913,38.07719099602663,
5018,-122.25671878826982,38.22370611284124,
5019,-118.39499892365767,33.93141121105977,
5020,-116.9388180687865,32.55596317565786,
5022,-120.20550715286606,37.08298127478507,
5023,-121.01582545198329,37.05756538717443,
5024,-122.30755056349119,38.32088450664678,
5025,-121.66617316437443,36.635960663279384,
5026,-121.65421274667527,36.67034686416447,
5027,-117.01506573161856,32.56792359335696,
5028,-116.02982632365132,32.724904075658245,
5029,-119.62991205109462,36.73612916150977,
5030,-117.88523158266364,33.67421679122305,
5033,-121.47779658561285,38.59447906151481,Sacramento
5034,-121.75886640154282,37.99197301992023,
5037,-121.85753984756077,37.25491227921031,
5038,-121.92780730154328,37.37451645620177,
5039,-118.23801844135636,33.75798515442211,
5040,-118.22007781480765,33.804331773006375,
5041,-118.14532520418797,34.125767998670895,
5044,-122.76802664490836,38.42703321372675,
5045,-122.29858025021684,38.282013149124595,
5046,-119.23671331923514,34.26480785442352,
5047,-117.11038029573552,32.73232137892063,
5048,-117.15410558737116,32.718923866808694,San Diego
5049,-117.11074907321174,32.85945877477372,
5050,-119.03787137498682,36.05139524823359,
5051,-119.01544559180093,36.05139524823359,
5052,-118.21708771038286,34.207995870352576,
5053,-121.05768691393031,39.199975207534116,
5056,-117.83053368598365,33.77743683366603,
5059,-119.30399066879285,34.27826332433498,
5060,-121.75288619269324,38.00542848983181,
5061,-121.2415783360547,37.96057692345997,
5062,-119.78390242897115,36.837792711952495,
5067,-117.864255388258,33.65632160397937,
5068,-117.04098009232571,32.56792643780972,
5069,-116.9358279643617,32.54998296680831,
5070,-116.96124385197238,32.74583480663183,
5071,-117.14663032630918,32.712943657959144,
5072,-117.09968534368038,32.71742965801049,
5073,-117.01805583604335,32.74732985884419,
5074,-118.26492938117946,33.9269260544226,
5075,-118.18868171834735,33.916460688935814,
5076,-118.10346374224095,33.913470584511046,
5077,-118.37705829710896,33.92991615884736,
5078,-118.30679084312645,33.925431002210175,
5079,-122.12814429800397,38.04728995177879,
5080,-117.04048161922923,32.54998296680831,
5081,-117.13466990861002,32.777230903092054,
5084,-117.80594835197466,33.70565832698832,Irvine
5085,-117.74764131569134,33.78340104203283,
5086,-117.72073037586824,33.7176187446875,
5087,-121.74989608826844,38.020379011955676,
5088,-117.67288870507166,33.54419268804991,
5090,-122.11468882809245,38.027854273017695,
5091,-105.28189596875517,40.065610438509886,
5092,-105.26395534220644,39.99982814116453,
5093,-105.54054000149922,40.382561507537254,
5094,-105.52115991079027,40.3789281308207,
5095,-105.60931240326931,40.38704666417447,
5096,-104.69135034485977,40.422927917271885,
5097,-104.69434044928455,40.45282896151976,
5098,-102.29328659618076,38.46590457124894,
5099,-102.04510792892346,38.468894675673724,
5100,-102.73133689441202,38.473379832310954,
5101,-102.30823711830469,38.46440951903656,
5102,-104.41177558114221,37.22800133938724,
5103,-102.04211782449867,37.46870474558253,
5104,-102.24693997759657,40.96712692258314,
5105,-102.2618904997205,40.98656260134425,
5106,-102.3052470138799,38.268557679213025,
5107,-102.32767279706582,38.61540979248829,
5108,-102.33215795370299,38.82172699779857,
5109,-102.3097321705171,38.06224047390269,
5112,-105.02624204043589,39.51991638098634,
5113,-104.73171675459439,40.58289850399802,
5114,-104.77208316432902,41.000018071255695,
5115,-105.0905292855688,39.614104670367134,
5116,-105.07707381565727,40.52309641550228,
5122,-104.76012274662988,38.767905118152434,
5123,-104.80646936521407,38.95179654027678,
5124,-108.56353557495868,39.063925456206306,
5125,-108.44692150239199,39.104291865940965,
5126,-104.68088497937302,40.39302687302402,
5127,-103.11407026078474,40.733898777449745,
5128,-103.09014942538644,41.00300817568056,
5131,-107.8100292599124,40.22259092081116,
5132,-103.16340698379372,40.68007689780362,
5133,-104.51194407937258,37.16520914646669,
5134,-106.11613510327068,38.809766580099435,
5135,-105.15780663512652,38.942826227002456,
5136,-106.14902625194334,37.7482795093001,
5137,-106.07576869353606,38.51524129425796,
5138,-105.9980259784916,36.99477319425382,
5139,-105.87393664486295,37.46870474558253,
5142,-103.58351665547626,40.271927643820185,
5143,-102.22634040752298,40.08102356368682,
5144,-102.05108813777305,40.064115386297516,
5145,-104.47905293069991,40.35714561992659,
5146,-104.04698284131821,40.2465117562095,
5147,-104.01708179707035,37.64362585443258,
5148,-103.56109087229036,37.98300270664589,
5149,-102.84346581034153,39.65596613231412,
5150,-102.25441523865854,39.702312750898315,
5151,-102.25591029087093,39.74566926505772,
5152,-102.05108813777305,39.751649473907314,
5153,-104.22190395016824,39.71576822080988,
5154,-103.79730912184851,39.739689056208114,
5155,-102.2603954475081,39.30163875797684,
5156,-102.27833607405682,39.04598482965758,
5157,-102.34860352803932,38.81873689337377,
5158,-105.07707381565727,40.590373765060015,
5159,-105.00082615282521,40.58140345178558,
5161,-73.65556146778522,41.011978488954846,
5162,-73.23545179610267,41.165968866831435,
5163,-72.60154965804787,41.858178041169545,
5164,-72.60154965804787,41.95236633055036,
5165,-72.59257934477351,41.97479211373627,
5166,-72.58360903149915,42.024128836745206,
5169,-73.06651089610223,41.674286619045105,
5170,-72.79590644565901,41.71764313320464,
5171,-73.2115309607044,41.47693972700923,
5172,-73.07847131380136,41.6608311491336,
5173,-72.64042101557011,41.774455117275515,
5174,-72.61577192872808,41.805952637504646,
5175,-73.26684789256295,41.408167325239134,
5176,-73.08505973558783,41.32020263854427,
5177,-72.60603481468505,41.5756131730272,
5178,-72.2786183801709,41.71913818541703,
5179,-72.15004388990506,41.378266280991255,
5180,-72.26516291025936,41.47693972700923,
5181,-72.06482591379864,41.36032565444257,
5182,-71.83159776866526,41.37826628099128,
5183,-72.86766895185389,41.81631657922253,
5184,-72.83178769875644,41.81033637037295,
5185,-72.79441139344661,42.00020800134696,
5186,-73.41635311380227,41.49189024913316,
5187,-73.11192335336656,41.8067855465907,
5188,-72.92747104034963,41.83276215355894,
5189,-73.32515492884627,42.02412883674522,
5190,-72.44456917574657,41.78940563939952,
5191,-71.79721156778024,41.91648507745292,
5192,-72.67331216424274,41.76996996063832,Hartford
5193,-73.49409582884674,41.953861382762724,
5194,-73.33113513769585,42.02711894117007,
5195,-72.45503454123332,41.786415534974715,
5196,-71.79272641114304,41.795385848249104,
5197,-72.18293503857771,41.73558375975329,
5198,-71.88691470052383,41.80286110931101,
5203,-73.40887785274032,41.470959518159624,
5204,-72.95438198017271,41.3109889314336,New Haven
5205,-72.6404210155701,41.5726230686024,
5210,-73.46269973238647,41.13008761373398,Stamford
5211,-73.15427303806777,41.23730683327424,
5212,-72.77198561026073,41.52179129338106,
5213,-73.67649219875872,41.03589932435326,
5214,-73.19209528194325,41.17194907568103,
5215,-73.05604553061546,41.91499002524053,
5216,-72.66434185096838,41.81930668364733,
5217,-72.56716345716282,41.7834254305499,
5218,-72.58510408371154,41.774455117275515,
5225,-75.7202285731005,38.802291319037494,
5226,-75.61557491823295,39.72174842965938,
5227,-75.71275331203853,39.79500598806669,
5231,-75.76956529610948,39.41227262169394,
5232,-75.71125825982614,39.510946067711934,
5233,-75.56324809079919,38.57055822611648,
5234,-75.61998574923211,39.651054858116176,
5235,-75.59071853030338,39.68068642989418,
5236,-75.55726788194961,39.71726327302222,
5237,-75.54231735982569,39.76659999603119,
5238,-75.53932725540089,39.838362502226076,
5239,-75.60062439610903,39.69483748983631,
5240,-75.74411465905874,39.60492598878699,
5241,-75.78451581823343,39.6066294093051,
5242,-75.5841788217727,39.714273168597394,
5243,-77.0328844155819,38.89199445178105,
5244,-77.02241905009515,38.91143013054221,
5245,-77.02989431115711,38.909935078329795,
5246,-77.02989431115711,38.90245981726781,
5247,-77.02690420673233,38.98319263673706,
5248,-77.06876566867935,38.905449921692586,
5249,-77.07026072089174,38.90096476505542,
5250,-76.9641120138118,38.93535096594049,
5251,-77.05680525098019,38.90245981726781,
5252,-76.98055758814813,38.87853898186955,
5253,-77.02241905009515,38.8037863712499,
5254,-82.63933021205715,30.145939009279708,
5255,-82.64007798595027,30.183813851457955,
5256,-82.6394212858769,30.188627935589135,
5257,-82.86059793949137,29.95307727388094,
5258,-82.92937034126146,30.488305965917778,
5259,-82.92787528904907,29.956067378305704,
5260,-82.98767737754481,30.276008551757897,
5261,-82.96076643772173,30.524187219015204,
5262,-83.02355863064224,30.61688045618361,
5263,-81.64362543860314,28.106687791575116,
5264,-81.40441708462019,28.304034683610993,
5265,-83.58270815807738,30.111553012347535,
5266,-83.63054982887397,30.46887028715666,
5267,-83.64251024657311,30.652761709281044,
5268,-82.4464684766584,29.387947537596236,
5269,-82.59746875011012,29.827492888039913,
5272,-82.47786457311865,27.5430531075028,
5273,-82.32686429966692,27.858509124317756,
5274,-82.18632939170195,28.455034957062743,
5275,-82.17080446650063,28.507363710399897,
5276,-82.04130932709978,29.009699327860694,
5277,-82.47337941648149,28.257688065026787,
5278,-82.46141899878234,28.43410422608925,
5279,-82.38068617931309,28.55520345529313,
5280,-82.45543878993277,29.386452485383813,
5281,-80.83031703506113,27.244042665024118,
5282,-81.07700065010604,28.14406409688494,
5283,-82.98468727312002,30.295444230519006,
5284,-85.18689918197549,30.749940103086644,
5285,-84.6441952288767,30.591464568572945,
5286,-86.12130681472136,30.721534111051174,
5287,-85.56664244392341,30.775355990697282,
5288,-85.53823645188794,30.779841147334515,
5289,-85.257166635958,30.785821356184037,
5290,-86.55188185189067,30.760405468573342,
5291,-86.14821775454445,30.734989580962687,
5292,-87.0437540297681,30.62286066503319,
5293,-86.63709982799709,30.749940103086644,
5294,-87.19624935543223,30.54212784556394,
5295,-87.30688321914934,30.471860391581426,
5296,-87.27698217490146,30.533157532289565,
5298,-81.41787255453174,27.42942913936087,
5299,-80.84975271382224,27.244042665024118,
5300,-81.80210097311684,27.75236041723782,
5301,-81.57335798462066,27.734419790689117,
5303,-80.79055021702769,28.52807902572238,
5304,-80.66436623948546,28.525302411045267,
5305,-84.30481837666339,30.440464295121135,
5306,-84.28089754126509,30.44046429512116,
5307,-82.65129062975629,30.186305419014314,
5308,-82.59918061555443,30.18331535278628,
5309,-82.59447864568534,30.186305419014303,
5310,-82.311913777543,29.65257177918988,
5311,-82.08729890152205,29.59731350800327,
5314,-82.28350778550751,29.053055842020058,
5315,-82.13998277311775,29.178640227861187,
5316,-81.59578376780655,29.646591570340277,
5317,-81.32517931736335,29.882809819898448,
5318,-81.89778431471002,30.03829524998739,
5319,-81.7198731014352,30.295444230519006,
5320,-82.60643906338449,29.646591570340277,
5321,-82.33882471736607,29.65257177918988,
5322,-81.06952538904407,29.011194380073114,
5323,-80.93945584656585,29.015679536710305,
5324,-80.60306909877734,28.079776851752012,
5325,-80.5671878456799,28.091737269451205,
5326,-82.73800365807512,28.217321655292167,
5327,-82.66923125630501,28.217321655292174,
5328,-82.79033048550887,28.01548960661908,
5329,-82.50477551294173,27.996053927857954,
5330,-82.79930079878324,27.96615288361013,
5331,-82.73052839701316,27.960172674760543,
5334,-80.31153391736062,26.91662623050995,
5335,-80.10820681647512,26.779081426969718,West Palm Beach
5336,-85.68774167312728,30.431493981846813,
5337,-86.60570373153683,30.403087989811336,
5338,-86.57131753065178,30.760405468573342,
5339,-80.63147509081281,28.405698234053766,
5340,-81.45823896426636,30.67070233582979,
5341,-80.92600037665432,29.0216597455599,
5342,-80.89011912355687,29.02763995440944,
5343,-81.65409080408989,30.362721580076723,
5344,-87.26651680941471,30.504751540254126,
5345,-82.35085205224223,27.93006774980073,
5346,-82.57354791471184,27.52062732431689,
5347,-82.56397216783017,27.52062743246281,
5348,-82.04728953594936,29.057540998657288,
5351,-82.53019140055243,27.329260641130514,
5352,-82.56457760143748,27.543053107502807,
5353,-82.45095363329557,28.05436096414133,
5354,-82.41357732798575,27.996053927857954,
5355,-80.21286047134267,25.928396718117945,
5356,-81.61477799362994,30.297822253377113,
5357,-81.55990251470911,30.28647391724466,
5358,-81.39245666692105,30.287968969457065,
5359,-84.28089754126509,30.446173703511047,
5360,-82.6034489589597,30.186305419014303,
5361,-82.96226148993412,30.28647391724467,
5362,-81.30424858638985,29.05455089423251,
5363,-81.11587200762827,29.145749079188526,
5365,-81.25790196780565,29.465690252640616,
5366,-81.18314935718597,29.47615561812743,
5367,-82.11157905109525,29.94261449667596,
5368,-81.66904132621383,29.65855198803945,
5371,-81.89778431471002,29.978493161491595,
5372,-81.67985100399994,29.99183390656258,
5375,-82.10858667665748,29.951582221668563,
5376,-82.01290333506431,29.981483265916417,
5377,-81.5853184023198,29.604730108393262,
5378,-81.2653772288676,29.471670461490245,
5379,-81.64063533417836,29.16817486237441,
5380,-81.42131395661254,29.187924433728348,
5381,-81.19361472267273,29.2563829429056,
5382,-82.03383406603781,29.21900663759581,
5383,-82.15493329524168,28.507361784496506,
5384,-81.88432884479847,28.577629238479016,
5385,-82.38367628373788,27.43092419157327,
5386,-81.88881400143566,27.2261020384754,
5387,-81.8334970695771,27.20816141192667,
5388,-80.80340609523805,27.247032769448843,
5389,-81.43730823329287,26.76114080042102,
5390,-81.08148580674322,26.75366553935909,
5391,-81.7183780492228,26.71030902519967,
5392,-81.56588272355869,26.708813972987272,
5393,-80.05288988461656,26.592199900420624,
5394,-80.05438493682895,26.725259547323553,
5396,-81.35209025718643,29.124818348214976,
5397,-81.80658612975402,27.339726006617276,
5398,-81.79761581647966,27.49969659334339,
5399,-81.27285248992958,28.812352435824756,
5400,-81.24893165453129,28.245727647327662,
5403,-82.40610206692378,29.361036597773154,
5404,-82.33732966515367,29.28329388272872,
5405,-82.18034918285237,28.215826603079833,
5406,-81.97253692532969,30.30291949158099,
5407,-84.49169990321256,30.062216085385664,
5408,-84.38854130055742,30.083146816359104,
5409,-86.12280186693376,30.691633066803302,
5410,-80.66586129169785,26.726754599535976,
5411,-80.64493056072435,26.841873619890272,
5412,-80.63147509081281,26.86130929865136,
5413,-82.6707263085174,30.595949725210104,
5414,-81.97403197754208,28.164994827858404,
5415,-82.18782444391434,28.323470362372145,
5416,-82.36723070940154,28.543243037593996,
5417,-82.49580519966737,28.685272997771325,
5418,-82.1967947571887,28.507361784496506,
5419,-80.83031703506113,27.19769604643994,
5420,-81.9710418731173,29.981483265916417,
5421,-82.16689371294083,29.79011658273002,
5422,-81.85143769612583,28.558193559717868,
5423,-81.06257676509608,29.283188634890376,
5424,-82.13998277311775,29.187610541135534,
5425,-81.36405067488558,28.553708403080698,
5426,-81.63764522975357,28.54922324644355,
5429,-80.3892766324051,27.63873644909596,
5430,-81.8590168703532,27.213687840869003,
5431,-82.53019140055243,27.447369765909656,
5432,-81.85143769612583,26.65349704112874,
5433,-80.25771203771446,27.193210889802717,
5434,-80.19043468815676,25.771416235816623,
5435,-80.18871118216776,25.81135399054602,
5395,-80.49094018284784,27.854023967680636,
5436,-80.84078240054788,28.833283166798246,
5437,-81.02398809472638,29.211202847297297,
5438,-82.05177469258653,26.93456685705862,
5439,-81.73197437187082,28.07524478685426,
5440,-81.39544677134583,28.55221335086835,
5441,-81.70940773594845,30.31039475264292,
5444,-83.91161964480392,30.41056325087332,
5445,-84.4154522403805,30.62435571724555,
5446,-84.38106603949545,30.690138014590875,
5447,-82.56308254922509,27.483251019007064,
5448,-82.14147782533014,29.19658085440988,
5449,-82.1519431908169,29.344591023436852,
5450,-84.15531315542405,30.679672649104166,
5451,-82.4016169102866,27.949707772164352,Tampa
5452,-82.4016169102866,27.967647935822505,
5453,-81.80509107754163,26.3156152411278,
5454,-81.6989423704617,26.0629514172333,
5455,-81.88731894922327,28.82580790573631,
5456,-82.34031976957847,29.615195473880032,
5457,-82.66325104745543,27.852528915468213,
5458,-82.50691434126387,27.89580976927293,
5459,-82.50776561736653,28.69424331104571,
5460,-80.29508834302429,25.970258180064917,
5461,-81.66904132621383,30.356741371227162,
5462,-81.55840746249672,30.316374961492524,
5463,-80.20688026249309,25.81178264555119,
5464,-80.1351177562982,25.81327769776358,
5465,-84.93274030586862,31.377862032291848,
5466,-84.91928483595707,31.416733389814073,
5467,-84.20763998285781,32.07156625884241,
5468,-84.21810534834458,32.073061311054815,
5469,-84.00580793418473,30.81273229600713,
5470,-84.91490893814266,34.77710103133248,
5471,-84.771405493773,34.78503369977669,
5472,-82.3791911271007,31.258257855300325,
5473,-82.44796352887079,31.291149003973075,
5474,-83.49898523418335,32.304794403975755,
5475,-83.5976586802013,32.54848791459585,
5476,-83.45263861559916,32.282368620789796,
5477,-83.33604714259617,32.40195408849605,
5478,-83.23735109701451,31.395802658840594,
5479,-83.25110686502859,31.594644614717918,
5480,-83.3069325686434,31.99201213732275,
5481,-83.46609408551069,32.282368620789796,
5482,-83.92657016692786,33.983738038493534,
5483,-83.82490661648511,34.29919405530855,
5484,-83.90115427931717,34.662491742920146,
5485,-83.03402399612901,31.047455493352924,
5486,-83.22240057489057,31.385337293353835,
5487,-81.45973401647875,31.225366706627728,
5488,-81.43431812886807,31.37038677122988,
5489,-81.39544677134583,31.87870452344361,
5490,-81.68847700497494,30.740969789812226,
5491,-84.17624388639756,31.575208924327768,
5492,-82.59447864568534,31.871229262381643,
5493,-82.59447864568534,32.18078447545741,
5494,-82.59148854126056,32.378051962383026,
5495,-82.72305313595118,31.672387318133314,
5496,-82.85162762621701,31.488495896009017,
5499,-82.86059793949137,31.27171332521192,
5500,-82.3776960748883,33.21976635796053,
5501,-82.31147946808301,33.41602402407581,
5502,-82.19978486161348,33.66230181282895,
5503,-82.49431014745498,32.83105278273825,
5504,-82.48835748754132,32.55749227627916,
5505,-83.56028237489147,30.785821356184037,
5506,-83.70829254391842,32.919260863269486,
5507,-84.31229363772536,33.85815365265254,
5508,-84.01328319524667,34.095866954423016,
5509,-81.49561526957619,31.149119043795697,
5510,-84.80416581560279,32.629220734065164,
5511,-84.76560517166745,33.27919964487496,
5512,-84.79818560675321,33.3797369446866,
5513,-85.04785932622292,33.568113523448176,
5514,-84.79220539790364,31.745644876540617,
5515,-84.75183898816901,31.168554722556742,
5516,-84.92526504480665,31.358426353530675,
5517,-84.71894783949637,31.161079461494783,
5518,-84.73838351825748,31.171544826981595,
5519,-83.00113284745635,33.59203435884644,
5520,-82.6722213607298,33.40664788450969,
5521,-83.44964851117437,33.60997498539517,
5522,-83.87573839170649,33.60698488097036,
5523,-83.47805450320985,33.58605414999692,
5524,-84.24352123595526,32.07455636326717,
5525,-84.25996681029159,32.062595945568034,
5526,-84.18670925188431,32.0521305800813,
5527,-83.31509381205896,34.03157970929011,
5528,-82.81574637311957,34.35301593495466,
5529,-85.03290880409898,33.03886504026088,
5530,-85.02842364746179,33.049330405747625,
5531,-83.25230161913844,31.714248780080382,
5532,-82.97272685542087,31.777040973000894,
5535,-83.63802508993594,32.4124381632681,
5536,-83.73370843152911,32.4587847818523,
5537,-83.90856362209597,32.577414643365856,
5538,-84.16428346869841,33.038865040260895,
5539,-84.17026367754798,33.074746293358345,
5540,-83.6469954032103,32.841518148225,
5541,-84.73838351825748,34.69687794380522,
5542,-84.47375927666384,34.68491752610606,
5543,-82.50029035630456,33.46345986858066,
5544,-82.1758640262152,33.43654892875751,
5545,-85.14416334400029,33.720553924358995,
5546,-84.93729192233188,33.729479914281306,
5547,-84.64270017666429,33.79685651194437,
5548,-82.87106330497812,32.54848791459587,
5549,-82.37040006371578,32.584880417899676,
5550,-81.85293274833822,32.521576974772735,
5551,-82.90694455807557,32.539517601321556,
5552,-83.57523289701541,32.84151814822499,
5553,-80.95440636868979,32.040170162382175,
5554,-80.84227745276029,32.013259222559036,
5555,-85.2302556961349,34.270788063273116,
5556,-85.1821532682577,34.28130696951933,
5557,-85.12410698905498,34.216966183626944,
5558,-84.08803580586634,33.69967811813883,
5559,-83.97889699436163,33.95682709867041,
5560,-84.30182827223861,33.38123199689902,
5561,-84.18072904303475,33.42757861548322,
5562,-81.47318948639031,32.546992862383455,
5563,-84.61728428905361,33.39618251902295,
5566,-83.93554048020222,32.56044833229502,
5567,-83.74417379701586,32.659121778313,
5568,-84.59076682973445,33.39807112221862,
5569,-84.45432359790273,33.448509346456696,
5570,-85.04187911737334,33.593529411058874,
5571,-84.59186840144292,33.55764815796138,
5572,-82.86209299170376,32.98055800397755,
5573,-82.4016169102866,33.19285541813742,
5574,-84.10298632799028,32.56044833229503,
5575,-84.09551106692831,32.55745822787021,
5576,-84.45282854569034,32.6008147420297,
5577,-84.27043217577834,32.566428541144596,
5578,-84.2414755156234,32.54467231348196,
5581,-84.78024498020449,32.30030924733856,
5582,-84.77525893363932,31.76998999787439,
5583,-82.35377523949,31.21340628892861,
5584,-83.59915373241371,32.62025042079075,
5585,-81.4701993819655,31.185000296893094,
5586,-83.99384751648556,34.086896641148655,
5587,-85.0732752138336,33.55615310574902,
5588,-84.25249154922962,32.06409099778043,
5589,-83.33901464745726,33.99270835176788,
5590,-83.17904406073116,32.19715064468343,
5591,-84.52758115631,33.95981720309527,
5592,-84.7996806589656,34.200520609290585,
5593,-84.85051243418698,34.22145134026411,
5594,-84.85649264303656,34.24537217566239,
5595,-84.28388764568989,33.1958455225622,
5596,-82.02336870055106,33.439539033182356,
5597,-81.14128789523896,32.05362563229368,
5598,-84.42143244923008,34.406837814600856,
5599,-84.38854130055742,34.41281802345048,
5602,-82.84714246957982,34.091381797785864,
5603,-82.88601382710208,34.12128284203376,
5606,-83.74267874480348,32.61277515972879,
5607,-84.04916444834411,31.602119864150854,
5608,-83.61559930675003,32.85945877477372,
5609,-83.25084534635289,33.07373854031423,
5610,-83.23436099258971,33.079231449995554,
5611,-84.11644179790183,34.42178833672479,
5612,-84.0380855585486,34.365437384476714,
5613,-83.85630271294536,34.29919405530855,
5614,-84.70100721294764,34.43972896327351,
5615,-84.45880875453992,34.4651448508842,
5616,-84.91928483595707,34.47112505973378,
5617,-84.70100721294764,34.43374875442392,
5618,-84.20913503507023,31.504941470345344,
5619,-82.64232031648193,34.07045106681232,
5620,-83.19997479170466,34.04204507477689,
5621,-82.41058722356095,33.001488734951074,
5622,-82.43151795453447,31.658931848221798,
5623,-82.34912709650568,31.778483342652603,
5624,-82.32188044901399,32.20163615321018,
5625,-82.40460701471137,33.01643925707502,
5626,-85.21979033064815,34.01662918716619,
5627,-85.23773095719687,34.04204507477689,
5628,-82.46291405099473,31.53932767123036,
5629,-82.46291405099473,31.626040699549186,
5630,-83.36144043064316,34.54288756592874,
5631,-83.22688573152774,34.61165996769882,
5632,-83.5348664872808,33.008963996013,
5633,-83.42273757135129,33.844698182740935,
5634,-83.70081728285646,34.17958987831704,
5635,-83.7815501023257,34.27527321991025,
5636,-84.27790743684031,32.44084415530359,
5637,-84.23754102710569,32.55745822787021,
5638,-84.18521419967192,31.759100346452136,
5639,-84.27043217577834,32.159774339373605,
5640,-84.29435301117664,32.32123997831208,
5641,-84.3257491076369,32.8878647668092,
5642,-83.96693657666248,34.46813495530897,
5643,-83.95796626338812,34.87628420929239,
5644,-83.9639464722377,34.87030400044286,
5645,-84.07308528374242,34.98691807300954,
5646,-84.17624388639756,31.623050595124393,
5647,-84.17325378197278,31.6798625791953,
5648,-82.85013257400463,31.509426626982485,
5649,-83.56925268816585,32.79965668627792,
5650,-82.58849843683576,31.865249053532082,
5651,-81.90370119672292,32.160573096758846,
5652,-81.86937832267455,31.594644603088884,
5653,-81.77967518993094,31.522882096893984,
5654,-81.91871504568353,32.62922073406514,
5655,-82.00094291736517,33.068766084508766,
5656,-82.02635880497586,33.1046473376062,
5657,-82.00243796957756,33.438043980969944,
5658,-81.56289261913389,31.273208377424282,
5659,-85.10766141471866,33.28405360309341,
5660,-85.30500830675457,34.47112505973378,
5661,-85.26464189701996,34.89422483584115,
5662,-85.19586949524985,33.81629219070551,
5663,-85.2526814793208,33.98971824734313,
5664,-85.16148329436481,34.22593649690128,
5665,-85.23474085277208,34.41580812787521,
5666,-82.536171609402,33.4500043986691,
5667,-85.23137756762777,33.99868932957718,
5668,-85.07776037047078,34.00765887389183,
5669,-85.22577053949773,33.99868856061751,
5670,-84.70250226516004,33.87310417477641,
5671,-82.90993466250035,32.05063552786886,
5672,-82.9014309676011,32.06764314722502,
5673,-81.43730823329287,32.19715064468343,
5674,-82.01140828285192,30.862069019016133,
5675,-81.74977414568308,32.47822046061337,
5676,-81.6525957518775,32.73088428450785,
5677,-81.63764522975357,32.7682605898177,
5678,-81.50309053063816,32.93720148981814,
5679,-83.78603525896288,31.116227895123043,
5680,-83.7800550501133,31.20742608007898,
5681,-82.88302372267727,32.083526676541524,
5682,-81.93665567223225,31.633515960611078,
5683,-82.39115154479984,33.856658600440106,
5684,-84.75183898816901,34.7312641446902,
5685,-85.2075512438585,34.17464865903712,
5686,-84.73838351825748,34.988413125221925,
5687,-84.76977961471773,34.767145397787715,
5688,-82.92937034126146,32.57390380220657,
5689,-83.23436099258971,33.02391451813699,
5690,-83.25529172356322,33.10913249424343,
5691,-83.38386621382905,33.29900412521738,
5692,-82.91142971471274,32.54998296680831,
5693,-84.40797697931853,33.77293567654605,
5694,-81.6555858563023,32.36758659689626,
5695,-81.75724940674503,32.43486394645398,
5696,-85.12410698905498,31.89066494114281,
5697,-84.43040276250444,31.75760529423977,
5698,-84.01776835188387,33.9672924641572,
5699,-84.52010589524804,34.550362826990636,
5700,-84.51861084303565,34.61913522876073,
5701,-84.394521509407,34.382916979202534,
5702,-84.49768011206214,33.65632160397937,
5703,-83.3943315793158,33.916460688935835,
5704,-83.99982772533514,30.868049227865708,
5705,-82.43151795453447,31.243307333176432,
5706,-83.63204488108636,32.68304261371124,
5707,-83.4421732501124,34.59521439336242,
5708,-84.09252096250353,34.25135238451193,
5709,-84.28986785453945,33.263122872119915,
5710,-84.37807593507067,33.58455909778452,
5711,-84.28837280232706,33.21677625353569,
5712,-81.78416034656811,32.45429962521507,
5713,-81.65708090851469,31.40925812875212,
5714,-85.19138433861269,34.20949092256493,
5715,-85.28706768020585,34.985423020797114,
5716,-84.56645251383223,30.890475011051628,
5717,-83.44964851117437,33.913470584511046,
5718,-83.76211442356458,31.1565943048576,
5719,-81.89479421028523,31.618565438487188,
5720,-83.65895582090945,32.77125069424251,
5721,-85.1405525633913,34.2184612358393,
5722,-83.37788600497949,33.97775782964395,
5723,-83.48552976427182,34.40384771017606,
5724,-83.54234174834275,34.52046178274278,
5725,-84.0999962235655,33.964302359732464,
5726,-81.10391158992913,32.07156625884241,
5727,-81.0874660155928,32.102962355302665,
5728,-84.29136290675184,33.230231723447304,
5729,-84.93124525365623,32.51111160928604,
5730,-85.16895855542677,34.2229463924765,
5731,-112.53140414665076,42.91368490311927,
5732,-112.4103049174469,42.838932292499614,
5741,-114.47945717939935,42.563842685419225,
5742,-113.7693073785125,42.53693174559616,
5743,-115.00123040152465,42.937605738517604,
5744,-114.57514052099253,42.5638426854192,
5745,-113.73641622983983,42.56832784205645,
5746,-113.68408940240606,42.60570414736629,
5747,-116.1927870148022,43.60589407745746,
5748,-116.23315342453682,43.61785449515662,
5749,-116.27950004312099,43.64775553940446,
5750,-114.93395305196697,42.92415026860601,
5751,-113.94572353957491,43.302398478341615,
5752,-111.4086199351433,42.00020800134696,
5753,-111.81228403248953,41.99871294913452,
5754,-112.16960151125157,42.50254554471112,
5755,-116.1927870148022,43.577488085421976,
5756,-116.29594561745733,43.59692376418312,
5757,-87.88570719050274,42.04765181772939,
5758,-87.90646419314002,42.13925054339625,
5759,-87.9946072368503,42.2364262509051,
5760,-87.68214132446009,41.722128289841756,
5761,-87.53562620764552,41.713157976567395,
5762,-88.20989475543495,42.19306973674571,
5763,-88.00397696282957,42.11084191059095,
5764,-88.59860833065723,42.49507028364916,
5765,-88.34594450676275,42.24838666860424,
5766,-87.69559679437162,39.6036393048803,
5767,-87.53263610322075,39.6066294093051,
5768,-88.23531064304564,42.01814862789562,
5769,-88.20557941679961,42.00965889563167,
5770,-88.03497364658492,41.95087127833793,
5771,-88.9230346607466,42.27529760842726,
5772,-88.33846924570078,42.03160409780723,
5773,-87.88191953976245,41.87038460037782,
5774,-87.85257727667293,41.746049125240106,
5775,-88.00357755012466,42.26483224294057,
5776,-88.00483938884413,42.385923180635565,
5777,-88.02600333331056,42.49507028364916,
5778,-88.87519298995001,37.33564509867954,
5779,-88.88715340764915,37.446278962396654,
5780,-88.70326198552476,37.16072398982951,
5781,-89.15626280587996,37.37750656062656,
5782,-89.22799576357913,37.462645767403224,
5783,-89.12785681384449,41.51730613674388,
5784,-88.18896402446144,41.521791293381085,
5787,-89.48367924039412,41.844722571258075,
5788,-89.32847601391437,41.75803980271663,
5789,-89.12785681384449,41.547528702927174,
5790,-90.16093789260835,42.103366604002055,
5791,-89.70494696782835,39.71576822080988,
5792,-89.69998776741669,39.81576616398879,
5793,-89.63168940942107,39.84583776328804,
5794,-90.43453244747633,38.96973716682548,
5795,-90.27605691296263,38.93535096594049,
5796,-90.18635378021902,38.890499399568704,
5797,-91.17009813597387,39.9325507916069,
5798,-90.06525455101516,38.90245981726781,
5799,-90.12954179614808,38.905449921692586,
5800,-87.89593379083233,42.37098095002052,
5801,-89.27437193065904,39.54981742523419,
5802,-89.59879826074841,39.786035674792345,
5803,-90.10861106517456,38.857608250896,
5804,-90.18037357136944,38.92189549602894,
5805,-88.20839970322255,41.914990025240506,
5806,-88.18896402446144,42.07496061196661,
5807,-87.86154758994728,42.23941635532987,
5808,-88.02151817667338,42.13924785709948,
5809,-88.0050772532151,42.13925450276159,
5810,-87.78829003154001,42.13775280488714,
5811,-87.94676556605371,41.81033637037295,
5812,-87.96620124481483,41.92776619327196,
5813,-87.96022103596525,42.022633784532864,
5814,-87.95872598375286,42.15419837922344,
5815,-87.85257727667293,41.717643133204604,
5816,-87.74057192314957,41.72061612054916,
5817,-87.63579470587588,40.12391747479324,
5820,-89.03964873331329,42.26632729515298,
5821,-89.12337165720731,42.27679266063969,
5822,-88.15607287578878,40.30780889691763,
5823,-88.6763510457017,37.16072398982949,
5824,-87.85257727667293,41.60102906063788,
5825,-87.73660508486118,41.60355994233104,
5826,-87.55805199083143,41.57860327745199,
5827,-87.65822048906179,40.30033363585568,
5828,-87.69559679437162,40.77496372133422,
5829,-88.31454841030248,37.98150765443346,
5830,-87.99610228906269,38.25061705266423,
5831,-87.68541904641309,38.73652986709652,
5832,-88.97386643596798,39.87723385974834,
5833,-89.35211464570351,40.14783831019148,
5834,-90.43752255190111,40.00431329780177,
5835,-89.78866989172238,39.83686745001369,
5836,-88.53133098109953,37.73781414381342,
5837,-88.13364709260289,37.691467525229164,
5840,-89.3969662120753,37.447774014609045,
5841,-89.51507533685438,37.296773741157274,
5842,-89.44807826079843,37.2952849947872,
5843,-89.46274850942062,37.757249822574494,
5844,-89.32819381030521,37.76472508363643,
5845,-89.72288759437707,38.36424102080621,
5846,-89.22802531207485,38.33433997655832,
5847,-89.17868858906587,38.32237955885916,
5849,-89.10842113508338,42.21998067656878,
5852,-89.49563965809327,40.8998495730254,
5853,-89.43882767402232,41.02692901107885,
5854,-89.07253988198593,39.389846838508085,
5855,-90.15794778818355,38.3313498721335,
5857,-87.74194341295582,41.760999647363995,
5858,-87.7449335173806,41.87013845886873,
5859,-91.30764293951407,39.789025779217106,
5860,-89.68999644570441,41.765048345275765,
5856,-89.6944816023416,41.7879105871871,
5861,-89.66308550588133,39.80248124912866,
5862,-89.64364982712021,39.80248124912866,
5863,-88.3115583058777,42.49507028364916,
5864,-88.1994293899482,42.41433746417988,
5865,-90.06674960322755,40.29435342700608,
5866,-89.74979853420015,40.303323740280455,
5867,-90.1908389368562,40.30481879249284,
5872,-90.61842386960072,40.455819065944546,
5873,-90.1893438846438,40.33770994116548,
5874,-88.979252073401,40.31201211649327,
5875,-89.40294642092488,40.723433411963036,
5876,-89.3087581315441,40.71894825532579,
5877,-87.63579470587588,39.9654419402795,
5878,-87.67601848009953,39.792772947076884,
5879,-89.87687797225358,38.57205327832888,
5880,-89.84697692800572,38.591488957089986,
5881,-88.89163856428635,40.73987898629926,
5882,-89.646639931545,40.65615606240532,
5883,-89.55544174658901,40.723433411963,
5884,-87.564032199681,40.77725529160912,
5885,-90.34632436694511,39.51991638098632,
5886,-90.18336367579424,41.83724731019612,
5887,-89.81408577933307,41.79090069161183,
5888,-89.71690738552749,41.77296006506319,
5889,-88.44312290056831,41.765484804001176,
5890,-89.78119463066041,41.77146501285077,
5891,-88.44312290056831,41.75053428187726,
5892,-88.28763747047941,41.71465302877979,
5893,-88.28165726162983,41.717643133204604,
5894,-87.85136526498731,41.50554790367231,
5895,-87.73297309968146,41.5068407712571,
5896,-87.52516084215877,41.494880353558,
5897,-88.20690465101016,41.75352438630205,
5898,-88.04992416870886,41.80435616152346,
5899,-89.75129358641254,41.36182070665498,
5900,-89.46424356163301,41.3722860721417,
5901,-88.22783538198367,41.74604912524013,
5902,-88.97685654039276,39.84733281550042,
5903,-88.95388715353924,39.84598425370806,
5904,-88.92602476517139,39.84434271107563,
5905,-88.87818309437479,39.82042187567743,
5906,-87.53263610322075,39.79650104027907,
5907,-89.09496566517186,38.97571737567511,
5908,-89.08450029968509,38.96076685355118,
5911,-88.40574659525848,38.37769649071774,
5912,-88.43863774393114,38.67371682877169,
5913,-88.50741014570123,38.67969703762121,
5914,-88.54179634658628,39.11924238806482,
5915,-88.43863774393114,37.80808159779583,
5916,-88.35939997667428,38.37919154293008,
5917,-87.86603274658447,40.88788915532623,
5918,-87.86902285100925,41.10467172612326,
5919,-87.86154758994728,41.119622248247275,
5920,-89.11440134393295,38.61540979248829,
5921,-88.99928232357865,38.621390001337865,
5922,-88.94247033950771,38.62737021018745,
5923,-87.64326996693785,38.72454860399299,
5924,-89.21703743332542,37.7271859905217,
5925,-88.95293570499446,39.827897136739345,
5926,-88.95592580941926,39.88470912081028,
5927,-89.13234197048168,38.5047759287712,
5928,-89.11440134393295,38.619894949125495,
5929,-89.04263883773807,39.53785700753499,
5930,-88.9933021147291,40.45880917036935,
5931,-91.04750385455762,39.457124188065734,
5932,-90.76493898641526,39.679886967712434,
5933,-90.37024520234343,39.76659999603119,
5934,-90.67523585367167,40.49170031904204,
5935,-90.57805745986609,41.375276176566494,
5936,-90.56759209437934,41.44703868276134,
5937,-90.58138339171829,41.51010555409559,
5938,-90.58104756429088,41.515811084531485,
5939,-90.17738346694466,38.890499399568704,
5941,-89.56142195543858,40.75333445621084,
5942,-89.56441350150494,40.82061128708502,
5945,-87.73297309968146,41.5815933818768,
5948,-88.00398925184697,42.129500006518086,
5949,-87.86902285100925,42.039079358869216,
5950,-89.53002585897832,40.71446309868858,
5951,-87.52665589437117,40.76978003054721,
5952,-89.05310420322482,39.83686745001369,
5953,-89.04480493658347,39.84074125748352,
5956,-88.98732190587951,39.7501544216949,
5957,-88.97835159260515,39.784540622579975,
5958,-90.29549259172374,39.7501544216949,
5959,-90.65729522712294,40.85051285001639,
5960,-90.18336367579424,38.88302413850667,
5961,-90.08469022977627,38.926380652666104,
5963,-88.0155379678238,42.15419837922344,
5964,-89.66757066251851,40.742869090724106,
5965,-90.61991892181311,41.45152383939858,
5966,-87.51918063330919,38.70810302965668,
5967,-89.04562894216286,39.84733281550042,
5968,-88.02600333331056,41.95834653939992,
5969,-87.63579470587588,41.876118667718316,
5972,-88.03796375100971,41.935920756213974,
5973,-89.51806544127918,40.632235227006966,
5976,-86.91069438286509,40.42741307390908,
5977,-86.9271399572014,40.45432401373218,
5978,-87.44592307490193,39.46609450134016,
5979,-87.15438789348521,40.76529487391,
5980,-87.04076392534331,40.75183940399847,
5981,-87.03029855985656,40.56346282523688,
5982,-87.02880350764416,40.475254744705694,
5983,-85.8417320510038,39.173064267711005,
5984,-85.89106877401278,39.22240099071999,
5985,-85.8417320510038,39.16708405886141,
5986,-85.77744480587089,38.604944427001534,
5987,-86.03608883861494,39.83238229337651,
5988,-85.37751132837954,40.0043390167368,
5989,-85.1886403503837,40.02246882428077,
5990,-84.94021556693059,40.054024204593155,
5991,-84.81014602445237,40.049164864173555,
5992,-86.67447613330692,40.58588860842275,
5993,-86.6804563421565,40.58439355621037,
5994,-86.76116852076335,40.74561156497717,
5995,-85.44554321471955,39.60849039203543,
5996,-85.42461248374605,39.58868878275642,
5997,-84.86247285188614,39.279212974790944,
5998,-85.67578125542813,40.560472720812086,
5999,-85.19287939082507,41.27062252169893,
6000,-85.28258252356868,41.45301889161093,
6003,-87.89593379083233,37.93217093142448,
6004,-87.45190328375149,37.977022497796284,
6005,-86.58776310498811,41.6727915668328,
6006,-86.52497091206759,41.70269261108068,
6007,-86.14821775454445,39.69932264647347,
6008,-84.86546295631092,39.830887241164135,
6009,-85.4335827970204,39.80248124912866,
6010,-84.92077988816948,39.824907032314535,
6011,-85.95236591472091,39.77706536151796,
6012,-85.44703826693194,39.800986196916234,
6013,-87.51170537224723,39.44067861372943,
6014,-86.82091151104893,39.58417629456935,
6015,-86.34855475100517,39.72174842965936,
6016,-87.3801407775566,40.660641219042475,
6017,-86.89507047515087,40.45031743453645,
6018,-85.89106877401278,41.043374585415165,
6019,-85.84621720764099,41.43507826506218,
6020,-85.82678152887986,40.80416623143222,
6021,-85.83621841240631,40.81407275687326,
6022,-85.71166250852558,40.6531659579805,
6023,-85.8208013200303,40.80416623143222,
6024,-85.67428620321574,40.57542324293603,
6025,-85.47843436339221,39.4526390314286,
6026,-86.90172406959073,40.425918021696674,
6027,-86.87481312976765,40.74884929957373,
6028,-86.53394122534195,39.186519737622525,
6029,-86.4980599722445,39.164093954436666,
6030,-85.77146459702132,39.225391095144786,
6031,-85.56514739171102,39.31060907125123,
6032,-85.92545497489783,39.199975207534116,
6033,-86.75670400498856,39.2866882358529,
6034,-86.59224826162529,39.21492572965803,
6035,-87.48329938021176,38.71258818629387,
6036,-87.01235793330784,39.078875978330224,
6039,-85.66681094215377,40.23455133851035,
6040,-85.67263342198386,40.47965038760918,
6041,-85.65335547224224,40.09252137833297,
6042,-85.67279115100335,40.1523234668287,
6043,-85.888078669588,41.666811357983235,
6044,-85.50983045985247,40.896859468600596,
6045,-84.9372254625058,40.83257222346768,
6046,-84.8026707633904,40.841542536742054,
6047,-87.03926887313092,37.90675504381384,
6048,-86.88703841688664,39.76167977915313,
6049,-86.90172406959073,40.04318465532402,
6050,-86.90321912180312,40.330234680103516,
6051,-86.39938652622654,40.756324560635655,
6052,-84.99254239436435,41.083740995149725,
6053,-84.80416581560279,41.1614837101942,
6054,-84.81463118108954,39.56775805178285,
6055,-84.9596512456917,40.56944303408645,
6056,-84.9372254625058,40.84901779780406,
6057,-85.13158225011694,41.031414167715965,
6058,-85.1390575111789,41.10467172612326,
6059,-87.48180432799936,41.49039519692078,
6060,-85.58607812268453,41.45152383939858,
6061,-85.69671198640164,41.4515238393986,
6062,-85.83575184215422,41.589068642938734,
6063,-84.8026707633904,40.753334456210844,
6064,-84.92376999259426,40.83107717125532,
6065,-86.10785134480983,40.47674979691805,
6066,-86.60271362711204,41.17194907568103,
6067,-86.62065425366076,41.43208816063746,
6068,-86.72231780410351,41.60999937391228,
6069,-86.80454567578515,41.69222724559388,
6070,-85.36630544746271,40.245016703997074,
6071,-85.55767213064905,40.27641280045737,
6072,-85.27361221029432,40.07607580399667,
6073,-85.35284997755116,40.15979872789068,
6074,-86.17662374657992,40.56196777302448,
6075,-86.31267349790772,40.73090867302491,
6076,-85.16746350321438,40.00431329780177,
6077,-86.64008993242187,41.47693972700923,
6078,-87.40866713857696,39.79242159760505,
6079,-86.39938652622654,39.762114839394044,
6080,-86.89723891295354,41.53524676329256,
6081,-86.89424880852876,41.65784104470884,
6082,-85.38424607401143,38.79631111018793,
6083,-85.2541765315332,39.06841061284345,
6084,-85.4799294156046,39.33602495886193,
6085,-85.27062210586952,39.072895769480674,
6086,-86.89125870410398,41.17194907568103,
6087,-86.89424880852876,41.51730613674388,
6088,-86.90471417401551,40.42143286505946,
6089,-85.36929555188749,38.730528812842586,
6090,-85.37677081294946,38.73650902169219,
6091,-87.23960586959163,41.583088434089134,
6092,-85.19287939082507,41.444048578336535,
6093,-84.80416581560279,41.43806836948696,
6094,-86.34107948994321,41.67129651462041,
6095,-85.3678004996751,40.14484820576677,
6096,-86.55487195631545,39.19399499868455,
6097,-87.41452697844166,39.490015336738445,
6098,-87.34874468109635,40.34967035886457,
6099,-85.56813749613582,40.11345210930648,
6101,-85.65335547224224,40.05365002081068,
6102,-86.81052588463473,41.69372229780626,
6103,-86.16914848551797,40.76529487391,
6104,-86.12728702357094,40.75183940399847,
6105,-85.2526814793208,41.034404272140804,
6106,-85.94040549702177,41.65186083585932,
6107,-86.69690191649283,41.515811084531485,
6108,-86.32612896781926,39.763609891606414,
6109,-86.26632687932353,39.76510494381877,
6110,-85.37228565631227,38.78584574470116,
6111,-87.49376474569851,38.69464755974516,
6112,-91.71579219349746,41.95834653939992,
6113,-91.57376223332011,42.036089254444356,
6114,-93.26317123332464,42.53543669338378,
6115,-93.2033691448289,42.55636742435727,
6116,-90.24167071207758,41.814821527010196,
6117,-90.19382904128099,42.070475455329394,
6118,-90.57058219880412,42.3814463155072,
6119,-90.67224574924687,42.45918903055169,
6120,-95.62385867669381,43.18577717001635,
6121,-95.64478940766732,43.185784405774925,
6122,-95.64329435545493,43.49974537037754,
6126,-95.39362063598524,40.90134462523781,
6127,-95.40278877865956,41.02994503762216,
6128,-95.40408600147198,41.288563148247654,
6129,-95.39362063598524,40.58140345178558,
6130,-95.34428391297625,41.86415825001912,
6131,-95.36670969616215,42.00469315798416,
6132,-95.33680865191428,41.50534571904474,
6133,-95.38465032271087,41.316969140283135,
6134,-91.87277267579877,41.76249469957638,
6135,-91.53937603243504,41.647375679222066,
6136,-92.55152638022538,41.74604912524013,
6137,-91.9101489811086,41.76847490842595,
6138,-92.59039773774761,41.74604912524013,
6139,-93.2018740926165,43.11103179515525,
6140,-93.2018740926165,43.14840810046506,
6141,-93.21831966695284,43.44442843851889,
6142,-93.30951785190884,41.86266319780673,
6143,-93.30951785190884,42.0061882101965,
6144,-93.30951785190884,41.80884131816058,
6145,-93.24672565898831,43.499745370377575,
6146,-90.57357230322891,41.52029624116866,
6147,-90.35977983685666,41.728108498691356,
6150,-91.74120808110816,41.944891069488406,
6151,-91.5498413979218,42.036089254444356,
6153,-93.65188480854692,41.627940000460946,
6154,-93.54723115367938,41.627940000460946,
6155,-91.4810689961517,41.62794000046094,
6158,-96.3758699395277,42.43377314294105,
6159,-96.34001331676599,42.55585040657537,
6160,-96.33550352979307,42.559357528782115,
6161,-95.77934410678273,43.33229952258942,
6162,-95.6941261306763,43.49974537037754,
6163,-90.66178038376012,42.504040596923524,
6164,-91.3087266382579,43.00400189271757,
6167,-92.64122951296898,41.25716705178743,
6168,-91.911644033321,41.68774208895673,
6169,-94.38894554925686,40.570938086298796,
6170,-94.19779099483303,41.03392707214169,
6171,-94.08096479350382,41.02692901107887,
6172,-94.02714291385766,42.02861399338237,
6173,-94.22000464925641,42.50852575356068,
6174,-94.23645022359274,43.082632488580046,
6175,-94.08844005456581,43.49974537037754,
6176,-94.10638068111453,42.034594202232,
6177,-94.18412339615897,42.44124840400299,
6178,-92.31680318287961,42.96601173055308,
6179,-91.17757339703584,43.04375444559752,
6180,-96.52836526519182,43.30688363497878,
6181,-96.17702799527937,43.185784405774925,
6182,-95.81373030766777,43.18581874232844,
6183,-95.14992712536511,43.184289353562455,
6184,-95.14544196872792,43.14840810046506,
6185,-93.37829025367893,43.14392294382793,
6186,-92.33474380942833,43.0661802287835,
6187,-92.02825810588769,41.96283169603714,
6189,-94.83746121297489,42.06449524647986,
6190,-92.90286365013785,42.0061882101965,
6191,-92.58142742447325,41.98675253143539,
6192,-92.57694226783606,41.97030739123552,
6193,-93.0209727749169,42.00768326240885,
6194,-91.4571481607534,41.91648507745292,
6195,-90.56908714659173,41.82528689249691,
6196,-95.6941261306763,41.02991911550365,
6197,-95.25308572802025,41.0254339588664,
6198,-95.8062550466058,41.00151312346812,
6199,-95.86755218731393,41.00151312346812,
6200,-95.21570942271042,41.02543395886642,
6201,-93.79391476872429,41.02692901107887,
6202,-93.76550877668882,41.02991911550365,
6203,-93.47098349084732,41.02842406329124,
6204,-92.44836777757024,41.01795869780454,
6205,-92.00433727048939,41.005998280105345,
6206,-91.94154507756888,41.004503227892954,
6207,-91.58871275544402,43.085615907544565,
6208,-91.87127762358638,43.501240422589916,
6209,-91.1416921439384,40.84004748452962,
6210,-91.19551402358456,41.18091938895539,
6211,-91.20149423243414,41.33490976683185,
6212,-92.40650631562322,42.45769397833929,
6213,-92.33773391385311,42.714842958870975,
6214,-92.31680318287961,42.93013047745565,
6215,-92.33773391385311,42.54141690223336,
6216,-92.33773391385311,42.607199199578645,
6217,-92.30932792181764,43.085615907544565,
6218,-92.36913001031338,43.49974537037754,
6219,-93.52480537049348,40.5799083995732,
6220,-93.46649833421013,41.02543395886642,
6221,-93.55919157137853,41.3842464898409,
6222,-90.58403766871567,41.52029624116866,
6223,-96.17553294306697,42.818001561526145,
6224,-96.17702799527937,43.20073492789885,
6225,-96.19795872625288,43.49974537037754,
6230,-92.37511021916295,41.01496859337973,
6231,-90.97574134836273,42.31267391373717,
6232,-90.69467153243278,42.41882262081711,
6233,-91.54236613685983,41.925455390727265,
6234,-91.19850412800935,42.206525206657254,
6235,-91.15365256163754,42.25885203409093,
6236,-91.04451375013284,42.29323823497603,
6237,-92.88940818022628,43.12598231727912,
6238,-92.71299201916386,43.09010106418177,
6239,-92.318298235092,43.00039793143811,
6240,-96.41324624483752,42.48759502258719,
6241,-96.41324624483752,42.492080179224345,
6242,-93.72813247137898,42.022633784532864,
6243,-93.57115198907768,42.00768326240885,
6244,-91.79353490854193,41.96432674824949,
6245,-90.53918610234386,41.8073462659482,
6246,-94.8793226749219,42.07197050754187,
6247,-95.81971051651735,41.04486963762757,
6248,-92.37062506252578,41.008988384530134,
6249,-92.33623886164072,40.99852301904337,
6250,-91.62758411296628,40.96712692258312,
6251,-91.32857367048759,40.84154253674203,
6252,-91.51994035367395,40.9596516615211,
6253,-92.227100050136,40.9955329146186,
6254,-90.60496839968917,41.509830875681885,
6255,-92.33773391385311,42.504040596923524,
6256,-93.57264704129007,41.5068407712571,
6257,-93.49490432624562,41.662326201346005,
6258,-93.59955798111315,41.59654390400068,
6259,-96.20991914395202,42.75371431639312,
6261,-100.5664583576381,37.5614160341775,
6262,-100.25104527405138,38.468894675673724,
6263,-97.02621765191881,37.07550601372311,
6264,-95.9283738137711,37.06657656877068,
6265,-95.69711623510109,37.35807088186547,
6266,-95.25906593686982,37.365631894020865,
6267,-94.70589661828426,37.33863520310433,
6268,-97.39400049616759,37.27434795797138,
6269,-95.76439358465879,37.22501123496242,
6270,-94.70440156607187,37.46870474558252,
6271,-94.61768853775305,37.47019979779495,
6272,-95.71057170501263,37.22351618274999,
6273,-95.5849873191716,37.22501123496242,
6274,-97.40297080944195,37.268367749121815,
6277,-100.00137155458168,37.2848133234582,
6278,-99.98193587582057,37.196605242926935,
6279,-98.59751752714428,37.27584301018379,
6280,-95.58349226695918,37.04410991726283,
6281,-95.10133687374842,37.048583513936734,
6282,-95.0856398802322,37.036634656200846,
6283,-94.73679456477836,37.02317924385467,
6284,-99.32560795457987,39.75613463054449,
6285,-99.36746941652689,40.00132319337694,
6286,-99.31364753688072,38.011408698681386,
6287,-99.2751984568331,39.43737171859689,
6288,-99.30916238024354,39.75574458240196,
6289,-99.32859805900465,37.278833114608545,
6290,-99.4093308784739,37.91871546151298,
6291,-95.45641282890575,39.0878462916046,
6292,-95.33361663189689,39.06752149401603,
6293,-95.09311514129415,39.10877702257812,
6294,-96.3056024855452,39.21044057302086,
6295,-95.74944306253485,39.0908363960294,
6296,-96.75561320147561,39.298648653552064,
6297,-96.60610798023627,39.2478168783307,
6298,-98.69320086873746,39.51094606771192,
6299,-97.25047548377783,39.379381473021276,
6300,-96.83036581209528,39.303133810189244,
6301,-99.846368932012,39.36444195437502,
6302,-101.90008786432129,36.993278142041405,
6303,-100.01482702449321,37.72286362168943,
6304,-96.96641556342308,38.362745968593835,
6305,-95.0856398802322,36.999258350891004,
6306,-95.26803625014419,37.19361513850214,
6307,-95.15291722978989,39.554302581871326,
6308,-95.12768786013596,39.55804190750187,
6309,-95.11255082005528,39.5602827907209,
6310,-94.90025340589541,39.24632182611831,
6311,-95.59545268465834,39.99982814116455,
6314,-97.93969455369118,38.01290375089375,
6315,-97.48071352448642,37.7946261278843,
6316,-94.89433062020882,39.1163097128202,
6317,-94.68197578288597,39.11625228364009,
6318,-95.66422508642843,39.0908363960294,
6319,-95.68665086961435,38.90993507832981,
6320,-98.11013050590404,38.859103303108455,
6321,-94.69244114837272,37.02318803839282,
6322,-94.61768853775305,37.00523855974056,
6323,-95.62086857226902,36.999258350891004,
6324,-95.61488836341945,37.033644551776064,
6325,-95.24860057138307,38.25659726151387,
6326,-94.95557033775395,38.46291446682418,
6327,-99.84588612449276,39.56775805178288,
6328,-99.88924263865218,39.83845303047822,
6329,-99.89073769086457,40.00132319337693,
6330,-99.89671789971415,38.26108241815107,
6331,-99.90568821298851,37.77818055354802,
6332,-99.89970800413893,38.250617052664246,
6333,-99.87130201210346,39.0205689420469,
6334,-99.97894577139579,37.00224845531585,
6335,-101.00006643246047,39.812946614615434,
6336,-99.2508553439602,39.754639578332,
6337,-101.50090892361227,39.76061978718167,
6338,-101.24974015193017,39.786035674792295,
6339,-96.87970253510427,39.84284765886324,
6340,-96.665910068732,39.841352606650936,
6341,-95.78831442005709,39.84136371469168,
6342,-102.04510792892346,38.857608250896,
6343,-100.80869974927411,39.11924238806482,
6344,-94.72981745368256,37.062050543811516,
6345,-97.25047548377783,38.12204256239845,
6346,-96.93643254687588,38.24411361860145,
6347,-98.05481357404548,37.98449775885827,
6348,-97.32821819882228,38.02187406416815,
6349,-97.3222379899727,38.062240473902705,
6350,-96.93053431032564,38.66773661992207,
6351,-94.70440156607187,37.51505136416675,
6352,-94.70440156607187,37.77070529248604,
6353,-94.70440156607187,37.088961483634634,
6354,-94.70440156607187,37.44029875354705,
6355,-94.74028281916931,36.999258350891004,
6356,-95.71057170501263,37.41338781372401,
6357,-95.79877978554384,39.99982814116455,
6358,-95.6956211828887,38.509261085408355,
6359,-95.68216571297715,38.782855640276324,
6360,-96.86176190855555,38.99963821107337,
6361,-96.75262309705084,39.56626299957049,
6362,-96.64497933775851,39.841352606650936,
6363,-96.93352441475042,39.21941088629517,
6364,-96.65394965103286,40.00132319337693,
6365,-94.81653048200137,38.82471710222334,
6366,-94.82550079527573,38.73800407390457,
6367,-94.70440156607187,37.81854696328261,
6368,-95.17683806518818,38.93983612257766,
6369,-95.00042190412576,38.96076685355118,
6370,-95.70608654837545,38.99814315886103,
6371,-94.7417778713817,39.11625228364009,
6372,-94.68795599173555,38.388161856204505,
6373,-94.71337187934623,38.03682458629203,
6374,-94.70290651385947,37.85592326859248,
6375,-95.72851233156135,38.43450847478869,
6378,-84.27491733241553,37.73332898717613,
6379,-84.33322436869886,37.876853999565924,
6380,-86.56384226958981,36.632970558854645,
6381,-86.4322776748992,37.00224845531585,
6382,-87.49077464127373,37.36255603850262,
6383,-87.49824990233569,37.349100568591055,
6384,-87.62210562679559,37.81047121804501,
6385,-87.44480790126285,36.8336199325345,
6386,-87.31585353242369,36.75406978805847,
6387,-87.16036810233479,36.64194087212904,
6388,-87.19095048384962,36.649417134479506,
6389,-85.31696872445372,38.59597411372717,
6390,-84.6412051244519,38.98468768894941,
6391,-85.60700885365804,38.362745968593835,
6392,-85.3214538810909,38.48683530222248,
6393,-83.31509381205896,36.86769375620046,
6394,-83.125222181085,36.761545049120485,
6395,-83.32406412533332,36.86171354735084,
6396,-84.48123453772581,38.21922095620405,
6397,-84.27580624989007,38.216757450347316,
6398,-84.2360459748933,38.22221106062882,
6399,-84.53954157400915,38.21473579956688,
6400,-83.93404542798984,38.042804795141656,
6401,-84.2345509226809,38.217725903991635,
6402,-84.73838351825748,38.06822068275232,
6403,-84.52758115631,38.25360715708908,
6404,-84.31528374215014,38.37022122965577,
6405,-84.18072904303475,38.52122150310751,
6406,-83.81145114657357,38.61241968806349,
6407,-84.29734311560142,38.39115196062924,
6408,-88.04244890764689,37.174179459741076,
6409,-88.08132026516911,37.328169837617565,
6410,-88.06337963862039,37.09793179690897,
6411,-85.9105044527739,36.99776329867862,
6412,-85.26165179259516,37.56588313938813,
6413,-84.95217598462973,37.65110111549453,
6414,-84.8460272775498,37.75874487478687,
6415,-84.83522099512275,37.76317796496513,
6416,-84.59186840144292,37.98599281107065,
6417,-84.41724987932348,38.999520745997835,
6418,-84.26594701914117,38.86209340753316,
6421,-84.84154212091262,37.74678445708769,
6422,-84.84464416181247,37.77495697803261,
6423,-86.20951489525258,36.757059892483255,
6424,-86.43975293596117,36.98281277655469,
6425,-85.6384049501183,38.277527992487364,
6426,-84.49917516427453,38.04878500399117,
6427,-84.53804652179676,38.07569594381432,
6428,-84.49020485100017,38.04130974292927,
6431,-85.92695002711022,37.66605163761848,
6432,-85.86931742321947,37.68703134637782,
6433,-84.5066504253365,38.044299847353976,
6436,-87.94377546162892,37.68847742080435,
6437,-86.90770427844029,36.830317450890554,
6438,-86.91816964392704,36.83928776416492,
6439,-86.8852784952544,36.84078281637738,
6440,-86.8643477642809,36.842277868589704,
6441,-82.80229090320802,37.112882319032956,
6442,-82.65278568196868,37.157733885404745,
6443,-83.69334202179449,36.7480895792089,
6444,-85.06280984834684,36.9843078287671,
6445,-84.78473013684167,37.57634850487489,
6446,-85.08673068374513,36.62250519336787,
6447,-84.85200748639937,38.216230851779216,
6448,-84.84901738197459,38.64082568009897,
6449,-83.0564497793149,37.219031026112866,
6450,-83.16259848639483,37.22650628717488,
6451,-85.79090027578243,38.23417147832797,
6452,-85.46049373684349,37.80808159779583,
6453,-84.8026707633904,37.648111011069766,
6454,-84.65316554215106,37.53000188629065,
6455,-84.65167048993865,37.54046725177742,
6456,-84.33920457754844,37.35209067301587,
6457,-84.30780848108817,37.34162530752913,
6458,-84.61429418462882,37.76771518806124,
6459,-84.43937307577879,36.5955942535448,
6460,-84.27641238462792,38.22221106062882,
6461,-84.3930264571946,38.945816331427224,
6462,-86.24390109613763,36.64194087212904,
6463,-85.47245415454263,37.809576650008225,
6464,-85.53674139967555,38.04579489956641,
6465,-84.88041347843486,38.201280329655326,
6466,-86.85388239879414,36.646426028766186,
6467,-86.90214861000518,36.86214240078299,
6468,-87.11402148375059,37.77220034469838,
6469,-88.6270143226927,37.06803075266116,
6470,-88.63598463596706,37.0799911703603,
6471,-88.56571718198458,37.04859507390006,
6472,-89.08898545632226,36.964872150005974,
6473,-88.81838100587906,37.062050543811516,
6474,-88.53432108552431,37.03513960398848,
6475,-87.05421939525485,37.793131075671916,
6476,-86.75670400498856,37.89927978275186,
6477,-86.10037608374786,37.8828342084155,
6478,-85.98525706339358,37.91572535708814,
6479,-85.94190054923416,38.00094333319461,
6480,-84.83556191206304,38.205765486292485,
6481,-87.00338762003348,37.8514381119553,
6482,-86.92115974835184,37.90525999160138,
6483,-83.76211442356458,38.64680588894856,
6484,-83.7591243191398,38.65129104558571,
6485,-88.32650882800164,36.49991091195159,
6486,-88.31454841030248,36.610544775668714,
6487,-88.48498436251533,36.9813177243423,
6488,-87.76885435277889,36.869188808412794,
6489,-86.46516882357186,36.98131772434231,
6490,-87.20521966870659,36.64194087212904,
6491,-86.89125870410398,36.83928776416492,
6492,-88.13663719702767,36.770515362394846,
6496,-84.77426477135492,37.61820996682188,
6497,-84.80715592002757,37.704922995140684,
6498,-85.55468202622427,38.08466625708862,
6499,-85.79538543241961,38.22370611284124,
6500,-87.03627876870613,37.81854696328263,
6501,-87.01750778228451,37.83731815750425,
6504,-84.27342228020314,38.19530012080571,
6505,-84.45432359790273,39.03701451638321,
6506,-85.86116772976492,37.679507107530085,
6507,-86.38294095189022,37.01121876859017,
6508,-88.50890519791363,37.00972371637777,
6509,-88.377340603223,36.848258077439304,
6510,-92.31082297403005,30.70060338007759,
6511,-92.37511021916295,31.016059396892633,
6512,-92.19420890146336,30.658741918130634,
6513,-92.07011956783471,30.586979411935754,
6514,-93.33792384394431,32.59483453318011,
6515,-93.45752802093578,32.974577795128035,
6516,-91.81446563951543,30.546613002201084,
6517,-92.36913001031338,31.053435702202492,
6518,-89.83053135366939,30.066701242022855,
6519,-89.61524383508474,30.238632246448052,
6522,-89.86940271119163,29.867859297774533,
6523,-89.75727379526211,29.84094835795142,
6524,-92.15384249172874,29.984473370341192,
6525,-92.13817955025495,29.9829092263518,
6526,-91.81745574394022,30.003909049102322,
6527,-89.35510475012829,29.265353256179942,
6528,-92.14188207402958,29.97550305706687,
6529,-92.01031747933897,30.223681724324145,
6530,-93.180943361643,30.234147089810858,
6531,-91.18056350146063,30.44943460839552,
6532,-90.95630566960162,30.4808307048558,
6533,-90.08768033420105,30.47634554821861,
6534,-90.48087906606052,30.066701242022855,
6535,-90.46144338729941,30.503256488041675,
6536,-93.74308299350291,32.51858687034802,
6537,-93.63470939811195,32.54562122195347,
6538,-93.31998321739559,32.6038048464544,
6539,-93.29008217314771,32.61277515972879,
6540,-90.01292772358138,30.009889257951894,
6541,-93.19140872712975,30.237137194235682,
6542,-93.16599283951906,30.235642142023284,
6547,-90.82175097048622,29.796096791579647,
6548,-91.08936531650464,30.1414538526425,
6549,-93.74308299350291,30.302919491580973,
6550,-93.23327018907676,30.509236696891247,
6551,-91.65748515721414,31.847308426983368,
6552,-91.7770893342056,32.354131126984676,
6553,-92.65318993066813,31.94598187300138,
6554,-92.71299201916386,32.24050715884284,
6555,-92.72345738465063,32.27638841194024,
6556,-92.6382394085442,32.52307202698518,
6557,-92.65767508730532,32.816102260614315,
6558,-92.64870477403095,32.5918444287553,
6559,-92.46929850854374,31.40925812875212,
6560,-92.62328888642026,31.922061037602997,
6561,-93.20037904040412,30.329830431404073,
6562,-93.24224050235112,30.8246927137063,
6563,-93.26466628553703,31.135663573884152,
6564,-93.71318194925504,32.02802293587519,
6565,-92.19121879703857,30.516711957953255,
6566,-92.84605166606687,30.491296070342557,
6567,-93.60852829438751,30.746949998661854,
6568,-93.28858712093532,30.84711849689216,
6569,-91.74868334217012,30.546613002201084,
6570,-91.43771248199229,30.543622897776327,
6572,-93.3394188961567,32.0252196402582,
6575,-93.07628970677546,32.757795224330934,
6576,-93.05535897580195,32.810122051764715,
6577,-93.2482207112007,32.6277256818527,
6578,-93.18692357049257,32.687527770348446,
6579,-93.13908189969598,32.962617377428835,
6582,-92.59488289438478,31.94149671636412,
6583,-91.99686200942743,31.57371387211538,
6584,-94.00621218288416,31.972892812824426,
6585,-93.72364731474181,32.02671469247055,
6586,-93.02844803597887,31.820397487160328,
6587,-92.65169487845574,31.926546194240228,
6588,-93.32745847845754,32.016249326983825,
6589,-93.69524132270632,32.03718005795734,
6590,-91.2119595979209,30.506246592466496,
6591,-91.75914870765688,32.45728972963986,
6592,-92.46929850854374,31.318059943796126,
6593,-92.43042715102152,31.241812280964048,
6594,-92.44986282978263,31.26124795972521,
6595,-92.6382394085442,32.53054728804717,
6596,-93.71019184483026,32.03718005795733,
6597,-93.78045929881274,32.481210565038175,
6600,-93.28559701651054,32.6157652641536,
6601,-92.41398157668519,31.35543624910593,
6602,-93.84325149173328,32.45728972963986,
6603,-67.86821435361037,46.5048003172883,
6604,-67.87120445803515,46.7529789845455,
6605,-67.9310065465309,47.153652977466955,
6606,-67.83532320493772,46.77241466330669,
6607,-68.25991803325743,45.63168982525047,
6608,-67.84143091042007,46.126616051230144,
6609,-67.79645184741548,46.134027368614674,
6612,-69.57107882352645,44.396776697813515,
6613,-68.79365167308188,44.78698532524826,
6614,-67.78897658635353,46.76493940224471,
6617,-70.74170470583049,43.411537289846336,
6618,-70.62060547662661,43.32781436595228,
6621,-70.50249635184755,43.47731958719166,
6622,-70.71927892264458,43.47133937834204,
6623,-70.68040756512235,44.109726673034025,
6624,-70.5338924483078,44.21139022347679,
6625,-70.70133829609586,44.054409741175476,
6626,-70.05996089697909,43.996102704892145,
6627,-70.05099058370473,43.99311260046731,
6628,-69.70712857485425,44.81090616064649,
6629,-69.38569234918967,45.168223639408566,
6634,-68.40194799343482,46.62739459870456,
6635,-68.01472947042492,46.681216478350706,
6636,-69.7639405589252,44.31006366949475,
6637,-69.96577260759831,43.93480556418397,
6638,-70.07042626246584,44.00357796595406,
6639,-70.21843643149279,44.09926130754727,
6640,-70.98838832087539,43.79427065621899,
6641,-70.44971448131551,43.677851754054004,
6642,-70.3305653474223,43.885468841175026,
6643,-70.79552658547664,44.4102321677251,
6650,-69.47689053414567,44.40126185445076,
6651,-69.02089960936567,44.423687637636654,
6652,-70.81197215981297,43.227645867721925,
6653,-70.77758595892793,43.441438334094165,
6659,-68.64265139963015,44.9394806509124,
6660,-70.43521900228983,43.682141740289545,
6661,-70.4051146091049,43.80096411544825,
6662,-70.9405466500788,43.33528962701429,
6663,-70.99735863414975,44.00058786152935,
6664,-70.22441664034238,44.09776625533489,
6667,-76.83703257575837,39.47356976240212,
6668,-76.65164610142158,39.318084332313205,
6669,-75.59763429168424,38.361250916381394,
6670,-75.57221840407355,38.39563711726647,
6671,-77.72509358992006,39.63952055797776,
6672,-77.46196440053882,39.419747882755956,
6673,-76.88188414213016,38.613914740275874,
6674,-76.8759039332806,38.6572712544353,
6675,-76.56941822973995,39.104291865940965,
6676,-76.61127969168696,39.2388465650563,
6677,-76.91627034301523,38.93535096594049,
6678,-76.74433933858998,38.82023194558614,
6679,-77.4873802881495,39.425728091605514,
6680,-77.43505346071572,39.41526272611873,
6681,-77.74303421646876,39.6529760278893,
6682,-77.31395423151186,39.702312750898315,
6683,-77.00597347575882,39.58868878275642,
6684,-76.56792317752755,38.926380652666104,
6685,-76.60679453504979,38.66175641107248,
6686,-76.37207133770401,38.11755740576129,
6687,-76.45280415717326,38.26556757478825,
6688,-77.23322141204261,39.48403512788886,
6689,-77.08535831601993,39.457982105542875,
6690,-77.24518182974177,39.20296531195886,
6691,-76.98840607480113,39.57943951359426,
6692,-76.52008150673096,38.30294388009808,
6693,-76.47223983593437,38.32536966328397,
6694,-76.36609112885445,38.092141518150584,
6695,-76.99849821469685,39.590183834968805,
6696,-77.06727061646694,39.72025337744698,
6697,-76.70098240466545,39.22240200356555,
6698,-76.69201251115621,39.243331721693544,
6699,-76.58287369965149,39.31359917567597,
6700,-76.36758618106684,39.554302581871326,
6701,-76.34516039788093,39.578223417269655,
6702,-76.16876599809508,39.66689545873672,
6703,-76.03119943327833,39.72174842965938,
6706,-77.54568732443283,39.271737713728946,
6707,-77.50233081027342,39.36592600310972,
6708,-79.48776014833186,39.274727818153764,
6709,-79.45337480556346,39.309114979330005,
6710,-79.10502678195915,39.688857280986745,
6711,-79.08708615541043,39.723243481871805,
6712,-78.7312637288608,39.67241170665039,
6713,-78.70584784125012,39.723243481871805,
6714,-78.97346218726854,39.44516377036662,
6717,-76.07007079080056,39.5692531039953,
6718,-77.39169694655631,39.44516377036662,
6719,-77.71014306779611,39.32107443673798,
6720,-77.70565791115892,39.32705464558758,
6721,-79.2993835695703,39.72174842965938,
6722,-75.82039707133086,38.88003403408192,
6723,-76.06259552973859,38.93983612257766,
6724,-75.8547832722159,38.896479608418225,
6725,-79.48626509611947,39.318084332313205,
6726,-79.34722524036688,39.29266844470249,
6727,-77.1704292191221,38.59896421815196,
6728,-77.00298337133403,38.82023194558614,
6729,-76.53353697664251,38.986182741161855,
6730,-77.01195368460839,38.670726724346814,
6731,-76.95663675274983,38.64830094116096,
6732,-76.91062500561291,38.626126404214155,
6733,-76.46326952266001,38.27603294027498,
6734,-76.53652708106729,38.31490429779718,
6735,-76.7174283987669,38.42703321372673,
6736,-76.6680916757579,38.79033090133834,
6737,-76.87141877664342,38.69614261195752,
6738,-76.95962685717463,38.85461814647121,
6739,-76.6471609447844,39.282203079215726,
6741,-77.40365736425547,39.442173665941795,
6742,-77.30946907487468,39.71576822080988,
6743,-77.03587452000669,38.992162950011476,
6744,-76.9177653952276,39.132697857976446,
6745,-76.16874423681851,38.980202532312305,
6746,-76.12389267044671,38.99963821107337,
6747,-77.01494378903318,38.35975586416901,
6748,-76.73931439619156,38.81315731367596,
6749,-76.11791246159714,39.534866903110235,
6750,-76.6486559969968,39.31060907125125,
6751,-76.91328023859043,39.303133810189244,
6752,-76.81962864747088,39.27824090842456,
6753,-76.6471609447844,39.29266844470249,
6754,-76.54400234212926,38.96824211461314,
6755,-76.8564682545195,38.82920225886054,
6756,-77.3064789704499,39.72025337744698,
6757,-76.82507215805921,39.295658549127296,
6758,-77.43355840850333,39.40479736063199,
6759,-76.6710817801827,39.18053952877302,
6760,-76.7144382943421,39.24034161726875,
6763,-104.22638910680543,43.851082640289924,
6764,-106.28956115990832,42.85537786683599,
6765,-105.79768898203089,42.82398177037568,
6766,-104.94999437760383,44.26371705091056,
6767,-104.39832011123066,44.39229154117637,
6768,-106.5407299315904,44.561232441176855,
6769,-105.52857958380008,44.295113147370756,
6774,-106.6573440041571,44.35790534029134,
6775,-105.9307486289339,41.72362334205415,
6776,-105.6810749094642,41.5531873898413,
6777,-105.592866828933,41.3109889314336,
6778,-104.7960039997273,41.05683005532674,
6780,-106.34786819619165,42.82996197922526,
6781,-106.33291767406773,42.85687291904833,
6782,-108.60838714133048,42.88677396329622,
6783,-108.38113920504668,43.024318766836444,
6785,-104.05595315459257,43.759884455333996,
6788,-109.30956662894297,41.55767254647848,
6789,-109.43216091035924,41.000018071255695,
6790,-111.05578761301847,44.93649054648759,
6791,-111.05728266523086,44.85575772701833,
6792,-72.74955982707482,42.12130723055083,
6793,-72.61569585804627,42.10854259130547,
6794,-72.60603481468505,42.110841865064046,
6795,-73.27133304920011,42.34407001019744,
6796,-72.83178769875644,42.16466374471021,
6797,-72.5492228306141,42.145228065949105,
6798,-71.6699258694397,42.28254891389977,
6799,-71.57444878813361,42.34107990577259,
6800,-72.58061892707435,42.07496061196661,
6803,-71.77030062795716,42.27380255621488,
6804,-71.27244824123014,42.3141689659496,
6805,-71.11098260229164,42.33210959249828,
6806,-71.18424016069892,42.1885845801085,
6807,-71.18125005627415,42.22895098984313,
6808,-70.986893268663,41.65485094028402,
6809,-70.92260602353008,41.63691031373536,
6810,-70.93456644122922,42.465169239401256,
6811,-70.89420003149462,42.51749606683506,
6812,-70.88074456158307,42.5548723721449,
6813,-71.14237869875191,42.02412883674522,
6814,-71.119952915566,42.02412883674522,
6815,-70.89868518813178,42.52347627568464,
6816,-71.44288419344298,42.145228065949105,
6817,-71.17227974299979,42.27081245179017,
6818,-71.14237869875193,42.68643696683552,
6819,-71.06054442579595,42.06292530660142,
6820,-71.01978441733566,42.08094082081621,
6821,-71.16031932530063,41.982267374798255,
6822,-71.49820112530153,42.01665357568323,
6825,-71.39803262707117,42.46666429161368,
6826,-73.2085408562796,42.71334790665859,
6827,-73.2728281014125,42.723813272145335,
6828,-73.23096663946549,42.68643696683551,
6829,-70.71778387043219,41.98824758364781,
6835,-73.1352832978723,42.48460491816236,
6836,-72.40705883804667,42.2887128991254,
6837,-71.79422146335543,42.27230750400251,
6838,-72.07080612264821,42.56982289426883,
6839,-72.01548919078965,42.714842958870975,
6840,-71.15527459676275,42.35752815598997,
6841,-71.13789354211472,42.35304032347177,
6844,-71.1438737509643,42.387426524356805,
6845,-71.14088364653952,42.397891889843585,
6846,-73.33263018990826,42.43078303851624,
6847,-73.37449165185525,42.448723665064975,
6848,-72.5895892403487,42.22147572878116,
6849,-72.62098533680899,42.202040050020074,
6850,-71.10948755007925,42.35453537568415,
6851,-71.3472008518498,41.82229678807213,
6852,-71.09453702795533,41.90153455532899,
6853,-71.04156752283778,41.905654604308886,
6854,-70.95998232883993,41.90302960754139,
6855,-70.80599195096339,41.925455390727265,
6856,-71.71946885273577,42.14672311816148,
6857,-71.44437924565537,42.47413955267561,
6860,-71.10216044047662,42.34921265483027,
6861,-71.09603208016772,42.348555166834636,
6862,-71.0795865058314,42.362010636746135,
6863,-71.03772504388438,42.391911680994056,
6864,-71.70451833061183,42.1048616562145,
6865,-71.05566567043309,41.87163351108107,
6866,-70.95699222441513,41.63691031373536,
6867,-71.58640920583275,42.01366347125846,
6868,-71.12443807220319,41.68176188010714,
6869,-71.078091453619,42.202040050020074,
6870,-70.6923679828215,41.962831696037156,
6871,-72.57912387486196,42.082435873028594,
6872,-72.60902491910983,42.13027754382516,
6873,-71.03024978282241,42.37397105444529,
6874,-71.02426957397284,42.37995126329489,
6875,-71.79721156778024,42.279782765064475,
6876,-71.58939931025755,42.36350568895851,
6877,-72.60005460583547,42.104861656214496,
6878,-72.54623272618933,42.16167364028546,
6879,-87.90789420853147,43.037774236747985,Milwaukee
6880,-87.97127096073277,43.03855168233228,
6881,-88.0155379678238,43.03627918453556,
6882,-92.45285293420741,44.73166839338968,
6883,-91.22392001562004,44.5791730677255,
6884,-92.80419020411986,44.74811396772605,
6885,-92.51714017934033,44.73017334117729,
6886,-90.9129491554422,44.59561864206187,
6887,-90.8471668580969,44.295113147370756,
6888,-91.40631638553204,44.79296553409781,
6889,-90.96239055707606,44.59418802554118,
6890,-89.36706516782743,42.915179955331716,
6891,-89.0336685244637,42.72979348099494,
6892,-88.60010338286962,42.53095153674652,
6893,-88.16205308463836,44.02899385356481,
6894,-88.38182575986019,43.81520138719255,
6895,-88.15457782357639,44.023013644715206,
6896,-87.71204236870794,44.07384541993653,
6899,-88.05031365639523,42.568329505867645,
6900,-88.05141922092125,42.66999139249919,
6901,-88.07085489968236,42.86584323232271,
6902,-88.20391454658538,43.45937896064287,
6903,-88.4012614386213,43.74493393321007,
6904,-89.08450029968509,42.9211601641813,
6905,-89.30576802711931,43.00787319250009,
6906,-89.0351635766761,42.4980603880739,
6907,-89.03126986042795,42.6356052411675,
6908,-89.057589359862,42.84790260577396,
6909,-87.85407232888532,42.69690233232226,
6910,-87.79576529260197,42.69690233232226,
6911,-88.00357755012466,43.221665658872325,
6912,-88.00603953066154,43.11583351740328,
6913,-88.00656765454944,43.09309116860646,
6914,-88.00357755012466,42.73278358541971,
6915,-87.84510201561096,42.71932811550821,
6916,-87.76436919614171,43.75390424648435,
6917,-87.72250773419469,43.756894350909164,
6918,-87.98115176693875,43.76137950754633,
6919,-87.94078536401372,43.75689488973795,
6920,-87.81968612800028,43.7509141420596,
6921,-87.88696347755797,42.492080179224345,
6922,-87.88887043433819,42.56696179656961,
6923,-87.8361317023366,42.785110412853484,
6924,-88.27717210499264,42.680456757985944,
6925,-88.03796375100971,42.888269015508556,
6926,-87.9482606182661,42.97946720046464,
6927,-87.81968612800028,43.83613211816602,
6928,-87.65971554127418,44.108231620821655,
6931,-88.43116248286917,42.59224867745471,
6932,-88.40737337470392,42.59441372595357,
6933,-87.87500305985883,42.566832789844,
6934,-89.81707588375785,44.38033112347721,
6935,-89.54348132888985,44.45358868188449,
6939,-91.60366327756796,44.843797309319164,
6944,-87.65971554127418,44.088795942060536,
6945,-88.44461795278072,43.737458672148094,
6946,-88.20839970322255,43.02431876683641,
6947,-87.9736765058768,43.060200019933845,
6948,-88.05440932534603,43.13794273497834,
6949,-88.04842911649646,42.9570414172787,
6950,-89.31623339260607,43.10654663851804,
6951,-89.32370865366804,43.22316071108474,
6952,-89.30731034635487,43.04576966663852,
6953,-89.31025318375649,43.07814064648258,
6954,-90.13851210942244,44.64047020843364,
6955,-90.13851210942244,44.62703159383025,
6956,-89.59580815632363,42.5967338340919,
6957,-89.05310420322482,42.63560519161411,
6958,-90.60646345190156,42.52048617125983,
6959,-89.6705607669433,42.60271404294148,
6960,-90.19681914570579,44.68532177480547,
6961,-90.88454316340673,46.59151334560703,
6962,-89.83352145809418,44.395281645601116,
6963,-90.18037357136944,44.598608746486626,
6964,-89.75876884747451,43.62682480843097,
6965,-89.81108837581303,44.02452355785578,
6966,-89.81109567490827,44.28464778188403,
6967,-89.29380760942016,44.07534047214896,
6968,-88.5821627563209,44.03198395798956,
6969,-90.49732464039684,44.01852848807807,
6970,-88.03796375100971,44.47451941285804,
6971,-88.02301322888577,43.909389676573284,
6972,-87.95274577490328,43.89144905002465,
6973,-90.59898819083959,44.55226212790245,
6974,-89.55992690322618,44.52385613586701,
6975,-89.4896594492437,44.52385613586701,
6976,-89.31324328818127,44.471529308433205,
6977,-89.19961932003937,43.030298975685966,
6978,-88.83781668464019,42.93162552966803,
6979,-89.77371936959844,43.4234977075455,
6980,-89.77820452623563,43.570012824359985,
6981,-89.7154123333151,43.26651722524419,
6982,-89.75876884747451,43.32033910489032,
6983,-88.83781668464019,42.9256453208185,
6984,-88.54179634658628,42.69839738453463,
6985,-88.31753851472727,42.4980603880739,
6986,-90.326888688184,43.3009034261292,
6987,-89.54348132888985,43.09608127303131,
6988,-91.19401897137217,43.75539929869682,
6989,-90.38669077667974,43.32930941816468,
6990,-90.65580017491055,42.98843751373895,
6991,-90.65580017491055,42.98096225267703,
6992,-90.13253190057286,42.971991939402685,
6995,-89.16822322357912,44.827351734982855,
6996,-88.742133343047,44.4311628986986,
6997,-88.76156902180811,44.61953947746017,
6998,-88.88266825101198,44.679341565955916,
6999,-89.12337165720731,44.824361630558066,
7000,-91.28820726075296,44.0155383836532,
7001,-91.25083095544312,43.798755812856236,
7002,-91.24933590323073,43.8166964394049,
7003,-91.24784085101834,43.840617274803236,
7004,-90.58852282535284,42.61467446064061,
7005,-90.76792909084006,43.44442843851889,
7006,-91.21943485898286,43.77483497745788,
7007,-91.27325673862902,43.818191491617334,
7008,-91.2538210598679,43.80922117834295,
7009,-92.37511021916295,44.97835200843459,
7010,-92.53358575367666,44.57020275445115,
7011,-91.82792110942697,45.90378932790613,
7012,-91.85931720588724,45.852957552684735,
7013,-87.9946072368503,43.10505158630565,
7014,-87.9258348350802,43.04823960223469,
7015,-89.81558083154546,44.33697460931775,
7016,-89.80960062269588,44.30408346064516,
7017,-91.72625755898422,44.885658771266186,
7018,-91.58572265101924,44.90060929339014,
7019,-88.98283674924234,42.634110139401734,
7020,-87.92732988729261,43.39808181993473,
7021,-88.92004455632181,44.265212103123,
7022,-88.57319244304654,44.05889489781264,
7023,-88.67934115012648,44.197934753565235,
7024,-89.5120852324296,43.118507056217204,
7025,-89.24746099083596,43.040764341172704,
7026,-89.51657038906677,43.09608127303131,
7027,-88.68382630676365,43.658220904891245,
7028,-88.81539090145428,43.48628990046597,
7029,-88.73465808198503,43.595428711970655,
7030,-88.99479716694148,43.35771541020014,
7031,-88.86622267667565,43.435458125244644,
7032,-88.7391432386222,44.23381600666269,
7033,-88.73764818640981,44.357905340291346,
7034,-88.68681641118845,44.20541001462726,
7035,-91.19999918022174,43.75240919427202,
7036,-89.3745404288894,42.94956615621678,
7037,-88.05440932534603,43.1513982048899,
7038,-91.14617730057559,44.93798559870001,
7040,-89.3969662120753,43.034784132323175,
7041,-88.71372735101153,43.635795121705314,
7042,-89.29679771384495,43.136447682765905,
7043,-89.27736203508384,43.04674455002234,
7044,-87.970686401452,43.03328908011074,
7045,-88.40425154304609,44.23381600666267,
7046,-87.89294368640755,43.00189298365052,
7047,-87.90191399968191,43.03627918453556,
7050,-78.62960017841806,39.07439082169305,
7051,-78.50999600142659,39.08635123939221,
7052,-80.23229615010378,39.00113326328577,
7053,-80.04541462355459,39.15213353673756,
7054,-81.35358530939884,38.8037863712499,
7055,-78.96000671735699,39.10279681372852,
7056,-81.17268399169922,37.793131075671916,
7057,-81.19660482709752,37.8514381119553,
7063,-77.96430194390298,39.45562913585343,
7064,-77.85665818461067,39.35396558541069,
7065,-77.95234152620384,39.481045023464084,
7066,-78.22892618549662,39.62457003585385,
7067,-77.8506779757611,39.27622287036618,
7068,-77.76246989522988,39.26127234824223,
7069,-80.00250277567304,39.34521786944678,
7070,-79.9527213863862,39.57971846948206,
7071,-79.9108599244392,39.72025337744698,
7072,-81.75276425010786,38.93535096594049,
7073,-81.75724940674503,38.942826227002485,
7074,-79.81517658284602,39.01309368098493,
7075,-80.80191104302565,37.39694223938764,
7076,-80.02896904921828,38.458429310187014,
7077,-79.86899846249219,38.84714288540927,
7078,-79.85105783594346,38.92937075709091,
7079,-79.86002814921781,38.9503014880644,
7080,-78.86282832355143,39.313599175675954,
7081,-79.33021020061547,38.649582891935644,
7082,-79.49822551381861,38.49580561549679,
7083,-79.0048582837288,39.36293589868501,
7084,-79.97963232620928,38.71258818629387,
7085,-79.69856251027933,38.47487488452329,
7086,-79.96468180408536,38.950301488064426,
7087,-80.53429669700724,39.7217484296594,
7088,-80.75257432001669,39.9310557393945,
7089,-80.18744458373197,39.43021324824266,
7090,-80.10678707679814,39.3304213886315,
7093,-80.55821753240554,40.61578965267066,
7094,-80.51934617488331,40.59186881727235,
7095,-79.80172111293447,38.915915287179374,
7096,-79.7030476669165,38.90844002611739,
7097,-79.16781897487968,38.57952853939082,
7098,-81.72734836249717,38.82023194558614,
7099,-80.42814798992731,39.02206399425933,
7100,-81.76173456338222,38.93834107036528,
7101,-77.91945037753119,39.19100489425978,
7102,-77.87160870673459,39.26575750487937,
7103,-81.9710418731173,38.649795993373345,
7104,-82.10858667665748,38.81275668452424,
7105,-81.84844759170103,38.44796394470025,
7106,-80.28462297753754,39.279212974790944,
7107,-78.3918868766475,39.28519318364048,
7109,-81.22501081913299,37.269862801334234,
7112,-78.30816395275347,39.44067861372943,
7113,-78.1870647235496,39.69334243762392,
7114,-81.4941202173638,38.19978527744296,
7115,-81.00185210108985,38.117217654752906,
7116,-77.84619281912391,39.29416349691488,
7117,-82.14297287754253,38.83069731107292,
7123,-81.13680273860177,38.0054284898318,
7124,-81.14726810408854,37.965062080097155,
7125,-81.16819883506204,37.283318271245776,
7126,-81.12633737311504,37.34312035974154,
7127,-81.72286320586,38.926380652666076,
7128,-79.8435825748815,38.91741033939175,
7129,-80.75406937222907,39.95796667921755,
7130,-80.31900917842259,39.01309368098493,
7131,-77.71911338107047,39.32107443673798,
7132,-80.86769334037096,37.367041195139784,
7133,-81.21753555807102,37.83648758983135,
7134,-80.71370296249445,40.07308569957186,
7135,-80.56419774125511,40.62176986152023,
7136,-82.14895308639211,38.83518246771014,
7151,-84.60681892356686,43.40854718542152,
7154,-83.26426203683758,42.604209095153884,
7155,-83.12487478199733,42.44597111871598,
7156,-83.10578650232388,42.41732756860466,
7157,-83.34200475188204,42.45021871727734,
7158,-83.27834735397808,42.44230215656741,
7159,-83.02583425824791,42.44824241845045,
7160,-82.91740992356232,42.44573356064014,
7161,-83.75463916250261,43.450408647368505,
7164,-85.59056327932171,42.971991939402685,
7165,-85.55318697401188,43.085615907544565,
7166,-83.04598441382815,42.62513982612735,
7167,-83.01217951636508,42.62597739337077,
7168,-82.86059793949137,42.629624982764554,
7172,-83.58420321028977,42.231941094267874,
7173,-83.27179059468513,42.30008430000758,
7174,-83.2149253138286,42.311178861524745,
7178,-83.27472740232434,42.61467446064061,
7181,-85.55468202622427,42.28426792170168,
7182,-85.51431561648965,42.26931739957775,
7183,-86.4786242934834,42.110841865064046,
7184,-85.44554321471955,44.23082590223792,
7189,-84.65167048993865,44.298103251795624,
7190,-84.63971007223951,44.30557851285757,
7191,-82.92937034126146,43.41901255090825,
7192,-82.8306968952435,43.42050760312062,
7193,-84.17325378197278,42.99740782701332,
7194,-83.92956027135264,42.99890287922573,
7195,-85.47095910233024,42.95554636506631,
7196,-85.39919659613535,42.92714037303082,
7197,-83.88171860055606,45.0590848279038,
7198,-83.43320293683804,45.062074932328635,
7199,-85.19437444303746,42.31865412258673,
7200,-85.2302556961349,42.34407001019744,
7201,-85.52029582533922,42.825476822588094,
7202,-85.76548438817174,43.22017060665991,
7203,-85.81033595454355,43.23512112878387,
7204,-85.85369246870295,42.52646638010944,
7205,-86.07197009171239,42.74324895090651,
7206,-84.03869908285736,43.4160224464835,
7207,-83.0878811192459,43.415269097042284,
7208,-82.54215181825157,43.43097296860743,
7209,-84.13139232002575,43.4160224464835,
7210,-83.02056852621746,42.38593147214449,
7211,-83.02953883949182,42.536931745596185,
7212,-83.01309326515549,42.8045460916146,
7213,-83.0803706147132,43.28445785179286,
7214,-83.09831124126191,43.67616153143992,
7215,-82.99515263860677,44.04095427126394,
7219,-85.37079060409988,44.25325168542379,
7221,-85.92695002711022,46.10113621994209,
7222,-85.9568510713581,46.34482973056214,
7223,-85.4560085802063,42.37546610665766,
7224,-85.4560085802063,42.39041662878167,
7225,-86.21998026073933,41.80585121373574,
7226,-84.35479086803979,42.049323716672816,
7227,-86.31715865454491,41.80585121373574,
7228,-84.36013530852195,41.707177767717845,
7229,-84.3496699430352,42.039079358869216,
7230,-84.36910562179631,42.19755489338282,
7231,-88.35790492446189,46.0981461155172,
7232,-88.47152889260379,46.58553313675756,
7233,-87.62682439260152,45.102441342063265,
7234,-87.5206756855216,45.6914919137462,
7235,-83.74865895365305,43.001892983650535,
7236,-83.02654873506704,42.73577368984446,
7237,-83.02953883949182,42.595238781879495,
7238,-83.26725214126238,42.193069736745706,
7239,-83.27921255896152,42.64308045267611,
7241,-84.35864025630956,42.27679266063969,
7242,-83.24482635807647,42.18708952789616,
7243,-85.17942392091352,42.26782234736535,
7244,-85.18091897312593,42.315664018161904,
7245,-83.89068891383042,43.433963073032224,
7246,-83.92956027135264,43.49825031816509,
7249,-122.2357880572963,48.31680359870903,
7250,-122.19392659534928,47.18056391729006,
7251,-121.54058877853338,46.8666029526874,
7252,-120.7885775156995,46.74699877569597,
7253,-121.98162918118943,47.199999596051185,
7254,-122.19691669977409,47.484059516405935,
7255,-121.5794601360556,46.685701634987865,
7256,-119.59403079799718,48.355674956231354,
7257,-122.14309482012791,47.783069958884646,
7258,-122.12963935021638,48.198694473929926,
7259,-122.24625342278307,48.50518017747067,
7266,-122.27316436260612,46.551146935872424,
7267,-122.42715474048265,47.22242537923713,
7268,-117.82538403073578,46.52573104826177,
7269,-117.65494807852293,46.808295916404056,
7270,-119.25614899799628,47.131227194281095,
7271,-119.27857478118216,47.14318761198023,
7272,-119.29950551215568,47.152157925254585,
7273,-119.33239666082831,47.62608947658331,
7274,-117.36490794931862,46.89052378808573,
7277,-120.70933974844263,47.20298970047596,
7278,-119.91995218029894,47.872773091628204,
7281,-122.37632296526128,47.56479233587522,
7282,-122.93248238827164,46.12356200312797,
7283,-122.11020367145524,47.80400068985808,
7284,-122.44061021039418,47.25830663233449,
7285,-92.85651703155364,44.7645595420623,
7286,-95.74944306253485,44.19643970135282,
7287,-95.75542327138443,44.239310121499486,
7288,-95.59246258023354,43.875003475688295,
7289,-95.65375972094168,43.49974537037754,
7290,-95.65375972094168,43.561042511085624,
7291,-93.05535897580195,45.011243157107245,
7292,-92.79521989084552,45.04114420135512,
7293,-93.24672565898831,45.068055141178185,
7294,-93.23476524128915,45.413412202241055,
7295,-93.21532956252804,45.58534320666628,
7300,-93.32297332182037,43.66868627037795,
7301,-92.4797638740305,43.71054773232499,
7302,-92.03573336694966,43.66270606152844,
7303,-91.30465283508929,43.82566675267927,
7304,-92.3870706368621,43.68961700135145,
7305,-92.094040403233,43.685131844714334,
7306,-94.1557174041235,46.35230499162417,
7307,-93.82381581297216,46.295493007553176,
7308,-94.5399458227086,47.05348447923663,
7309,-94.63413411208938,47.144682664192615,
7310,-95.1035805067809,45.088985872151646,
7311,-94.05554890589313,45.58534320666628,
7312,-93.62961766233386,45.75984807671406,
7313,-93.29755743420968,45.8544526048971,
7314,-93.29008217314771,45.875383335870644,
7315,-94.89277814483344,45.322214017285084,
7316,-94.4293119589915,45.4522835597633,
7317,-95.75691832359682,44.45059857745974,
7318,-96.3070975377576,44.002082913741674,
7319,-96.0487759387993,44.23980634461755,
7320,-95.81672041209256,44.42817279427382,
7323,-94.50256951739877,46.835206856227174,
7324,-96.45361265457215,45.2923129730372,
7325,-96.43000317855919,45.29829345373728,
7326,-95.91215468681474,45.282852314492054,
7327,-93.53676578819262,44.97386685179744,
7328,-96.45211760235975,44.26820220754772,
7329,-96.28491098053603,44.260786792327536,
7330,-94.05405385368074,44.181489179228905,
7333,-93.64440954748495,46.108611481004026,
7334,-93.70720174040548,46.50928547392542,
7338,-96.08283970589858,46.57207766684594,
7339,-96.8019598200598,49.00004245977287,
7340,-95.91090870147335,45.58235310224155,
7341,-95.91240375368574,45.56590752790519,
7342,-92.77279410765959,44.60010379869906,
7343,-92.85352692712884,44.70924261020376,
7344,-92.04021852358683,44.369865757990496,
7345,-92.26755782152685,44.44902695591836,
7346,-92.49172429172964,44.559737388964415,
7347,-92.44836777757024,44.07085531551179,
7348,-92.48873418730486,43.855567796927154,
7351,-96.74365278377647,46.87557326596185,
7352,-96.19646367404049,45.0097481048948,
7337,-96.4894939076696,45.80212577746335,
7353,-96.76757361917475,46.80381075976691,
7354,-96.27570144129733,44.70774755799147,
7355,-94.20505412713247,45.553947110206025,
7356,-95.00191695633815,45.19961973586877,
7358,-93.74457804571531,45.33267938277186,
7359,-93.55584203930276,45.29171657435561,
7360,-93.40071603686482,45.205599944718394,
7361,-92.9088438589874,44.80343089958457,
7362,-91.68888125367438,44.05440974117549,
7363,-91.36295987137262,43.91387483321052,
7364,-93.65337986075932,45.78717525533946,
7365,-93.39772593244004,45.10393639427569,
7366,-93.39096642864315,45.205305940149884,
7367,-93.58460745898921,45.55394711020601,
7368,-93.60105303332554,45.59431351994065,
7369,-93.64141944306016,45.728868219056096,
7370,-96.76757361917475,46.87557326596185,
7371,-93.39473582801526,44.85874783144316,
7372,-93.40071603686482,44.9727286590234,
7373,-93.40819129792679,44.88715382347861,
7374,-93.4291220289003,44.86472804029265,
7375,-93.45752802093578,44.86173793586791,
7376,-93.04040845367801,44.80791605622174,
7377,-93.2706464943866,44.98283716507178,Minneapolis
7380,-79.87497867134175,36.67782212522645,
7381,-79.93627581204989,36.739119265934534,
7382,-78.83591738372834,37.364051090715044,
7383,-78.82759759124212,37.533528988666966,
7384,-80.91104985453038,36.56270310487219,
7385,-80.41181267047327,36.73461932428765,
7386,-79.95521181183493,37.20807016549388,
7387,-79.3688823490666,37.55459268848289,
7388,-79.30110706251297,37.744576924647916,
7389,-78.54504113857328,38.3575525766331,
7390,-78.32058548710252,38.65999604649253,
7391,-78.19753008903636,38.90844002611736,
7396,-78.35750067576245,38.992162950011476,
7397,-77.88207407222136,37.6690417420433,
7398,-77.72509358992006,37.606249549122786,
7399,-80.72865348461838,36.763040101332884,
7400,-79.93627581204989,37.26687269690948,
7401,-78.87777884567535,38.06523057832751,
7402,-78.61985863243471,38.398820401074374,
7403,-78.45483812305646,38.673387567709774,
7404,-83.02056852621746,36.76154504912051,
7405,-77.94187616071709,37.555417773901375,
7406,-77.90001469877006,37.95310166239803,
7407,-77.90449985540725,37.96057692345997,
7408,-77.99868814478803,38.46440951903656,
7409,-77.99569804036325,38.476369936735736,
7410,-78.22582938868217,38.6586810035671,
7411,-82.55411223595073,36.63446561106702,
7412,-82.22669580143656,36.603069514606744,
7413,-79.91534508107637,36.647921080978556,
7414,-77.2586372996533,37.28929848009533,
7424,-79.81517658284602,36.685297386288454,
7425,-77.47242976602556,37.558407878326165,
7426,-77.48392917939627,37.564159949723376,
7431,-80.7929407297513,36.993278142041405,
7432,-80.57466310674187,37.138298206643626,
7435,-79.4115124854998,37.80210138894629,
7436,-79.1409080350566,38.020379011955676,
7437,-77.46794460938838,38.32387461107159,
7440,-77.65183603151277,37.663061533193684,
7441,-77.49336049699906,37.580833661512024,
7442,-78.49504547930265,38.057755317265524,
7443,-78.43075823416973,38.020379011955676,
7444,-77.47918594244166,37.56949551773385,
7445,-77.47093471381316,37.562893034963295,
7446,-77.46943966160077,37.50608105089239,
7447,-80.73612874568035,37.33714015089195,
7448,-80.69576233594573,37.33115994204239,
7449,-80.05438493682895,37.29378363673253,
7450,-79.93859032029296,37.28191790588425,
7451,-76.27937810053562,36.89011953938628,Norfolk
7452,-76.25097210850016,36.95440678451919,
7453,-78.13922305275301,39.06093535178153,
7454,-78.15566862708934,39.161103850011834,
7455,-76.63071537044807,36.727158848235455,
7456,-76.52755676779293,36.749584631421314,
7457,-76.75031954743955,37.33714015089195,
7458,-77.38721178991914,37.518041468591505,
7459,-77.45149903505205,37.522526625228686,
7460,-77.60997456956575,39.14017311903838,
7461,-77.24667688195416,38.661756411072474,
7462,-77.22574615098065,38.68119208983361,
7463,-77.14052817487422,38.71408323850627,
7464,-77.08670629522807,38.74248923054172,
7465,-78.16912409700089,39.17754942434819,
7466,-78.16659403796389,39.185139749342866,
7467,-76.75480470407673,36.55074268717301,
7468,-76.61277474389935,36.68230728186363,
7469,-78.58474861204624,36.864703651775585,
7470,-78.47261969611674,37.06504064823637,
7471,-78.40534234655904,37.26986280133425,
7472,-78.49205537487786,37.528506834078264,
7473,-78.22743113328423,37.96207197567239,
7474,-78.21397566337268,37.977022497796284,
7475,-78.18407312205017,38.12054696594003,
7476,-78.188559775762,38.14297329337201,
7477,-78.11231211292993,38.24015168717753,
7478,-78.00915351027479,38.44646889248785,
7479,-77.62309044394023,38.96960639467988,
7480,-77.5740933164683,39.10279681372852,
7481,-78.53989704567446,36.541772373898596,
7482,-78.56531293328513,36.62101014115549,
7483,-77.54718237664522,39.14017311903838,
7484,-77.20033026336996,38.16390402434547,
7485,-77.91347016868161,38.89498455620585,
7486,-77.94785636956667,39.00262831549819,
7487,-81.15175326072571,36.57017836593411,
7488,-81.15252332215728,36.62224862036499,
7489,-81.08896106780519,36.945436471244896,
7490,-80.82284177399916,37.380496665051325,
7491,-79.90487971558963,37.387971926113316,
7492,-79.78677059081055,37.793131075671916,
7493,-79.7972359562973,37.82153706770739,
7494,-79.98561253505886,37.782665710185185,
7495,-79.57958853095786,38.41090033798275,
7496,-82.77388491117254,36.86769375620046,
7497,-82.75295418019905,36.86171354735084,
7498,-79.06765047664932,38.14745845000917,
7499,-76.9671021182366,36.543267426111065,
7500,-76.9207554996524,36.67782212522645,
7501,-76.89533961204171,36.69277264735036,
7502,-76.74918631915168,36.81207543490724,
7503,-76.64118073593482,36.976832567705124,
7504,-76.60529948283738,36.961882045581184,
7505,-76.58586380407627,36.937961210182905,
7506,-77.59801415186661,38.79930121461272,
7507,-77.50382586248583,38.82471710222334,
7508,-77.20332036779475,38.87554887744474,
7509,-77.17187859683526,38.882358928831124,
7510,-77.1240826005379,38.89797466063059,
7511,-77.32441959699862,38.85312309425885,
7512,-77.30797402266228,38.857608250896,
7513,-77.38123158106956,37.67801205531763,
7514,-77.33338991027297,38.00692354204418,
7515,-78.5757782987719,38.36872617744332,
7516,-78.47710485275393,38.32237955885916,
7517,-78.0845110322215,39.08255488348333,
7518,-77.97656535106664,39.160611779118355,
7519,-77.94636131735426,39.185024685410156,
7523,-77.37674642443238,37.21305081726326,
7524,-76.60380443062499,36.76752525797005,
7525,-77.15697374921055,38.87255877301997,
7526,-77.1255776527503,38.866578564170396,
7527,-77.93440089965512,39.00113326328582,
7528,-77.77443031292903,38.96973716682548,
7529,-78.16164883593892,39.165589006649036,
7530,-77.74303421646876,38.96674706240074,
7531,-78.34554025806331,39.2702426615166,
7532,-78.1900548279744,39.19100489425978,
7533,-78.92861062089675,36.766030205757644,
7534,-79.09904657310958,37.27733806239617,
7535,-79.38161144125193,37.591299026998804,
7536,-79.35470050142885,37.74229930045053,
7537,-79.23061116780019,37.443288857971865,
7538,-78.1646389403637,39.19848015532177,
7539,-81.93366556780747,36.713703378323856,
7540,-80.73463369346796,36.76304010133287,
7541,-80.27714771647557,36.67632707301405,
7544,-78.61464965629412,37.53747714735264,
7545,-77.3064789704499,38.84564783319691,
7546,-76.47522994035916,37.07401096151067,
7547,-76.50214088018224,37.1158724234577,
7548,-77.47093471381316,37.936656088061696,
7549,-77.34385527575972,38.03981469071685,
7550,-76.48719035805833,37.062050543811516,
7551,-77.54568732443283,39.104291865940965,
7552,-77.06278545982977,38.80677647567465,
7553,-78.1407181049654,39.185024685410156,
7554,-78.00616340585,39.168579111073825,
7555,-77.95533163062862,39.143163223463155,
7556,-77.84619281912391,39.11475723142768,
7557,-77.05082504213063,38.86508351195798,
7560,-76.6023093784126,36.69725780398758,
7561,-78.48607516602829,36.98879298540426,
7562,-76.53652708106729,36.94095131460772,
7563,-76.44532889611129,37.02018908186452,
7564,-76.87141877664341,37.896289678327065,
7565,-77.8088165138141,38.71707334293109,
7570,-78.67594679700224,38.64830094116096,
7571,-77.8028363049645,38.727538708417796,
7572,-79.88095888019133,37.01869402965214,
7573,-79.97215706514731,37.23248649602441,
7574,-79.86899846249219,36.99776329867862,
7575,-79.90936487222682,36.541772373898596,
7576,-79.86002814921781,36.62250519336787,
7577,-82.57205286249945,36.59409920133239,
7578,-82.60793411559688,36.939456262395254,
7580,-77.45000398283966,37.601764392485556,
7581,-77.42458809522897,37.544952408414645,
7583,-80.47897976514868,37.2848133234582,
7584,-80.41917767665295,37.271357853546604,
7585,-77.06727061646694,38.89049939956868,
7586,-77.44006696222255,38.89788871084154,
7587,-78.90169968107365,36.541772373898596,
7588,-79.13044266956985,37.37900161283896,
7589,-83.65895582090945,36.60007941018197,
7590,-82.3089236731182,36.90207995708544,
7591,-82.14596298196733,36.824337242041004,
7592,-79.41001743328741,37.75724982257447,
7593,-79.22313590673824,37.39694223938764,
7597,-77.4410336695653,38.8665785641704,
7598,-77.43056830407855,39.044489777445186,
7599,-77.78788578284056,38.67820198540878,
7600,-77.81180661823886,38.745479334966525,
7601,-79.03475932797666,37.59279407921121,
7602,-79.0945614164724,37.39096203053808,
7603,-81.3117238474518,37.244446913723536,
7604,-80.37432611028115,37.13381305000642,
7605,-77.49037039257428,37.556912826113766,
7608,-76.3077840925711,36.9439414190325,
7609,-79.997572952758,37.341625307529114,
7610,-88.6270143226927,33.99719350840506,
7611,-90.38818582889215,32.8863697145968,
7612,-90.18336367579424,33.50382627831526,
7613,-90.42705718641436,34.00915392610419,
7614,-90.38669077667974,32.8400230960126,
7615,-90.50031474482164,33.09717207654427,
7616,-90.12954179614808,32.42888373760435,
7617,-89.94501920922106,34.31080294073268,
7618,-90.02488814128053,34.994393334071454,
7619,-89.50311491915524,30.301424439368567,
7620,-91.04301869792043,33.3408655871644,
7621,-91.04002859349565,33.438043980969944,
7622,-88.50741014570123,30.38963251989979,
7623,-88.62408801932567,30.956030616999108,
7624,-89.33716412357957,31.25975290751277,
7625,-88.88416330322437,34.23490681017562,
7626,-88.69429167225042,34.25733259336152,
7627,-88.57319244304654,33.23621193229683,
7628,-90.54965146783061,34.16912451283032,
7629,-90.5302157890695,34.212481026989714,
7630,-90.85912727579606,31.460089903973483,
7631,-90.47788896163573,31.288158899548247,
7632,-89.08300524747271,33.116607755305374,
7633,-89.08749040410987,33.15697416503998,
7634,-88.84230184127736,33.48439059955412,
7635,-89.48517429260652,34.358996143804276,
7636,-88.7002718811,34.11679768539656,
7637,-90.235690503228,32.36011133583433,
7638,-89.57188732092533,34.360491196016675,
7639,-88.41920206517003,30.4658801827319,
7640,-90.48237411827292,31.22088154999052,
7641,-90.0996407519002,31.131178417246904,
7642,-89.50901667058194,34.354707213281635,
7643,-89.49713471030566,34.38441203141495,
7644,-89.32370865366804,31.23882217653926,
7645,-88.89313361649873,30.394117676537025,
7646,-95.42053157580831,40.053650020810665,
7647,-95.13497660324117,40.07906590842145,
7648,-93.30204259084687,37.04410991726283,
7649,-91.86081225809963,36.72865390044781,
7652,-93.34988426164345,37.245941965935934,
7653,-94.81503542978898,39.80248124912866,
7654,-94.583302336868,39.41227262169394,
7657,-94.84942163067403,39.73370884735855,
7658,-95.39661074041001,40.422927917271885,
7659,-95.36969980058693,40.262957330545774,
7660,-95.38764042713565,40.43638338718344,
7661,-90.23120534659083,38.81873689337377,
7662,-90.35977983685666,38.77837048363917,
7663,-94.23495517138035,39.74566926505769,
7664,-94.24841064129188,39.33901506328671,
7665,-94.40838122801797,36.879654173899546,
7666,-94.47864868200047,37.04560496947525,
7667,-90.51227516252078,38.6423207323114,
7668,-90.37473035898059,38.443478788063096,
7671,-93.34988426164345,37.183149773015444,
7672,-93.29606238199729,37.1368031544312,
7673,-94.58479738908039,39.33452990664951,
7674,-90.42705718641436,36.782475780094025,
7675,-90.40762150765325,36.75855494469567,
7676,-90.30745300942289,36.76453515354531,
7677,-90.40612645544087,38.634845471249406,
7678,-94.42183669792952,39.279212974790944,
7681,-89.55245164216421,37.30275395000689,
7682,-89.72737275101424,37.39096203053808,
7683,-89.70046181119116,37.38498182168853,
7684,-90.4838691704853,37.83947769425611,
7685,-91.76363386429405,38.11755740576129,
7686,-93.7714889855384,38.388161856204505,
7687,-93.75205330677727,38.36573607301861,
7688,-90.32090847933442,37.56438808717572,
7689,-91.46910857845256,40.364620880988554,
7690,-94.5384507704962,40.219600816386404,
7691,-94.4263218545667,40.24087912538683,
7692,-94.06003406253032,40.24800680842191,
7693,-95.65226466872929,40.399007081873656,
7694,-95.02434273952406,40.442363596033026,
7695,-94.8539067873112,40.34518520222743,
7696,-93.57563714571485,40.397512029661215,
7697,-93.58012230235204,40.40050213408599,
7698,-94.61170832890348,36.99776329867861,
7699,-94.52798540500945,40.03869949868683,
7700,-94.79709480324026,39.82042187567743,
7701,-94.56386665810689,39.10728197036567,
7702,-93.8806277970431,39.164093954436666,
7703,-93.84026138730849,39.185024685410156,
7704,-93.49041916960843,39.33901506328671,
7705,-93.48144885633407,39.358450742047815,
7706,-91.51097004039957,39.744174212845294,
7708,-92.002842218277,38.49281551107204,
7709,-90.9129491554422,38.436003527001084,
7710,-92.4334172554463,38.6169048447007,
7711,-91.89370340677227,39.12522259691446,
7712,-91.85782215367485,39.16259890222432,
7713,-89.31772844481846,36.921515635846575,
7714,-89.14729249260562,36.97832761991749,
7715,-94.61768853775305,36.824337242041004,
7716,-93.46350822978535,37.127832841156845,
7717,-93.31848816518318,37.18314977301543,
7718,-89.66757066251851,37.37750656062656,
7719,-89.56740216428815,37.259397435847475,
7720,-89.60926362623516,36.556722896022585,
7721,-90.06525455101516,36.49243565088969,
7724,-92.0925453510206,37.126337788944454,
7725,-94.02714291385766,40.265947434970606,
7726,-93.39623088022765,37.57186334823768,
7727,-93.31101290412123,37.2564073314227,
7728,-93.44706265544902,37.61222975797235,
7730,-94.34857913952224,38.61690484470071,
7732,-92.11198102978172,38.540657181868596,
7733,-94.36352966164617,38.90245981726781,
7734,-93.73710278465335,38.77538037921437,
7735,-92.276436773145,38.58401369602804,
7736,-91.94304012978127,38.89199445178105,
7737,-92.08207998553385,38.72155849956816,
7738,-92.01629768818854,38.787340796913526,
7739,-92.1837435359766,38.58251864381563,
7740,-94.40688617580558,38.93385591372808,
7741,-92.2091594235873,38.540657181868596,
7742,-94.3336286173983,37.17866461637822,
7743,-94.3126978864248,37.08148622257266,
7744,-90.34333426252033,38.62886526239979,
7745,-90.34034415809553,38.77538037921437,
7746,-111.04532224753171,45.67953149604707,
7747,-105.87094654043818,46.37323572259762,
7748,-105.78572856433173,46.42556255003141,
7749,-108.93729862805704,46.30595837303999,
7750,-108.56951578380824,46.43453286330576,
7753,-111.51925379886042,46.319413842951484,
7754,-110.90478733956674,46.42107739339425,
7755,-110.85694566877015,46.56609745799635,
7756,-109.84180521655503,46.43303781109337,
7757,-111.11259959708941,44.78100511639865,
7758,-112.04850228204769,47.01760322613925,
7759,-112.16261630886986,47.29117305926229,
7760,-112.18903719001267,47.81895121198202,
7761,-113.89339671214114,46.877068318174175,
7762,-111.69866006434764,47.54087150047688,
7763,-108.50373348646293,45.78119504648988,
7764,-109.80966700846045,46.4351040504561,
7765,-111.98271998470237,46.59151334560705,
7766,-109.97635991567044,45.826046612861646,
7767,-111.18585715549669,45.670561182772715,
7768,-109.74462682274945,46.98321702525414,
7769,-107.83095999088592,49.00004245977287,
7770,-107.87730660947011,48.36315021729323,
7773,-95.6014328935079,40.059630229660314,
7774,-99.37793478201364,41.741563968602854,
7775,-99.53940042095212,42.57879320754319,
7776,-99.37942983422603,40.69353236771512,
7777,-99.38275032448614,40.71900464964887,
7778,-99.37942983422603,41.27211757391139,
7779,-99.38241993865081,41.279592834973336,
7780,-99.36746941652689,40.13288778806759,
7781,-99.37942983422603,40.43787843939582,
7782,-99.36896446873929,40.10298674381971,
7783,-99.73674731298804,40.77576023939671,
7784,-99.08340949617214,40.699512576564686,
7785,-99.04603319086232,40.70399773320184,
7788,-95.83316598642888,40.14783831019148,
7789,-96.14114674218193,41.54421707656697,
7790,-96.47155328112088,42.230446042055554,
7791,-96.77803898466152,40.8804138942643,
7792,-96.78850435014829,40.81313654470653,
7793,-96.75411814926322,40.81313654470653,
7794,-96.7122566873162,40.82958211904291,
7795,-96.54780094395294,40.90582978187499,
7796,-95.98267120766823,41.34687018453106,
7797,-95.99612667757977,41.39321680311526,
7798,-103.03034733689071,41.14802824028269,
7799,-100.55902602980441,41.979277270373395,
7800,-100.53660024661853,41.982267374798234,
7801,-98.38372506077202,40.95367145267156,
7802,-97.121900993512,40.647185749130955,
7803,-96.70547597431955,40.65466157272231,
7804,-96.50294937758113,41.23474126860154,
7805,-96.29214701563366,41.23324621638914,
7806,-99.78010382714746,40.30780889691763,
7807,-97.58985233599113,40.147838310191496,
7808,-97.57639686607959,40.14783831019148,
7809,-96.74664288820125,40.26595125817646,
7810,-95.83914619527846,40.39312413699424,
7811,-97.01874239085686,42.01814862789562,
7812,-96.64348428554611,41.647375679222066,
7813,-96.29214701563366,41.26314726063701,
7814,-98.4569826191793,42.33509969692309,
7815,-97.42689164484025,42.018149457961094,
7816,-102.9456902274784,41.14503829869418,
7817,-100.88644246431858,40.23455133851035,
7818,-96.60610798023627,40.81313654470653,
7819,-95.91090870147335,40.81313654470653,
7820,-95.90941364926096,41.00300817568056,
7821,-96.70777153067903,40.81612664913137,
7822,-96.65394965103286,40.81313654470657,
7823,-102.94512936078428,41.14952329249508,
7824,-103.09911973866082,41.669801462408,
7825,-96.72571215722775,40.81313654470657,
7826,-95.84064124749085,40.261462278333404,
7827,-95.85858187403957,40.52309641550228,
7828,-95.91090870147335,40.69951257656466,
7829,-95.95127511120796,41.29902851373449,
7830,-95.92735427580968,41.09420636063651,
7831,-96.48351369882002,42.27679266063969,
7832,-96.43268192359864,42.40387209869316,
7833,-95.86007692625196,40.57841334736082,
7834,-96.50294937758113,41.599534008425486,
7835,-96.6225535545726,41.2063352765661,
7838,-97.42689164484025,42.43825829957818,
7839,-97.39400049616759,42.864348180110305,
7840,-97.42689164484025,42.104861656214496,
7841,-102.94961451742148,41.11364203939764,
7842,-96.23383997935032,41.23324621638914,
7843,-96.09181001917294,41.212315485415616,
7844,-96.49696916873155,41.47544467479689,
7845,-96.54182073510336,41.45152383939858,
7846,-96.43417697581103,42.43676324736584,
7847,-95.93333448465924,41.115137091610045,
7848,-96.74514783598886,40.80267117921982,
7849,-96.64348428554611,40.896859468600596,
7851,-95.94828500678318,41.303513670371586,
7852,-95.95277016342035,41.22577095532716,Omaha
7853,-95.95277016342035,41.26015715621217,
7854,-96.75561320147561,40.81762170134378,
7862,-115.98525330580938,36.208296160258314,
7865,-115.86238047586326,36.130633015490474,
7866,-115.50057784046405,36.014018942923784,
7867,-115.17166635373748,36.04840514380886,
7869,-115.15372572718877,36.15903900752594,Las Vegas
7870,-114.93843820860411,36.00056347301226,
7871,-114.98062706338747,36.03937535406592,
7872,-115.11784447409133,36.1605340597383,
7873,-115.01319081922381,36.033454621684875,
7874,-114.57215041656774,35.199215487169404,
7876,-118.81062343870303,38.93834107036528,
7877,-115.24641896435718,36.25472234911911,
7878,-115.17316140594988,36.17548458186224,
7879,-119.78988263782072,39.47805491903926,
7880,-119.82576389091814,39.590183834968805,
7881,-119.7465261236613,39.403302308419605,
7886,-71.44288419344298,43.12448726506673,
7887,-71.62827066777974,43.321834157102714,
7888,-71.5310922739742,44.99629263498328,
7889,-71.20666594388483,45.25344161551498,
7890,-72.31001447663115,43.64925059161682,
7891,-70.7611403845916,43.085615907544565,
7892,-70.77011069786596,43.05720991550905,
7893,-71.4398940890182,42.76417968188,
7894,-72.2995491111444,42.92265521639369,
7895,-72.2756282757461,42.9211601641813,
7896,-71.95269699786914,42.871823441172275,
7897,-71.61780530229301,42.825476822588094,
7898,-71.70302327839943,42.841922396924424,
7899,-71.61332014565583,42.871823441172275,
7900,-71.50119122972633,42.96003152170348,
7901,-71.64172613769131,43.613369338519504,
7902,-71.50119122972633,43.6462604871921,
7903,-71.21264615273441,43.45190369958096,
7904,-71.43391388016862,43.5655276677228,
7905,-70.99586358193737,43.31884405267794,
7906,-71.10201228901728,42.815011457101335,
7907,-71.0096291549871,43.14927456786883,
7908,-70.97941800760103,43.281467747368076,
7909,-70.99885368636214,43.480309691616384,
7910,-71.14013766336745,43.757355442141154,
7911,-71.11380186414624,44.016293310634246,
7912,-71.17975500406175,44.1112217252464,
7913,-71.17227974299978,44.387806384539154,
7916,-71.4608248199917,43.710547732325004,
7917,-71.20218078724764,43.821181596042145,
7918,-71.49969617751393,43.658220904891245,
7920,-71.36065632176134,43.227645867721925,
7921,-72.27413322353371,42.95554636506631,
7922,-71.94223163238237,43.11551695179246,
7923,-72.55221293503888,42.88378385887146,
7924,-72.29356890229481,42.94508099957958,
7925,-71.48773575981478,43.51619094471384,
7926,-70.97493285096385,43.3293094181647,
7927,-71.14985395981388,43.194754719049264,
7928,-70.99436852972498,43.29641826949198,
7929,-71.91831079698409,43.11103179515525,
7930,-71.87495428282467,43.14541799604025,
7931,-71.64621129432848,43.698587314625875,
7932,-71.68059749521353,44.19942980577762,
7933,-71.54373926006578,44.27175729659374,
7934,-71.56996363149642,44.4864798305572,
7935,-71.44437924565537,43.024318766836444,
7936,-71.74488474034645,44.28464778188403,
7937,-72.04090507840034,44.15308318719338,
7938,-71.79870661999261,44.30856861728237,
7939,-70.83439794299888,43.12448726506673,
7940,-71.45334955892973,43.242596389845836,
7941,-70.98539821645062,43.32781436595228,
7942,-70.88223961379546,43.1827943013501,
7943,-70.8942000314946,43.21867555444752,
7944,-71.53408237839898,43.21718050223518,
7945,-74.03978988637031,40.77576023939671,
7946,-74.00540368548528,40.84303758895445,
7949,-74.27301803150368,40.94619619160965,
7950,-74.14892869787504,41.107661830548075,
7951,-74.52717690761057,40.75333445621084,
7952,-74.42102820053063,40.87144358098994,
7953,-75.08931653947049,39.91909532169535,
7954,-74.78881104477941,39.646995819039724,
7955,-75.34796057221455,39.80248124912866,
7956,-75.33847093295526,39.77928758142251,
7957,-74.99213814566491,39.688857280986745,
7958,-74.96522720584183,39.66194634116367,
7959,-74.71106832973496,39.476559866826925,
7960,-75.00110845893929,40.83257222346768,
7961,-74.8142269323901,40.84602769337921,
7962,-73.93415720284726,40.91047455689477,
7963,-73.92681942121091,40.934072711685744,
7964,-73.91480775163687,40.97266815766211,
7965,-73.91243878897748,40.99050499630016,
7966,-73.91121539610448,41.00151312346812,
7967,-74.12500786247674,40.733898777449745,
7968,-74.0906216615917,40.723433411963,
7969,-74.76489020938111,40.225581025235975,
7970,-74.71405843415974,40.26744248718298,
7971,-75.40626760849788,39.784540622579975,
7972,-74.70508812088538,40.185214615501344,
7973,-74.73050400849607,40.19867008541285,
7974,-74.64080087575248,39.451143979216155,
7975,-74.18630500318487,40.869948528777556,
7976,-74.0427799907951,40.854998006653645,
7977,-74.51073133327424,41.083740995149725,
7978,-74.57717587593362,41.15403629034593,
7979,-74.68565244212427,41.35285039338061,
7980,-74.91140532619566,40.65765111461763,
7981,-74.86505870761147,40.422927917271906,
7982,-75.4929806368167,39.67988696771241,
7983,-74.30740423238875,40.01328361107613,
7984,-74.23564172619385,40.041689603111614,
7985,-74.927850900532,39.893679434084596,
7986,-74.74103165120785,39.88757548154356,
7987,-74.59603416933386,39.898943516009176,
7988,-74.27899824035326,39.712778116385046,
7989,-74.67817718106231,41.08972120399934,
7990,-74.42551335716782,41.23175116417669,
7991,-74.64528603238965,40.67409668895399,
7992,-74.7006029642482,40.896859468600596,
7993,-74.73199906070846,40.28538311373172,
7994,-74.61388993592938,40.53954198983861,
7995,-74.71555348637213,40.91480009514929,
7996,-74.80077146247855,41.306503774796425,
7997,-75.41374286955985,39.68138201992478,
8000,-75.09529674832005,40.92975061727327,
8001,-74.21022583858317,39.98936277567784,
8002,-74.22094686667909,40.047056752109384,
8003,-74.2251763607071,40.13886799691713,
8006,-74.06221566955622,40.87592873762707,
8007,-74.30590918017634,40.370601089838146,
8008,-74.41803809610585,40.48273000576766,
8009,-74.37019642530926,41.011978488954846,
8010,-74.85459334212472,40.50067063231631,
8011,-74.08015629610493,39.941521104881254,
8012,-74.16836437663615,40.05514507302311,
8013,-75.07137591292177,39.93404584381923,
8014,-75.15061368017861,39.86078828541199,
8015,-75.08184127840852,39.93404584381923,
8016,-74.19228521203445,40.68157195001593,
8017,-74.065205773981,40.73987898629926,
8018,-73.9755026412374,40.857988111078384,
8019,-74.7020980164606,40.14185810134194,
8020,-74.45541440141568,40.46179927479413,
8021,-75.3105842669047,39.803976301341066,
8022,-74.64379098017724,40.65765111461763,
8023,-74.62212521381238,40.58224716434855,
8024,-74.62286024920374,40.59635397390953,
8025,-74.26404771822932,40.913305042936976,
8026,-74.62884045805332,40.57542324293603,
8027,-74.7006029642482,40.1493333624039,
8028,-74.87851417752302,40.63971048806891,
8029,-74.21620604743273,40.69652247213992,
8030,-75.20144545539999,40.69502741992752,
8031,-75.13416810584228,40.671106584529184,
8032,-75.11921758371835,39.948996365943174,
8033,-74.53016701203535,39.39134189072047,
8034,-74.01586905097203,40.84602769337921,
8035,-74.29693886690198,40.56645292966166,
8036,-74.95625689256747,40.37957140311253,
8037,-74.9487816315055,40.38106645532485,
8038,-75.37038635540044,39.827897136739345,
8039,-74.205740681946,40.6412055402813,
8040,-74.19677036867162,40.63522533143178,
8041,-74.0203542076092,40.72791856860016,
8042,-74.12052270583956,40.74735424736128,
8043,-74.0487095245821,40.786134407957476,
8044,-74.0203542076092,40.835562327892504,
8045,-73.92018570937884,41.005998280105345,
8049,-74.07118598283057,40.171759145589824,
8052,-74.76638526159351,40.20913545089961,
8053,-74.72452379964649,40.90582978187499,
8054,-74.22966151734428,40.6412055402813,
8055,-75.10127695716963,39.86676849426156,
8056,-75.11174232265638,39.90264974735897,
8057,-72.21732123946276,44.9320053898504,
8060,-72.6165001801718,44.597113694274256,
8061,-72.28758869344526,44.930510337638,
8062,-72.59257934477351,44.574687911088326,
8063,-72.7076983651278,43.42050760312062,
8064,-72.95886713680989,43.54160683232457,
8065,-72.59407439698592,43.26203206860699,
8066,-72.70470826070301,43.39658676772239,
8067,-72.46400485450769,43.178309144712905,
8068,-72.58809418813632,43.25904196418218,
8069,-73.10687730583683,44.6942920880799,
8070,-72.887104630615,44.646450417283255,
8072,-71.79721156778022,45.00675800047005,
8073,-73.10986741026163,44.49096498719431,
8074,-73.08515176211951,44.50986539224328,
8075,-72.19639050848926,44.408737115512665,
8078,-73.27731325804969,42.87331849338472,
8079,-72.57912387486196,42.850892710198785,
8080,-72.60005460583547,44.25773684206103,
8081,-73.34907576424457,44.99928273940806,
8082,-73.16966949875737,44.58963843321226,
8083,-72.50736136866708,44.20241991020239,
8084,-73.12332288017316,44.51787592701744,
8085,-73.0680059483146,44.480499621707615,
8086,-111.87227438193142,38.95607257028144,
8087,-111.85863065107374,38.95777674912635,
8088,-111.9558090448793,38.87853898186955,
8089,-111.70015511656003,40.31229405355477,
8090,-111.81826424133911,40.37658129868773,
8091,-111.68071943779891,40.265947434970606,
8092,-111.96926451479084,41.21082043320319,
8093,-112.01561113337503,41.48591004028365,
8094,-111.91544263514466,40.819116753556116,
8095,-111.89002674753398,40.53505683320141,
8096,-110.81209410239835,39.58719373054402,
8099,-111.64932334133866,40.12840263143045,
8100,-111.81676918912672,39.15960879779952,
8101,-111.83919497231261,39.681382019924804,
8102,-109.6205374891208,37.26537764469708,
8103,-111.658293654613,40.255482069483904,
8104,-111.4116100395681,40.49319537125441,
8105,-110.8674110342569,39.72623358629658,
8106,-112.5672853997482,39.35247053319824,
8107,-112.23538380859686,39.143163223463155,
8108,-111.85414549443655,38.932360861515704,
8109,-111.83321476346303,41.738573864178065,
8110,-112.68389947231488,37.216040921688105,
8111,-112.25780959178276,38.588498852665175,
8112,-111.49533296346212,39.99384793231498,
8113,-111.58653114841813,40.082056012846174,
8114,-111.83022465903825,41.85369288453235,
8115,-111.658293654613,40.20764039868724,
8116,-112.05298743868487,41.48591004028365,
8117,-111.94534367939254,40.83107717125532,
8118,-111.89899706080834,40.98656260134425,
8121,-95.09012503686937,30.02334472786343,
8122,-98.19983363864763,26.09733761811835,
8123,-98.26113077935577,26.104812879180372,
8124,-95.7838292634199,29.698918397774055,
8125,-95.64402096650011,29.710431505122248,
8126,-97.79616954130142,30.467375234944225,
8127,-97.80513985457578,30.480830704855794,
8128,-97.81710027227493,30.53764268892675,
8131,-97.38054502625606,32.34815091813518,
8132,-97.39101039174281,32.34665586592276,
8133,-99.27328112714609,33.57857888893495,
8134,-99.17661189226315,33.178770621354616,
8135,-98.90250817847254,32.75480983355476,
8136,-98.96236471211155,31.735615139508766,
8137,-99.33158816342944,31.14612893937087,
8138,-98.38856360940252,31.207549831199756,
8139,-99.78159887935985,30.939811734060584,
8140,-99.33607332006662,31.113237790698214,
8141,-101.16153207139895,30.91140574202509,
8142,-100.60686770060101,30.854593757954135,
8143,-99.78513805639635,30.92346612368539,
8144,-94.69393620058511,33.686222648227265,
8145,-94.63792865423673,33.51555939784468,
8146,-94.73729271474453,33.29451896858017,
8147,-97.51061456873428,25.925406613693134,
8148,-99.28374649263284,34.16015419955595,
8149,-99.3405584767038,34.43075864999914,
8150,-99.33009311121704,31.742654772115852,
8151,-99.37643972980123,31.167059670344393,
8152,-97.13834656784832,33.1958455225622,
8153,-97.22060479676055,33.010154066801256,
8154,-97.23635885594075,32.98605492846289,
8155,-97.31177262448595,32.7682605898177,
8158,-100.82365027139805,29.72732438980954,
8159,-99.77412361829788,30.50774164467889,
8160,-100.22712443865308,33.13454838185409,
8161,-98.15797217670062,33.21677625353569,
8162,-102.5339900023761,36.49991091195159,
8163,-94.04358848819399,33.429073667695626,
8164,-94.62366874660263,33.25116245442077,
8165,-94.73247830931955,33.18089577654409,
8166,-94.99759345442723,33.16480514844871,
8167,-95.42651178465788,33.155479112827564,
8168,-97.33120830324707,32.38403217123261,
8169,-97.43436690590221,32.330210291586425,
8170,-96.94996998908675,29.440274365030017,
8171,-96.99930671209573,29.42681889511847,
8172,-97.27888147581331,29.14724413140089,
8173,-97.3252280943975,29.06202615529445,
8174,-97.3222379899727,28.42961906945205,
8175,-97.27290126696373,28.31898520573494,
8176,-99.75917309617395,32.22705168893126,
8177,-99.93259915281159,31.74713992875301,
8178,-99.94605462272312,31.738169615478643,
8179,-99.84439107228037,31.2163966242177,
8180,-99.71282647758976,30.43896924290881,
8181,-99.84920979758355,28.94193086272912,
8182,-99.83093560236884,28.69424331104571,
8183,-99.85635148997952,28.52231230662048,
8184,-98.14750681121389,31.479525582734592,
8185,-97.40895101829153,31.44364432963717,
8186,-98.56761648289641,31.467565165035445,
8187,-97.02472259970642,31.630525856186352,
8188,-96.2831767023593,31.6394961694607,
8189,-96.26673112802297,31.633515960611078,
8190,-95.79728473333144,31.646971430522704,
8191,-95.62385867669381,31.75760529423977,
8192,-94.40688617580558,31.90113030662954,
8193,-97.42091143599067,29.510541819012477,
8194,-95.81672041209256,29.558383489809103,
8195,-95.77186884572076,29.57482906414542,
8196,-96.94099967581239,29.443264469454768,
8197,-97.57938697050439,26.08089204378204,
8198,-97.16376245545901,26.083882148206797,
8199,-102.36654415458804,33.593529411058874,
8200,-102.0570683466226,33.58156899335974,
8201,-97.20959030633603,32.99797811699064,
8202,-97.1682476120962,32.98354810840238,
8203,-94.96155054660353,29.721344180959974,
8204,-95.00042190412576,29.713868919898037,
8205,-94.89427319704583,29.836463201314224,
8206,-94.92267918908131,29.763205642906993,
8207,-95.03331305279842,29.619680630517184,
8208,-95.02284768731167,29.54941317653475,
8209,-94.94360992005481,29.7542353296326,
8212,-95.33531359970189,32.30628945618817,
8213,-95.50560500054091,32.05120108399077,
8214,-98.80532978466697,29.63313610042874,
8215,-98.66686856408259,29.553321135721134,
8216,-98.60050763156907,29.48213582697702,
8217,-97.31027757227356,32.9581322207917,
8218,-97.39549554837998,32.3705767013211,
8223,-106.53026456610367,31.907110515479104,
8224,-106.28358095105874,31.700793310168823,
8225,-95.64807948716432,29.612903913035396,
8226,-95.54163080501218,29.540442863260356,
8227,-95.4010958970472,29.48213582697702,
8228,-95.03181800058603,29.353561336711167,
8230,-93.98827155633543,29.882809819898455,
8231,-95.68964097403912,29.561373594233874,
8232,-95.68366076518954,29.601740003968438,
8235,-97.40297080944195,32.73387438893262,
8236,-97.44333721917657,32.71742881459633,
8239,-97.1891783430697,31.512416731407228,
8240,-97.25047548377783,31.485505791584185,
8241,-97.4597827935129,29.51652202786205,
8242,-95.42800683687028,29.67798766680052,
8245,-94.00770723509655,30.135473643792867,
8247,-97.213099178468,32.834042887163015,
8248,-97.09349500147653,32.93122128096856,
8249,-96.64049418112133,31.97438786503682,
8250,-98.04733831298351,27.761330730512235,
8251,-98.59602247493189,27.88242995971605,
8252,-98.23870499616986,27.76432083493701,
8253,-97.9800609634258,31.983358178311175,
8254,-97.29682210236203,31.57819902875255,
8255,-98.03238779085957,31.98186312609874,
8258,-96.93643623552741,30.181794181552647,
8259,-96.8019598200598,30.15490932255407,
8260,-94.95258023332917,30.711068745564354,
8261,-94.4156608554683,30.774840499674546,
8262,-93.99465028715183,30.9130390352809,
8265,-95.75542327138443,32.156784234948816,
8266,-95.27252140678137,31.965417551762453,
8267,-96.04247329616396,32.330210291586425,
8268,-95.87801755280069,32.21957642786933,
8269,-101.91802849087001,32.7024782924724,
8270,-98.57509174395838,32.733874388932634,
8271,-98.04285315634633,32.80563689512759,
8272,-97.6840406253719,28.248717751752462,
8273,-97.48220857669881,28.031935180955386,
8274,-98.08919977493052,29.07996678184319,
8275,-97.9381995014788,28.911025881842743,
8276,-97.85746668200954,28.81384748803719,
8277,-97.77673386254031,28.48344094909822,
8278,-97.44931742802615,29.492601192463738,
8279,-97.86045678643434,30.60192993405968,
8280,-97.46725805457487,29.52698739334882,
8281,-97.6870307297967,30.183315314589525,
8282,-97.64666432006207,29.680977771225315,
8283,-99.33457826785423,31.134168521671732,
8284,-97.34316872094622,31.06539611990161,
8285,-96.97837598112223,30.85309870574179,
8286,-95.57003679704765,30.718544006626335,
8287,-95.01088726961252,30.737979685387508,
8290,-96.93651451917522,30.82020755706907,
8291,-96.87222727404232,30.706583588927185,
8292,-94.72234219262059,33.029894726986555,
8293,-94.9690258076655,33.15099395619045,
8294,-94.94222928256326,32.53599821193476,
8295,-95.0617190448339,32.47373530397621,
8298,-97.09648510590131,32.530547288047146,
8299,-97.00941944877896,32.481433699058854,
8300,-96.90362337050256,32.43187384202922,
8301,-95.48033366430404,31.518396940256824,
8302,-94.64011432093895,30.932336472998564,
8303,-96.44464234129778,32.07455636326715,
8304,-95.67469045191518,31.79199149512476,
8305,-95.4922940820032,31.564743558841045,
8306,-94.41585648907994,30.781336199546885,
8307,-98.8666269253751,30.27152339512073,
8308,-98.40615084395793,30.28647391724467,
8309,-98.88674601984044,30.284796702469716,
8310,-98.37475474749766,30.201255941138236,
8311,-97.86494194307151,30.234147089810858,
8312,-98.97875584130459,31.729199302204275,
8313,-97.81710027227493,32.43635899866638,
8314,-98.16544743776261,32.2420022110552,
8315,-97.5749018138672,33.23920203672164,
8316,-97.6212484324514,33.230231723447275,
8317,-97.00528692094531,33.23172677565966,
8318,-96.81990044660853,33.21827130574811,
8319,-96.3758699395277,33.15846921725235,
8320,-96.13815663775713,33.14052859070366,
8321,-103.06024838113858,33.257142663270365,
8322,-102.83449549706717,33.188370261500246,
8323,-102.39196004219873,35.87647413938358,
8324,-102.30558320844938,34.23153047236891,
8325,-102.27385091741965,33.19285541813742,
8326,-100.47679815812278,28.709193833169675,
8327,-99.04902329528709,29.02763995440948,
8328,-94.23645022359274,31.947476925213742,
8329,-94.33811377403549,32.18220012255951,
8330,-94.33213356518591,32.13136834733812,
8333,-100.36915439883047,35.9437514889413,
8334,-99.99987650236929,36.12913796327805,
8335,-101.26768077847889,33.97775782964395,
8336,-100.30935231033473,34.01214403052898,
8337,-101.38728495547036,33.68771770043967,
8338,-101.35887896343489,33.95234194203327,
8339,-100.50520415015826,31.430188859725586,
8340,-102.2170389333487,31.137158626096497,
8341,-103.3248726227322,30.58548435972335,
8342,-103.65079400503397,30.361226527864346,
8343,-103.054268172289,30.900940376538365,
8344,-98.34186359882501,32.08502172875391,
8345,-98.615458153693,31.89664514999239,
8346,-99.1387264280307,31.71723888450515,
8347,-98.94436964041955,31.742654772115852,
8348,-98.19235837758566,32.213596219019756,
8349,-97.01276218200728,32.47224025176381,
8350,-97.08601974041456,32.44084415530359,
8351,-96.53733557846618,33.74004452787344,
8352,-96.4250049758821,33.6356253726902,
8353,-94.70290651385947,31.31955499600849,
8354,-94.39044060146925,30.46438513051946,
8355,-95.48839955300622,32.662436174171226,
8356,-95.41006621032156,32.52008192256038,
8357,-94.28130178996454,30.341790849103198,
8358,-94.19458876164572,30.225176776536507,
8359,-102.72386163335005,34.22593649690128,
8360,-101.67882013688707,34.184075034954255,
8361,-99.1357363236059,34.131748207520445,
8362,-99.08191444395975,34.21098597477733,
8363,-96.98734629439659,31.028019814591783,
8364,-96.90511842271495,29.63164104821637,
8365,-97.09349500147653,31.401782867690116,
8366,-94.39642081031883,32.54848791459587,
8367,-95.15291722978989,32.58436916769331,
8368,-94.79709480324026,32.506626452648916,
8369,-94.29625231208847,32.533537392471935,
8370,-94.16169761297307,32.49317098273732,
8371,-94.63413411208938,32.506626452648916,
8372,-94.43678722005345,32.527557183622406,
8373,-95.44146230678183,33.66379686504141,
8374,-94.45622289881456,33.470935129642584,
8375,-103.06323848556337,33.08969681548227,
8376,-95.59844278908312,33.660806760616516,
8377,-96.54780094395294,33.65781665619175,
8378,-95.6268487811186,31.76209045087693,
8379,-101.98082068379054,35.86600877389682,
8380,-98.24468520501944,29.36701680662271,
8381,-99.05799360856146,30.610900247334055,
8382,-98.90400323068492,29.979988213704004,
8383,-99.15367695015462,30.690138014590858,
8384,-94.79559975102786,30.056235876536086,
8385,-94.44426248111542,30.032315041137753,
8389,-94.23645022359274,31.931031350877372,
8390,-93.98528145191065,31.144633887158474,
8391,-93.97930124306107,31.019049501317422,
8392,-93.96883587757434,30.441959347333576,
8393,-95.90642354483616,32.195655592471034,
8394,-95.81373000112232,32.225556943378564,
8395,-95.81373030766777,32.189675383621434,
8396,-95.45342272448096,29.162194653524846,
8397,-95.45790788111815,29.047075633170493,
8398,-95.29345213775487,32.34665586592276,
8399,-95.38913547934804,29.00521417122349,
8402,-97.65862473776123,27.798707035822087,
8407,-96.29962227669563,32.56792359335696,
8408,-97.81411016785015,32.757795224330934,
8409,-97.73188229616851,28.369816980956305,
8410,-97.74533776608004,28.43709433051403,
8411,-97.29532705014962,27.913826056176358,
8412,-98.40615084395793,29.316185031401368,
8413,-97.69002083422149,30.24162235087286,
8414,-97.66310989439842,30.313384857067767,
8415,-97.69151588643388,30.25059266414721,Austin
8416,-97.38652523510562,31.090812007512298,
8417,-94.70975205613685,32.50363764896826,
8418,-96.79597961121023,32.35263607477235,
8419,-96.54481083952814,32.286853777427,
8420,-97.67357525988515,30.325345274766903,
8421,-96.7137517395286,30.145939009279708,
8422,-96.07536444483662,30.114542912819434,
8423,-97.45828774130051,32.684537665923685,
8424,-97.13236635899875,33.230231723447304,
8425,-96.8019598200598,33.21827130574814,
8426,-94.46369815987653,31.856278740257714,
8429,-101.34093833688617,33.97775782964395,
8430,-100.38559997316679,31.479525582734592,
8431,-96.14264179439432,33.128568173004474,
8432,-97.12937625457397,31.536337566805543,
8433,-96.3728798351029,32.73835954556982,
8434,-99.74422257405001,32.38851732786973,
8435,-100.43194659175099,31.39281255441578,
8436,-98.38821021740921,29.398412903082964,
8439,-95.04527347049756,29.915700968571077,
8441,-95.03331305279842,29.68845303228729,
8442,-94.98696643421422,29.745265016358246,
8443,-98.32691307670108,29.55987854202144,
8444,-95.27850161563093,29.713868919898037,
8445,-95.36969980058693,29.734799650871473,
8446,-100.43643174838816,31.401782867690116,
8449,-97.15030698554747,31.49298105264608,
8450,-95.77635400235793,29.78413637388047,
8452,-96.77504888023672,32.766765537605266,
8453,-97.2101090740432,32.66958714379978,
8454,-97.31924788554792,32.75630017211859,
8455,-97.24001011829107,32.69051787477319,
8456,-96.82887075988289,32.70845850132199,
8457,-94.15422235191112,30.125008278306197,
8458,-97.10246531475089,31.56175345441624,
8459,-97.11442573245003,31.581189133177332,
8460,-99.75319288732437,32.52008192256038,
8461,-95.18580837846254,29.827492888039895,
8462,-89.2624115129599,35.5939092712412,
8463,-89.239985729774,35.61035484557757,
8464,-83.73071832710433,36.02896946504768,
8465,-83.26426203683758,35.96916737655198,
8466,-83.18790104812884,35.96674395523103,
8467,-82.91292476692513,35.91833560133066,
8468,-84.029728769583,36.0065436818618,
8469,-84.16129336427362,36.23379161814558,
8470,-84.12690716338858,36.59110909690765,
8471,-84.11943190232661,36.383296839384926,
8472,-86.87929828640482,35.013829012832595,
8473,-87.01908922092782,35.174207766451765,
8474,-87.03179361206895,35.19622538274459,
8475,-86.80753578020996,36.12315775442849,
8476,-86.87073634004442,35.919153120929245,
8477,-86.78211989259925,35.46084962433822,
8478,-87.02730845543176,35.20669074823131,
8479,-87.04076392534331,35.58942411460406,
8480,-86.94358553153774,35.7404243880558,
8481,-86.86883292091807,35.925810862392545,
8482,-86.7701594749001,36.15006869425162,
8483,-82.1758640262152,36.28910855000414,
8484,-81.92170515010831,36.28312834115461,
8485,-82.82191531831369,36.17816807858732,
8486,-83.5109456518825,35.713513448232725,
8487,-83.18651932179313,35.879464243808386,
8488,-83.75762926692741,35.87049393053403,
8489,-86.8852784952544,36.52831690398709,
8490,-86.66251571560778,35.8077017376135,
8491,-86.45893303401223,35.48967853986669,
8492,-86.21549510410216,35.36666133495746,
8493,-86.2065247908278,35.35619596947066,
8494,-86.112336501447,35.18725506947026,
8495,-83.56775763595344,35.86899887832161,
8496,-83.96544152445009,35.756869962392116,
8497,-83.59616362798891,35.87049393053403,
8498,-88.25026116516958,35.63876083761304,
8499,-87.83601675475518,35.62013127530762,
8500,-87.13489624003955,35.613624908401135,
8501,-87.03627876870613,35.61484000221471,
8502,-87.01684308994501,35.63577073318826,
8503,-86.89275375631637,35.64324599425019,
8504,-87.36668530764507,36.50888122522599,
8505,-87.27249701826429,36.50888122522599,
8506,-86.56982247843939,35.142403503098464,
8507,-86.77464463153729,35.44589910221427,
8508,-89.0127377934902,36.4430989278807,
8509,-89.01124274127783,36.20239552168532,
8510,-88.93948023508294,35.91385044469344,
8511,-88.94845054835729,36.0065436818618,
8512,-86.27679224481028,36.209870782747316,
8513,-85.48455047917207,35.93559682626891,
8514,-85.02471908755831,35.945544311597644,
8515,-84.70414008860266,35.84522084032301,
8516,-86.0689799872876,35.82713741637459,
8517,-85.81183100675594,35.69557282168399,
8518,-88.43611590108567,35.995065979140094,
8519,-88.39528122977173,36.011028838498966,
8520,-89.88883838995274,35.15286886858519,
8521,-89.8345742179962,35.20518528250418,
8522,-89.2833422439334,35.580453801329725,
8523,-83.95647121117572,35.99906842079985,
8524,-84.21661029613217,36.29807886327852,
8525,-83.99534256869795,35.74939470133012,
8528,-86.58776310498811,36.02597936062289,
8529,-86.39938652622654,35.84956319956047,
8530,-88.53133098109953,35.691087665046794,
8533,-88.91555939968462,35.83760278186139,
8534,-88.89612372092351,35.83461267743653,
8535,-89.77222431738605,35.20370064380654,
8536,-86.385931056315,35.83760278186139,
8537,-88.81987605809147,35.613344950002364,
8540,-87.67317101118572,36.31900959425202,
8541,-87.38462593419379,36.39525725708407,
8542,-87.76287414392932,35.320314716373225,
8543,-87.79146884043186,36.082815562662844,
8544,-87.37715067313182,36.472999972128534,
8545,-87.37416056870704,36.48047523319056,
8546,-85.33490935100244,36.37881168274775,
8547,-86.53095112091717,35.16482928628433,
8548,-86.1601781722436,35.38609701371853,
8549,-85.94638570587134,35.58045380132976,
8550,-85.81781121560552,35.64773115088739,
8551,-84.49917516427453,35.97066242876439,
8552,-84.3466798386104,36.04541503938403,
8555,-83.25828182798801,36.22781140929603,
8556,-83.04000420497857,36.22482130487124,
8557,-83.6918469695821,36.16950437301272,
8558,-83.33303443860768,36.34293042965035,
8559,-83.06542009258926,36.378811682747774,
8560,-82.98169716869523,36.428148405756716,
8561,-85.32444398551569,35.08559151902744,
8562,-85.03589890852378,35.961692115490024,
8563,-85.04486922179812,36.00056347301226,
8564,-85.0971960492319,36.62250519336788,
8565,-83.92058995807828,35.474305094249736,
8566,-84.04467929170694,35.69706787389637,
8567,-83.98936235984839,35.74042438805577,
8569,-87.3382793156096,36.53878226947389,
8570,-86.59374331383768,35.15735402522233,
8571,-81.99944786515277,36.16950437301272,
8572,-82.18782444391434,36.23977182699523,
8573,-86.55786206074025,35.158849077434745,
8574,-86.43975293596117,35.587929062391645,
8575,-86.29174276693422,36.208375730534925,
8576,-86.39639642180175,35.812186894250665,
8577,-86.39191126516458,35.84208793849851,
8578,-86.27828729702267,36.499910911951574,
8579,-83.43768809347522,36.368346317261015,
8580,-83.56925268816585,36.45206924115503,
8581,-84.4827295899382,35.97963274203878,
8582,-84.75034393595662,35.794246267701936,
8583,-84.67409627312456,35.8749790871712,
8584,-84.56346240940745,35.921325705755365,
8585,-84.88041347843486,35.65819651637411,
8586,-84.85948274746134,35.6925827172592,
8587,-85.12410698905498,35.35171081283347,
8588,-85.08374057932036,35.432443632302764,
8589,-86.46815892799664,36.37881168274774,
8590,-82.27005231559598,36.32797990752637,
8591,-82.23118095807375,36.35190074292468,
8592,-88.66887578463972,35.97664263761389,
8593,-88.41471690853284,35.99009810752552,
8596,-86.71932769967873,36.34293042965035,
8597,-86.87633794209174,36.492397787161984,
8598,-84.27192722799073,35.577463696904914,
8599,-84.52010589524804,35.33377018628474,
8600,-84.3706006740087,35.508691295134795,
8601,-84.52758115631,35.320314716373225,
8602,-82.0592499536485,36.56419815708456,
8603,-81.74080383240872,36.33994032522552,
8604,-87.33020471946782,35.2422586484461,
8605,-87.28296238375104,35.34423555177153,
8606,-86.86883292091807,36.323494750889225,
8607,-83.42722272798846,35.61035484557757,
8608,-89.36856022003983,35.24107694911636,
8609,-89.3326789669424,35.24107694911636,
8610,-88.25773642623153,35.2246313747801,
8611,-88.01105281118664,35.27695820221381,
8612,-89.65411519260697,35.20968085265613,
8613,-89.03067842003892,35.27695820221381,
8614,-88.91854950410942,35.24257200132878,
8615,-88.83482658021539,35.22612642699246,
8616,-88.60907369614398,35.17977980840825,
8617,-88.40425154304609,35.229116531417226,
8618,-88.32202367136445,35.22164127035527,
8619,-87.07365507401596,35.20968085265613,
8620,-86.2708120359607,35.07213604911595,
8621,-86.62513941029795,35.16482928628433,
8622,-87.98115176693875,35.287423567700536,
8623,-88.11695925380579,36.03680650617584,
8624,-88.31604346251488,36.29209865442894,
8625,-88.32650882800164,36.30106896770331,
8626,-87.86902285100925,36.07382103141954,
8627,-87.36818035985746,36.07382103141954,
8628,-86.89873396516593,36.130633015490474,
8629,-87.76137909171693,36.08578144911865,
8630,-87.41751708286644,36.0872765013311,
8631,-89.61823393950952,34.994393334071454,
8632,-89.86940271119163,35.1035321455762,
8633,-89.24596593862357,35.57596864469251,
8634,-88.14261740587725,36.40422757035845,
8635,-87.75240877844257,36.56270310487219,
8636,-89.0651220304506,35.72665855174373,
8637,-89.98153162712113,35.15137381637278,
8638,-90.04581887225405,35.14090845088601,
8639,-89.98452173154591,35.13343318982407,
8640,-88.47451899702858,36.150068694251644,
8641,-88.335479141276,36.269672871243046,
8642,-87.55207178198185,36.535792165049074,
8643,-87.36519025543268,36.54027732168628,
8644,-85.5038502510029,36.102227023454965,
8645,-85.47394920675502,36.151563746463985,
8646,-85.4575036324187,36.20389057389772,
8649,-86.10635629259744,35.43094858009036,
8650,-86.02861357755297,35.52065171283395,
8651,-84.28837280232706,36.01999915177343,
8653,-83.60812404568807,35.98262284646351,
8655,-82.38666638816267,36.311534333190046,
8656,-82.58241852030717,36.55851824709245,
8657,-82.25809189789683,36.588118992482826,
8658,-83.87424333949409,36.00803873407423,
8568,-83.97142173329966,35.834612677436525,
8659,-83.94750089790136,35.945246541153686,
8661,-83.28070761117391,36.13661322434004,
8662,-83.2836977155987,36.34293042965035,
8663,-85.15101792887805,35.29938398539971,
8664,-84.3242540554245,35.8749790871712,
8666,-89.34762948906632,36.07232597920713,
8667,-88.87519298995001,35.65670146416177,
8668,-82.16091350409125,36.56270310487219,
8669,-84.92376999259426,35.142403503098464,
8670,-85.48740467666657,35.96916737655198,
8671,-85.31846377666612,35.031769639381295,
8672,-82.33882471736607,36.30854422876528,
8673,-84.120926954539,35.91086034026864,
8674,-96.82289055103331,44.32650924383109,
8675,-96.7331971736953,44.31156956375985,
8676,-97.97109065015145,42.99591277480098,
8677,-98.01145705988607,43.69260710577626,
8678,-103.81375469618484,44.47601446507041,
8679,-103.7120911457421,44.387806384539154,
8686,-98.13106123687754,43.08262580311973,
8687,-97.39699060059237,42.90919974648212,
8688,-98.34784380767458,43.139437787190694,
8689,-97.39400049616759,42.871823441172275,
8690,-97.36260439970734,42.87929870223427,
8691,-101.12116566166434,44.37136081020282,
8692,-100.34224345900738,44.3863113323268,
8693,-102.21404882892391,43.98713239161774,
8694,-96.7586033059004,44.311558721707165,
8695,-103.61192264751173,43.76287455975876,
8697,-104.05445810238018,43.30389353055402,
8698,-97.13087130678636,44.89014392790339,
8699,-97.10844552360045,44.89014392790341,
8700,-100.06266869528982,45.01423326153203,
8701,-97.25047548377783,44.89014392790339,
8702,-97.39699060059237,42.92863542524325,
8703,-97.12788120236156,44.32650924383109,
8704,-97.12788120236156,44.36089544471608,
8705,-97.05462364395429,44.93350044206278,
8706,-98.21029900413438,44.05440974117549,
8707,-98.03089273864718,44.009558174803615,
8708,-98.21328910855918,44.341459765955015,
8709,-96.79149445457305,42.78660546506587,
8711,-97.05611869616669,44.89014392790339,
8713,-79.71500808461566,34.60717481106157,
8714,-79.68660209258019,34.616145124335915,
8715,-79.66417630939428,34.616145124335915,
8718,-81.7183780492228,33.56063826238616,
8719,-81.54724870559562,33.902201724763515,
8720,-81.25939702001804,33.983738038493534,
8721,-80.66735634391026,32.908795497782734,
8722,-80.4805359857304,33.37107256529718,
8723,-80.49558647273346,33.46228267949139,
8724,-80.36087064036961,33.81330208628067,
8725,-80.33694980497131,33.91945079336062,
8726,-80.34267222795953,33.94569247250733,
8727,-79.53261171470366,34.68790763053079,
8728,-79.85105783594346,34.51298652168083,
8729,-80.26369224656403,34.20799587035253,
8730,-80.1351177562982,34.2692930110607,
8731,-79.87348361912937,34.4890656862825,
8732,-80.09325629435119,33.062785875659195,
8733,-79.99009769169604,33.2018257314118,
8734,-80.65240582178632,32.904310341145504,
8735,-80.14857322620975,33.03736998804851,
8736,-80.80395759276063,32.7195982741684,
8737,-80.66735634391026,32.904310341145504,
8738,-79.96617685629775,33.22126141017288,
8739,-79.65670104833231,33.357311161500725,
8740,-79.44739373859724,33.37375673583702,
8741,-80.97234699523851,33.804331773006375,
8742,-80.78828394393032,33.64021940560126,
8743,-80.6250455111271,33.45748293461272,
8744,-80.03506961991138,33.03140583983385,
8745,-82.11157678108228,34.11679768539656,
8746,-81.77219992886897,34.00167866504226,
8747,-82.70810261382724,34.88375947035437,
8748,-82.67074569369863,34.77517696379077,
8749,-82.69016198727851,34.55933314026499,
8750,-82.80976616426999,35.07811625796554,
8751,-81.55691241028433,33.910480480086235,
8752,-81.10282580404247,33.61595625614157,
8753,-80.86619828815857,33.51578669601437,
8756,-80.81427206483053,33.24962172390771,
8757,-80.84825766160985,33.470935129642584,
8758,-80.99925793506159,34.07344117123718,
8759,-80.89468635601777,34.702794329554266,
8760,-80.93646574214107,34.820967277433816,
8761,-82.2879929421447,33.91795574114824,
8762,-82.13848772090536,34.152678938494006,
8763,-82.29546820320667,33.91197553229864,
8764,-82.01762502301716,34.49803610568359,
8765,-82.04878458816177,34.28723363760942,
8766,-81.93964577665703,34.97196755088557,
8767,-81.79761581647966,35.18127486062065,
8768,-81.88582389701087,33.42608356327081,
8769,-81.37003088373515,33.24518224557114,
8772,-81.03663424037143,32.735369441145075,
8773,-80.97982225630047,32.48270561725058,
8774,-81.30873374302702,33.00746894380062,
8775,-81.2355797557987,32.95687190545025,
8776,-81.11587178749583,32.87291466064561,
8777,-82.65428073418107,34.47262011194614,
8778,-80.31900917842259,33.937391419909325,
8779,-79.88843414125328,34.291718794246606,
8780,-81.03962434479621,33.28405360309339,
8783,-80.77649515541496,33.66379686504141,
8784,-80.68660035093245,33.94222200046029,
8785,-80.68828707488376,34.18856019159144,
8786,-80.52682143594527,34.63558080309704,
8787,-80.44608861647603,34.749204771239,
8788,-80.58213836780382,34.548867774778216,
8789,-80.18744458373197,33.99719350840506,
8790,-80.30704876072345,33.92842110663497,
8791,-81.59129861116938,34.272283115485486,
8792,-81.17417904391161,34.09885705884784,
8793,-81.90675462798438,34.469630007521424,
8794,-81.88133874037369,34.47262011194614,
8795,-81.61825949248197,34.306547589243046,
8796,-82.28948799435709,34.49953105176925,
8797,-81.98599239524123,34.49355084291965,
8800,-78.65800617045352,33.862638809289656,
8801,-78.87493043143716,34.08196112272569,
8802,-78.97645229169332,34.119787789821295,
8803,-79.86002814921781,34.717808674778716,
8804,-79.70005756249172,34.635580803097056,
8805,-80.3384448571837,33.89552995796235,
8809,-82.16390360851604,34.19454040044102,
8810,-81.05906002355732,32.31077461282534,
8811,-80.73911885010513,32.213862244512825,
8812,-80.76303968550343,32.15528918273641,
8813,-81.92170515010831,33.488875756191334,
8814,-79.4339382686857,34.28424353318464,
8815,-79.3875916501015,34.1481937818568,
8816,-81.855922852763,33.735559371236256,
8817,-81.6989423704617,34.209490922564946,
8818,-81.62119965541724,34.29919405530855,
8819,-81.57784314125783,34.40534276238846,
8820,-81.63914028196596,34.252847436724345,
8821,-81.59129861116938,34.52345188716754,
8822,-81.22894844394597,34.69608844721148,
8823,-81.65409080408989,34.51448157389316,
8826,-82.17735907842759,34.21098597477732,
8827,-81.6062491332933,34.504016208406426,
8828,-80.39077168461748,34.77163055442486,
8829,-80.02747399700587,34.722293831415875,
8830,-80.74808916337949,34.72378888362827,
8831,-81.03513918815902,34.746214666814176,
8833,-79.77032501647422,34.1437086252196,
8834,-81.09494127665477,33.983738038493534,
8835,-80.32050423063498,34.42776854557436,
8836,-79.906374767802,34.65800658628299,
8837,-80.63147509081281,34.24836228008714,
8838,-80.6076990734765,34.248364588526215,
8839,-79.88992919346569,34.80601675530989,
8840,-81.04410950143338,34.00317371725459,
8841,-81.03081999628175,34.00760356512348,
8842,-81.06952538904407,33.99270835176788,
8843,-83.09980629347432,34.66847195176971,
8844,-82.4464684766584,34.83292769513299,
8845,-82.4001218580742,34.8538584261065,
8846,-81.07849570231845,32.18070507034715,
8847,-81.63914028196596,34.73724435353984,
8848,-82.34779503064044,34.37693677035299,
8849,-82.23716116692331,34.28125342875983,
8850,-82.39264659701223,34.44570917212312,
8851,-82.65129062975629,34.49953105176925,
8852,-82.63035989878279,34.49504589513206,
8853,-81.0411193970086,33.98971824734313,
8856,-80.85423787045943,33.490370808403725,
8857,-80.84975271382224,33.50681638274007,
8858,-81.03214908373424,33.99270835176788,
8859,-80.99327772621201,33.99719350840506,
8860,-82.09064605010877,34.25583754114912,
8861,-81.93366556780747,34.951036819912055,
8862,-81.87834863594891,33.668282021678536,
8863,-82.04400011042821,33.92623085689156,
8864,-82.22520074922417,34.296203950883736,
8865,-82.22221064479939,34.341055517255576,
8866,-82.43899321559643,34.94954176769968,
8867,-82.65278568196868,34.50850136504357,
8868,-82.61989453329603,34.4965409473445,
8869,-81.46421917311594,32.9536470641545,
8870,-80.86320818373379,33.48588565176653,
8871,-80.83181208727352,33.48588565176653,
8872,-81.19211967046033,34.686412578318446,
8873,-81.22650587134538,35.111007406638166,
8874,-81.08148580674322,32.2838636730022,
8875,-81.20557514037188,33.09567702433188,
8876,-81.18314935718597,33.11660775530537,
8877,-81.14175569589268,33.325915140757985,
8878,-81.10092148550434,33.722103901324694,
8879,-81.03962434479621,34.01363908274143,
8880,-81.0874660155928,34.347035726105126,
8881,-81.17118893948683,34.544382618141086,
8882,-81.17118893948683,34.572788610176545,
8883,-81.10241653771673,34.39188729247694,
8884,-81.12484232090263,34.429263597786786,
8885,-79.75387944213789,33.89403490574992,
8886,-81.02915897930946,34.00317371725463,
8887,-81.01271340497313,34.00765887389183,
8888,-79.773315120899,34.13473831194526,
8889,-79.88693908904091,34.70136310044236,
8890,-79.96916696072253,34.80751180752231,
8891,-79.89889950674005,34.33657036061839,
8892,-79.56101770673914,33.45149945088152,
8893,-79.94369065419906,33.58131006130473,
8894,-79.99009769169604,33.57708383672257,
8895,-80.55223732355596,34.119787789821295,
8896,-80.77799020762737,34.734254249115025,
8897,-80.78845557311412,34.77163055442486,
8898,-80.74210895452993,34.6908977349556,
8899,-80.05887009346614,33.62791561194389,
8900,-80.21136541913026,33.695192961501625,
8901,-80.48196986957348,34.049520335838864,
8902,-80.41768262444056,34.81498706858427,
8903,-79.05419500673777,33.84320313052853,
8904,-79.02877911912708,33.943371628758904,
8905,-78.87628379346296,34.13473831194526,
8906,-79.0497098501006,33.83572786946661,
8907,-79.28742315187114,33.375251788049454,
8908,-81.04709960585818,34.01064897831664,
8909,-80.38030631913072,33.95682709867042,
8910,-82.58999348904817,34.47710526858336,
8911,-82.78435027665932,34.63408575088462,
8912,-82.73052839701316,34.5817589234509,
8913,-83.08784587577516,34.65800658628299,
8914,-81.4716944341779,33.41561819778403,
8915,-81.03738458109879,33.2973105511285,
8916,-79.89740445452765,34.68940268274318,
8917,-80.68380191824657,34.2229463924765,
8918,-81.95459629878097,33.47542028627975,
8919,-82.60195390674731,34.817977173009055,
8920,-82.82770679081871,34.68940268274318,
8921,-82.81425132090719,34.686412578318446,
8922,-82.03532911825022,35.0272844827441,
8923,-81.85293274833822,34.92711598451379,
8924,-82.10858667665748,34.228926601326044,
8925,-81.95609135099336,33.51429164380205,
8926,-82.33732966515367,34.813492016371846,
8927,-81.16072357400007,33.153984060615166,
8928,-81.0186936138227,33.33638043052721,
8929,-80.01999873594391,33.88954974911271,
8930,-80.01252347488196,33.89403490574992,
8931,-81.0620501279821,33.89552995796235,
8932,-81.1995949315223,35.15735402522233,
8933,-79.7957409040849,33.888054696900404,
8934,-80.29209823859951,33.916460688935814,
8935,-80.01401852709434,32.89234992344633,
8936,-80.19790994921874,33.716123692475094,
8937,-80.85124776603465,35.015324065044965,
8938,-80.60605920320212,34.2304216535385,
8939,-80.62848498638802,33.946361733183714,
8940,-82.98020211648284,34.692392787167975,
8941,-78.77462024302021,33.78639114645761,
8942,-79.15286845275574,33.917955741148205,
8943,-81.05457486692015,33.99868856061751,
8944,-82.03383406603781,34.96449228982355,
8945,-81.90974473240917,35.01083890840781,
8946,-81.10092148550434,34.02709455265292,
8949,-106.62065804432072,35.17725115236943,
8950,-106.6139874899977,35.18725506947026,
8951,-103.18882287140443,32.119407929638975,
8956,-104.50297376609821,33.32741011725283,
8957,-104.52091439264693,33.47392523406743,
8958,-106.12510541654504,36.07232597920713,
8959,-106.87861173159132,33.91795574114824,
8960,-104.52240944485932,33.39468746681053,
8961,-104.60314226432857,36.36087105619907,
8962,-103.00194134485523,36.52233669513757,
8963,-105.17724231388763,34.59521439336246,
8964,-104.24582478556654,34.472675664479375,
8965,-103.32038746609503,34.40534276238846,
8969,-107.91169281035515,36.7166934827487,
8970,-107.61866257672605,36.74659452699654,
8971,-103.3487934581305,32.94318169866775,
8972,-103.31590230945784,32.98055800397755,
8973,-104.99185583955085,34.97645270752276,
8974,-104.6420136218508,34.948046715487315,
8975,-103.17835750591766,34.39637244911408,
8978,-108.19276262628512,36.72865390044781,
8979,-107.97897015991286,36.710716274543245,
8980,-106.66780936964386,35.18127486062065,
8981,-99.33457826785423,34.813492016371846,
8982,-99.37793478201364,34.856848530531266,
8983,-94.73878776695692,34.02709455265292,
8984,-94.59227265014236,34.732759808086634,
8985,-94.82699584748813,33.88057943583839,
8986,-95.6253537289062,34.04055002256447,
8987,-94.83408025293352,34.95777614068008,
8988,-99.88176737759021,36.13810827655246,
8989,-99.89073769086457,36.62250519336787,
8990,-99.63956891918248,35.308354298674075,
8991,-99.75767804396156,36.135118172127626,
8992,-99.33457826785423,34.67445216061927,
8993,-99.33308321564185,34.637075855309476,
8994,-96.67039522536919,35.22463137478009,
8995,-96.67936553864355,34.78957118097358,
8996,-96.67039522536919,35.39955248363012,
8997,-96.68481185242163,35.48626614521883,
8998,-96.66291996430724,35.75836501460453,
8999,-102.55342568113721,36.69875285619998,
9000,-98.86214176873791,36.41768304026997,
9001,-98.47342819351563,36.36087105619907,
9002,-102.38448478113676,36.76304010133287,
9003,-94.90473856253259,36.85872344292603,
9004,-97.88138751740784,35.043730057080445,
9005,-97.65712968554884,35.13791834646124,
9006,-97.60031770147788,35.282938411063355,
9007,-97.60031770147788,35.221641270355256,
9008,-97.1652575076714,35.48925561637373,
9009,-97.00080176430814,35.50721310538199,
9010,-96.29962227669563,35.42197826681597,
9011,-101.20339353334597,36.86320859956327,
9012,-100.87448204661942,36.86320859956327,
9013,-99.96250019705946,36.8288223986782,
9014,-99.89073769086457,36.812376824341854,
9015,-98.66628992891438,36.79742630221794,
9018,-95.88698786607505,35.945246541153686,
9019,-95.64179930324254,35.73892933584337,
9020,-96.63451397227175,34.72677898805305,
9021,-96.67936553864355,34.236401862387986,
9022,-96.67189027758158,35.348720708408734,
9023,-98.91745870059647,36.42067314469475,
9024,-94.64609452978853,35.0362547960185,
9025,-94.632639059877,35.09456183230186,
9026,-97.42390154041547,35.49224572079847,
9027,-95.88698786607505,36.02597936062289,
9028,-98.27309119705491,35.55055275708184,
9029,-98.23720994395747,35.53261213053313,
9030,-95.76887874129596,34.93309619336338,
9031,-94.7896195421783,33.89552995796235,
9032,-94.77466902005436,33.91795574114824,
9033,-97.1428317244855,34.33208520398116,
9034,-97.1428317244855,34.20351071371535,
9035,-97.48220857669881,35.653711359736945,
9038,-96.8737223262547,35.985612950888246,
9039,-96.76757361917475,35.985612950888246,
9040,-98.41960631386947,35.84208793849851,
9041,-97.93221929262921,35.86152361725962,
9042,-96.26673112802297,34.574283662388936,
9043,-97.39400049616759,35.87796919159599,
9044,-96.64946449439569,35.985612950888246,
9045,-97.03369291298078,35.985612950888246,
9046,-97.2564556926274,35.945246541153686,
9047,-97.0516335395295,35.985612950888246,
9048,-96.93053431032564,34.94655166327488,
9049,-96.72571215722775,34.78508602433641,
9052,-96.00210688642935,36.75257473584613,
9053,-96.31606785103196,36.66735675973964,
9054,-95.70160139173827,36.5253267995623,
9055,-95.62983888554338,36.70046251804381,
9056,-95.70907665280023,36.4386137712435,
9057,-97.0516335395295,36.06485071814515,
9058,-97.0770494271402,36.59409920133238,
9059,-96.93352441475042,34.187065139379044,
9060,-96.92305904926367,35.260512627877496,
9061,-96.77504888023672,34.09885705884784,
9062,-99.01463709440203,34.406837814600856,
9063,-99.07443918289778,34.24686722787476,
9064,-98.980250893517,34.518966730530344,
9065,-98.98772615457895,34.49504589513206,
9066,-98.96380531918066,34.63857090752184,
9067,-98.95633005811871,36.144100086492614,
9068,-99.2269345085619,36.310039280977705,
9069,-99.38989519971278,36.434128614606315,
9070,-99.58574703953632,36.57615857478372,
9071,-100.52314477670697,36.61652498451832,
9072,-98.31794276342671,35.63278062876349,
9073,-96.24798853140781,35.08708692601669,
9074,-95.62385867669381,34.88973967920394,
9075,-94.60308295017862,34.89571992052027,
9076,-96.24131524041229,34.96598734203603,
9077,-95.85858187403957,34.95103681991204,
9078,-94.65506484306289,35.238086844691615,
9079,-94.43529216784106,35.291908724337816,
9080,-101.47399798378918,36.67782212522645,
9081,-94.68496588731075,35.238086844691615,
9082,-94.62665885102741,35.80172152876386,
9083,-94.77915417669153,36.21435593938451,
9084,-94.9271643457185,36.718188534961016,
9085,-94.583302336868,35.9877186151114,
9086,-97.05013848731711,36.680812229651266,
9087,-96.38633530501444,36.66586170752728,
9088,-98.92493396165844,36.153058798676305,
9089,-98.24767530944422,36.39077210044693,
9090,-97.78719922802706,36.670346864164486,
9091,-97.12638615014917,36.68828749071317,
9092,-97.0770494271402,36.680812229651224,
9093,-95.93482953687163,36.72865390044781,
9094,-95.23813520589633,36.626990350005016,
9095,-95.1544122820023,36.63895076770421,
9096,-94.93015445014328,36.70622811726192,
9097,-99.66647985900556,34.66697689955735,
9098,-99.45717254927048,34.637075855309476,
9099,-99.99987650236929,34.68192742168123,
9100,-99.36746941652689,34.637075855309476,
9101,-97.96511044130187,35.06017563141677,
9102,-95.96174047669471,35.60885979336517,
9103,-95.4220266280207,35.75537491017969,
9104,-94.9271643457185,35.925810862392545,
9105,-101.48147324485114,36.6897825429256,
9106,-94.8778276227095,36.88413933053675,
9107,-97.47473331563684,34.17360966946745,
9108,-96.96791061563547,34.100352111060204,
9109,-96.54331578731576,33.99868856061751,
9110,-95.54761101386174,34.02559950044056,
9111,-95.47435345545448,33.99719350840506,
9112,-95.00490706076295,33.98074793406873,
9113,-94.59675780677955,34.04204507477689,
9114,-96.12320611563321,35.432443632302764,
9115,-98.37774485192244,34.59371934115004,
9116,-95.8301758820041,36.36535621283623,
9117,-94.67300546961161,35.238086844691615,
9118,-95.75093811474724,36.162029111950716,
9119,-95.27999666784333,36.176979634074655,
9120,-94.71337187934623,36.19342520841099,
9121,-95.26056098908221,36.17847468628702,
9122,-98.63190372802933,34.64006595973426,
9123,-98.54220059528572,34.631095646459904,
9124,-98.24319015280705,35.07213604911595,
9125,-94.52649035279705,35.40553269247967,
9126,-94.8793226749219,36.870683860625206,
9127,-97.15628719439704,34.139223468582436,
9128,-97.1682476120962,34.17211461725509,
9131,-97.49267394218556,35.46234467655058,Oklahoma City
9132,-101.29608677051436,48.2839124500364,
9133,-101.34243338909856,48.22261530932823,
9134,-97.1682476120962,48.07759524472611,
9135,-97.44782237581376,48.8041906199493,
9138,-99.26281576165934,48.79522030667499,
9139,-101.0165120067968,48.82063619428558,
9140,-100.3362632501578,48.805685672161665,
9141,-102.0869693908705,48.76531926242707,
9142,-101.30057192715155,48.76232915800229,
9143,-100.06117364307742,48.805685672161665,
9144,-103.61640780414892,48.90884427481682,
9145,-102.54595042007524,48.8938937526929,
9146,-99.11779569705719,47.45714857658283,
9147,-101.29907687493915,48.545546587205266,
9148,-101.0165120067968,48.99854740756047,
9149,-101.29907687493915,48.45883355888647,
9150,-101.29907687493915,48.428932514638596,
9151,-103.80926953954767,49.00004245977287,
9153,-78.72528352001123,40.48422505798003,
9154,-78.71780825894926,40.55449251196248,
9155,-80.30704876072345,40.715958150901024,
9156,-80.362365692582,40.7637998216976,
9159,-75.75760487841033,41.997217896922194,
9160,-75.79946634035734,41.569632964177686,
9161,-75.19546524655041,39.97590730576628,
9162,-75.14999290079747,40.01762975998322,
9163,-80.21286047134267,40.15082841461635,
9164,-80.03121177690163,40.42517071681608,
9165,-80.01551357930673,40.496185475679255,
9166,-80.16130224616367,40.966994943013226,
9167,-80.23827635895334,41.23474126860154,
9168,-80.0005630571828,41.88209887656788,
9169,-80.07531566780247,42.110841865064046,
9172,-75.20892071646196,40.982077444707016,
9173,-75.12669284478034,41.04187953320273,
9174,-75.32702984124103,40.928255565060866,
9175,-76.96112190938702,40.53954198983861,
9176,-76.19146815510167,40.68396365117129,
9177,-75.699297842127,40.82958211904291,
9180,-80.51934617488331,41.023938906654074,
9181,-80.39250413425766,41.01110256290999,
9182,-76.40047732973949,40.255482069483904,
9183,-76.15220706852843,40.16194554977896,
9184,-75.72531219984297,40.01293887150384,
9185,-75.58866397840988,39.98039246240348,
9186,-76.68902240673143,40.26445238275818,
9187,-76.44532889611129,40.2794029048822,
9188,-80.51934617488331,41.71465302877979,
9189,-80.30555370851107,41.6040191650627,
9190,-80.51934617488331,41.22128579868997,
9191,-80.23977141116573,41.22726600753958,
9192,-79.8405924704567,41.39022669869043,
9193,-75.66042648460476,40.23305628629792,
9194,-75.66090848883418,40.23932347359683,
9195,-75.62454523150731,40.34668025443985,
9196,-75.6051095527462,39.95946173142997,
9197,-75.5833241946422,39.96779183621122,
9198,-75.29460469781485,39.96892082108942,
9199,-75.27021785717008,39.9639468880671,
9200,-75.90860515186206,41.29005820046006,
9201,-75.95495177044626,41.33042461019474,
9204,-74.87402902088583,40.09850158718255,
9205,-74.8142269323901,40.147838310191496,
9206,-77.43953861735291,41.127097509309195,
9207,-80.26369224656403,40.182224511076605,
9208,-80.41151675886651,40.541563445228185,
9209,-80.32498938727217,40.66811648010445,
9216,-79.99458284833324,40.45432401373218,
9217,-79.95122633417381,40.49170031904204,
9221,-75.80188416550794,39.840892548374555,
9222,-76.02222912000396,39.99235288010266,
9223,-79.9317906554127,40.301828688068014,
9224,-79.99607790054561,40.382561507537254,
9225,-79.773315120899,40.049164864173555,
9226,-79.77182006868661,40.107471900456936,
9227,-75.11772253150596,40.896859468600596,
9228,-75.09230664389527,40.922275356211316,
9229,-76.43934868726173,40.79818602258262,
9230,-76.39300206867753,40.79669097037025,
9231,-76.58287369965149,40.81014644028183,
9232,-76.79666616602374,40.86247326771559,
9233,-76.33768513681898,40.781740448246325,
9234,-76.54549739434167,40.790710761520685,
9235,-75.13416810584228,40.34219509780264,
9236,-75.18200977663888,40.67708679337876,
9239,-75.11622747929356,40.14484820576677,
9240,-75.12370274035553,40.161293780103065,
9241,-75.17453451557692,39.89816459072178,
9242,-75.13715821026707,40.06262033408508,
9243,-77.20141770588378,39.79916509365761,
9244,-75.20742566424956,40.01029350665132,
9245,-75.32104963239146,39.95647162700517,
9246,-76.81311174036007,40.85350295444118,
9247,-75.88569640328855,41.27465925157032,
9248,-75.79348613150778,41.32743450576992,
9249,-76.9207554996524,40.24950186063426,
9250,-77.15099354036099,40.22857112966078,
9251,-76.97756748372335,40.23754144293512,
9252,-75.73816919964922,41.34687018453106,
9253,-75.66042648460476,41.40966237745156,
9254,-75.74564446071119,41.32892955798235,
9256,-76.84002268018315,40.83107717125532,
9257,-79.78079038196097,39.82042187567743,
9258,-79.11250204302112,40.67559174116641,
9259,-79.10652183417155,40.73987898629925,
9260,-79.0033632315164,40.90881988629979,
9261,-79.54158202797802,40.303323740280455,
9262,-79.44141352974766,40.396016977448795,
9263,-78.77312519080783,41.09271130842411,
9264,-79.5475622368276,40.28687816594412,
9265,-76.89085445540452,41.100186569486084,
9266,-76.9880328492101,41.22726600753958,
9268,-75.1057621138068,40.3137891057672,
9269,-75.3330100500906,40.13438284028,
9270,-75.24031681292223,40.23455133851035,
9271,-75.22835639522309,40.26594743497063,
9272,-75.14911862796622,40.303323740280455,
9273,-75.2448019695594,40.24800680842191,
9274,-75.77704055717145,41.318464192495554,
9275,-74.80376156690335,41.32145429692034,
9278,-79.0467197456758,39.84284765886324,
9279,-79.04223458903863,39.98338256682827,
9280,-78.7761152952326,41.131582665946375,
9281,-79.03176922355188,39.784540622579975,
9282,-79.58792864656222,40.40050213408599,
9283,-78.00018319700042,40.47674979691805,
9284,-77.87916596943914,40.3943306164268,
9285,-77.63951219525083,40.57101603565038,
9286,-77.5740933164683,40.59336386948475,
9287,-79.42197785098655,40.399007081873656,
9288,-79.26948252532243,40.439373491608244,
9289,-78.03905455452265,40.49020526682957,
9290,-79.22014580231344,40.44535370045781,
9291,-79.0467197456758,40.45133390930737,
9292,-76.45429920938565,41.738573864178065,
9293,-77.47541987045035,41.08673109957462,
9294,-78.56232282886035,39.95946173142997,
9295,-76.48270520142113,41.795385848249104,
9296,-76.52606171558054,41.935920756213974,
9298,-76.00428849345523,40.29435342700608,
9299,-75.93322986376916,40.32355135204096,
9300,-75.92804083062317,40.33471983674069,
9301,-75.92804083062317,40.34219509780264,
9302,-75.91309030849925,40.43040317833387,
9303,-75.81890201911845,40.49319537125442,
9304,-75.75760487841033,40.53206672877663,
9305,-75.62454523150731,40.53954198983861,
9306,-79.83760236603192,40.39302687302402,
9307,-79.7030476669165,40.3242544712539,
9308,-77.96579699611539,39.9310557393945,
9309,-77.1968355627369,39.846296671859236,
9310,-76.79965627044852,39.93703594824405,
9311,-79.21566064567627,40.22109586859879,
9312,-78.51747126248854,40.032719289837246,
9313,-79.64623568284556,40.30930394913003,
9314,-79.57596822886308,40.30631384470518,
9315,-78.23939155098337,39.99982814116455,
9316,-78.02410403239872,39.96992709691671,
9317,-78.3679660412492,40.025244028775255,
9318,-78.27078764744364,39.99235288010265,
9319,-76.24200179522579,40.03122423762484,
9320,-75.93252598726036,39.98338256682822,
9321,-79.71201798019086,41.34986028895578,
9322,-79.24406663771174,41.18241444116775,
9325,-80.51934617488331,41.53225665886782,
9326,-79.82564194833277,41.3947118553276,
9327,-79.61782969081008,39.84434271107563,
9328,-79.43842342532288,39.754639578332,
9329,-79.97066201293492,40.04318465532402,
9330,-79.8854440368285,40.025244028775205,
9331,-79.7401605403072,39.9070659046366,
9332,-79.69706745806694,39.869758598686374,
9333,-79.39955206780066,39.754639578332,
9335,-80.05887009346614,40.91480009514929,
9336,-79.9527213863862,40.881908946476706,
9337,-79.864513305855,40.869948528777556,
9338,-79.7523843899255,40.84901779780404,
9340,-80.29957349966148,40.97759228806989,
9341,-79.51168098373016,40.80117612700748,
9342,-79.22762106337541,40.62027480930782,
9343,-79.01382859700315,40.60233418275912,
9344,-78.74920435540952,40.4887102146172,
9345,-76.66211146690836,40.280897957094545,
9346,-75.98335776248175,40.32724457567871,
9347,-75.9728149041809,40.33060396179724,
9348,-75.93983538015335,40.334720751280216,
9349,-80.51934617488331,41.09121625621177,
9350,-80.39077168461748,41.028424063291226,
9351,-78.1900548279744,39.757629682756814,
9352,-77.99489037114384,39.944001742150355,
9353,-77.56512300319395,40.605324287183905,
9354,-76.86842867221863,40.810146440281784,
9355,-80.46402924302475,41.943396017276015,
9356,-80.05587998904136,41.80435616152346,
9357,-79.32479945718097,41.84920772789516,
9358,-80.1814643748824,41.6219597916114,
9359,-80.16501880054606,41.68325693231956,
9360,-79.11848225187069,41.82379184028454,
9361,-79.17828434036643,41.83874236240845,
9362,-79.14539319169377,41.844722571258075,
9363,-75.70378299876417,41.494880353558,
9364,-75.66491164124194,41.45750404824815,
9365,-75.46905980141841,41.575613173027214,
9366,-74.69761285982341,41.3722860721417,
9367,-79.14688824390616,41.89106918984223,
9368,-79.15884866160532,41.99871294913452,
9369,-79.71351303240327,41.43208816063746,
9370,-79.25709536524116,41.842800818366335,
9371,-79.80620626957166,41.40368216860195,
9372,-79.77780027753617,41.41713763851351,
9373,-75.33600015451539,40.40349223851075,
9374,-75.43317854832097,40.555987564174934,
9375,-75.2896535359312,40.301828688068014,
9376,-79.7269685023148,39.91610521727053,
9377,-75.93850619610993,40.41096749957279,
9379,-79.86899846249219,40.434888334971035,
9380,-75.0848313828333,40.03271928983724,
9381,-75.36590119876325,39.93703594824404,
9382,-75.69182258106503,39.857798180987125,
9383,-75.54703869694505,39.880708190333316,
9384,-75.41972307840942,39.91461016505812,
9385,-76.85347815009469,40.81911675355614,
9386,-77.010458632396,40.421432865059465,
9387,-76.86693362000624,40.768284978334805,
9388,-76.93271591735154,40.23156123408554,
9391,-79.1618387660301,40.57542324293603,
9392,-79.66268125718189,39.93703594824404,
9393,-79.55653255010196,40.12391747479324,
9394,-79.59241380319939,40.22707607744844,
9395,-79.56101770673914,40.153818519041096,
9396,-76.86842867221863,41.02094880222932,
9397,-77.12707270496269,39.97740235797868,
9398,-77.0089635801836,40.1493333624039,
9399,-76.8729138288558,41.07178057745063,
9400,-75.54530746425048,39.86377838983681,
9401,-75.59165408283467,39.94002605266884,
9402,-75.39430719079874,40.083551065058565,
9403,-79.03326427576427,40.455819065944546,
9404,-78.70734289346251,40.48123495355527,
9407,-77.22126099434347,41.21979074647751,
9408,-77.11212218283875,41.23175116417669,
9409,-77.81031156602647,40.937225878335234,
9410,-76.75779480850152,39.9788974101911,
9411,-76.6935075633686,39.981887514615856,
9412,-79.36068071027842,40.28837321815645,
9413,-79.51766119257972,40.303323740280455,
9414,-75.92505072619839,39.98188751461586,
9417,-76.79367606159896,40.256977121696245,
9418,-76.72789376425365,40.261462278333404,
9419,-79.91983023771355,40.03720444647437,
9420,-75.86225853327787,40.30631384470518,
9421,-75.6753770067287,40.24352165178473,
9422,-79.55354244567717,40.81014644028183,
9423,-80.12913754744862,40.96114671373354,
9424,-79.50719582709299,40.79370086594549,
9425,-79.2993835695703,41.84771267568281,
9426,-79.24107653328694,41.84920772789516,
9427,-79.19024475806557,41.83874236240845,
9428,-79.14838329611855,41.83724731019612,
9429,-79.14688824390616,41.84920772789516,
9430,-80.3892766324051,40.99254281019382,
9431,-75.38533687752438,39.84284765886324,
9432,-76.78769585274938,40.219600816386404,
9433,-76.32572471911982,40.071590647359464,
9434,-75.82039707133086,41.251186842937834,
9435,-75.16705925451494,40.08953127390817,
9436,-75.22536629079828,40.20614534647488,
9437,-75.27619806601966,40.63373027921933,
9438,-75.28972482272434,40.68306958669212,
9439,-75.30011890141795,40.92526546063608,
9442,-80.45655398196278,41.18689959780493,
9445,-75.60361450053381,41.42012774293832,
9446,-77.5740933164683,40.61578965267066,
9447,-74.80249507516271,40.19671804968579,
9448,-74.77535557486787,40.20614534647488,
9449,-75.19546524655041,40.00431329780177,
9450,-79.15588660259431,40.585096943622894,
9451,-79.74789923328831,39.86527344204917,
9454,-75.40776284142765,40.0790661795539,
9455,-75.2223761863735,40.985067549131784,
9456,-75.59015903062227,40.588878712847574,
9457,-76.54998255097883,42.00020800134696,
9458,-77.04035967664387,41.23175116417669,
9459,-75.95943692708344,40.351165411077005,
9462,-75.58567387398509,40.03271928983724,
9463,-76.28834841380998,40.06710549072228,
9464,-79.74341407665113,39.869758598686346,
9465,-75.57670356071073,40.2420265995723,
9466,-75.4466340182325,40.13438284028,
9467,-79.48776014833186,40.80117612700748,
9339,-79.87497867134175,40.87443368541468,
9468,-75.89813978637531,40.153818519041096,
9469,-75.89813978637531,40.30631384470518,
9470,-80.10073155541315,40.58588860842275,
9471,-75.50494105451584,41.23474126860154,
9472,-75.57371345628594,41.3722860721417,
9473,-79.99458284833324,40.43787843939582,Pittsburgh
9474,-75.40925771292267,40.091026326120534,
9475,-75.18200977663888,39.95497657479274,Philadelphia
9476,-123.24494830066185,45.6122541464894,
9477,-123.116373810396,45.51956090932101,
9478,-123.08497771393577,45.519560909321015,
9479,-123.09245297499771,45.519560909321015,
9480,-122.97434385021863,45.51806585710865,
9481,-123.0072349988913,45.519560909321015,
9482,-123.04461130420111,45.519560909321015,
9483,-123.07600740066141,45.519560909321015,
9486,-122.11767893251722,43.08860601196932,
9487,-122.15206513340226,42.967506782765454,
9488,-122.1715008121634,42.871823441172275,
9489,-123.31222565021956,43.21269534559803,
9490,-122.57067975287242,45.40743199339151,
9491,-122.34343181658863,45.432847881002154,
9492,-122.58862037942114,45.373045792506424,
9493,-122.78447203555267,45.005263023139605,
9494,-123.02069046880283,44.9559262252487,
9497,-122.69925424313827,42.66102107922481,
9498,-121.88594583959626,42.53095153674653,
9499,-122.85174956880239,42.42330777745427,
9500,-122.64178275231438,45.448941939709044,
9501,-122.66038288561603,45.501620282772286,
9502,-117.92555252896612,45.02619367923111,
9503,-117.80594835197466,44.74811396772601,
9504,-119.30548572100525,45.91724479781768,
9507,-122.5721748050848,45.420887463302996,
9511,-121.54058877853338,44.287637886308865,
9512,-123.97303872809744,45.02021347038162,
9513,-123.21803736083875,45.189154370382035,
9514,-123.17767095110416,45.2011147880812,
9515,-123.06255193074985,45.238491093391055,
9518,-118.7971679687915,45.669066130560395,
9519,-118.77623723781798,45.67355128719753,
9520,-123.01321520774088,44.00058786152935,
9521,-123.8444642378316,45.45826376861288,
9522,-123.12235401924558,44.05141963675069,
9523,-122.96537353694428,45.299788234099154,
9524,-119.62991205109462,45.83501692613605,
9526,-77.99270793593845,33.935896367696934,
9527,-77.94486626514187,33.958322150882864,
9528,-78.02559908461113,33.938886472121716,
9531,-77.94935142177906,35.68361240398483,
9532,-83.30163834214741,35.505701190710006,
9533,-82.793452701065,35.36815685088729,
9534,-81.66344254126552,36.146506567650256,
9535,-81.56724192509276,36.22769790871921,
9536,-81.5577534341806,36.230694311254545,
9537,-81.50115856581571,36.232332198465336,
9538,-81.02481407086765,36.448804498410276,
9539,-78.9794423961181,34.61315501991113,
9540,-78.66120822024165,34.48915948294117,
9541,-78.99289786602965,34.63259069867233,
9542,-78.67594679700224,34.644551116371446,
9545,-80.88712901913208,35.78228585000279,
9546,-80.48346492178587,35.686602508409635,
9547,-78.48780217913695,35.19579585114469,
9548,-78.35473883993312,35.24493416373046,
9549,-78.03606445009787,35.32778997743529,
9550,-77.66828160584909,35.46383972876303,
9551,-77.3946870509811,35.59839442787841,
9552,-77.36329095452083,35.659691568586574,
9553,-77.3737563200076,35.80620668540113,
9554,-77.0792310341661,35.840592886286124,
9555,-77.60399436071617,35.534107182745515,
9556,-77.43056830407855,35.577463696904914,
9557,-79.93777086426228,36.41618798805759,
9558,-79.78826564302294,36.48197028540287,
9559,-79.41599764213697,35.15286886858517,
9560,-79.23210622001258,35.40702774469207,
9561,-79.457859104084,34.79704644203559,
9562,-79.430811447559,35.12862907381764,
9563,-79.50719582709297,34.72378888362827,
9564,-79.48327499169469,34.75069982345135,
9565,-82.8306968952435,35.14838371194797,
9566,-79.96019664744817,36.38628694380971,
9567,-79.94341049317538,36.375096372123785,
9568,-81.86190306161258,35.33377018628474,
9569,-81.85898046737373,35.315262919724766,
9570,-82.65278568196868,35.78677100663999,
9571,-82.70361745719006,35.27396809778909,
9572,-77.75200452974312,36.0499001960212,
9573,-77.59203394301703,36.42515830133197,
9574,-80.17249406160803,36.1605340597383,
9575,-81.77070487665658,36.25472234911911,
9576,-78.29470848284193,36.09774186681777,
9577,-78.18257956691242,36.434128614606315,
9578,-78.5518574633736,35.86002856504726,
9579,-78.31563921381543,36.08428639690628,
9580,-77.83423240142476,35.97066242876439,
9581,-77.82367893461499,35.95694417982312,
9582,-77.54718237664522,35.88843455708273,
9583,-77.53073680230891,35.88992960929508,
9584,-82.99963779524396,35.11698761548769,
9585,-82.71856797931399,35.25453241902795,
9586,-82.2864978899323,35.4518793110639,
9587,-83.35845032621837,35.17529465177107,
9588,-79.74490912886353,36.507386173013614,
9593,-77.94935142177906,34.96449228982361,
9594,-77.58904383859225,34.91216546238988,
9596,-78.61584154582461,34.606042473968465,
9597,-78.57727335098429,34.60866986327393,
9598,-78.02410403239872,34.92113577566424,
9599,-77.93440089965512,34.19155029601623,
9600,-77.88805428107092,34.20201566150296,
9601,-77.3737563200076,35.79275121548957,
9602,-78.96299682178177,35.96767232433962,
9603,-78.90319473328604,35.99009810752552,
9606,-82.57205286249945,35.704543134958364,
9607,-78.00466835363761,35.76285017124169,
9608,-77.92094542974358,35.70603818717073,
9609,-77.8955295421329,35.7165035526575,
9612,-80.23977141116573,35.83311762522417,
9613,-79.99159274390846,35.93478117566693,
9614,-79.96916696072253,35.94823664557843,
9615,-79.8854440368285,35.985612950888246,
9616,-80.56419774125511,35.574473592480096,
9617,-80.75705947665385,35.29041367212536,
9618,-80.60755425541451,35.39955248363011,
9621,-77.95533163062862,35.67613714292287,
9622,-78.57876840319668,35.840592886286124,
9623,-79.89142424567808,36.05588040487075,
9624,-79.80620626957166,36.08877155354344,
9625,-77.8940344899205,34.139223468582436,
9626,-80.92002016780474,35.238086844691615,
9627,-80.54924721913117,35.37413659601941,
9628,-80.26833607689147,35.4714560645879,
9629,-80.06335525010331,35.580453801329725,
9630,-80.00504821381998,35.62680041991392,
9631,-79.48028488726989,35.09157172787705,
9632,-78.36198583239963,36.36386116062385,
9633,-78.19753008903636,36.446089032305515,
9634,-77.08820134744046,36.443098927880655,
9635,-77.09076424975592,36.43028479246232,
9636,-83.70380738728124,35.24556210575352,
9637,-76.95364664832505,36.011028838499,
9638,-76.9431812828383,36.39525725708407,
9639,-79.184264549216,35.52364181725872,
9640,-79.17828434036645,35.720988709294645,
9641,-78.60717439523215,36.271167923455394,
9642,-78.59283019998443,36.3345260218203,
9643,-79.92035563919652,36.246237059087306,
9644,-79.69258230142975,36.33396011637597,
9645,-77.13006280938747,36.4386137712435,
9646,-78.98392755275529,36.37881168274775,
9647,-78.54139209788684,36.314524437614836,
9648,-79.6611862049695,36.380306734960136,
9649,-78.98691765718007,36.39525725708407,
9650,-76.85646825451948,36.45655439779219,
9651,-76.34067524124377,36.41469293584522,
9652,-77.07474587752891,36.43562366681866,
9653,-82.39115154479984,35.91385044469344,
9654,-84.10149127577789,35.0332646915937,
9655,-80.98281236072526,36.37432652611056,
9656,-80.85274281824704,36.293593706641346,
9657,-79.93926591647467,36.284623393366935,
9658,-81.95609135099336,35.38310690929379,
9659,-81.98599239524123,35.64324599425019,
9660,-81.67203143063861,36.133623119915256,
9661,-81.6525957518775,36.19342520841099,
9662,-81.66904132621383,36.20538562611013,
9663,-77.53671701115847,35.886939504870355,
9664,-77.05680525098019,35.54905770486941,
9665,-75.7860108704458,35.87049393053403,
9666,-79.8211567916956,35.80172152876387,
9667,-81.19361472267273,35.233601688054385,
9668,-81.57186293240825,35.99009810752552,
9669,-81.67502153506341,36.21585099159688,
9670,-78.8030262350557,35.417493110178796,
9671,-78.71332310231207,35.63726578540065,
9672,-78.97645229169332,35.043730057080445,
9673,-78.96173150331552,35.0759319816752,
9674,-78.86992835919163,35.15431558175839,
9675,-78.81648170496723,35.398057431417705,
9676,-79.43692837311049,34.803026650885116,
9677,-79.17678928815403,35.006353751770604,
9678,-78.07194570319531,34.53391725265428,
9679,-78.30517384832868,34.96449228982361,
9680,-79.19472991470275,35.49523582522332,
9681,-78.34105510142612,35.007848803982995,
9682,-78.60866944744454,35.30685924646168,
9683,-79.2530369509861,35.546067600444616,
9684,-79.42945311204852,35.69258271725923,
9685,-77.9403811085047,33.961312255307604,
9686,-77.89702459434528,34.02410444822812,
9687,-83.32107402090854,35.47729519867454,
9688,-78.8897392633745,36.014018942923784,
9689,-78.90319473328604,36.05588040487077,
9690,-78.96000671735699,36.441603875668264,
9691,-80.08578103328922,34.97645270752275,
9692,-80.47000945187432,35.66716682964851,
9693,-80.05587998904136,34.96299723761122,
9694,-80.8826438624949,35.100542041151435,
9695,-80.54775216691878,34.99887849070864,
9696,-80.51635607045851,34.97346260309792,
9697,-80.57316805452946,35.90189002699425,
9698,-80.65974791242914,36.119685194381525,
9699,-80.63369888599087,36.462018694978,
9700,-80.49094018284784,35.71052334380791,
9701,-80.56126256289492,35.89264511052441,
9702,-79.64773073505796,35.7404243880558,
9703,-81.94861608993139,35.38310690929379,
9704,-80.26967245541363,35.831622573011785,
9705,-79.43239672054607,35.73379359997227,
9706,-79.24257158549935,35.728463970356664,
9707,-76.27190283947367,35.91385044469344,
9708,-75.7635850872599,35.885444452657964,
9711,-78.71780825894926,34.303679211945735,
9712,-78.32759963151459,35.04223500486809,
9713,-78.38889677222271,35.457859519913384,
9714,-81.94114082886942,35.362176178320226,
9715,-78.60567934301976,35.81517699867546,
9716,-78.40683739877143,36.27266297566781,
9717,-79.23210622001258,35.35769102168305,
9718,-79.20220517576472,35.46832488540017,
9719,-79.3412450315173,35.205195696018876,
9720,-79.29190830850833,35.24556210575352,
9721,-78.19304493239918,35.122967824337316,
9722,-78.06746054655812,35.21416600929329,
9723,-78.03755950231026,35.317324611948415,
9724,-78.01064856248718,35.362176178320226,
9725,-77.86861860230981,34.27975837654744,
9726,-79.16747391922974,35.74686558815164,
9727,-81.66904132621383,36.21585099159688,
9728,-81.50907073948775,36.23678172257035,
9729,-77.91945037753119,34.25434248893673,
9730,-77.87160870673459,34.25434248893673,
9731,-77.95981678726581,35.66866188186092,
9734,-81.3565754138236,35.72248376150707,
9735,-78.64903585717916,35.726968918144244,Raleigh
9736,-79.55354244567717,35.81218689425066,
9737,-79.74939428550071,35.99607831637507,
9738,-81.18464440939837,36.15006869425162,
9739,-83.31359875984657,35.47281004203741,
9740,-80.83480219169832,35.06316573584155,
9741,-80.6120394120517,36.484960389827684,
9742,-78.58175850762147,35.79424626770195,
9743,-78.42926318195734,35.804711633188724,
9744,-77.04633988549344,35.83909783407375,
9745,-76.6798256942375,35.87330302959448,
9746,-79.10801688638394,35.72995902256904,
9747,-78.85236295806466,35.97365253318914,
9748,-78.66847153594028,35.83461267743653,
9750,-79.04821479788822,34.58026387123847,
9751,-78.80751139169287,34.3395604650432,
9752,-81.6974473182493,35.30237408982448,
9753,-81.407407189045,35.24705715796593,
9754,-81.32069416072616,35.24257200132878,
9755,-78.93160072532152,35.0362547960185,
9756,-79.00186817930401,35.16333423407189,
9761,-78.36198583239963,36.37133642168585,
9762,-78.94655124744547,36.02448430841055,
9763,-80.82433682621156,36.263692662393424,
9766,-77.94935142177906,34.25135238451193,
9767,-80.03793936249264,36.003553577437025,
9768,-81.35209025718643,35.70155303053357,
9771,-78.32909468372698,34.988413125221925,
9772,-78.87179863682579,36.014018942923784,
9773,-81.30873374302702,35.24107694911636,
9774,-82.21324033152503,35.2515423146031,
9775,-81.87386347931172,35.31433450752359,
9776,-80.01551357930673,36.09774186681777,
9777,-79.50719582709297,34.78957118097358,
9778,-79.05419500673777,34.578768819026116,
9779,-80.74210895452993,36.49692080752685,
9780,-81.53598167931082,41.56813791196524,
9781,-81.22650587134538,41.741563968602854,
9782,-81.67203143063861,41.509830875681885,
9783,-81.2025850359471,41.583088434089134,
9785,-81.46272412090354,41.02692901107887,
9786,-80.76004958107865,41.02397699017873,
9787,-80.66287118727307,41.024016282669656,
9788,-83.42124251913889,41.15998865798184,
9789,-83.41708824085998,41.34089646633881,
9790,-83.41526231028932,41.47095951815963,
9791,-83.40180684037777,41.08255387092731,
9792,-83.41526231028932,41.15101834470752,
9793,-84.78024498020449,39.82939218895167,
9794,-84.63671996781473,39.74417469411176,
9795,-84.28986785453945,39.7486593694825,
9796,-82.94731096781018,40.267442487183004,
9797,-82.48982499081781,40.39302687302402,
9798,-83.34499485630683,40.239036495147495,
9799,-83.06392504037687,40.29883858364329,
9800,-84.60681892356686,40.09850158718255,
9801,-83.75179814797002,40.10879463409126,
9802,-83.46908418993549,40.14634325797913,
9803,-84.63073975896515,40.05514507302311,
9804,-84.394521509407,39.2896783402777,
9805,-84.20763998285781,39.43619345709229,
9806,-84.11046158905225,39.51094606771192,
9807,-83.94899595011375,39.66344139337606,
9808,-83.93087649976793,39.68620745302877,
9809,-83.39827725994645,39.93812097761995,
9810,-83.2312260600374,40.16169113986169,
9811,-83.06392504037687,40.28986827036891,
9812,-81.99496270851559,41.04636468983996,
9813,-81.70043742267409,41.456008996035735,
9814,-83.0579448315273,40.298838583643246,
9815,-82.51673593064089,40.75183940399847,
9820,-82.69763724834048,41.44703868276134,
9821,-82.59148854126056,41.405177220814394,
9822,-80.70921780585726,41.22876105975196,
9823,-80.53082181047446,41.214729202721514,
9824,-84.39900666604417,41.66681135798323,
9825,-84.43189781471683,41.58607853851398,
9826,-84.52160094746043,41.48890014470842,
9828,-82.06672521471047,41.333414714619444,
9829,-82.07569552798483,41.37826628099128,
9830,-81.67053637842622,41.50385066683233,
9827,-81.61222934214288,41.50385066683233,
9833,-81.19062461824794,41.3842464898409,
9834,-81.1113868509911,41.376771228778914,
9835,-82.80229090320802,40.733898777449745,
9836,-83.1278027260475,40.58931981717265,
9837,-83.6091071218589,40.647350248105276,
9838,-84.10747148462748,40.73688888187451,
9839,-83.41376725807693,41.15998865798184,
9840,-83.17156879966919,41.29155325267244,
9841,-83.6260646722368,41.05084984647715,
9842,-82.53168645276482,40.44535370045781,
9843,-82.5391617138268,40.55000735532532,
9844,-82.51673593064089,40.64569069691852,
9845,-81.05158476249535,41.02543395886642,
9846,-80.92002016780474,40.92975061727327,
9847,-82.00094291736517,40.1523234668287,
9848,-81.8768535837365,40.23604639072271,
9849,-82.81873647754435,39.98188751461586,
9850,-82.52869634834003,40.06112528187268,
9851,-83.36742063949274,40.2539870172714,
9852,-82.88781642645696,41.06437518393705,
9853,-82.79434122239282,41.26603228847382,
9854,-82.71109271825203,41.4545139438233,
9855,-82.61092422002169,40.760809717272835,
9856,-84.29285795896425,40.83705738010489,
9857,-84.1254121111762,40.74286909072413,
9858,-83.3734008483423,40.2539870172714,
9859,-83.74865895365305,39.97590730576628,
9864,-80.7675248421406,40.77277013497201,
9865,-80.88114881028251,40.90134462523781,
9866,-83.1685786952444,41.34238502789388,
9867,-82.00094291736517,39.941521104881254,
9868,-82.02942755014466,40.15043524947246,
9869,-81.45973401647875,39.42124293496833,
9870,-84.10747148462748,40.742869090724106,
9871,-80.6344651952376,40.68306700222835,
9872,-80.6583860306359,41.07178057745065,
9873,-81.97403197754208,39.05346009071957,
9874,-81.814061390816,39.21193562523331,
9875,-82.31639893418017,38.468894675673724,
9876,-82.0607450058609,39.0385095685956,
9879,-84.3915314049822,39.14166817125076,
9880,-83.93282356037079,39.18688351981622,
9881,-83.61141201060624,39.20192431837388,
9882,-82.94880602002257,39.33752001107429,
9883,-82.09961636338313,39.279212974790944,
9884,-82.02336870055106,39.146153327888,
9885,-84.53804652179676,39.15512364116232,
9886,-84.61130408020404,40.1493333624039,
9887,-84.57093767046942,40.54851230311292,
9888,-84.5800658974335,40.65118478976227,
9889,-84.57243272268181,40.899849573025364,
9890,-84.58289808816856,41.23175116417671,
9891,-84.55748220055787,41.25268189515022,
9892,-84.55036083753102,41.441569273692224,
9893,-84.36013530852195,41.6727915668328,
9896,-82.93834065453582,39.96992709691671,
9898,-82.57354791471184,41.249691790725485,
9899,-82.19380465276392,41.275107678336134,
9900,-82.86508309612854,41.28108788718572,
9901,-82.81275626869478,41.26763241727421,
9902,-83.66194592533422,41.57710822523955,
9903,-83.33452949082007,41.439563421699425,
9904,-83.66493602975902,41.615979582761796,
9905,-83.82789672090989,39.44516377036662,
9906,-83.46531026971115,39.528567141417575,
9907,-83.44597376056022,39.53286022695517,
9908,-83.43619304126283,39.539352059747415,
9909,-82.95329117665976,39.60214425266794,
9910,-81.56289261913389,40.049164864173555,
9911,-81.03812929258382,40.2539870172714,
9912,-80.98131730851287,40.297343531430876,
9913,-80.93497068992868,40.32275941904155,
9914,-82.41813639786824,41.02991957600359,
9915,-82.05177469258653,41.02692901107887,
9916,-84.62475955011558,40.893869364175835,
9917,-84.41844234480529,41.275107678336134,
9918,-84.04766939613172,41.415642586301104,
9919,-83.72623317046714,41.49039519692075,
9922,-81.91422988904634,40.77127508275955,
9923,-81.63152122787925,40.656340978626154,
9924,-81.52252620939927,40.58439355621037,
9925,-82.60494401117211,41.288563148247654,
9926,-82.59951748994384,41.222771705993026,
9927,-82.00692312621473,40.79968107479502,
9928,-81.00075298727398,40.28538311373172,
9929,-80.73911885010513,40.07308569957186,
9930,-81.32517931736335,40.40050213408599,
9931,-81.01355072067452,40.27856595248183,
9932,-84.63821502002712,39.322569488950336,
9933,-81.39096161470866,41.521791293381085,
9934,-83.805470937724,40.434888334971035,
9935,-84.4154522403805,40.557482616387325,
9936,-82.2769986142786,40.39904859372663,
9937,-81.87386347931172,40.282393009306915,
9938,-81.39096161470866,40.39153182081162,
9939,-83.398816735953,40.2420265995723,
9940,-83.83387692975947,39.92806563496974,
9941,-83.7381935881663,39.92358047833251,
9942,-80.63596024744999,41.10467172612326,
9947,-84.49917516427453,39.10279681372852,
9948,-84.42591760586726,39.110272074790515,
9949,-82.91142971471274,39.298648653552064,
9950,-82.23716116692331,39.21044057302086,
9951,-84.42143244923008,39.06093535178153,
9952,-84.27192722799073,38.94133117479003,
9953,-83.84262929665158,38.741132905341935,
9954,-83.03701410055379,38.732023865055,
9955,-83.08635082356277,41.36331575886733,
9956,-82.77837006780973,41.44105847391179,
9957,-83.58121310586499,41.354345445593026,
9958,-83.15811332975765,41.3678009155045,
9959,-84.05215455276891,41.397701959752354,
9960,-83.64998550763508,41.3483652367434,
9961,-84.14784159113816,41.39620846474217,
9962,-83.79500557223724,38.802291319037494,
9963,-83.46074198634153,39.523534604718726,
9964,-83.0355190483414,39.947501313730776,
9965,-81.5165460005497,40.760809717272835,
9966,-81.79313065984248,40.56196777302448,
9967,-82.88003361825248,40.019263819925634,
9968,-81.92170515010831,40.51263105001552,
9969,-81.17118893948683,40.90134462523781,
9970,-80.86619828815857,40.92526546063608,
9971,-80.6553959262111,41.09271130842413,
9972,-80.84078240054788,40.923770408423735,
9973,-83.91465330418404,39.6645130966562,
9974,-83.847332399671,39.86676849426156,
9975,-83.77855999790093,40.047669811961185,
9976,-83.75550994466013,40.37995464033358,
9977,-83.65148055984747,40.994037862406174,
9978,-82.38218123152548,40.062620334085096,
9979,-82.41656743241053,40.059630229660286,
9980,-84.45581865011512,40.557482616387325,
9981,-82.61391432444645,39.04598482965757,
9984,-83.80696598993639,39.984877619040645,
9985,-82.0173884917015,39.05794524735676,
9988,-82.1055965722327,39.303133810189244,
9989,-82.70212240497767,41.24819673851303,
9990,-80.87367354922054,40.328739627891125,
9991,-81.48365485187705,41.02543395886642,
9992,-84.37658088285828,41.30201861815921,
9993,-84.36013530852195,41.30799882700884,
9994,-84.06411497046805,41.415642586301104,
9995,-83.70978759613082,41.53674181550499,
9996,-81.34910015276164,40.40498729072322,
9997,-84.60382881914207,39.274727818153764,
9998,-81.44478349435482,41.52029624116866,
9999,-84.38106603949545,40.557482616387325,
10000,-84.23006576604372,40.56495787744929,
10001,-83.78603525896288,40.40199718629837,
10002,-84.05215455276891,39.71726327302222,
10003,-83.97441183772445,39.69035233319914,
10004,-82.5391617138268,38.992162950011476,
10005,-82.43301300674686,38.89049939956873,
10006,-82.84116226073026,39.21343067744564,
10007,-82.66325104745543,39.09681660487898,
10008,-83.86527302621973,39.925075530544866,
10009,-83.8557350877778,39.925984760773396,
10010,-80.87666365364532,41.26314726063701,
10011,-81.21753555807102,41.3842464898409,
10013,-84.38704624834503,39.04598482965757,
10015,-81.34760510054925,40.83107717125532,
10016,-84.54253167843395,39.392836942932874,
10017,-83.03701410055379,40.123917474793224,
10018,-83.02206357842985,39.97291720134149,
10020,-80.6120394120517,40.37359119426295,
10021,-83.68138160409535,41.55468244205369,
10022,-82.10709162444509,39.36144084647263,
10023,-82.1055965722327,39.310609071251235,
10024,-83.13419249435935,40.09850158718255,
10025,-82.96076643772173,39.34798537656107,
10027,-82.99664769081916,38.73949912611692,
10029,-81.39694182355824,40.828087066830506,
10030,-81.56887282798347,41.03589932435326,
10031,-83.51543080851968,41.690732193381514,
10032,-81.5150509483373,41.357335550017744,
10033,-81.69296216161213,41.47394962258449,Cleveland
10034,-81.66226014648353,41.47804502301853,
10035,-81.64811059524033,41.47992983143401,
10036,-83.06242998816448,39.9684320447043,
10037,-81.56588272355869,41.059820159751546,
10038,-73.93364117929039,41.29603840930965,
10039,-73.88667753938059,41.299098884169865,
10049,-73.76320522707753,41.28706809603527,
10050,-73.98297790229937,41.94489106948839,
10051,-73.78563101026346,42.64009034825131,
10052,-73.79220906179118,40.90187065042632,
10053,-73.66453178105958,41.000018071255695,
10054,-77.66828160584909,42.8224867181633,
10055,-77.58754878637987,42.78959556949065,
10056,-77.39015538674056,42.88313293385954,
10057,-73.98151326288013,41.199004532981796,
10058,-73.97550264123741,41.19736496329166,
10059,-73.71087839964378,41.275107678336134,
10060,-73.89626487398056,40.926760512848496,
10061,-73.87084898636986,41.18390949338013,
10062,-73.77815574920147,43.09010106418177,
10063,-73.7960963757502,43.53263651905017,
10064,-73.66303672884717,44.07683552436133,
10065,-73.6854625120331,44.100756359759686,
10066,-73.44924426247492,44.69578714029227,
10067,-73.99194821557373,41.31995924470795,
10068,-73.96653232796304,41.707177767717845,
10069,-73.96354222353825,41.75202933408959,
10070,-73.97849274566218,41.91050486860334,
10074,-73.54492760406812,40.72492846417536,
10075,-73.53296718636895,40.841542536742054,
10076,-73.41635311380227,40.671106584529184,
10077,-73.41336300937748,40.79669097037025,
10083,-73.21302601291677,40.82509696240571,
10086,-73.53745234300614,40.59336386948475,
10087,-73.50760109847,40.59645357756209,
10088,-73.42382837486423,40.611304496033405,
10089,-73.26385778813814,40.63971048806892,
10090,-73.75423491380317,42.70437759338427,
10091,-73.76171017486514,42.66102107922481,
10092,-73.74825474495393,42.669991572534364,
10093,-73.75124480937839,42.68344686241068,
10094,-73.96354222353825,41.71614808099216,
10095,-79.02877911912708,43.172328935863355,
10096,-78.3933819288599,43.266517225244186,
10097,-76.82058700142204,42.680456757985944,
10098,-74.99961340672688,42.85836797126072,
10099,-75.89365462973814,42.16167364028546,
10100,-75.38092677096401,42.91398709952579,
10101,-75.30460405805513,43.07664559427024,
10102,-77.62941024832686,43.194754719049264,Rochester
10103,-77.18836984567082,43.23213102435914,
10104,-76.23602158637622,43.45937896064287,
10105,-75.22686134301067,43.42200265533309,
10106,-75.88169421203898,43.96769671285664,
10107,-76.83852762797076,42.16017858807308,
10108,-76.97009222266138,42.68643696683551,
10109,-76.98354769257291,42.86135807568557,
10110,-76.98205264036052,43.206715136748436,
10111,-77.59203394301703,42.54141690223336,
10112,-75.04895012973586,42.73278358541971,
10119,-74.43149356601738,43.85706284913955,
10120,-74.26529379232268,43.780816524184885,
10121,-74.91888058725763,42.27679266063969,
10122,-75.00260351115166,42.3814463155072,
10123,-75.05044518194825,42.44722861285252,
10124,-74.03611111802117,41.948771706785024,
10125,-75.0175540332756,42.73427863763209,
10126,-74.41953314831824,43.96919176506901,
10127,-75.57969366513552,44.033479010201994,
10128,-74.46438471469004,44.22484569338831,
10129,-74.35674095539771,44.24428137214948,
10130,-74.12650291468913,44.323519139406244,
10131,-75.90860515186206,43.973676921706264,
10132,-75.71873352088811,44.033479010201994,
10133,-75.68285226779066,44.033479010201994,
10134,-74.30139858760415,44.848040918069245,
10135,-74.2924537102648,44.84828246595634,
10136,-74.30590918017634,44.991807478346075,
10137,-74.18929510760965,42.93910079073,
10138,-74.25208730053018,43.44592349073141,
10139,-74.36421621645968,43.50124042258989,
10140,-77.81180661823886,42.66999139249919,
10141,-77.8940344899205,42.77165494294192,
10142,-77.89702459434528,42.83145703143764,
10143,-74.72452379964649,44.979847060647,
10146,-77.52625164567172,42.119812178338435,
10147,-77.9388860562923,42.11682207391364,
10150,-76.53204192443012,42.97647709603982,
10151,-76.32273461469504,43.034784132323175,
10152,-78.06676507607094,42.90779312370966,
10153,-78.1870647235496,42.99740782701332,
10154,-73.69293777309505,42.74175389869406,
10155,-73.88878961291859,42.79557577834018,
10156,-73.76918543592711,42.75371431639316,
10157,-73.79161121911301,44.25624178984856,
10158,-73.96802738017543,44.260726946485775,
10159,-73.98148285008698,44.27866757303451,
10160,-73.78264090583865,44.23381600666269,
10161,-76.90580497752846,42.844912501349185,
10162,-73.5000760376963,44.4954501438315,
10163,-73.6794823031835,42.55935752878208,
10164,-73.7467596527412,42.6400903482513,
10165,-73.79310627132541,42.66700128807443,
10166,-73.76769038371474,42.652050765950506,Albany
10167,-74.82469229787685,44.76156943763751,
10168,-74.67219697221273,44.776519959761494,
10169,-73.73629428725445,41.78043532612515,
10170,-73.68546251203308,41.79090069161183,
10171,-74.98615793681533,44.66887620046912,
10172,-74.27152297929129,44.85276762259351,
10173,-73.3670163907933,44.99928273940806,
10174,-75.58118871734791,42.88826901550858,
10175,-75.48251527132994,42.90770469426969,
10176,-78.49654053151504,42.900229433207734,
10177,-77.30797402266228,42.88228880665906,
10178,-78.75069940762192,42.79707083055258,
10179,-78.69687752797576,42.83444844707341,
10180,-78.64455070054198,42.89424922435823,
10181,-76.56343802089037,42.93461563409282,
10182,-75.8532882200035,42.93013047745561,
10183,-77.27508287398963,42.87929870223427,
10184,-76.94467633505069,42.877803650021924,
10185,-76.59483411735063,42.92863542524325,
10186,-73.67051198990914,42.54889216329535,
10187,-74.70658317309777,42.81202135267659,
10188,-74.32983001557463,42.75670442081797,
10189,-78.82395696602919,42.77165494294192,
10190,-78.59378167599574,42.767171956868836,
10191,-74.68565244212427,41.37527617656651,
10192,-73.93663128371517,41.70269261108068,
10193,-74.31338444123831,41.77146501285077,
10194,-73.9291560226532,41.29005820046006,
10195,-73.84842320318396,41.32743450576992,
10196,-74.08464145274212,41.32145429692034,
10197,-74.02782946867119,41.306503774796425,
10198,-78.8224619138168,43.03179402789837,
10199,-78.98990776160485,43.09010106418177,
10200,-78.82395696602919,42.76417968187999,
10201,-78.82545201824159,42.86733828453507,
10202,-78.81349160054243,42.98096225267703,
10203,-73.93812633592756,41.80435616152346,
10204,-73.68396745982069,42.47413955267561,
10205,-73.73479923504206,43.45339875179335,
10206,-74.01885915539681,41.48740509249601,
10207,-73.97699769344979,41.340889975681485,
10208,-77.43056830407856,43.21568545002275,
10209,-75.1760295677893,43.22316071108474,
10211,-73.72732397398009,40.66512637567965,
10212,-73.56746136117344,40.65952107562897,
10213,-73.42681847928903,40.68605710665316,
10219,-73.9291560226532,41.68176188010714,
10220,-73.98596800672415,41.37976133320371,
10221,-73.54791770849289,40.60980944382108,
10224,-73.82151226336087,40.790710761520685,
10225,-73.83646278548481,40.81463159691897,
10229,-78.58026345540907,42.714842958870975,
10230,-78.60119418638257,42.74175389869406,
10233,-78.78957076514415,42.84939765798635,
10234,-74.23414667398146,40.526086519927034,
10235,-76.11342730495996,43.140932839403135,
10236,-76.41243774743864,43.31884405267794,
10239,-76.22555622088946,43.048239602234695,
10242,-73.91869065716645,42.78361536064104,
10245,-73.7318091306173,40.74436414293648,
10246,-73.58678906601511,40.59186881727235,
10248,-73.98895811114896,41.97479211373627,
10249,-74.0203542076092,40.6427005924937,
10250,-73.91121539610448,40.768284978334805,
10251,-74.01138389433484,41.932930651789235,
10252,-73.79011616690062,40.64419564470612,
10253,-73.67051198990914,42.48310986595004,
10254,-73.94261149256475,40.84901779780406,
10255,-73.78413595805104,40.913305042936976,
10258,-71.46830008105367,41.53973191992974,
10259,-71.4608248199917,41.69820745444343,
10262,-71.39952767928358,41.858178041169545,
10263,-71.42195346246949,41.7759501694879,
10264,-71.42643861910668,41.79688090046146,
10267,-71.45185450671732,41.70269261108068,
10268,-71.32178496423911,41.75202933408959,
10269,-71.28291360671689,41.72960355090374,
10270,-71.25899277131859,41.6025241128503,
10271,-71.48026049875281,41.985257479222966,
10272,-71.50268628193874,42.001703053559325,
10273,-71.45812047815706,41.49335675921189,
10274,-71.80767693326698,41.35733555001776,
10275,-71.79272641114304,41.35285039338058,
10276,-71.35418372282736,41.82171568400888,
10277,-71.35467611291179,41.8970493986918,
10278,-71.38308210494725,41.81930668364733,
10279,-71.32627012087632,41.758009542939256,
10280,-71.33374538193827,41.7879105871871,
10281,-71.48325060317761,41.43507826506218,
10282,-71.52062690848744,41.427603004000275,
10283,-71.48175555096522,41.94638612170081,
10284,-71.41597325361991,41.835752257983664,
10285,-71.49969617751393,41.96432674824949,
10286,-71.84056808193962,41.3947118553276,
10289,-101.29608677051436,48.19420931729279,
10290,-71.25899277131859,42.34107990577259,
10291,-68.60677014653271,47.24784126684781,
10292,-71.50268628193872,42.51899111904744,
10294,-91.17458329261106,36.20239552168532,
10295,-90.93238483420333,36.281633288942196,
10297,-106.77545312893616,36.8960997482359,
10301,-104.19349795813277,43.360705514624925,
10302,-100.18077782006888,34.66697689955735,
10303,-107.99691078646158,36.81686198097902,
